Date,S0_naive,S1_realfill,S2_realcost,S3_pit,PIT_BUY_HOLD,BENCHMARK_N100
2011-01-03,1000000.0,1000000.0,1000000.0,1000000.0,1000000.0,1000000.0
2011-01-04,992147.0749588013,991443.6755905151,989638.3382251632,989638.3382251632,1000000.0,997740.1138923716
2011-01-05,981397.155757904,981528.7908439636,977942.1251695455,976077.9244832821,1000000.0,986802.587159183
2011-01-06,972540.7013511658,972932.7058906555,968972.8442564498,967903.3255534659,1000000.0,980063.2774380251
2011-01-07,946211.1099357605,946597.1440811157,942722.2253733169,939070.5396113882,1000000.0,957408.8292241578
2011-01-10,930304.385093689,933227.698764801,927870.4380880333,922302.5060274088,1000000.0,934018.3544008139
2011-01-11,930586.6804656982,934436.6328544617,928286.6970763735,919425.3379777714,1000000.0,932689.208367603
2011-01-12,933002.8276176453,938587.9258384705,931768.9849025627,923983.9080071715,1000000.0,949929.0377249509
2011-01-13,933304.7755699158,938841.3916435242,931666.8213090181,924669.6964552528,1000000.0,934139.2567972
2011-01-14,933863.9388237,939402.2215538025,932224.3179063081,923026.298872245,1000000.0,918663.1405639837
2011-01-17,933629.0949668884,939166.6777153015,931990.174031186,922995.205841247,1000000.0,917610.0034907289
2011-01-18,936939.3520774841,942486.8014640808,935290.5645035981,922995.205841247,1000000.0,927739.1120218068
2011-01-19,935987.1595573425,942046.8806610107,933842.1748186314,917873.0754431515,1000000.0,924105.5288348586
2011-01-20,937400.632396698,943129.6246643066,934576.9778799848,917745.2748494195,1000000.0,927247.0637550761
2011-01-21,933386.4990081787,939005.3143730164,930136.8693733951,916719.4390645074,1000000.0,925840.1169587576
2011-01-24,932630.2435798645,938285.4320144653,929090.566748665,916638.4164079444,1000000.0,933280.1465036623
2011-01-25,926077.080745697,931358.7271118164,921538.0110269884,911844.2082165701,1000000.0,924333.0490427273
2011-01-27,920030.190662384,924296.8996047974,914200.2640790027,894176.966166943,1000000.0,909669.7307937854
2011-01-28,908157.4359550476,912092.2338562012,901444.7754693306,875602.0996177853,1000000.0,893663.8904837997
2011-01-31,910368.6260643005,912134.5686340332,901174.4919478408,875706.3035555531,996310.894,893572.713072964
2011-02-01,907595.7155038215,912539.0471440342,901266.5970390819,867020.8847780873,978688.2170636533,879132.4909505874
2011-02-02,907788.7911874152,913108.7152577427,901509.1523373708,871297.2420665167,977946.9820141721,881215.8858868994
2011-02-03,911577.5742684699,916817.381395438,904854.1788470129,879182.9350497271,993366.4778129185,895847.5473708695
2011-02-04,906628.7106820442,912103.648180106,899838.235384105,869836.7672106768,975457.1764008969,876220.1106784992
2011-02-07,901982.9046517707,908237.8492146519,895686.8427991,864888.8115267131,972682.8834007866,875737.8410443924
2011-02-08,894978.9666634895,900967.7516804722,887856.2509739449,854929.9191833072,949880.4396754828,861310.0630737819
2011-02-09,892069.8749886848,897650.4182911899,883963.9456953923,851197.7243166596,925199.5204288112,849510.2339587053
2011-02-10,892675.3778268195,898260.4450245884,884564.9246382634,845857.4528704843,929654.4309916745,846198.4816637593
2011-02-11,893057.6255685188,898646.0937367466,884943.7714095036,845764.1510037469,947630.0023837531,860510.551514498
2011-02-14,893600.2737313606,899193.0320607212,885482.1294112126,851484.9603909539,981392.354029988,885521.8013322338
2011-02-15,895289.7556954719,900895.8018361118,887158.3235640447,849818.1839016961,984525.9133967496,889719.9855341059
2011-02-16,895870.9852944709,900577.5721303013,885879.7787326251,849839.856251508,988197.0248899712,889959.46413308
2011-02-17,897869.4416238166,902585.8942433384,887858.679275838,857287.2116287053,1000341.1624868541,900506.8449416
2011-02-18,882947.1189195014,886700.4708806064,870620.2920851826,837954.1889374194,979368.8656585638,885989.0154813529
2011-02-21,885202.4547005988,888977.0798550632,872862.8561148762,838922.1840279041,986397.8095218857,895092.570238032
2011-02-22,869609.3763238288,873299.4101391819,857429.5859046101,826980.3726303516,974178.2375043897,886857.8103435086
2011-02-23,864326.2021714546,867991.5193120029,852203.8308882832,817342.577010387,966871.4241418937,881493.1446309091
2011-02-24,843139.7447282173,846799.6114426639,831037.4927794999,787438.5485205121,934404.3400611839,853108.7362986048
2011-02-25,856096.3295289375,859931.8823128727,843318.4956507776,802517.675580071,938939.2314795218,859558.9217072091
2011-02-28,847244.4255067207,852815.6305123356,835741.9617154107,805179.1301579336,943336.422004067,864153.9733448003
2011-03-01,857307.0656281806,864290.9688836124,846751.8925494666,819173.5414636057,980368.8119580711,894572.9527702052
2011-03-03,854945.974620948,861695.7111588505,843279.2205200086,816874.0665141586,980770.1421823349,896471.0036613032
2011-03-04,853130.2955018379,858436.7653924015,839160.9681885184,816813.8121726357,982339.0013105177,896870.6211303137
2011-03-07,849004.8820916511,854315.3170090702,835112.2116615714,809409.4179236733,968510.614068571,884946.8428961156
2011-03-08,853944.2105866767,859274.9021569279,839699.9894430323,819343.9479834877,979197.4729560573,894030.7372532012
2011-03-09,855094.1305505134,860427.5140305546,840759.6767179652,825446.7979209267,983905.4521074129,896097.6070367517
2011-03-10,850773.4906960822,856091.4681550052,836413.9187452479,817320.8753974282,979612.7290886675,890528.4068318246
2011-03-11,842694.9090691902,847970.1283341434,828482.1813871546,811019.2283255898,969815.6239121545,882618.0098508644
2011-03-14,848644.6272851325,853964.6165543583,834297.8836729212,821166.7286765419,981614.1508423156,895499.296275887
2011-03-15,842473.4793397285,847772.9093132999,828253.406999795,811274.2429435097,965117.6589813238,882031.7602007814
2011-03-16,847616.7954789497,852947.8168831852,833332.6030218287,825469.651016935,980772.079497232,892269.8827094184
2011-03-17,838819.5249024726,844777.3738747623,824777.7347608114,816120.3719226348,974976.4649769842,883281.5535888841
2011-03-18,834733.3058625556,840678.3243142155,820668.8432355429,805308.9699298369,965711.2172363506,872054.6931316627
2011-03-21,834824.3063012458,841082.7071610477,820835.0261362374,803309.1705600249,962869.7866269727,870326.9614379345
2011-03-22,842373.1268426277,849137.3679657963,828395.9086161761,810156.1092425811,971040.0005585807,878096.6320772704
2011-03-23,843931.537876258,849872.8169098881,828800.5879944088,808193.8691635751,980346.5175988883,888175.5157576286
2011-03-24,845280.3374368049,850142.6702576664,828293.4931615737,812721.8782959604,987961.3287455242,894863.7926708517
2011-03-25,856732.1562005378,861639.8342286136,839206.9601251931,821783.3561977508,1003375.2590028848,914645.7901080012
2011-03-28,860488.7623940803,865412.2720795658,842858.4742243142,831552.5526276205,1009808.2232076579,920249.7439878156
2011-03-29,859789.7515069343,864729.2446595218,842041.1611139626,830824.2496796225,1016394.0763728281,927741.4193541779
2011-03-30,865264.8081399299,870235.3469239261,847444.3408777566,837589.2698746298,1031185.1191128303,937220.3464796034
2011-03-31,875648.03570951,880657.4791565922,857757.5024988503,848285.294746456,1034709.9277449585,943611.9335507231
2011-04-01,874555.8858529426,879553.7057190922,856730.9414331765,853503.9769058798,1042395.424725503,943591.0146121415
2011-04-04,880355.9965173103,885399.2326050785,862421.03753303,861999.2597504233,1055561.800686059,956595.3368491036
2011-04-05,880849.6727944709,885900.5510865238,862928.8863184304,870410.8876419638,1064040.9352202385,958457.6986463062
2011-04-06,884822.8938180305,889911.0700379398,866781.7397425027,862924.203239498,1064517.3187548819,956105.8463191083
2011-04-07,885892.9230538703,890992.7829438236,867821.5051081033,864030.8259735678,1070617.4768954234,956244.998601591
2011-04-08,881263.8911630012,886340.6362305668,863254.6374018044,858575.3805313681,1056652.5606057825,948075.7455569458
2011-04-11,874875.1520348884,879930.0776825931,856924.7503321023,848368.7577286337,1045953.101591311,938983.0269922394
2011-04-13,888224.4760857917,893365.4184418705,870092.2489282937,862475.3250046347,1063937.777547333,958526.9932280799
2011-04-15,885620.5783578254,890746.4090882328,867443.0530359597,860691.0499344443,1059160.0931897496,946447.0522511451
2011-04-18,878901.7969323493,883978.1784363773,860773.9038965554,848966.8597107504,1044347.9185520184,931678.8087222853
2011-04-19,877791.0815545417,882277.7578583744,858850.717656573,854294.4678572579,1047126.8411179367,933425.8203974349
2011-04-20,890558.8840447761,895143.8443909672,871345.0106558406,859584.6339415475,1064200.6058560822,950355.6169502666
2011-04-21,886580.9678765632,891137.5805054691,867452.5941671932,857629.0853880807,1063464.3639791037,953903.3749275027
2011-04-25,886988.1245995857,893780.7267457035,869739.203371247,855306.3931322825,1065477.8339791251,953042.4896994263
2011-04-26,889823.2237168647,899087.2920189884,874322.5097460714,859152.3550539744,1066031.070673975,952037.3161165359
2011-04-27,891468.2704888679,900767.312324622,875856.4989695516,856025.9890032542,1062635.6045730207,947867.5772307541
2011-04-28,887882.0018159248,897186.5757714298,872198.379710671,845705.1578788367,1052354.716191133,940253.4205005089
2011-04-29,879782.2770043708,889001.7633973148,864295.0288691488,837124.6539725867,1042626.6287189161,933425.8557327101
2011-05-02,867320.1410485603,876470.123993018,851986.0708003012,828249.2507898761,1033017.2016437149,924928.8797942098
2011-05-03,848718.0981179572,859216.5321274784,834804.6360853931,810216.7565195514,1008631.7721715707,903185.4981473363
2011-05-04,840628.5505601264,851047.4127541569,826328.8408467286,803995.8391398991,1002045.6898827764,898201.174412792
2011-05-05,832465.3742905952,843783.2502556827,818439.5385062017,798874.0713494499,989495.9415856124,886521.6463119586
2011-05-06,834868.4720078803,846463.1636010197,820622.8774533714,798538.9667213315,1006968.7370735354,901894.5698386509
2011-05-09,842233.4573594428,853872.6346703556,827978.3354001488,799835.4354933772,1008492.4440779708,902736.9368457417
2011-05-10,841076.5026475288,852698.5163537052,826885.231579348,799266.5864603065,1008966.3078415856,901220.1286915789
2011-05-11,843358.0919419624,855020.1270104435,828649.4561804257,799337.7540553942,1013610.4893161703,905324.8732644512
2011-05-12,841316.7684556342,853554.0296593693,827096.9467988043,800217.0201726507,1002291.9797519429,893911.3442340099
2011-05-13,844074.7558213569,856344.5156212833,829806.4425873786,804325.0681310247,1014024.8357934334,903504.7468974878
2011-05-16,844450.6673814155,857077.3265954044,830246.3275231104,801439.892481304,1007657.560198353,896740.3347754865
2011-05-17,850384.6203843452,863104.5601006534,835787.624941594,801238.8302266146,999564.8642076851,888119.1236196867
2011-05-18,841036.7712632514,853654.9007073429,826611.9047267502,797039.0022694613,991700.2141355094,883957.8535738979
2011-05-19,843019.4997178413,855658.2697869327,828579.5920131272,796658.670191111,986554.1153216094,884353.0600070673
2011-05-20,843296.2207414008,855945.3331566837,828808.104037053,796402.6562839295,995805.9297869375,893357.420102581
2011-05-23,846345.6701585151,860359.8613396671,832237.9920186241,786848.6483079701,979440.9743477639,878267.153327617
2011-05-24,847826.7739640571,862214.5574456241,833710.680693944,788418.9626930134,982352.8694448163,880638.9950113656
2011-05-25,850559.102165351,864984.1356621769,836386.2223351793,788732.4569709675,977699.717733247,874342.7315721012
2011-05-26,847326.9433671333,862363.9767876652,833233.5126293607,790419.8969401328,984722.3818167491,883874.8752196701
2011-05-27,849941.0647965766,865687.6516533878,835332.4360868208,789936.9769637028,998659.0164020237,894295.5473917266
2011-05-30,861138.1466904975,877039.1021691349,846278.0411588423,800335.4972090729,1003800.8165128925,895116.2224005845
2011-05-31,871464.7478257514,887546.8186150577,856438.6924802534,812187.2637038239,1021462.2426428306,909668.4551373763
2011-06-01,876925.3275987006,893159.3133812931,861945.5757352583,814808.5541090973,1027644.8757727357,914687.162666673
2011-06-02,873737.3002244331,889879.5957604435,858767.9968168013,813639.3821730622,1019042.4465881018,908346.2130744074
2011-06-03,870822.7032700874,887235.5695000675,855908.8141226363,815224.5256972321,1014042.4378391806,902777.208361176
2011-06-06,873173.4383012153,889638.9439049747,858265.8664755416,813067.6447615632,1012536.6098252819,904743.2124994745
2011-06-07,872805.5138017036,889241.1775322941,857847.1710104537,811954.8371596345,1019311.0211781751,909129.9000214163
2011-06-08,871127.2281876899,888894.7687188175,857036.8767030683,809167.5133898096,1016099.7318342924,905271.9878897814
2011-06-09,875309.3325578071,892917.1250115421,860649.8150799631,810783.2602617579,1014640.8572557361,904119.0179677617
2011-06-10,871554.9678117133,889017.8874321964,856848.3779309152,806195.6695635157,1008421.961292614,899412.9946261038
2011-06-13,880733.7515183784,898360.8216973331,865922.4947674631,814522.5467492784,1010583.0841043439,899197.7737610989
2011-06-14,879225.3413621284,896877.2912407902,864500.9315960763,814003.7123071398,1016350.890447305,902202.333214107
2011-06-15,868295.3604508735,885734.8641625431,853708.6590588449,809300.9301263536,1007933.1047593087,893611.7148474045
2011-06-16,864412.8310166694,881731.3386498478,849772.3775952219,808664.7211419786,1000073.627871583,885536.2478970076
2011-06-17,865203.2072678901,882557.2931633976,850564.7011883615,809130.2061578478,994387.4670170771,880382.0220996479
2011-06-20,855029.3007279731,872710.9574700382,840689.9337479704,797641.0221368517,972518.6623707426,862932.0736545065
2011-06-21,852880.9719315864,870085.722858527,837817.732896521,795839.316677257,971745.0902568038,864970.3818134264
2011-06-22,841515.582924018,859710.4472733524,827189.408262645,787549.4834441931,967281.7511072992,864719.4557585883
2011-06-23,850052.8757706977,868416.6021271732,835327.8896890795,796774.6588134558,971111.0282330267,870753.2967949586
2011-06-24,858069.3146134712,876426.6229134586,842547.2382724611,801978.0529587752,996325.4586895822,894429.46975427
2011-06-27,869108.1800156928,885065.7192841556,849964.5594848403,807119.2426660312,1010267.4312511882,904697.8497915404
2011-06-28,864911.7308427192,880327.6489220646,845126.2182618213,803282.5713137297,1011875.7517652222,906972.1964690012
2011-06-29,865317.4064790107,880206.2991639164,844718.832542318,804780.6320742278,1018892.8867623734,915125.6975319282
2011-06-30,872107.7518540717,887597.1305085209,851552.6680741243,811464.8071752385,1023121.7043625838,922120.8053131754
2011-07-01,871733.0763169624,887269.3569146183,851265.9940056733,812106.5571370915,1026632.7918198566,920137.047147351
2011-07-04,875319.3732148506,890846.174736121,854621.2715897493,818305.0838170842,1036079.6405492178,925405.4713338632
2011-07-05,874615.6840669013,890170.869342902,854002.9064545564,815652.0562597112,1035696.4873683642,922618.3379973415
2011-07-06,868886.0834199287,884355.2725869205,848442.9218735627,810773.5875402287,1035137.768472371,922017.8212809588
2011-07-07,884132.2181168891,899895.8771019962,863371.2673783235,822433.9268651799,1049236.2507241948,937917.3251686448
2011-07-08,875887.2770081855,891486.7510605839,855274.7510247163,815881.3723073796,1038416.7253401695,926198.0227711844
2011-07-11,871033.7129060127,886582.388218024,850623.4511475496,813482.6035440055,1030354.8805391492,919107.2289935702
2011-07-12,866385.8402787544,881846.1350098636,846074.7190422944,807140.2342431633,1016458.9843817451,905213.4097233682
2011-07-13,870559.0022889472,886203.296119788,850238.5140024029,809881.0207955925,1030115.8774963503,914964.1317879681
2011-07-14,869496.4820405341,885470.091961005,849256.3216320896,811004.7179925529,1038089.629075724,918722.1660365073
2011-07-15,866015.2931214668,881932.9865876224,845861.027057352,806950.6151406852,1036600.1496395282,916225.20654699
2011-07-18,866360.0838776923,881916.6109581974,845482.462329022,808249.8063049895,1037972.8183548726,914659.9630533276
2011-07-19,870734.4597112037,886457.6116963413,849284.8582485886,812919.77754261,1043050.5638948437,921292.1804123742
2011-07-20,862457.4385110236,878033.8686257389,841244.6477383347,807561.364264446,1029554.1277468645,912736.6733426196
2011-07-21,857761.8072244026,873274.2435761478,836688.5497463914,802756.7392548793,1022249.1854750513,907716.083051728
2011-07-22,865528.8113347389,881086.9574452427,844123.8188503953,813986.9092377895,1038834.132845711,922210.7780539672
2011-07-25,869886.45002378,883929.6847497013,846277.5285420488,815989.7083098004,1047971.4870750017,929344.5200617483
2011-07-26,859656.653696189,873364.7362309482,835972.3560261796,805805.2011229107,1034225.0974140494,913456.0810497827
2011-07-27,856672.5623494483,870173.7467595127,832779.5485882829,802881.3834578106,1029665.1359271633,909713.3903283505
2011-07-28,851938.9622556068,864340.8463421848,826864.1869695107,798347.6428801129,1020563.8549262503,900270.1779610848
2011-07-29,842185.9538575507,855392.90849314,817791.9423334134,778374.9412153492,1011970.166474463,896650.2691234862
2011-08-01,849540.5445481635,862250.4588395145,824098.1794750674,786148.8277875192,1012162.377040229,901019.4718115024
2011-08-02,849270.7037125923,862425.1203728702,823666.6197654285,788590.5596239653,1002138.4183382727,891687.6648239222
2011-08-03,848703.3636933662,861859.1470452335,823139.4742156543,787838.6958914472,997351.2715067294,883903.3480617881
2011-08-04,848890.9453615575,862513.2480790231,823176.0949903186,786817.4665525645,988310.8692915308,873402.4164892937
2011-08-05,847152.0030855566,860909.2630211923,821412.0146986605,780904.4907672566,971146.1324438348,854801.9365682687
2011-08-08,847730.2762140661,862081.4694497201,822382.3549772566,779800.1107623738,958374.3887690475,840449.9383675057
2011-08-09,841659.7780718236,850716.2501313302,811121.1372378226,773651.2157124309,946710.935086737,832399.6733678565
2011-08-10,844351.0776247411,854419.6271111581,813942.277163671,772131.6477656238,966785.2140491577,847379.1858404012
2011-08-11,843882.3112520605,853907.7277161691,813420.2446624503,771534.983901488,959784.4621706693,843559.6940691583
2011-08-12,842124.3535303503,852080.6052109811,811403.9925355581,770635.9439446141,952699.6063259267,833392.8757465199
2011-08-16,838045.2862276464,847766.8212296579,806984.9048269521,766053.9308911623,938670.3564065575,826802.2251159776
2011-08-17,839915.5125116735,850036.5057503793,808037.9471851103,766166.0103534509,934657.5986762508,829096.7385557427
2011-08-18,831418.5453752904,841540.8302971933,800052.1134258024,763488.5176929284,914741.5393230125,810783.6708758568
2011-08-19,831561.2651705175,840835.4653718087,799090.5438074191,763769.5084173505,905829.7571575933,796281.8523962111
2011-08-22,840838.6905016332,850066.6996132943,807725.8527902683,771382.3606741254,916147.825396548,804899.1757900455
2011-08-23,844116.3812746435,853441.1255585763,810453.0049401168,774157.1314108197,923851.6681453764,812656.9852643657
2011-08-24,835555.5117754369,844706.4201409433,802106.1678810958,765839.0115835492,915070.878582076,803264.0041720456
2011-08-25,841162.1385149389,847691.5837342355,804077.2299639493,768964.2543020274,904859.0131864162,794987.1793941777
2011-08-26,831036.694915238,837248.402452192,793877.7161237801,764424.0041112925,883727.1845622587,779472.6472369541
2011-08-29,838923.8579477697,846083.6020257089,801957.2520225563,769817.4058523204,911427.2906137543,806670.0929893381
2011-08-30,835171.4558748632,842273.3496796701,798328.2950256385,769523.7731666577,926621.6079285875,819456.4225099694
2011-09-02,845966.9233812719,855635.3836228463,810593.9384479066,782470.6909981729,936176.0124937255,826572.0395236948
2011-09-05,849213.7768015295,861033.9906022165,814796.0203216878,784202.1066083234,938834.4899200777,824013.3737249799
2011-09-06,851075.9353188695,864165.4849706274,817515.8130867637,784634.7673583432,943718.3216783393,830614.1043770737
2011-09-07,862159.6389321508,874933.3718267065,827380.2184780275,790663.7518859311,957855.4821247952,841322.1674888446
2011-09-08,859988.6805428686,872732.1216283422,825282.5463741457,788576.2235045835,961252.0970049134,845411.1415534244
2011-09-09,845962.201706809,858690.2257085424,812087.9446285402,778980.9989409848,945195.4748367763,830711.8970022516
2011-09-12,840716.6506051244,853307.3290563207,806959.1215999757,770122.9717421933,923245.7614362453,811918.5782131216
2011-09-13,842271.7355355443,854834.0054936986,808344.1364315187,769674.6399398252,923282.3543682963,810902.7903479798
2011-09-14,845896.1671990575,858570.6371160131,811923.3781231081,771628.337434332,932370.9708592076,821614.8419856163
2011-09-15,859159.9743966283,871979.4420018774,824176.7977670887,781122.501434683,945446.0175031398,832403.087406716
2011-09-16,854503.3028039159,867392.3119512182,819886.9308008412,776126.7799228422,946920.9212349127,833833.5568479575
2011-09-19,848093.0436600866,859949.0432363134,812228.959356853,769964.4748180617,942681.4446056747,825954.102177479
2011-09-20,859844.7572755041,871620.9380651098,822945.5844963256,779205.4612329238,957234.2010657341,842156.6034930854
2011-09-21,862523.7727288427,874196.5600362401,825283.5169952575,782663.7807707223,960103.7542778904,842498.5417972502
2011-09-22,828583.7466363134,839866.8527379613,792820.3577316466,751967.1589292916,925083.9196092841,809135.2730281979
2011-09-23,828993.8975686254,840234.9318318944,793155.2122848693,751525.8626112374,919816.4256132018,800519.744699964
2011-09-26,820513.8890465917,831690.8641057592,784642.7028616944,743806.2339033517,909529.1367972007,794078.2222782521
2011-09-27,835844.3494157018,847127.4951863866,798823.980750323,750914.5697724905,927695.2671772002,815192.9377228649
2011-09-28,830625.9613351049,841758.7799611669,793681.866046191,745280.8257999214,920012.0386253173,811030.4189728223
2011-09-29,838103.4898270788,848817.6066136938,799897.0684743174,748390.2646203341,925103.5906354035,820955.6849069248
2011-09-30,835116.8122681798,845623.4639745336,796827.9514622935,743813.4105747296,914586.0174832573,809796.2584046886
2011-10-03,820698.5455064,832005.5025868993,783602.9508675648,732117.0853905233,896854.4061443515,794125.2729451123
2011-10-04,806700.1472558202,817743.050171433,770093.1450470997,720877.6947350057,883474.1162404413,781109.7480097096
2011-10-05,808819.4430932226,819411.6204877477,770837.473168025,721527.7917820758,877683.7006771006,777387.4117490839
2011-10-07,813815.1187867345,823108.4228177648,774109.2541559273,728306.7448612994,896177.3203947208,798072.7224659977
2011-10-10,815487.9656075658,824788.0644536596,775568.9700716347,729207.2001537932,911070.6662238905,812130.0366047488
2011-10-11,811487.1178445043,823029.2863469701,773127.285795578,733381.9172622892,917934.2207717509,812362.6821506019
2011-10-12,818542.2135781469,830939.2845273595,779560.5025083018,742989.3055846877,936131.6100246817,831733.9338979666
2011-10-13,806688.6215104284,817996.269955216,766824.514813002,737635.7975509353,933893.3201670009,829096.6257705347
2011-10-14,809779.8589486303,821400.8942456823,769777.4215918711,744239.0028532624,937333.0754401697,836573.315186807
2011-10-17,809483.8953217687,821105.2994847875,769559.4761534861,746366.5040396332,937004.784502989,834754.6892615015
2011-10-18,802727.1172799291,815584.5144773107,763848.5902331561,733749.7638447244,921838.7752682617,822025.3049649331
2011-10-19,803564.531987113,816452.1231504064,764643.4473880023,743342.1570713479,934956.5872986445,837152.293561416
2011-10-20,798340.7743310155,811157.0615735631,759669.7746813983,734798.6095249612,926534.9506575498,829771.7714170351
2011-10-21,791690.6456612768,804434.685932694,753325.5301440448,725955.558720823,918982.8174737133,822727.2134264789
2011-10-24,805212.9662522497,819284.2373212439,767005.8325582147,735058.1638920266,923273.7687063586,829064.9222637477
2011-10-25,817661.6818436803,830104.2683576208,776855.7639570901,739120.976941343,933664.4667383436,842444.4461883794
2011-10-28,840077.4738892736,852852.1698773962,798229.7277174661,761047.8015720804,965551.9529193008,869637.9448587765
2011-10-31,830843.6982964696,843503.1719983679,789386.1367674539,757348.5925342996,963900.7996649587,865667.4321669353
2011-11-01,821657.4101456823,834121.619904862,780597.0857649514,751574.0298130471,956276.0112540892,855527.2577906497
2011-11-02,822112.2913293066,834577.6034406286,781047.9570036599,751396.3612644632,958563.3035278273,855739.2599296246
2011-11-03,826043.371628684,838544.2808240515,784742.0314818093,752491.1265232522,963704.3247198374,857713.799866256
2011-11-04,828212.0574502172,840727.5918744665,786838.8305388162,760002.603467222,973390.330749813,861756.3485555277
2011-11-08,829193.8022164525,841746.8146680456,787820.198535032,756794.5548069436,971592.7134027656,861904.8723471838
2011-11-09,815805.5987977209,828153.3147901159,775030.0550032327,745433.8820927102,956212.0285638837,850616.6660018883
2011-11-11,817033.6072625341,829359.0823072058,776151.2052488992,741305.2052586038,944954.5978407792,841833.325237466
2011-11-14,810200.0719918432,822460.4104627233,769635.5815764138,739715.0485339831,935231.0294229804,838021.9235786896
2011-11-15,795718.0969628515,807746.7302716833,755860.2581511209,727504.7635837267,914062.0361887675,823060.98555643
2011-11-16,791566.1307229223,803720.9659284216,750943.5270087302,724280.9957422225,905161.5842257654,817200.654913201
2011-11-17,781110.7351502599,793132.7694562536,741020.4147574485,717386.2360681503,886810.5310203526,802127.8189906977
2011-11-18,779154.485413474,791111.6473401648,738917.438651999,714890.1248550931,881116.8854069511,797538.8044884753
2011-11-21,772088.5389603795,783915.5502027136,732162.4089966007,707075.1607609795,862167.2490351985,777628.960187222
2011-11-22,771896.6671435861,784498.9827962604,732431.1544665496,709305.6152950046,867990.1898363996,782545.1512167664
2011-11-23,769455.9246737985,780309.4353109088,728236.9834852266,706747.8402338327,851916.755327769,765556.7400143686
2011-11-24,769455.9246737985,780435.5638509479,727826.1883252054,710898.3761015217,866260.481736726,774197.8779250687
2011-11-25,769455.9246737985,780435.5638509479,727826.1883252054,707344.9787626545,863202.7933127176,768165.5240466326
2011-11-28,769455.9246737985,780435.5638509479,727826.1883252054,708773.9945813221,885511.7421095358,789960.879251224
2011-11-29,766849.954329255,778291.0872350421,725563.9937989563,708475.8314899743,877695.3349604568,781971.7004286142
2011-11-30,765870.266829255,777298.2747350421,724637.7437989563,707632.5555958092,878398.5864863858,784976.8956769612
2011-12-01,768241.113768342,779700.8842168537,726879.271814093,708318.474585589,891712.9092286029,800471.7969139864
2011-12-02,775849.76903415,787475.4947896686,733350.76971186,721525.5476357589,915059.9147535311,819208.3946169827
2011-12-05,778396.5598895578,790052.0476384845,735229.9572345791,726725.1344532183,917132.9897899949,817923.6408204269
2011-12-07,774369.1407229928,785036.5413213458,729770.2407437757,720597.758285921,916168.7008877273,820928.3592485641
2011-12-08,760443.2974612741,770934.901260921,716373.4438524004,707929.6387387717,897232.6899587559,802441.3307421727
2011-12-09,754270.3268191842,764706.7588735309,710565.9155091997,703680.310484072,886051.1192462543,790470.1188688396
2011-12-12,731709.900877717,741847.7302022662,689242.7265977617,680890.3674603903,863644.1224029299,773856.8250532622
2011-12-13,740227.2835223703,750466.6642614093,697270.283184981,681744.9724484885,868105.2700141916,778566.3337568346
2011-12-14,736417.5145099191,746560.0658117023,692886.5782790845,679811.9249579033,858255.883404528,772445.3255435864
2011-12-15,735414.2571551828,745517.8109365192,691404.0894084651,678030.2724030432,858053.7535522052,769939.3466755472
2011-12-16,728508.7811801462,739617.5754018512,685654.3542092448,671700.7509873328,840635.4132294533,754671.1475175683
2011-12-19,725248.0194842843,736429.1952748981,681945.54514536,668311.4201078403,827318.0336005316,746928.2768998469
2011-12-20,719278.5516192941,731429.453125545,676555.2598930283,663085.677018108,807398.6490045821,734756.7455539056
2011-12-21,725381.1620624093,738958.3834539142,683305.7797815858,666805.1095475324,826365.8299491813,757207.3763829999
2011-12-22,730865.8148334054,744306.1038366046,688031.3884160081,666936.8581215872,836523.2512777238,764072.0168335827
2011-12-23,733349.4941394357,746792.6329503742,690079.8063534677,670968.3425162412,832827.8678271604,760333.0389869506
2011-12-26,737854.1481311349,750943.2683492389,693436.5747787725,673825.9251749059,840692.2773206027,769976.5761778567
2011-12-27,734234.0476825265,747139.5885701862,689644.1743215558,671304.4902966382,832163.2856427187,765073.559035422
2011-12-28,726535.8788402108,739311.8349920001,682390.6510366437,669061.3279278638,824770.5923693728,757828.1463237402
2011-12-29,725882.7792460946,738413.574219295,681405.3934001384,663612.928457284,817910.1966569251,749222.9197068359
2011-12-30,724719.1782023935,737222.5737615314,680339.0756816325,660867.6318264246,816051.2690002302,746188.7373232201
2012-01-02,723286.1282298593,735288.288384029,678293.4095521772,662337.5160587613,815069.6548766827,747607.5239875951
2012-01-03,740670.7549693612,752983.0277257648,694684.2615495527,674579.1832722012,839602.8991487189,768615.4292777149
2012-01-04,736682.2356975107,749059.3592992511,690834.8945927876,670146.4823444668,840197.2800738675,766792.6688683775
2012-01-05,733553.2019450692,745879.6812444415,687846.6210637349,668011.4064243619,839793.2940815019,767076.0457707822
2012-01-06,735906.2321116952,748765.4171987262,690025.9636191314,668601.5491503283,836317.0014816736,767334.9276626515
2012-01-07,735906.2321116952,748765.4171987262,690025.9636191314,668601.5491503283,836317.0014816736,766784.2247549192
2012-01-09,736339.084269288,749207.5192266193,690443.433986563,669552.409700255,836317.0014816736,766661.3667815076
2012-01-10,742028.107706788,754996.9077993121,695779.3411902373,673746.8573473498,859885.4362765327,784268.2398786473
2012-01-11,740663.2974956064,754101.4315648761,694432.2727045203,671647.9315209598,867340.3573314454,787161.5968709087
2012-01-12,739316.8824870614,749936.060410091,690143.8789647613,659432.105509298,872741.2345993717,784193.6001631161
2012-01-13,746984.269236329,757768.3354039874,697390.4445012603,661289.0636105674,880520.3099367998,789903.0025334827
2012-01-16,752718.0633800058,763619.4970632282,702801.8090184722,667288.4664273398,882419.147385236,791491.1719315912
2012-01-17,762452.158488038,773559.8705983844,711801.0346578155,678868.6852230303,899592.6467076323,805965.4224552382
2012-01-18,753085.2112987069,764020.8448110309,702979.8007024322,677010.596378731,889099.6413577562,803443.8863456652
2012-01-19,764282.5243632821,775400.7976842609,713366.684903482,693975.3339885942,903887.8900721894,814041.6025037275
2012-01-20,758492.1734263925,769472.4091191974,707801.4618581329,689951.6276363604,911303.645251584,819159.8645628348
2012-01-23,752707.4312083749,763538.3666768756,702469.3399022613,688911.0352215044,912750.3106918476,818738.340023954
2012-01-24,755718.8927257089,766599.5121541705,705240.1479466949,699116.3951992266,931712.7526768796,832622.4928623788
2012-01-25,763575.3424022226,774596.7520986286,712728.178174356,702635.7252163164,945487.0275587096,838879.7321220723
2012-01-27,776301.3097941903,787596.1168218341,724662.1783727203,711867.9559063188,954089.9153546096,846048.577624975
2012-01-30,765051.4491679696,776097.2772680011,714191.1379369292,688666.9623836748,932715.1493678628,827040.9332135523
2012-01-31,784362.291514161,795770.1412740436,732273.8889516387,707732.1143459551,958708.9071093139,845546.3876008821
2012-02-01,786076.113489869,797523.1253057208,733936.6223348174,714925.7567180864,969995.8529942652,852004.8901261503
2012-02-02,788847.3285472421,800333.756981441,736376.5866826568,717802.9266857378,976332.9938682149,857722.9626433826
2012-02-03,801140.7522227792,812843.7054372516,748027.0314305816,721123.1086467974,982541.5010651894,865936.8941735007
2012-02-06,799853.8424022226,811550.8029561725,746833.1748631988,727454.2348932294,995965.7577508462,873537.1172560931
2012-02-07,790722.2364451913,802239.3984990802,738355.8186086211,714374.9934991865,983003.5333250741,867976.3437067431
2012-02-08,796946.2166087655,808666.3610158649,743762.5354071972,720931.1004748347,994616.4167012939,874284.519559301
2012-02-09,804364.4687144784,816232.0324788776,750810.9412452099,722336.3576374735,1007852.3044994563,881836.9062597604
2012-02-10,802502.8988292245,814368.2849202838,748980.9806891796,722555.7828083719,1006897.899712414,877962.6778405217
2012-02-13,808061.074427369,819287.3242269245,753255.7021359362,721653.5386601175,1007661.5223206235,879492.0643413739
2012-02-14,809320.3455760507,820450.0722127643,753784.9467217433,724216.0318883046,1013602.0530580105,883996.7931619092
2012-02-15,821474.0906932382,832869.9220205036,765185.2901513088,740739.405736266,1040133.8619890872,903202.4506718648
2012-02-16,811120.2997844247,822442.843247005,755291.6358397676,740847.1590650354,1045896.3888040291,903112.831737265
2012-02-17,811843.0073802499,823141.6205220905,755866.1750853731,752980.2852112964,1050661.5601810322,909485.0246957476
2012-02-21,809926.706812623,821411.8952108112,753989.909703052,755278.6807954028,1058812.4200793395,916124.9502928766
2012-02-22,796602.8283488778,807816.9918142047,741582.2755248904,730129.4811036304,1022701.218422976,896003.5596959656
2012-02-23,795383.048029664,806873.9343953815,740224.3105856542,721303.5321564305,1020219.287848362,892768.8911255726
2012-02-24,791261.0916316537,802274.4290433612,735746.9446308495,716754.2364011195,1012151.8391757489,884279.5043346938
2012-02-27,781516.7927424936,792365.4049955097,726567.9033710839,694443.3508649257,981618.1006512515,859954.0931851254
2012-02-28,796132.2423045663,807361.0945745197,740155.5239295143,714204.1135348111,1013427.3800770586,877701.1499813071
2012-02-29,801474.1179988412,812783.3144574848,745175.7140196938,713958.3766878872,1019529.4310051872,879620.6159171513
2012-03-01,795600.9584910898,806483.4694081988,739111.0534041588,707376.8865637499,1014004.899752538,872407.5399764598
2012-03-02,791940.3674113778,802763.8485051837,735661.0310271446,706290.0921102981,1015887.489788418,875209.7337072367
2012-03-03,791940.3674113778,802763.8485051837,735661.0310271446,706290.0921102981,1015887.489788418,875260.0792228051
2012-03-05,788370.2819240121,801489.6067411151,734451.0772650902,702561.4598776321,1015887.489788418,862440.0538421429
2012-03-06,786586.6862285165,798982.3091603961,731843.1655747094,693563.9364640197,1003675.2826082775,853570.0563538437
2012-03-07,787177.2156245736,798168.3033963885,730831.465260998,691237.4233848909,1002289.7694974231,852511.8672524743
2012-03-09,790024.7373530893,805473.706251308,737305.9589102463,698495.0532556219,1027032.6696545596,871575.1119781102
2012-03-12,790641.6215083627,806341.587412044,738090.0989515976,704131.4327541405,1036927.2315451106,876608.9970527872
2012-03-13,792365.1552226571,808168.9829503741,739782.8577864364,707031.9749910709,1049634.945887359,887441.2162726042
2012-03-14,795748.0300700692,813297.782056972,744166.1861638471,714835.9904329655,1057151.2905264797,893563.3890769628
2012-03-15,787926.7398250131,805300.0573255267,736326.933153126,706228.5074063941,1037680.774753133,879520.191052271
2012-03-16,781717.6751887826,800298.7688848224,730718.6327779983,697977.389829835,1024835.8994620588,869131.602082225
2012-03-19,775296.1043498544,793460.1373235431,723945.1364886607,689270.2779180614,1012690.1847337788,858831.0491631685
2012-03-20,776034.3761088876,794634.1956121173,724494.0359638401,684988.6993961751,1019085.4926602007,862471.0166809127
2012-03-21,784309.4700496225,802184.466684505,730840.7350822662,699122.9999294698,1040849.0961367545,877799.2365610811
2012-03-22,782493.2398707895,801658.0807439532,729533.348991679,693423.0455112874,1011822.5597200826,855190.1464322046
2012-03-23,787197.125788453,807509.6719609943,734905.6389773358,698073.7990196389,1022596.7215337706,863392.6880218547
2012-03-26,780057.4613750009,798685.3483831134,726820.446068095,689093.8478127206,1003341.3718804445,848426.4391768815
2012-03-27,781365.9541728524,800118.5749150958,727882.8883417775,691382.8614426339,1010542.8433258341,857427.9440204964
2012-03-28,782152.6757075815,798981.5754033771,726464.711243442,684832.5497761853,999670.532039743,849256.1468171921
2012-03-29,785229.7618968515,802064.1986638751,729267.7259910617,688024.4984875806,1001768.4108031428,848002.3553514885
2012-03-30,797307.4912211923,812095.5199834552,738425.5640190158,703924.3669774373,1027659.9899933741,867838.8036004967
2012-04-02,795729.549654725,809720.2855626788,735667.9036116193,699772.433595403,1036566.0794384634,872025.4373442532
2012-04-03,795724.906786683,811861.0752507892,737638.8811049054,699193.9766480763,1046810.3140604752,879429.6609734212
2012-04-04,796323.7851359872,811731.6147100177,737525.6184629987,696858.9463746388,1043567.3437585473,874264.0617389143
2012-04-09,791944.557757142,804569.6831456866,730967.2070936749,689067.0839669545,1026359.065335904,859801.3299826817
2012-04-10,790701.8484065561,805218.9816991534,731585.63533159,692249.2350671132,1023025.7072940218,861228.102558085
2012-04-11,787180.3356502084,799391.343347713,726275.9681410382,688319.9611902186,1015125.3103900859,857966.0122336542
2012-04-12,794261.5966441659,810210.8754979816,736146.3315519879,691834.053914065,1025189.0577028175,865683.8408772317
2012-04-13,795944.9962184457,809465.6630193439,735219.6805854706,693427.4832776036,1017947.8352281173,855242.5406623599
2012-04-16,800025.3764140634,812607.9016820636,738104.6590782074,698059.7557614293,1025990.6486543299,858588.2545484653
2012-04-17,804079.2011897592,818589.421472713,742788.9448260755,706390.4475086349,1037519.9270284792,868506.9346058065
2012-04-18,808005.755274537,819273.0145513263,742797.0307005398,705006.969530145,1041995.7806578806,869696.01006436
2012-04-19,817600.7569148568,827697.8738500323,750446.1215742581,705056.7385807432,1043885.7535981054,873745.411477048
2012-04-20,814616.4909694223,825635.7639104571,748569.0502089016,698365.410974542,1034377.09027232,867222.9159210993
2012-04-23,807037.6943614511,818681.0315343585,742264.0408476345,684162.5730228819,1012040.4872050784,852601.904907935
2012-04-24,804900.587054017,817356.8937322345,741082.9009016507,687623.0432982561,1012616.4454724662,854995.942966941
2012-04-25,802228.952364686,812491.308771297,736382.5200908771,690446.0918569249,1006155.3787048227,851739.9956044581
2012-04-26,806957.5341670541,817358.2528478351,740813.1246135822,686027.300057062,997764.5312575734,849082.9283228879
2012-04-27,805635.9989650277,816135.4163762775,739417.2547314632,689296.9208671493,997418.1403523228,848697.3595250642
2012-04-30,812269.407366517,822973.9333745685,745328.6935553814,693904.5341460599,1009685.1834408414,858233.9126625955
2012-05-02,813921.7102687387,826990.0921575275,748428.6233688705,694863.5782352821,1007018.5007715153,856842.1214372427
2012-05-03,816088.8516871957,828488.7758275714,749734.5545975082,685605.9443546669,992349.8579784604,848079.2477050058
2012-05-04,812621.3631923227,822967.0486089435,744696.5234848373,676351.8393055336,971833.0533056672,832290.960999204
2012-05-07,811138.4225947885,823299.3933660235,744737.0891591561,680958.7063855068,981899.4189199781,837519.0862927962
2012-05-08,798177.2103602914,807849.8818456378,730133.8086924043,672032.8626254075,963579.2866926682,819410.9923503774
2012-05-09,804931.767157319,815664.9136831012,736784.591871062,667848.1025099142,949868.5715304967,814019.7528904481
2012-05-10,801525.6066806344,812794.2805806842,734202.1671426684,665908.4744146937,948191.6035952051,812992.6305643742
2012-05-11,796491.5802447824,808186.2177602496,730023.7293680102,663503.8385063971,937633.0656988284,806740.8585907784
2012-05-14,803762.6187922982,815246.1041013446,735887.0391080381,664939.1138222127,930993.5817757118,803288.6273068134
2012-05-15,809159.3912303476,820514.3561269488,740659.4068067075,666941.9198295979,941342.8236706405,808600.2065267143
2012-05-16,809419.5651996164,820122.5288831439,740267.8560788633,663891.0613440735,926689.5881209631,794773.8381562454
2012-05-17,807817.3342082528,817842.0649511066,738176.2822186948,661705.0939063294,925079.3350622611,796436.9080788601
2012-05-18,810057.6718242196,819797.0156881061,739938.8192365171,660636.2103919251,925988.7084373704,799127.55620475
2012-05-21,811175.7173182992,820162.8957120624,739754.0686995476,659457.7311207706,934371.361613093,802137.6570280152
2012-05-22,810280.1481502084,818835.6170255389,738534.5062453239,656746.7221333438,924249.5463567686,794645.8340524607
2012-05-23,808676.4937465219,817520.3140813556,737370.3944975822,657934.3029820377,920993.5542276675,790228.2667947666
2012-05-24,808891.2984187631,817878.3025380817,737705.8340575187,658763.893254883,932619.310072094,803994.755234571
2012-05-25,810313.42320514,819479.903932735,739165.2782103508,664099.2267178223,938576.2781163475,804578.2639348272
2012-05-28,817732.3952815561,826263.7941648212,745276.1627394645,671537.4794055575,951366.9188303058,815290.4688770537
2012-05-29,818209.2563121347,826688.2886106219,745379.6251330376,668370.4567022746,950174.2924211635,815678.1317460355
2012-05-30,810820.4227702646,819344.3896466937,738739.5960497856,658817.9220190471,937109.7212795006,808624.1119069486
2012-05-31,819666.0732066659,829472.3629743304,747388.305321153,657947.2469934628,936142.8148553915,806917.938435948
2012-06-01,802116.2359874276,812982.7755376544,731873.8639212617,640858.2331701171,921767.8349661399,793853.0725517734
2012-06-04,803326.4892566232,813952.4223500934,732851.3992148408,640436.3724027526,921114.1403914221,794105.6596507771
2012-06-05,812350.3295161752,822174.9679586139,740238.4214316377,646527.4441280448,923018.0551228926,796431.9271129654
2012-06-06,819927.4296710519,830191.3572675433,747459.9791174898,652382.2277393424,948586.8565988559,817554.9632870314
2012-06-07,822064.985327485,831848.0960027423,749010.3445425996,661288.8632876065,957554.8420247814,826310.5438028795
2012-06-08,817358.8903949289,828593.0176526752,745991.6600256929,661731.5577456143,961093.7687568128,829459.5396100455
2012-06-11,815596.4816920785,826770.4808484759,743790.7485855974,660507.007053265,957699.0058441189,827576.2799033182
2012-06-12,825253.7190234689,836192.6306821551,752285.3668717302,663207.0378264278,969107.0747828835,837289.866091239
2012-06-13,820210.9047343759,831845.6802083697,748097.7432392683,660333.4045294613,969724.9001045506,838303.2209930219
2012-06-14,814410.0262706308,825813.5458203998,742699.6019199934,648330.5554541439,954141.3321820964,827682.5645399442
2012-06-15,818187.6799075631,829289.0115033832,745842.7504337874,649980.1645659298,967465.3866724516,840525.5667634909
2012-06-18,809094.0602862863,819717.2064038959,737239.8970707502,644635.6096800655,951623.8070643136,828235.9386854031
2012-06-19,815355.6779925851,825960.0773297992,742564.0428464328,647863.9672926754,955406.2120306463,834097.0545162014
2012-06-20,818558.5035274057,829473.6888219562,745737.5377118503,650854.6421982624,966101.9262403856,837612.6423110957
2012-06-21,822202.0555580319,834151.7763932787,749461.6416247891,654796.1471382953,977383.6863596572,845273.5978899457
2012-06-22,820056.043900317,832054.100192412,747551.5597537564,653593.0347186306,975278.1795812433,843007.6081832325
2012-06-25,814437.5225723446,826603.0127366625,742564.9996264981,653481.1869625294,970530.6759149801,838252.4357930209
2012-06-26,816150.6206405819,828998.5399049364,744679.657905917,657600.5853542531,976347.0901955351,840094.4648692915
2012-06-27,819850.9077423275,832958.5434297167,748239.2015079068,663680.5793384755,983274.7587464353,843572.4084680232
2012-06-28,814550.2622192563,826900.220984801,742852.8586352871,665991.0311893666,982788.4752199308,845421.542027051
2012-06-29,833024.0782974423,846083.6214822375,760168.0085300015,675708.3205570424,1007246.8479243006,866267.1511571342
2012-07-02,839493.9699905575,852349.6688935838,764998.8357703679,679921.2885633996,1015530.4492642583,867021.1043895058
2012-07-03,840022.4457214535,853352.9442765794,765848.688767194,682035.6546026757,1024239.1071638357,869902.9895154178
2012-07-04,844843.8849685849,857967.2223641954,769978.0828483098,684028.5319525292,1029036.0322678728,872731.5831897145
2012-07-05,843635.6641205014,856549.2806146226,768754.579972028,683113.7026106408,1035748.8701473139,877298.1252219451
2012-07-06,838124.7166870297,850994.3557450853,763789.5253074162,676607.8494879296,1031309.9065642306,875119.8042596966
2012-07-09,829350.23684389,842100.2504899583,755828.5944678776,673003.2783323815,1018207.5299639237,867790.9197037097
2012-07-10,838493.3596161068,851625.0243890367,764393.4271781438,676168.0430761864,1031687.4776424238,878880.4524605895
2012-07-11,837135.3576553524,850431.4065606676,763333.4293982976,675437.118359237,1026456.5092229956,872947.20371718
2012-07-12,832593.8291671933,846087.1598641954,759097.3820127613,674829.3001715234,1020152.8207825659,862588.7112063689
2012-07-13,827983.1482208432,840371.1668145738,753668.958691323,673217.8558317712,1016350.4412475752,861059.4796812364
2012-07-16,829980.6829117001,842016.0681893907,754997.032739253,671779.2340022033,1010806.3347677306,856844.3272543845
2012-07-17,827980.8602890194,840345.8920129382,753226.2913626212,669523.3881617492,1004035.7129724611,855553.9957827313
2012-07-18,827535.070387286,839629.6322015368,752576.4232138175,673414.6686526245,1008679.1323446211,859062.9159908618
2012-07-19,829996.3238815487,843169.6260675036,755737.5075625444,675769.6541720337,1010818.9238232641,863024.9262429058
2012-07-20,828556.8594650448,841328.7841180407,754098.2606600786,674942.1108485168,1007066.0143589232,857792.8394526145
2012-07-23,818735.3344520748,831050.26906906,744666.1554305395,668667.091795917,988267.4299167279,843812.8875576744
2012-07-24,823796.8290237606,836382.6165193163,749179.4505950074,676349.6532801713,992098.162086549,846044.343547107
2012-07-25,819071.918951434,832112.6545175158,745059.2656395922,675685.1023766514,985347.0771765327,842649.6036801757
2012-07-26,816193.1820011938,830206.9893687546,741939.9948931469,668216.1888714415,968354.6037354813,831317.1159584976
2012-07-27,818390.4235630834,833547.6549723923,744363.1055456628,668323.9477653606,965775.1877644084,838869.703411486
2012-07-30,826036.5113774145,841281.51588853,751041.5765928824,679806.5881182185,988928.2720820642,855386.8891406145
2012-07-31,825041.8925038183,840181.1968577682,749790.2915010842,683391.1181868964,992094.0304523993,860112.4577120665
2012-08-01,830480.7603016698,845718.1114695846,754746.2566042336,687649.348686164,998657.2308306603,862460.1347095129
2012-08-02,830411.7214299047,846163.2542918503,754875.1103955858,691492.7528495246,1000811.0887021648,861404.3691774453
2012-08-03,830920.2185231054,848319.6096690475,756564.4306488704,689116.2958172966,997412.1018044107,859171.97613356
2012-08-06,843683.4134236181,861326.6857493698,768133.3504944515,697125.8521680046,1004881.2875282728,869265.5442153059
2012-08-07,844128.1456776464,861758.1049235641,768498.584182806,704246.1879681755,1011702.5517899467,877533.5606453867
2012-08-08,850285.5630665624,868035.3259623825,774092.2190247249,710765.6709088493,1009331.7504299441,877054.4864436494
2012-08-09,853848.1794758642,871666.0512126266,777283.6223450374,715056.8249310661,1006625.5974205105,874491.1969882911
2012-08-10,854124.8229389989,871952.9001353561,777562.642524786,718956.0904416252,1006175.6251359766,873790.6527485376
2012-08-13,858073.9602681005,875884.6131022751,780829.6029200092,723016.7635434668,1014700.8224036505,879250.6171533646
2012-08-14,860300.8017216527,878143.7224314987,782811.6978449359,728572.8730710547,1020298.2932765164,884632.8023492021
2012-08-16,863786.1359349096,881672.5290797531,786039.4147181049,730605.7652448218,1017274.9543293926,881973.1709265767
2012-08-17,860763.945833286,878624.5892985641,783396.3696894184,726232.8337338965,1011842.0811034348,882247.7587081055
2012-08-21,865858.9235401952,883919.9419673263,788182.4634089008,728080.7433484595,1017589.3557529141,890240.272715202
2012-08-22,859641.7487049901,877549.5109217941,782518.4843668476,724197.2807248633,1014458.3447776834,888439.3227101493
2012-08-23,858423.8572712743,876352.0016597091,781628.0515512958,720698.545281748,1013088.4897276211,888400.2940814338
2012-08-24,855601.9160252416,873439.8225215256,778999.0740580097,718584.4547513525,1006235.8985465731,884026.3512738306
2012-08-27,858708.6335774267,875556.315182048,780751.5041920806,712054.4988549373,993083.0426386873,877623.1309313531
2012-08-28,854873.7070713842,871543.1021922409,777098.3760716582,704252.3349678062,984788.6068707264,874364.0110480173
2012-08-29,849226.1448231542,865789.9319270431,772032.0050923491,703325.5322792076,976525.0052791379,867312.3778978527
2012-08-30,851966.9948750341,868585.6599849045,774515.6989400054,709642.9534675621,983075.2358057062,871448.6627689314
2012-08-31,841502.1306401098,857946.50076707,764719.3066970712,704450.3582222008,977144.0387204769,863544.3528215968
2012-09-03,841109.4874897802,857546.3898204147,764299.5137588388,709665.1115028404,978388.0557488287,862649.860028139
2012-09-04,845090.134996494,861643.1994746506,767954.1891052133,712032.472315401,986460.453138707,866819.1453733888
2012-09-05,844431.2048970067,859728.1901484786,765714.8089620937,711756.6658638546,977986.7700802032,859346.5603287254
2012-09-06,845345.7157078588,860666.123208171,766576.3525259364,717580.4053750255,982332.4588563124,861863.3827718071
2012-09-07,853487.0332890355,871556.3820430099,775654.3790835058,724676.5510659434,997782.923341302,877628.0878969738
2012-09-08,854018.2832890355,871556.3820430099,775654.3790835058,724676.5510659434,997782.923341302,880589.052285132
2012-09-10,851663.8628102147,870404.0167475997,774338.8694492356,734491.5610365506,997782.923341302,881838.6326659292
2012-09-11,855696.5692005956,874106.1774989425,777088.637079803,732730.028295264,1000072.5639860219,885653.7122110364
2012-09-12,855483.4256840551,873069.601143962,775317.8297481214,727585.479970679,1004783.7737176192,891477.685347902
2012-09-13,856182.8992939794,873764.1297770797,775959.4027995741,732891.7871453617,1002303.1584803839,891430.0030661892
2012-09-14,859052.7516728246,880211.3824626266,781692.4296703016,735677.931142554,1022039.6361408271,912681.0014582931
2012-09-17,855322.6793690526,880522.4530650437,781353.4793067195,732111.2166344974,1040522.7780660888,919180.4002651534
2012-09-18,861259.2544575536,884149.9075900376,784539.5594802119,733633.859822974,1052955.215519194,919599.7948183074
2012-09-20,863456.3808381688,883011.1526412307,782919.4399554399,729068.2769687659,1044243.2515292162,913000.3599151613
2012-09-21,875478.803567661,896173.1531943618,794525.2641703752,736521.3193271643,1072061.183019534,934533.5802512185
2012-09-24,873706.2588288914,892178.7169360458,791024.8814131883,728028.2457035071,1075911.7165735103,932358.7301208818
2012-09-25,875197.2997834813,895033.9451369583,793536.6948077348,734585.268614912,1078933.40350843,933685.3203448057
2012-09-26,876082.4336869847,897534.3452357589,795783.3674018052,736759.2615195751,1078620.5314009576,932265.4355389471
2012-09-27,880876.6482560765,901279.9687213241,799200.0651290086,744879.8488303662,1081657.4270537822,931400.614776717
2012-09-28,888633.7760865819,908548.2222194015,805588.5407721666,757007.9105216503,1094028.3200183026,940927.5334089823
2012-10-01,888044.0244538914,907488.925193721,804675.4836566118,759184.5263053417,1098540.3146158443,944028.3396640179
2012-10-03,897048.7391679417,918615.2501544296,814428.2422682908,758291.9625083447,1105221.2480501984,946699.1598802414
2012-10-04,907041.3341310155,930078.2457370101,824367.5060240892,765389.9975425244,1111766.9755134976,955771.2786950617
2012-10-05,908203.0931871068,932988.1561679184,826822.4777190355,761674.4863120556,1104803.5894747626,949300.1073355596
2012-10-08,899368.30345322,918176.1084842025,813728.5689971116,754496.071425581,1094488.976732339,938236.6315285334
2012-10-09,896062.3167665135,914470.4453868209,810535.3160330919,754206.7479545117,1099180.8629279702,943095.7601620314
2012-10-10,886287.3777406346,904535.8929461776,801848.1284987596,748325.5624686718,1084003.9700726534,934170.5781280075
2012-10-11,897142.451463474,915854.7532176315,811726.2452475694,755428.1135550976,1098652.3835621583,943617.6331293049
2012-10-12,899530.3276689183,918137.0692843734,813796.1019103196,756612.4114676953,1098823.2364681775,939109.4650389116
2012-10-15,899841.2368562352,919916.4103907882,815103.9624248507,757498.8888205225,1098872.885287369,940082.1268076667
2012-10-16,894466.4504487645,915918.3979739486,811365.2531856453,755611.8451193506,1086769.3986906908,933293.8188007793
2012-10-17,893836.5457399022,912874.4254054367,808076.008359682,753876.483184352,1084987.8680499434,935167.9763200354
2012-10-18,905213.9913728368,924385.4880236923,817901.2088548613,764877.0299830581,1097703.669106716,944936.6003746819
2012-10-19,902526.7761018407,923158.3792857467,816554.0181034175,752336.2105206938,1088298.7645491064,939315.8607331661
2012-10-22,908658.6390779149,928237.7867640792,820968.9742267695,748373.3304700346,1090387.856992569,944141.4766056967
2012-10-23,904163.5653474461,924008.2975215255,817215.9266422358,743754.3429593535,1085379.2112595676,939932.6523263229
2012-10-25,901474.0720216405,921896.2608744919,815036.1223427858,741244.5086107324,1081459.0644331034,941851.217818484
2012-10-29,888821.0699769628,909776.1989619553,803814.6565015586,729714.1154872968,1069619.256009698,933663.886132518
2012-10-30,878590.229248203,900200.4911639511,795369.5856893333,725889.2726907006,1056519.769025766,923019.1214553249
2012-10-31,881481.9783326756,903732.3082110703,797910.3560110765,728605.8649507184,1066930.5868039802,927653.4098951546
2012-11-01,896227.2553559911,918517.2269809067,810899.5772101121,727940.4658570904,1079052.576965784,932928.7706247809
2012-11-02,903392.5488618505,927313.9239947617,817859.4860194286,734962.6061700999,1089453.1897823864,941379.6277901265
2012-11-05,904316.9374574316,928573.0337359726,818662.1248681138,736960.344121968,1087266.247847915,942179.6232744582
2012-11-06,912620.0466798436,933510.7416827499,822380.228394671,734657.5204677932,1090422.7478332624,945406.1797544
2012-11-07,915496.2830842625,936520.3186175644,825030.6242229181,739367.2336407058,1100354.3191916668,952094.2474751715
2012-11-08,911638.220187534,932627.3744151413,821597.2253009515,736922.3770428054,1099886.4543211963,949196.8185691923
2012-11-09,906844.7742646824,927698.4361026108,817273.7934962945,734513.2847271316,1088871.3376414638,940776.5614951474
2012-11-12,907501.8390840184,928422.8638369858,817923.3469020562,733330.841589009,1093639.2830132986,942663.2640721905
2012-11-15,904645.0994905125,925073.3392283737,814864.4955798822,729294.124288594,1092052.1723194048,935497.4864204956
2012-11-16,888906.8812364232,910073.2446162521,801460.7925852532,723819.5841037586,1078614.4368519925,925913.3686166541
2012-11-19,886082.0895341526,907136.4900538742,798609.5808811892,720817.2626307703,1072165.0454190206,924111.6945870405
2012-11-20,882032.9018434179,904989.7628505051,796166.9292066044,717539.1832880261,1065798.1330978752,923481.5511928067
2012-11-21,889713.8272126806,912768.8335330307,802976.5947070362,718446.7092906204,1071658.3877719943,930232.483705811
2012-11-22,889697.16340958,912475.2134387314,802433.1270169074,720602.0428012802,1076982.7141657271,933006.0279175142
2012-11-23,891314.4497026098,914117.124052745,803575.57684696,724471.8701647642,1077401.0429459268,933436.5968869734
2012-11-26,894974.7568238867,918084.8675525009,806765.0893552569,727003.3846700648,1081415.666618164,936705.9431851867
2012-11-27,905282.8825029028,928792.8071925461,815906.2544313793,734290.501419871,1096435.2714067032,951889.3830307948
2012-11-29,921173.3037904394,945344.2368418991,830030.9574523446,749297.4537238278,1110503.6621915807,967092.6437896086
2012-11-30,936688.1738465917,961015.134600383,843732.6282058236,749640.8208808103,1125518.3871956014,975780.2437600112
2012-12-03,940858.9130433691,964972.5278193771,846974.5167251107,751134.0855063596,1133288.9571206744,975692.9369724827
2012-12-04,942070.0168489111,966301.1198108017,848216.7950034615,757708.3100699582,1139290.1739269358,978981.8227491472
2012-12-05,934896.9630159033,958874.0115725815,841737.4842353341,753723.8848685422,1141971.5636287914,980837.6805900966
2012-12-06,940556.7595704687,964342.9554965317,846456.5945411202,758437.3974951901,1150911.4125114763,986288.0888482988
2012-12-07,936738.9557832372,960365.3397815048,842930.7305503365,754643.129062573,1147088.2952887209,982195.0768017562
2012-12-10,940255.5765565527,963854.9583079636,845949.1980834481,755089.7122916379,1149938.8968187412,982980.109668622
2012-12-11,939978.6635469091,963525.499872905,845400.5878300661,748253.9627875485,1143116.4221054462,980824.5804101679
2012-12-12,944962.3750947607,968562.7779261887,849861.4708180422,751726.8466376462,1141537.8820545385,979419.313813538
2012-12-13,933117.950229038,957115.2282893477,839347.7266873167,753249.103416677,1132248.9709397694,972889.0602443696
2012-12-14,934243.7869752538,957967.8289325057,839756.6917566258,756084.8262102561,1140384.8999564424,977961.2451846468
2012-12-17,938022.7968629492,961487.4614283858,842792.8037065464,760268.4182131247,1144996.2336213076,975698.0640241199
2012-12-18,942422.31184708,966047.5307643234,846154.7878696382,766784.6301613572,1156294.1940523933,983233.3880807952
2012-12-19,954746.5545686376,978588.8683879196,856831.9458709287,769388.2850109257,1164592.7719667265,988937.6567277439
2012-12-20,945480.8330453527,968893.0496775925,847858.9587208488,773706.7499181759,1163820.9217650702,987236.3465501225
2012-12-21,933897.9492257726,957022.6713549912,837383.5785443046,764269.412706567,1145616.3087184294,975505.5281157258
2012-12-24,933804.8703454626,956877.2842624008,837253.7006756522,772203.247194482,1147649.4833490038,977171.483886161
2012-12-26,940256.9587587011,963510.7447726547,843143.5243565299,782991.3881742489,1155184.9358984237,985008.2042295771
2012-12-27,934270.9726480138,957425.619353038,837827.1621014335,779540.6835302534,1150197.2768245607,979452.8048496889
2012-12-28,938271.1938241613,962486.9174945175,841947.231454209,780833.0380285622,1158830.5044481922,985991.6941913393
2012-12-31,938598.2348550451,962475.2658297836,841645.657359472,782110.9973486306,1162329.1123063965,986287.9880692165
2013-01-01,945600.0788644445,970925.3606669724,848412.0335124251,787928.34875535,1176034.623903239,994608.5809625126
2013-01-02,959194.1087182653,984668.3706271469,860136.6548371899,798833.7105678364,1185836.2771414164,1001569.6035317603
2013-01-03,959744.781806339,984730.0377604782,859930.4729807866,805380.2697376057,1189680.0891795203,1004649.1809036557
2013-01-04,962350.7876962316,987499.2508380234,862379.2785990727,806648.7172435566,1191494.1746347698,1005438.1595657831
2013-01-07,962360.7751115453,987442.9898059189,862284.497722913,806203.5918582722,1191814.1399280126,1001716.504148263
2013-01-08,961212.0922883642,986258.9414317429,861267.3247569096,809526.1318897053,1192374.3459524421,1003496.988810564
2013-01-09,956765.2796167028,981673.7901332199,857235.3044093144,809162.1127704426,1187071.9182200078,998924.7628264956
2013-01-10,946724.3092836034,971339.4094302475,848235.3565028203,801357.9987605854,1183226.2939207007,998238.0523777287
2013-01-11,933276.558143009,957714.4678714096,836390.7200053227,792133.1731282802,1167801.7268391664,993824.0286143459
2013-01-14,945248.2160028112,969924.7680499374,846686.8330848452,805108.100172195,1184089.2555554498,1006325.1486998221
2013-01-15,953140.821360935,978060.6952006638,853856.9026077029,812472.0928784938,1188000.7731588653,1011365.7672182677
2013-01-16,944920.219432224,969278.4295527756,845437.8246743202,796329.8521751314,1172183.3001576145,1001521.8489719704
2013-01-17,952842.5773042333,977419.1048724472,852551.0084359169,807147.2467597872,1176808.085960063,1006996.3423867468
2013-01-18,960602.2805207861,985326.4386889755,858832.3577307052,807351.499888582,1175113.6384541448,1009911.7294728413
2013-01-21,957931.3978341711,982581.8818003952,855842.4111985108,808557.3976780839,1178948.09558002,1012809.8167318702
2013-01-22,949444.7550958288,974797.5227153122,848685.0407837504,800100.8595807023,1167448.7077636644,1006456.2700159869
2013-01-23,948571.8793634069,974281.0805537521,847916.3564945327,801475.8103891987,1161021.8140244433,1006691.963798648
2013-01-24,942829.227813114,968274.2058017075,842375.2085377782,788006.0556651558,1140414.156105445,999144.6440668383
2013-01-25,945295.1985925329,970484.1966807663,844018.4008440184,792721.0007715715,1162174.764363625,1009309.8571499017
2013-01-28,940635.1929772985,965689.505240184,839831.4245332885,792488.5579576982,1164632.3605317832,1009534.0212970581
2013-01-29,938193.3737023962,963652.8616893112,837390.6014266111,788363.8134693827,1156896.4204450957,1004856.0515812915
2013-01-30,938233.7397760046,963682.6621997177,837424.4942717649,785943.1240963663,1157144.3541213705,1005475.3526691184
2013-01-31,949029.486708988,974331.3986918747,846384.5194726745,792304.7508511271,1165991.8781613566,1003689.5999004425
2013-02-01,946064.5487054479,971565.1990077316,843382.3753068589,797644.0255703654,1164617.5293712658,999040.5611182153
2013-02-04,947779.3160546911,973359.2470652878,844906.2334611558,797592.1979183878,1156471.9207706489,996783.6781972679
2013-02-05,943156.7611154211,967669.4513156235,839442.8624513982,792183.6070193526,1151634.4009240556,991846.0313972399
2013-02-06,957119.610587467,982379.6080691635,851585.5881457749,794138.9332255599,1156430.1805348853,992807.3522792956
2013-02-07,952832.8526834142,978071.936251384,847724.6123996201,787883.745716471,1148540.729913103,988764.8646220341
2013-02-08,936685.2890008581,961513.1675784409,833362.8657489243,783151.4288280094,1138193.825601201,982826.1217381442
2013-02-11,932898.7954095495,957629.177946788,829993.4419818345,782664.824019436,1137614.9582689737,981971.6364700065
2013-02-12,933757.3889840734,958444.6023394882,830110.6624685714,784104.8636465112,1138244.6661732357,985852.1661341313
2013-02-13,933817.2359079015,958479.9553401291,830168.6104895065,781932.4027476844,1129139.2719305304,986258.9803918491
2013-02-14,926202.5045312536,950587.7617022812,823423.4382406662,781528.454756156,1115990.585874603,979086.492342586
2013-02-15,930052.5093530309,954584.3807208359,826830.2327658127,780100.1631149206,1117070.543539469,978196.1641220937
2013-02-18,924279.7002862585,948929.0855243027,821317.3377758248,775117.2824844274,1122325.0565803105,980480.5895165118
2013-02-19,933528.0434411657,958333.8247744858,829562.4163433297,780665.8921932804,1135101.2852428255,987712.3369713803
2013-02-20,929326.89961182,954929.0947482407,826042.4245365583,779318.7934372143,1134301.4225452011,987948.1681332738
2013-02-21,919104.4059976232,944428.159537059,816913.6968754255,767833.6926376538,1111199.9373348802,972010.561136786
2013-02-22,915697.121650089,940910.6517016708,813946.6324680769,765865.0708954053,1114412.6492460615,972245.1069095627
2013-02-25,911734.2143396032,936903.4636676132,810418.469412657,763054.4335933421,1109519.9725907322,972067.3836791655
2013-02-26,899339.1651910436,924766.011061412,799297.7901518209,757635.316391228,1090267.7862542344,957041.1161516028
2013-02-27,901039.5130136145,926860.0179568589,800215.3078624392,757153.2409000217,1101445.8928184595,963713.8927152248
2013-02-28,886989.9295022619,912263.2232714951,786699.471182797,750713.5788972547,1068716.5603561946,945668.6558688945
2013-03-01,889931.8385903967,915830.6674319565,788291.6683546379,752375.7303153437,1079463.886239831,950894.9540985195
2013-03-04,889496.340879215,914980.108365184,787252.976266843,749520.1681824308,1063227.4732135353,946646.7235757972
2013-03-05,892267.4072015417,917876.9844638169,789753.8728046238,754644.8452097122,1085410.3621837257,960810.0344828716
2013-03-06,896530.5566613806,922880.5245944321,793781.2392636731,757321.6537844948,1095277.4887987676,966395.116525644
2013-03-07,900705.4030587805,927110.4739352524,797424.429914613,764976.1964175169,1101706.0386961286,973231.1454529971
2013-03-08,905561.2758615148,932038.4972201645,801362.0655217118,766008.0034927374,1114148.9638935025,986429.9909387584
2013-03-11,902248.3932397497,928641.8668643296,798434.1211781449,760517.3483428641,1113089.3526758223,986165.9644160831
2013-03-12,896975.8863580358,922714.3982669174,792178.4030120424,757427.9921722098,1104956.161550007,980828.9178454058
2013-03-13,893027.3771112097,918700.691556102,788728.9816863588,752817.5886840506,1090402.5696082527,969660.6414982685
2013-03-14,895947.4636895788,921681.8175936997,791316.1614806703,756553.4763972716,1102072.4528445953,979182.1328481468
2013-03-15,886402.1803109777,911891.1520510971,782900.3930404237,753289.9265239196,1095868.4116225673,973358.4218974916
2013-03-18,880073.3389184606,905397.5933810532,777291.6497619203,751043.8221690612,1088012.1681789812,968237.151220995
2013-03-19,868086.633962406,893306.6276217758,766058.0007975092,745766.042202549,1068511.0095476338,952713.3500694949
2013-03-20,862506.277951969,888115.3829318344,761010.4766310108,739133.4321926552,1048382.3921851559,942643.177915883
2013-03-21,860892.2202050817,886930.7664920151,759191.8089472654,735184.5424586642,1034499.5140837652,936670.695690493
2013-03-22,862729.9997232092,888833.978085643,760792.3506571653,734529.4776316988,1034153.2861886065,935835.5826455422
2013-03-25,859810.1915872229,886238.3720218003,758266.7605757613,732683.0241435635,1031679.7175432852,932504.4131610828
2013-03-26,861610.8129098547,888074.9952517807,759829.7478041549,736446.8983254634,1028762.7302144131,933819.2912030516
2013-03-28,859897.3405511511,886920.4216281235,758608.635270345,738976.0389245475,1043617.3697949583,941855.3106272621
2013-04-01,857229.9905908239,884157.130795604,756178.1896378382,743216.6018517936,1055371.1839464512,946237.6488365434
2013-04-02,859618.7139032019,887102.7916537583,758468.3372283818,747146.0413752042,1070425.758014306,954395.455145268
2013-04-03,855689.6637857092,883628.7456027329,755202.2042739013,741164.6691200132,1055896.2925042743,942115.9014691002
2013-04-04,852078.7066018713,880139.860028392,750772.8858818349,729152.9251899517,1038935.6520426581,926061.1113974518
2013-04-05,859041.4773233068,887210.5744754135,756524.5398249654,729332.6966743267,1041228.5359623756,922954.2977625501
2013-04-08,856906.1613977087,885032.9199649155,754595.61902571,726290.5894163686,1041919.0351235743,921948.5034860579
2013-04-09,839568.1287439001,867150.98228181,739207.549872878,709387.0943113136,1032674.9850296051,914064.06364239
2013-04-10,844954.2815988195,873510.6162997544,744162.3326627486,710692.6118976058,1040410.5419388848,924361.3916722386
2013-04-11,844601.4426705969,875140.4334384262,744743.5468333557,721653.5930537365,1043586.7811376414,929714.3032120693
2013-04-12,844789.5948159826,875366.9252749741,744932.2798350647,728594.4462489269,1047685.1041747257,921334.5994288252
2013-04-15,832574.4551980627,862917.6379061997,734115.8965391283,725801.2462596081,1051179.7430698555,926598.4031301633
2013-04-16,847938.2737863195,879444.7080050766,747548.6716263194,734513.8696558017,1070190.9511550923,945613.0059365233
2013-04-17,841871.7854898107,873174.1523410141,742157.1848709483,737538.068706705,1071912.1171546618,946031.5296783169
2013-04-18,851487.0805947912,883127.2023593247,750617.1857406993,741025.3652383822,1085727.6171736463,961184.2994515258
2013-04-22,861683.1224649084,893586.2616854965,759527.1852371593,750598.1968729037,1098893.7268503562,970649.0376589923
2013-04-23,862597.8543222082,894509.3673297226,760323.0507461925,744669.3718835849,1094660.8857964573,970339.2891879604
2013-04-25,872950.5140664709,905368.4193850815,769465.094111671,751445.3595185594,1107322.7480925978,982606.6336948229
2013-04-26,867389.5554788244,899819.9329348862,764624.1537735362,754315.9196992235,1098791.218097123,975662.9598291649
2013-04-29,879969.3116433752,912762.5824405014,775714.0049545665,762606.9742112474,1107451.7548563187,981884.9699961878
2013-04-30,889692.9760720861,922818.1470309555,784383.349063148,778447.6970277147,1112233.0393784265,986912.2195726691
2013-05-02,892572.6730477941,925751.5462008774,786885.2793075938,783671.2144913988,1124412.1974170161,998908.9723706121
2013-05-03,891167.2433602941,924295.9685183823,785613.7983505626,785238.8943543748,1119515.6059104188,990707.6222556307
2013-05-06,893448.8607919348,926635.741505748,787661.5241196055,783496.9090257005,1127854.406812783,995535.0552792542
2013-05-07,901439.3356607092,934820.5117007553,794709.8134643931,790472.6440186815,1139609.2467247075,1007298.7643020499
2013-05-08,908495.3644082678,942120.7339297592,800923.9158584971,794080.8345856981,1136485.535073945,1010596.8197240013
2013-05-09,905076.3109567297,938515.7094088852,797902.0318100352,785319.0633683519,1131323.1242615574,1007416.5878927663
2013-05-10,915130.8531015051,949040.6086093247,806795.8824341197,796038.7114167528,1137401.5467984672,1015484.1771592745
2013-05-13,907872.8548867834,941678.5097934067,800361.9100677867,793111.9722047166,1119269.233356616,997518.7732797139
2013-05-14,908193.7475106848,941880.1803561508,800601.6941559215,788451.446646245,1123701.9469569142,1000114.6949509477
2013-05-15,928748.0332620275,963145.5428439438,818733.7353622813,801395.5896287279,1149100.3867314921,1024333.7144194462
2013-05-16,947974.1830728186,983067.5161639511,835678.4696838756,801366.2981019334,1154677.1733707455,1028680.8603855759
2013-05-17,949812.3168313635,984845.882634288,837313.3250763316,802147.4788728075,1160446.6135626861,1032300.0320347464
2013-05-20,936368.9438455236,971026.0571414292,825548.9288742442,792708.1629090623,1153602.9004830834,1026270.0474970352
2013-05-21,918744.5037820471,952753.4496737778,810057.4220306773,783840.8974366502,1144249.2439819423,1019104.585300789
2013-05-22,908500.8601052893,942265.5605365097,801075.1443054576,783053.2697205858,1134211.7362741581,1015515.4283066274
2013-05-23,898498.5098397863,931944.9044696152,792229.6966202159,770110.1594071703,1108338.6363276474,994953.0166892288
2013-05-24,900164.58501984,934296.8154879868,793959.16471581,776194.4864674392,1114100.1862408342,998458.9303167159
2013-05-27,911749.2885720861,946496.6046954453,804098.4747183649,777767.392108176,1128465.3061194743,1014376.8912348008
2013-05-28,913826.3397805822,948723.0221225083,805944.5294897882,775179.3978477779,1132939.3988609163,1018941.9974799827
2013-05-29,909370.7001946154,944928.2934501015,802177.8152027132,776173.4332437356,1125795.3611317442,1017107.2768130305
2013-05-30,910917.7774574938,947513.5209433876,803779.5039060923,777872.9502748686,1125734.3860192706,1021098.0458857686
2013-05-31,908008.1805184069,943777.9500510537,800263.5596889566,769402.623962396,1103871.1364296854,1001350.7512402333
2013-06-03,907873.3543083849,943669.2759482705,799839.6538159774,775382.869247927,1100587.0068992756,995455.1753382878
2013-06-04,917467.5516731921,953668.7134063088,808306.8987538741,778860.4705929892,1101382.8389127494,993603.534398556
2013-06-05,915820.1114952746,951219.7684371315,805992.662125018,776005.4661526816,1105023.1175777963,994453.5239568972
2013-06-06,911716.7352669421,946908.8913695656,802437.86774483,775527.8595892111,1105234.6224082771,993829.2620546893
2013-06-07,909394.0711434069,944565.1891562783,800049.5390255299,772413.3558775106,1094667.8105005042,986296.1321673793
2013-06-10,913774.5877525988,949451.0794226967,803666.4620005,771849.9624142121,1084101.2295442214,983887.7015206236
2013-06-11,904872.4488747302,940572.6467597329,795868.0420268498,764849.3703143891,1063505.9221808992,968405.3872731754
2013-06-12,893623.3174355212,928877.3590094887,786024.7637370549,757697.4111774262,1055609.2214508455,962219.1576659121
2013-06-13,888393.1895973864,923242.8512122475,781049.0389578494,751889.7772345494,1035465.7590634613,951930.6624639556
2013-06-14,898894.1317818346,933856.7446143471,789902.5403006722,757549.1956915807,1051539.158872565,969556.4214773541
2013-06-17,900757.3207161608,935991.5253608071,791177.5729917589,760995.2156791522,1059232.6530286819,977237.5397661389
2013-06-18,902549.7869789782,937814.3975417458,792450.2360026806,763137.474582744,1057207.8880977908,972702.1347595119
2013-06-19,904462.6078026476,939962.996014341,793972.9312185941,768927.8010496122,1060787.7025616404,974953.1464525964
2013-06-20,893273.8052666369,929819.9332854592,785131.0178772632,754844.417060804,1030619.3860538617,947627.6203383649
2013-06-21,896534.6648705187,934140.5385863625,788453.2430757845,755839.9722068056,1022718.0966239528,947569.4066742675
2013-06-24,888572.3233406725,926519.0628249489,781513.1023772982,748978.7094428285,1000714.9930452933,933218.4217612937
2013-06-25,889196.3354790392,927142.8112914406,782057.409788492,747695.5598380312,1001216.3080251772,935666.3707288421
2013-06-26,892769.4921410265,931152.4251067482,784595.1369867588,752641.2330015105,996849.2447058687,932541.0903796566
2013-06-27,904719.7770836535,944440.5012633645,795155.4426102645,760594.6120039519,1005305.0293846368,947511.6647022628
2013-06-28,906925.6820366564,946684.7436797463,797007.1352219589,761841.8393446502,1034129.2233917287,973355.3840692444
2013-07-01,902503.5600121203,942960.3915221535,792434.0824577198,755609.141052031,1057066.7220491064,985684.4244094779
2013-07-02,893962.0131600085,934055.6629836403,784938.7264472828,754395.8642041916,1050557.1443134309,978768.3550790633
2013-07-03,881608.1090843859,921170.9580046975,774097.5123588429,748078.6242521042,1026107.9195935123,964027.6814660284
2013-07-04,892813.3568260851,932849.076885923,783959.9292137013,760697.4005582565,1034720.077629217,974566.763026107
2013-07-05,899449.9366524401,939779.0496108376,789792.4821540699,765461.8760297531,1036873.7402052741,979293.1674317799
2013-07-08,903019.1849358263,943497.732128843,792945.6207420216,767836.6993863815,1032027.2365207303,971293.8879535835
2013-07-09,912341.4246971789,954399.0757262551,801749.8258525191,776009.025358868,1044663.6974537364,980063.0446593835
2013-07-10,915598.1342766467,957825.8219573342,804645.5367900191,780513.3313128474,1038574.4923970514,973720.0613985503
2013-07-11,920550.8347466174,963017.6165435158,808998.7853709518,780755.13067503,1052721.310697596,991695.3155973826
2013-07-12,945021.9620506945,988554.1930358254,830523.3811808883,802482.6674944881,1058867.5904736698,1003131.8699835201
2013-07-15,946247.685355443,989815.4586226784,831574.0286952315,807482.0098330501,1068845.0038425236,1007755.8168884338
2013-07-16,941263.4634468737,984595.293141111,827183.4826442061,798040.4146182063,1050516.1647329968,995098.4695320096
2013-07-17,951350.4610283556,995172.6756865822,836067.2633220016,801165.7241961482,1045144.8980586943,996658.5443157975
2013-07-18,953650.3008568469,997605.0910460793,838109.1280375777,801955.8628222469,1060944.9663041693,1008530.8494892322
2013-07-19,964336.9352791491,1008644.0742080056,847421.684914714,809881.378546429,1053722.3137366257,1006240.5616744466
2013-07-22,960941.1294396105,1005041.529583677,844402.11087144,812020.5290972713,1053139.5628916034,1006252.0919858633
2013-07-23,962460.9587395373,1006584.2160155617,845733.4813395797,815485.4798876765,1059587.3534756012,1013605.1134281731
2013-07-24,965761.7820427599,1009991.2970549904,848599.5485698043,817236.8462071768,1035494.918495348,998319.5565563589
2013-07-25,946910.6092522326,990185.5641448342,831389.4898068192,808200.655991655,1024673.6597148216,985511.0746568129
2013-07-26,954732.5398934069,998312.969578489,838222.3756634477,806251.4556960328,1012516.8350055702,981215.049928869
2013-07-29,953975.7633125964,997437.1633803688,837549.0244518998,809460.6368550656,997885.5819398223,971771.9479037357
2013-07-30,948559.0119454088,991483.1975966775,832375.8827268186,806079.2539357541,974270.213016093,958154.8078098468
2013-07-31,965992.8420845689,1009657.1801101052,847703.3879605832,824086.1164082882,976041.1334173677,956503.7412532006
2013-08-01,956837.2682167711,1000014.109019407,839532.2420106658,816603.9419087765,960333.0900303703,952212.4796727279
2013-08-02,955731.9380242052,999643.7606231057,838994.1691828377,821751.8671422674,944277.7969984848,943270.8178815858
2013-08-05,962091.9515816392,1006816.5542708718,844481.4452104012,829494.3413243206,949692.8773299531,945359.239810265
2013-08-06,955732.4381920518,1000244.2346984231,838965.512753431,822506.2103657635,922270.8789830556,921719.0806534827
2013-08-07,951961.3121239366,996532.6876555764,835568.1898883339,811052.3736195477,935590.3123356674,920318.1213284506
2013-08-08,952296.6908547105,996880.5787917458,835860.8439334389,806944.8500676068,946361.4900654142,927917.9103978614
2013-08-12,960855.658086461,1005789.2330504738,843382.2937243935,815180.476753703,962385.9101403302,936280.87309604
2013-08-13,977536.4031273546,1023883.5564910256,858317.8793462748,834191.9405394834,979429.9569199242,951823.4418258683
2013-08-14,970992.8899132432,1017068.2867003762,852568.5919775004,828390.11570038,988397.6990696138,959111.3412752058
2013-08-16,953336.0519386949,1000520.0937415444,837464.0829268042,806288.504553576,946365.483103885,920134.6759064337
2013-08-19,939826.8415962877,987136.5306636178,826194.213339163,792567.3589027124,929127.1179824622,903549.709423555
2013-08-20,930135.8137032213,976867.955554136,817673.0702155363,784346.8431575494,928733.0365115708,900313.982607094
2013-08-21,921779.7605339708,968972.8149920785,810782.100670983,773386.7453371687,912518.0935735017,884399.5637051644
2013-08-22,936677.5493370714,983653.5166674935,822737.0923475717,778378.0813053746,929265.5736073283,900854.2035525315
2013-08-23,954104.2667748155,1000376.9942675912,835601.8703214128,787799.1321080748,941116.9906962733,911723.2026712421
2013-08-26,967811.8962303819,1013881.0370303475,846611.3874846501,796544.9483759974,946800.0412714435,913095.7554876853
2013-08-27,947586.060796422,992581.7230349862,828870.8477965398,782306.9940150355,914194.5051752473,881948.4269076977
2013-08-28,964962.2811791124,1014960.9978305184,847241.112116234,801191.6962053285,905437.3750909333,879982.7846834644
2013-08-29,987332.4225327196,1038453.8674708687,866628.4447386116,816976.9610559449,921419.8217647512,900021.8407213169
2013-08-30,980724.4667870225,1031290.828694471,860773.3748762459,819027.2646486268,928304.5757533243,910307.8458141828
2013-09-02,988546.1216293992,1039500.1676036202,867625.0365202278,825270.5761224732,944260.2130373633,923493.0162102634
2013-09-03,970248.492726964,1020273.5238925301,851589.10819076,810712.4990808473,912881.9120220512,889954.2061754838
2013-09-04,987081.1531044664,1038433.5287600838,866330.7914327917,823951.2108586644,929737.5027931472,907028.4978261383
2013-09-05,977733.0430504503,1028699.9209185921,857995.6425604163,814473.9471137869,955182.4114932192,930735.9416048132
2013-09-06,980913.9740921678,1031918.374978193,860639.8459066687,817792.6522262442,967432.674735985,944304.8481074647
2013-09-10,1001262.5627114,1054168.3390628183,878976.8786825476,831074.2797553885,995863.0109584989,978761.9688735022
2013-09-11,1006577.8676087083,1059467.5672236765,883466.3115209875,838470.536679064,1014691.1837001485,982800.5069767347
2013-09-12,995076.0234810533,1047233.1521273934,873308.9804968176,828673.1012504447,1000198.3194275958,971901.291383825
2013-09-13,988560.1926819505,1040459.354905256,867518.8715719519,822585.2073867667,1010805.9252749746,972453.9643610406
2013-09-16,976009.5172440233,1027268.6103144967,856482.0417913733,808645.8199127066,1006995.9497043464,970829.0657416648
2013-09-17,997009.3007179918,1049269.544850477,874928.84715026,827132.129471575,1006269.7349002983,971784.8267545109
2013-09-18,997914.4308907213,1049760.9797602976,874694.1675701857,825299.6277936621,1014099.7828363079,979567.1857134771
2013-09-19,1017497.8337494554,1070646.481381544,891933.5483532668,835198.7635472937,1054570.5616164806,1015506.2159111638
2013-09-20,1011896.2548386278,1063633.2069293344,885637.6316441641,832876.6905826848,1044782.6851419786,999909.546190332
2013-09-23,1015048.8453156175,1066843.8375216806,888411.6696232901,841755.1686863225,1024919.1502427218,980613.8122507443
2013-09-24,997257.163491887,1048287.9351779305,872854.575484191,829337.2711338323,1025946.1699353528,981088.901577682
2013-09-25,997612.0473457994,1048934.9928294504,873294.8341969595,831758.163891248,1027390.1947222197,979060.9649596943
2013-09-26,988683.782003087,1039663.1128169381,865587.2308720694,826540.4818538945,1027594.1389392731,980310.6247990775
2013-09-27,986832.1553818407,1037538.8637362801,863869.999777709,822665.021011762,1024035.4506415896,973613.8783770042
2013-09-30,982227.645284337,1031356.0014849984,858545.56583719,817212.4345433473,1007076.9497958334,957790.4919320083
2013-10-01,975280.9517494859,1023824.9893390023,851898.8642465887,813868.9880559206,1014614.2428154912,965180.7195131332
2013-10-03,1004429.3984581651,1054670.9714328134,877578.7320291814,837371.4294163942,1038842.3714266588,986105.0637135665
2013-10-04,1007225.6767410936,1057285.3677882515,879382.5758421074,835541.6268689394,1040407.7680427713,986367.7872209012
2013-10-07,1013088.4975113573,1063588.486066755,884369.092572108,844919.8638150453,1046951.9565447752,987039.279095165
2013-10-08,1005075.9995674791,1055241.852067884,877376.5320710094,839688.0155904054,1047819.1492371984,990106.0040959028
2013-10-09,1010150.1030106249,1060671.407651838,881843.92294015,840301.4112622499,1060084.7466836476,1002980.1730532632
2013-10-10,1012405.111753911,1063477.5147761665,883999.9122361095,842591.8131024599,1064776.382506406,1005979.2688032683
2013-10-11,1024093.69606635,1076019.9184398018,894379.9254654796,843172.7629010439,1069628.8624861676,1016873.7775760075
2013-10-14,1028644.1312927904,1081301.819356855,898113.5624507847,845216.1624905361,1070460.1264001355,1019562.8835060542
2013-10-15,1023733.8923287096,1076081.7235965095,893817.9174159947,844522.7674900783,1058760.6423821165,1014806.9614212345
2013-10-17,1003218.6287178698,1054115.2399997078,874881.3434287971,831282.6067388698,1052803.1183215948,1008251.2203708831
2013-10-18,1027703.8192047777,1079746.6724910103,895897.2167105677,849459.2423856899,1073395.374518642,1030885.4679844013
2013-10-21,1046402.7845223132,1099947.9710910164,912018.8494099712,855832.9114771951,1086627.0259442069,1035510.4507960266
2013-10-22,1047730.3626549426,1101289.5640704476,913204.2104100322,860706.9586039651,1090541.8937802431,1035819.9807729877
2013-10-23,1043189.8283989611,1096442.6228015267,909163.601553831,852158.5936595071,1088058.3202684694,1032222.915532025
2013-10-24,1036749.5754311266,1090001.9314944588,903274.8948152405,842860.1159525979,1086360.6964040354,1029854.9647793509
2013-10-25,1032000.3025925341,1084902.9919230782,899137.1658265931,846444.6557971109,1076084.9241977057,1025948.2626230209
2013-10-28,1034075.9586289111,1087088.1119029366,900922.5915010315,841100.7598620523,1062921.229913265,1017865.5557139664
2013-10-29,1050562.9701416674,1104792.876665815,915212.5564716203,854440.547381108,1087053.255775725,1037460.7520862363
2013-10-30,1044379.0343201342,1099681.882929548,910592.826999805,848860.7186915328,1091606.2568461266,1042734.9790624691
2013-10-31,1057823.362990636,1112341.297217115,920101.4004077218,855709.7465792036,1106302.0499573837,1051186.9591696847
2013-11-01,1057821.608378667,1112646.0706202828,919313.6255082835,854418.8081665973,1119322.7230375155,1053389.2371289572
2013-11-05,1056837.0838158312,1112515.421309217,918839.9640971124,868088.9787863349,1129702.044739016,1045996.0717774002
2013-11-06,1051704.0021813097,1106893.5334307991,913860.8139582024,864983.0525778388,1120910.7053426257,1039919.885273689
2013-11-07,1039983.8873818102,1094302.3358294808,903525.7457361565,862831.9314993476,1104991.6858579114,1033536.9476075257
2013-11-08,1043901.8752777758,1098524.6424891793,906987.0007791863,862426.5968855475,1104869.6808904377,1027202.8914857648
2013-11-11,1045675.5296204272,1100211.3566233956,908452.8458795891,856411.4259718512,1090628.0345301323,1017199.4785893332
2013-11-12,1037124.4348061266,1088604.189078077,898343.2868348176,854177.3559149359,1081592.5889787138,1007830.0646933987
2013-11-13,1035895.8103249255,1087509.0045840584,897065.2151160398,853075.6038169524,1076360.3862603514,1003059.4287062542
2013-11-14,1061289.0722438376,1115136.367576296,919138.635416485,856139.8241201125,1093592.3225772125,1015442.7408922344
2013-11-18,1073396.2737666648,1128619.2985684224,929939.0616780071,862899.2958270331,1113121.6149200979,1036855.0423263448
2013-11-19,1064311.6783458274,1119684.5309521505,921871.8957207602,867994.2181755956,1117180.289373418,1038814.8950793775
2013-11-20,1061868.714112429,1117104.9588620015,919465.9312183149,858605.6652411805,1105550.6414667545,1025764.9965517278
2013-11-21,1042652.2452327294,1097121.40696686,902599.7748767629,852485.410948457,1083793.4420940068,1005475.8382222407
2013-11-22,1042686.3450213951,1098039.974178011,902775.5256205541,859252.2791621105,1084477.8050752683,1005386.9897447602
2013-11-25,1065787.1043635886,1122606.1030194112,923010.6032114965,867920.2456347363,1105884.2119400457,1024753.6947507885
2013-11-26,1047947.451020388,1103972.23534363,907490.3660670263,860366.62260312,1097272.4967357852,1016223.8209283594
2013-11-27,1041564.7088786644,1098175.7112309285,902324.0142342516,855719.9561871319,1097694.2081158084,1015954.2098621333
2013-11-28,1067978.6328822654,1125068.572375948,923967.6497010381,873009.0274256918,1107050.6204300302,1021844.1264925858
2013-11-29,1072362.7435313743,1129724.3205448934,927794.4866837652,874314.6573249437,1121827.2498597424,1035751.5487688063
2013-12-02,1078696.72795978,1136286.4996525594,932868.5742022312,874358.8580543138,1128988.5764951794,1042831.1659898586
2013-12-03,1077361.8086101096,1135001.7028614827,931836.0844179905,877281.8528663255,1126379.9618222222,1039980.5723564033
2013-12-04,1067251.7927867454,1124216.5402485677,923013.7302462376,871023.407523308,1120027.1284393088,1033048.2234128751
2013-12-05,1074283.298310427,1131633.9302937337,929163.2089754856,884026.4288245775,1133853.2841644746,1045539.9100371507
2013-12-06,1078517.4681254905,1136082.4713398763,932840.637625388,884764.1683875658,1141218.43075618,1048584.7295375862
2013-12-09,1080830.9026423972,1138523.217349703,934827.8325793064,888971.7006599046,1158004.9485358451,1065096.0553903212
2013-12-10,1071784.558366163,1128181.3471885624,925708.5196838353,882251.7708338815,1150618.2485647108,1059898.4689438134
2013-12-11,1060650.5359433724,1116150.5991493168,915845.2886614025,871366.365270527,1141533.0971705394,1055307.420721951
2013-12-12,1036647.2079251839,1091034.3153816166,894923.9166230108,863421.9395197945,1130463.8846471342,1043951.123908267
2013-12-13,1025212.5833066537,1079731.8302284183,885404.422199303,850472.7148341256,1111863.639257756,1032252.4164164286
2013-12-16,1028302.2025617196,1082861.4914451542,888029.311702782,853354.2264308053,1112427.5136719479,1031878.0261218232
2013-12-17,1028851.3000577523,1083378.9314399662,888451.9267921986,850789.1723078805,1113288.417093086,1030074.3482530132
2013-12-18,1039606.5681241585,1094605.419309229,897682.9165840687,872283.3716222404,1134225.5241972802,1043491.0404451183
2013-12-19,1047081.2385109027,1103684.1368613958,904154.8114491059,875790.5515574208,1128841.0854591557,1036342.9442657775
2013-12-20,1050997.2197120746,1107099.7984061956,906647.60056555,881976.8878611317,1147879.5823265172,1053983.988079219
2013-12-23,1055302.0118263324,1111540.378087592,910056.9637244575,888865.1183365516,1161337.3917710192,1056325.9559183046
2013-12-24,1050677.3560188373,1106986.5344367742,905318.8925612617,887704.6466959674,1165301.9746155983,1054288.4597836165
2013-12-26,1044723.5495155414,1100641.1330238103,900102.0483992744,885650.1880625446,1166548.047036649,1056160.1864998795
2013-12-27,1053737.3159034809,1110127.9095588445,907939.9439986396,892242.4766825397,1172143.2375679247,1062447.0436719703
2013-12-30,1047825.9985817035,1103916.0918403387,902794.6793807197,893878.9110392291,1168983.9570995928,1058920.159567389
2013-12-31,1052816.7658088764,1109112.901097846,907023.9730742621,892764.7069681842,1175136.007436687,1061418.2095060789
2014-01-01,1058037.7226265033,1115121.2013221502,911702.0183792708,895236.6529825885,1180714.3948502224,1061767.463210858
2014-01-02,1035421.4676292499,1090896.892427039,891083.994326537,879741.4575730748,1155706.6094055765,1046869.2185297954
2014-01-03,1025192.3097084125,1080063.364530158,881822.2926783771,882988.6885911413,1160118.6053213475,1046276.8494904895
2014-01-06,1025769.4065712055,1080809.2948890447,882495.9663233967,884429.9002152868,1158652.8828226465,1043739.3539463438
2014-01-07,1019839.5386894306,1075534.0127082586,877324.2179362033,879738.6534806676,1149027.7161795616,1037919.4310647888
2014-01-08,1034109.7521980365,1089357.119809699,888324.6784236274,887496.6006089635,1154048.324241764,1040119.3966222769
2014-01-09,1038347.1495063861,1094095.9210906744,891547.2651569919,886442.9410474682,1145160.3674708863,1037862.9776481775
2014-01-10,1038737.0664985736,1094509.9813323736,891880.6945087985,882357.9049574138,1135151.3552809926,1037859.8353160522
2014-01-13,1039898.1391914447,1095582.911935401,892455.1469720576,887545.2928035099,1139783.4239231949,1052078.2864731336
2014-01-14,1043876.7595069965,1099571.8527160406,895420.8557909555,887360.4105358907,1135744.0223676078,1047710.5276769327
2014-01-15,1052053.4920204242,1108170.1508498907,902463.2832964486,890537.5770855733,1145293.1224102913,1059595.1681327256
2014-01-16,1045698.9986427387,1101451.6237807989,896995.7254046029,887332.6598950216,1144078.500957677,1057747.1568116846
2014-01-17,1041457.3560112079,1097371.4019256353,892579.9626081632,869524.6933560679,1131772.5534302772,1047640.6086125599
2014-01-20,1043666.781349953,1099693.1156478643,894499.5748823332,880850.667309315,1144134.4495029976,1055457.280112002
2014-01-21,1038077.0867240985,1093815.2115112066,889699.479118173,881577.5876279185,1147119.427445397,1057011.9095914848
2014-01-22,1057372.9938209613,1113280.2688918828,905050.0532878828,887938.2885168262,1151475.213711843,1061048.8793150198
2014-01-23,1057450.8081443866,1113330.5049453496,905158.7407077742,881207.394038982,1148264.5081473892,1061661.7930037582
2014-01-24,1051115.3511512836,1106636.464150977,899738.5246700239,866568.5250433155,1126803.8822081727,1047789.228115902
2014-01-27,1040943.8107536396,1096272.7517257452,891052.5895216016,858352.3647046507,1092984.1016894034,1024645.587110042
2014-01-28,1034860.2097480854,1089875.8801208257,885837.1630117444,855739.6646601211,1093885.8688313228,1023041.710027961
2014-01-29,1044192.6383293231,1099888.0338073492,893693.9666814943,855994.8718767918,1097504.3764224972,1023048.746170137
2014-01-30,1042506.2871482929,1097367.8236709356,891325.3640963911,852347.5066879372,1082402.542032647,1013456.5143996985
2014-01-31,1051436.2811668476,1106757.941407752,899017.5471484541,857304.0620163063,1101598.493519651,1019375.3482809673
2014-02-03,1054772.5119484027,1110263.35398252,901882.3286311507,857164.3766220192,1088563.0918671528,1005343.5194576652
2014-02-04,1058953.3321159442,1115614.2504516363,905925.6915600488,852688.3334918672,1091789.2252832355,1005826.5237703932
2014-02-05,1054380.5289543231,1110796.6194167852,902011.8105557153,853488.2946571151,1099310.7759510945,1009714.5577733589
2014-02-06,1062107.8208854755,1119645.040765357,908929.8948451112,854980.0333656112,1102227.1047192751,1012282.6448569251
2014-02-07,1064723.8873298725,1121472.1453338384,909637.0970121543,854663.053125743,1111097.4652231885,1016510.1746260696
2014-02-10,1066374.6240394672,1123019.5013290166,910387.3018475312,853793.6171139788,1110869.641832645,1014353.3617131095
2014-02-11,1071481.0483253559,1128480.2944427251,914680.0735073823,850764.9686154437,1109957.2501668788,1015759.1300937929
2014-02-12,1076420.3409202655,1133777.4996658086,918871.6027966279,848738.0418881488,1109314.1678379946,1018592.1645532943
2014-02-13,1046954.0606163103,1102711.4336639165,893636.8590298432,826977.4505386578,1087786.9583763338,1004650.3044345998
2014-02-14,1049068.7098472675,1105691.694985938,895462.8360851351,832319.4893492889,1091063.7384429087,1011617.5912436472
2014-02-17,1058373.1889579853,1115528.1819396734,903413.4341342989,832115.8219588572,1095134.2703109076,1015379.1554330566
2014-02-18,1061608.7108314594,1118802.3063064336,905142.8958324831,833146.7324843397,1105419.7901603277,1024479.888312404
2014-02-19,1066987.2077034076,1124473.2912383794,909754.0105709474,837806.201722621,1108963.921246701,1028742.7840782941
2014-02-20,1064886.3051307758,1122907.3526550054,907615.5850467121,837932.584205839,1103517.8310929653,1019682.1114298931
2014-02-21,1075744.1146247943,1134357.314782691,916914.4451236164,842812.3719741009,1113829.7805833737,1029911.676217406
2014-02-24,1085172.643547829,1144354.0367370367,924804.365781728,850598.2809172772,1117245.4786999337,1034184.4210835964
2014-02-25,1081358.9824379047,1140345.843247962,921483.6612147724,846719.6379805707,1119456.669006169,1036430.9630417404
2014-02-26,1083077.3904121479,1142236.3959518194,922955.0577945148,852511.6974135541,1121421.3776268698,1041773.9223208587
2014-02-28,1093246.333985146,1153554.4092269659,931743.910753832,859310.9593077801,1132192.7668699808,1049041.1192831863
2014-03-03,1099443.8737571796,1159479.5204940557,936254.7067221986,859617.2434569501,1125725.5872149295,1041383.5498326194
2014-03-04,1112866.0881584247,1173538.8409133672,947721.1984328615,870992.2458296918,1146346.4619014796,1053860.4166148573
2014-03-05,1113880.688759621,1174712.3081451177,948668.497165619,865132.0151778363,1157599.9929173656,1059127.050246581
2014-03-06,1123934.244530495,1185247.2332626104,957309.510169922,870976.7832366131,1176053.720404346,1071301.169230457
2014-03-07,1128674.6479423603,1190137.9545531988,961369.5407599794,875434.90701591,1195533.2832706175,1090795.213690739
2014-03-10,1131256.5206306537,1192957.1269012212,963541.8862647401,872773.7336760663,1205162.1202419912,1093158.502312377
2014-03-11,1128689.448235329,1190160.02245481,961306.2169417726,873202.3050795697,1198947.9616063877,1088310.6123881654
2014-03-12,1124672.8700569232,1185807.8003631353,957888.4108924257,873020.5188399457,1198652.4761183232,1089120.7712553712
2014-03-13,1127403.7453697284,1188644.6524368047,960239.5132712709,860635.7903166913,1192524.072845527,1084664.1559738442
2014-03-14,1129025.7800071796,1190340.6351180791,961645.6672362672,865570.8663786347,1193881.6717611551,1086504.465695822
2014-03-18,1140325.6041267475,1202308.5813308477,971273.4154776918,867945.4593954126,1206144.0163069547,1090757.4275942273
2014-03-19,1137524.9085319599,1199373.2646346807,968860.7279700624,868120.9671316186,1208628.6758500065,1092547.4955581732
2014-03-20,1128184.0378578266,1189611.6948333501,960820.6023902284,861259.6437687282,1196386.6355577284,1085439.1236312783
2014-03-21,1130295.3759925922,1191738.605256629,962612.5018195497,867178.1934742336,1204622.904108339,1087775.0560665347
2014-03-24,1138841.6142204364,1198761.5924850225,967757.0255461871,870421.2546035466,1218585.2950931008,1102107.085969678
2014-03-25,1147557.277077492,1207900.7054153203,975196.9672042071,869514.2385497717,1224814.9504394957,1103793.8025625236
2014-03-26,1141685.771508034,1201796.678353858,970160.6600791155,862189.2389541296,1228386.9052713553,1105683.9166516918
2014-03-27,1149260.4501197895,1209764.557900977,976554.6570082842,867578.9919601111,1235392.5559607847,1112585.2252400767
2014-03-28,1167448.0041435321,1228798.6083846807,991200.699901088,878802.8844772009,1260658.0210721958,1123669.544860073
2014-03-31,1177228.8949134906,1239171.5148559331,999485.0943560441,885809.1287475256,1269919.656182786,1126865.9094291802
2014-04-01,1172246.4932640155,1233951.295793128,995217.1877856095,888658.5944762854,1270218.183672615,1128772.9094890426
2014-04-02,1180772.1278312763,1242883.3094497442,1002388.1665530045,888348.5468078284,1287850.2793365584,1135288.360213543
2014-04-03,1174526.1291435321,1236253.5513091802,997079.0637812455,888695.5282989172,1278933.6535333763,1131714.3860119814
2014-04-04,1170317.0649421772,1231910.8971343755,993469.8019823869,885721.5150542883,1278678.8264631256,1125703.7766121482
2014-04-07,1170200.8781440814,1231754.5653396368,993433.3907694657,877958.6140533118,1276804.9111043264,1125890.279938504
2014-04-09,1186018.8820655902,1248410.3956390142,1006934.6205935319,884275.568170133,1299169.1768043637,1143093.2736136706
2014-04-10,1193204.3801811298,1255850.2919097662,1013155.8070750077,886697.861138883,1307753.0081154355,1145061.5944300008
2014-04-11,1185657.4396522602,1247852.2461486578,1006741.263347133,888162.1922927527,1304853.4811235727,1141358.7789632524
2014-04-15,1168925.0982063373,1230267.7458358526,992425.2673182328,882847.0967138251,1292931.0130052622,1132275.7820797274
2014-04-16,1157924.2063453754,1218775.9285445928,983132.1394953568,879576.6090963325,1278090.693997287,1122708.804695706
2014-04-17,1172201.2418754657,1233922.6499801397,995119.6544327645,889403.2839925727,1300139.479012067,1139921.0019466113
2014-04-21,1179306.0698478778,1240961.2089019537,999886.9537354475,890439.8643682441,1313305.7447701995,1147161.9204909215
2014-04-22,1186813.0540168842,1248847.0281463384,1006301.948070622,891380.327586933,1309838.5880493964,1147149.0933376246
2014-04-23,1192489.5634162982,1255363.5936675787,1010940.2077991385,888967.4015844306,1310188.1476340867,1150784.5167431193
2014-04-24,1192489.5634162982,1255363.5936675787,1010940.2077991385,888967.4015844306,1310188.1476340867,1150784.5167431193
2014-04-25,1179619.0593803485,1241751.724610877,999811.0310550389,881137.8370735425,1304858.9696425798,1142985.3590620395
2014-04-28,1166968.2398765644,1228440.4983535528,988997.3756900487,883361.1780938681,1307970.9111464366,1140120.778273847
2014-04-29,1162807.5802314838,1223194.2442222356,984358.0321737991,876561.8517589308,1295493.0063061232,1131890.7502276972
2014-04-30,1153345.8349006732,1213490.8469672918,976422.9355627762,864902.3276576735,1278844.9739822121,1127058.3359664176
2014-05-02,1160026.7250984272,1222807.1448913335,983097.9215759464,868712.0887790668,1282169.797845553,1127635.8163703638
2014-05-05,1154896.9975593647,1216667.8335052251,977914.9990937684,862016.4976550203,1282481.0534621882,1128193.2331838415
2014-05-06,1160147.5086296161,1222842.1272140264,982208.7259343576,863585.0294644586,1283536.8714422898,1130897.6145251265
2014-05-07,1153890.1757972797,1214362.7231536626,974285.4890708809,856317.3122157895,1277007.265120096,1120771.7769885461
2014-05-08,1158350.531311806,1222635.8495879888,979791.5251859241,853791.0363265378,1276056.393293621,1121531.1913771292
2014-05-09,1170328.2054756244,1234751.653127265,988857.2634962616,858949.2875761943,1312278.1649637013,1153902.7558972389
2014-05-12,1197035.332798775,1265122.0840087652,1012808.4329267729,869775.6848905578,1336084.1430861624,1178266.1626804366
2014-05-13,1211303.2419822772,1283624.7614761114,1026805.2512765253,890093.3658988195,1361227.7886641764,1195462.3522556834
2014-05-14,1203123.9697349628,1279402.819104743,1023448.0489449824,894993.7494895178,1380351.050201421,1198476.6880716356
2014-05-15,1200473.6806495746,1284039.6893134832,1027150.6864953364,896684.7521388059,1373956.3602230223,1199644.893656244
2014-05-16,1221849.7507103046,1300030.4822288274,1039865.8724236811,917510.6810633665,1405197.3915604965,1215804.9077392553
2014-05-19,1295227.8673065265,1369312.0826202154,1094978.1338716482,958851.5939354536,1453769.4042535555,1231656.6897187296
2014-05-20,1290243.9136016925,1362939.4497924566,1089725.0732195065,961508.17461989,1462067.3526695597,1233821.2928513964
2014-05-21,1305662.917198952,1374973.4180122137,1099377.674965112,960350.235784746,1464745.4693173962,1230556.7029881408
2014-05-22,1321685.4459388813,1404485.8405433416,1122993.3560564206,973188.8615553149,1484250.691612118,1236915.8984451364
2014-05-23,1344740.7873962482,1428702.6539932012,1142508.9786379025,989551.9273893603,1511817.1822258818,1253243.7254236992
2014-05-26,1313532.565575417,1397828.7817893743,1117838.0648653195,973986.8939192065,1490044.666825038,1248768.9380131138
2014-05-27,1294435.7355659564,1374641.8474708318,1099300.7366945432,957149.8949033984,1478471.0516469516,1240390.447622952
2014-05-28,1326004.5076530536,1408418.02844007,1126137.2185289548,969293.9215528734,1480829.229141697,1243010.2243834813
2014-05-29,1300795.0980499347,1379541.2628608465,1103124.3637087033,956370.3755966674,1467485.6353852921,1228207.8701239259
2014-05-30,1290969.0098045429,1368638.055017066,1094367.4780580685,958294.9587494384,1475434.8048618236,1227925.0193157506
2014-06-02,1327348.6452911457,1407457.4494643926,1125465.5572664426,986008.4048935424,1503642.8777218517,1250148.9448089446
2014-06-03,1351108.7411735614,1430586.452092719,1144002.8375932858,991253.597413684,1518362.8216888898,1260661.6350581343
2014-06-04,1359561.4045074543,1435062.7482772588,1147644.149688928,998193.5451065551,1531299.0482504927,1260248.1603851183
2014-06-05,1369941.3959739765,1440089.8466697454,1151605.838600366,1014005.5110947143,1555314.7258324334,1274817.2811698774
2014-06-06,1387784.0406349262,1460914.7130790472,1168360.1847612546,1032118.3285690795,1581044.9423497696,1294791.7040572837
2014-06-09,1395333.0505378803,1468210.7100501775,1174311.7048113034,1046532.5111557494,1602138.891920117,1306440.485577553
2014-06-10,1375980.0583351215,1453816.9598441839,1162845.61312124,1036037.2353836547,1595827.5335174785,1305755.9399207027
2014-06-11,1351572.043598946,1428481.2115340948,1142580.5628511594,1018792.5970016967,1574623.892989464,1298945.7303802369
2014-06-12,1356918.2800834735,1428855.790814948,1142671.4613344357,1014165.1127563964,1578078.7110764808,1302409.4518047636
2014-06-13,1318670.4778030475,1390297.3089919805,1111867.393928735,985631.9780060302,1535422.3096727629,1281469.6809287758
2014-06-16,1321450.331677254,1395250.3786254644,1115479.6790630093,994298.5265518676,1543462.0860288104,1280703.7939996552
2014-06-17,1344228.4510734638,1418022.7013526678,1133744.7000667325,1008907.2807022582,1570212.044939431,1297634.0975821554
2014-06-18,1341507.3537071308,1408467.386922431,1126125.8929836026,999774.7639938842,1555754.9622602437,1285558.0317818928
2014-06-19,1330941.8016670307,1399149.8689094305,1118679.1485072842,984501.3224045287,1543830.1890593595,1281616.3570165453
2014-06-20,1332939.7475898822,1408212.9155860662,1125255.8686116352,991417.9202625296,1538344.3691285597,1276805.6562630145
2014-06-23,1330095.6874778827,1400657.1524787664,1119140.7708638324,997078.0856983206,1548899.348736009,1274901.5813211857
2014-06-24,1348632.2814338764,1423896.4122138738,1137789.1639989032,1010548.4455373172,1572247.4989951216,1289912.5237343104
2014-06-25,1358720.3006141742,1436013.4606910467,1146702.1806973505,1020869.2112985294,1577780.3948424098,1288230.2789629686
2014-06-26,1354338.3746193012,1437758.4866462469,1147741.616293957,1017999.0601754825,1566794.025359588,1276291.0413356323
2014-06-27,1364767.1842659076,1454671.7781806707,1161378.9275503657,1022321.719469611,1569979.236321014,1279335.1106203033
2014-06-30,1388377.7060249408,1476792.189908576,1179140.2484808466,1036761.2232309025,1599882.1166871558,1298070.7403716596
2014-07-01,1395173.5441749652,1473867.510144782,1176383.0933539222,1049659.3808160464,1609161.407553543,1302911.3198951278
2014-07-02,1433646.2957923969,1513433.5440955877,1208066.2245337318,1072583.925264899,1632188.4545091297,1319998.469192722
2014-07-03,1443651.5965431293,1528159.2521796941,1219996.5161444496,1071752.5449243227,1629364.7671606918,1318457.7608540172
2014-07-04,1452655.2227485736,1536406.802976203,1226559.5240713905,1074043.6814447085,1635278.1635585087,1325213.5548159617
2014-07-07,1443293.7924812397,1525635.3242011785,1217879.633125956,1072857.736200873,1637083.321951606,1330438.7847073867
2014-07-08,1390460.769242104,1467743.447217536,1171476.741593058,1027154.8169046085,1571885.2903370718,1298402.8265481342
2014-07-09,1388093.3985908588,1466860.3421455144,1170735.5000922035,1020020.985094611,1551660.7717275051,1290730.7747833868
2014-07-10,1401681.2952278217,1467914.286328864,1171579.6859061073,1020913.647493903,1556416.2633691486,1289465.3008965543
2014-07-11,1365880.6689613422,1439103.6874671697,1148000.2207200362,1005094.5102328053,1511827.471891849,1268196.25523186
2014-07-14,1384597.8633125385,1452037.7528205633,1157638.7559424671,1005554.2295415779,1517317.0993483344,1268863.6563755288
2014-07-15,1405227.369367226,1475625.0896857977,1176247.1507690186,1023475.1538429687,1548260.8769693358,1283577.5189454174
2014-07-16,1432968.70689164,1498588.83703382,1194196.124216289,1037311.9635175507,1570163.7873319895,1299752.6981678032
2014-07-17,1447981.8848243793,1509176.9123969793,1202709.8165380664,1042534.2053886028,1590642.8925174398,1304535.4212055553
2014-07-18,1440454.785245522,1506407.9333472967,1200006.455398566,1040148.9299860017,1584055.3254540055,1307054.8188812824
2014-07-21,1436431.730115517,1501158.5869880437,1194933.7769399602,1041363.2042887404,1587465.5787810895,1310090.9393026046
2014-07-22,1437062.8266426167,1498938.8884444952,1192295.080742504,1050166.7417223647,1592241.1972153902,1323168.899716985
2014-07-23,1433473.567792519,1492989.6758514165,1187559.8390509146,1044686.7779619887,1589717.011082998,1326488.231654459
2014-07-24,1425606.734098061,1481335.9637275457,1178127.513126995,1050300.013088484,1592975.7046356474,1332020.5366731079
2014-07-25,1398519.8744636616,1454850.3541007757,1156911.2366301077,1045334.3691904738,1569109.7523611928,1323513.098785433
2014-07-28,1388979.8404670795,1445446.0675521612,1148900.2729057164,1029265.1211545148,1558207.7970948084,1318205.082199985
2014-07-30,1391005.09600602,1446318.317212653,1148598.3122217432,1040872.1219129808,1572035.3287888404,1326054.7710150932
2014-07-31,1390677.4557930073,1444754.5235458135,1147002.3447350508,1032190.814841295,1567881.4776910688,1315641.0148204747
2014-08-01,1373608.16241227,1433587.4158492803,1137895.433693791,1028242.6311559923,1550595.564713168,1297072.8354204264
2014-08-04,1393138.815702065,1449805.0945297002,1150389.9196247293,1045960.6116157798,1574479.2103266502,1311233.436534402
2014-08-05,1401869.3961464008,1453199.6382919073,1152189.6360887475,1056275.986096314,1588840.2052578793,1321357.3160382856
2014-08-06,1391210.0408607563,1441175.9028907537,1142283.233443642,1042767.5598159642,1572535.1463814043,1309555.6126162268
2014-08-07,1384683.3250099262,1436077.247808051,1138351.6074441914,1044089.6714891745,1571258.7215112855,1305902.7241425614
2014-08-08,1366687.4562965473,1423546.0272918462,1128122.9874119915,1024725.672697803,1539153.9125226436,1290880.9404273133
2014-08-11,1377283.9609657368,1434724.4365401983,1135524.4047701217,1034824.7079261432,1551139.4428428283,1301040.4019612148
2014-08-12,1399154.2971473774,1460219.7279563665,1155940.3865244247,1030354.7953282156,1566832.9667549385,1317322.7230442897
2014-08-13,1409249.58189164,1474381.5377555608,1167895.24457191,1024064.4564610281,1544240.448949085,1318116.877990235
2014-08-14,1402826.3799873432,1469601.6225105047,1163124.910299193,1034391.9364899446,1562583.7571234417,1327773.3928219122
2014-08-18,1420514.4691139301,1487759.9198127508,1176108.695552841,1053075.1617087733,1593200.7605942904,1342878.4769130608
2014-08-19,1445425.7028785786,1508120.7541938543,1192185.1100731047,1063993.1318930995,1609944.51490197,1348454.106108121
2014-08-20,1448969.5615974506,1509102.461972785,1192990.4137077483,1058396.1564978969,1609457.6347900338,1345689.9078508236
2014-08-21,1461357.4904457172,1521479.6807380437,1202704.945705429,1073919.7988013637,1614177.8780114343,1349572.2821321925
2014-08-22,1459314.06891404,1518501.5232444524,1200280.0151252898,1073721.2652320277,1616041.3763062914,1353099.6437462787
2014-08-25,1461593.268521889,1520734.6857276678,1202197.314983383,1072918.0912055385,1596202.496369583,1349797.3587850607
2014-08-26,1475994.952710732,1531516.7673316717,1210762.197948471,1066835.156093539,1588816.9831303423,1349439.04102132
2014-08-27,1469830.8244606098,1533031.0061774969,1211961.0400657805,1071711.3332328212,1594281.3437569519,1354513.3699883195
2014-08-28,1467076.546170815,1534440.7163215398,1213178.3344688567,1073939.7197837245,1588889.1627827925,1356583.6471306665
2014-09-01,1487502.4721962055,1557632.476514411,1231581.1397667082,1096939.2355689418,1626605.2272382306,1371658.4711722613
2014-09-02,1491154.1977668842,1559231.4146705389,1232924.1355400237,1108692.3258551967,1638325.3937408754,1381168.8560040188
2014-09-03,1515081.7940422138,1582703.044469428,1251906.7431068572,1114181.9027823817,1644940.7311101113,1387267.329276171
2014-09-04,1512196.2909217915,1576479.3932166814,1246960.1630363616,1114464.473720492,1640171.8324226742,1384341.3069621827
2014-09-05,1506505.9539161762,1567753.4660316228,1239475.8994664727,1124196.9904650205,1646504.8621521138,1383268.569508187
2014-09-08,1525709.4679771503,1584392.2719169378,1252656.7774800835,1139123.9363573545,1664451.0775614448,1398568.484884894
2014-09-09,1533398.2925315937,1592141.2034965276,1258764.0976705132,1154251.3658388609,1670858.7980273785,1396491.0407277439
2014-09-10,1524227.4354759296,1585044.192906928,1253176.1941976128,1141695.7610414976,1663439.1652681432,1385827.5142529414
2014-09-11,1538624.7127586445,1598968.099950385,1264467.4513997613,1149408.328462457,1670359.8992871926,1385652.0450996598
2014-09-12,1555563.694898232,1617357.150556159,1279254.1884831963,1149994.4956453794,1673538.297682189,1388945.3042586334
2014-09-15,1553639.4937645039,1615570.4124046087,1277917.220732647,1146080.5999697202,1668482.5229175559,1379010.5378494458
2014-09-16,1508809.7722450336,1572859.1578193426,1243757.039771038,1106270.2255495542,1614764.539256332,1356769.6806880697
2014-09-17,1517355.1584526142,1579471.22929914,1248856.1485280572,1108109.7214231796,1623891.1842993952,1364285.8601792469
2014-09-18,1549649.386037453,1610491.2773032903,1273596.3959950982,1135972.5931120224,1661681.4698221823,1388825.7273785549
2014-09-19,1543006.4568458637,1609789.436948371,1273019.633170086,1127817.1624021835,1654803.737568828,1388344.0209703734
2014-09-22,1548535.4624916157,1615103.037274909,1276660.6752320554,1134777.2175740271,1653724.0067186588,1392079.2065238017
2014-09-23,1542075.8234680463,1605593.7190663915,1268665.2488275538,1125755.6512436583,1617821.2583363636,1368956.462676263
2014-09-24,1536273.5321319867,1597915.4930532079,1262106.5893816678,1115263.667036505,1602787.5342233637,1365880.7849646711
2014-09-25,1523070.930767851,1578918.6453359227,1246656.7446988362,1098693.7519690602,1563732.9106083221,1349320.7037622612
2014-09-26,1528165.9463775922,1583676.06321312,1249839.7125271785,1110915.375188316,1595283.3621932168,1360738.3616984203
2014-09-29,1527907.9030273724,1583674.8671987157,1249362.3340384508,1118210.2529255564,1597384.534513229,1360475.8800454873
2014-09-30,1544501.55099185,1602121.7267568212,1263853.3803560007,1125961.0219033137,1591318.3321327872,1361340.8908834406
2014-10-01,1526698.0141418744,1583612.7766530614,1249149.978134321,1122513.309867181,1586157.4489869718,1357640.1780698753
2014-10-07,1516529.801922636,1573474.714030991,1241096.9794770945,1107751.4767830744,1565695.8802373714,1341274.157565294
2014-10-08,1513402.75512393,1570390.9617421727,1238669.2969209421,1113435.6505911043,1571312.5532288717,1339748.5013289049
2014-10-09,1517420.6702377608,1575611.9898732763,1240919.7214417425,1119570.69137104,1601549.3220641823,1360733.0969006345
2014-10-10,1507153.4726822188,1565136.130376206,1232062.5301428405,1107534.1149555044,1575560.905423327,1342413.1277392097
2014-10-13,1503410.4582702925,1560860.7435964209,1228239.0561743001,1110678.4599567251,1584425.599304214,1346919.4895595207
2014-10-14,1500059.5588409712,1553619.7384694677,1221609.484211773,1103811.0757397697,1580988.310027786,1344592.6329571726
2014-10-15,1500683.5588409712,1553619.7384694677,1221609.484211773,1103811.0757397697,1580988.310027786,1344592.6329571726
2014-10-16,1485532.409144621,1541183.105412827,1211227.0071432008,1081047.6835639242,1545585.8788598173,1322620.7723792146
2014-10-17,1498920.093104582,1553737.1002706152,1219957.159118134,1098274.6007033992,1560322.3699708425,1329736.7813900758
2014-10-20,1519683.2329208662,1562241.8936513525,1226558.4597495352,1117256.0823446969,1588606.688996419,1347366.71232799
2014-10-21,1531471.7146713545,1571525.5054601294,1231651.5114916398,1132308.5500300333,1607102.1073052965,1356084.679000253
2014-10-22,1532744.9801056196,1567127.293218003,1226417.1331395279,1135870.9267390177,1623270.716175569,1368188.823379279
2014-10-27,1546992.9091903975,1580002.4018376928,1236522.259398378,1140041.5440256998,1622818.730643675,1367510.7097604477
2014-10-28,1561492.0177795698,1597194.425259934,1250032.9317998062,1151897.2419398234,1628208.9308084901,1373345.4534737857
2014-10-29,1556869.619906645,1594317.3735173803,1247764.440459169,1147599.3412974284,1637898.4509990967,1383696.4670484501
2014-10-30,1559039.9140121748,1596403.2046483618,1249395.7762517105,1148502.4251826212,1652832.3330634641,1396666.6668273057
2014-10-31,1587491.2891418745,1634700.5831960302,1279459.3830403457,1163967.4180643961,1680370.4903790238,1422445.8948536068
2014-11-03,1585150.6441910078,1621949.9994710546,1269440.9491643081,1168191.0962946818,1690935.2392181694,1424054.0111761289
2014-11-05,1587185.2507431319,1626953.4765752417,1273352.5176304947,1173274.0233118937,1689326.473323925,1425530.4859737025
2014-11-07,1597474.251750212,1631713.3257878881,1277114.3134373794,1170094.1336329386,1689080.1399568687,1426766.6034086903
2014-11-10,1594783.78491519,1628150.6605580908,1274348.6780537735,1170391.0487559245,1689337.6940782845,1428161.4826395109
2014-11-11,1605254.9488708784,1638866.640607224,1282743.9814442764,1170717.8546946452,1699032.4153014673,1432118.350095643
2014-11-12,1622378.018420439,1649767.3700154882,1291284.405516542,1170764.199543278,1706991.9729906041,1437458.4134756627
2014-11-13,1602134.5228912642,1627629.258817063,1273911.7937001358,1149443.5763361857,1695137.038237725,1433058.3254524614
2014-11-14,1614224.6708862593,1643661.0156377417,1286029.0964781127,1161231.3923151896,1706792.0051822558,1438866.0309683622
2014-11-17,1642343.7362015059,1672898.6138661962,1309075.8530851684,1181074.3021357462,1717138.223629331,1446410.1725811004
2014-11-18,1655708.277316313,1684046.4028752905,1317873.6131178222,1184956.4222300455,1724156.3666371033,1448059.3881351983
2014-11-19,1643597.1566421797,1668200.5107625586,1305378.7604261718,1169140.3275111124,1704778.7977386739,1439913.126623132
2014-11-20,1628242.3580276778,1651548.160138474,1292373.1665693603,1162973.3157771036,1700879.2959649314,1443526.3063801627
2014-11-21,1637033.6995117476,1665168.087293015,1303004.8568540893,1172072.8499754588,1708164.4792138292,1454490.1425323412
2014-11-24,1638352.0197708418,1666160.8946355444,1303558.5055509887,1180696.5537871043,1717576.4697734085,1462884.8218509024
2014-11-25,1618003.4721481611,1649191.0463613134,1289537.1216052787,1173229.6304570965,1693533.4299898662,1449763.9696390599
2014-11-26,1615408.6961014082,1649783.5030797583,1289275.9805509408,1177587.6826019674,1700707.1385072938,1451501.7337197105
2014-11-27,1617785.2985641768,1646063.3775380712,1286024.006298173,1198902.164360085,1708841.9548527012,1455319.1545776683
2014-11-28,1647308.7484695723,1673257.0986379248,1306051.343421129,1225066.038481598,1732904.9017818223,1471234.061698427
2014-12-01,1648867.8518020918,1672944.8412221533,1304268.5073050354,1219591.9353245546,1727657.5801728582,1466465.1446017209
2014-12-02,1640945.2562210371,1657329.0983861547,1291557.5842558113,1207053.9872807313,1733938.491091787,1463152.3487850023
2014-12-03,1656737.3263122847,1672401.8310674292,1302862.1419168315,1207944.9670552064,1751333.8091543885,1468113.7156006035
2014-12-04,1662886.1198608687,1683514.6902364355,1311606.803804954,1207301.776434784,1754281.4318177423,1472534.347998595
2014-12-05,1648331.6621734907,1671380.0357030493,1301874.2196298442,1189371.730582123,1747376.8467220326,1467120.569094194
2014-12-08,1628946.7746231367,1650831.9141439062,1285821.4291864238,1167923.6658924867,1724986.1133766018,1450001.9379172206
2014-12-09,1602154.2995331099,1622254.3721135717,1262846.0823782764,1151000.96433444,1695072.680527755,1432058.4151680183
2014-12-10,1625700.3149444868,1643444.5816396337,1279425.0328101001,1159434.638767621,1709903.9420527816,1436647.9926585576
2014-12-11,1616192.8025772383,1636523.6064046484,1274120.02058781,1153443.9045259072,1696963.0555452001,1425599.866977282
2014-12-12,1604169.0426361372,1617092.0248464209,1258561.3973333496,1143016.110084684,1676754.8760203347,1412877.2339498857
2014-12-15,1602154.2100555708,1611443.6480992895,1253923.4754376085,1133751.4465606469,1670178.0399001031,1411361.5383835929
2014-12-16,1573637.8599350264,1584092.192006455,1232258.2217965636,1122623.7191589135,1628314.9240584536,1383624.264083622
2014-12-17,1572221.87009738,1584789.1122487646,1232772.360029892,1120495.0645957692,1619544.8191973646,1377548.2191861158
2014-12-18,1597876.7597687056,1608468.2899449926,1250785.6373963729,1126918.0283494918,1668586.9700524122,1403366.6335481051
2014-12-19,1590515.2539017012,1600416.9476827246,1244410.6618795688,1125638.1734910933,1676587.300541629,1413370.5229390461
2014-12-22,1599571.628802519,1609378.85285698,1250873.2576402063,1128547.7499857587,1691974.0984602093,1429713.7702030668
2014-12-23,1593542.9399521162,1601954.8794911962,1244175.9208068326,1123287.5277205445,1680248.9329919165,1419611.8654599388
2014-12-24,1598504.8379547407,1606298.2344945532,1246622.3512790771,1122078.5125809554,1671095.3635508963,1405699.066493148
2014-12-26,1610778.6745407393,1616525.5540822607,1252881.5511441405,1129212.5126590815,1680958.5514549077,1410644.4827997838
2014-12-29,1617639.8961975386,1621917.0276082617,1256635.5013039522,1135335.2992420283,1695527.2929338876,1419100.5143367297
2014-12-30,1625709.951358061,1629936.9340795141,1262837.0911705904,1151269.3782154461,1703320.9860626454,1421408.7574148087
2014-12-31,1631674.742488127,1635851.3756841284,1267452.000487607,1154423.9206653973,1711884.785069376,1428172.826718291
2015-01-01,1633259.1966430952,1637506.1699346167,1268728.4470818453,1156706.9679676434,1720284.1346597215,1429032.360463387
2015-01-02,1645476.8520233443,1650685.4296163183,1278396.5771884797,1161881.5129929513,1732383.745170878,1446994.307372129
2015-01-05,1643630.739588957,1647844.9523213964,1275772.9468422162,1161228.7067795724,1731638.1938056091,1444135.7540883622
2015-01-06,1589988.5972778609,1594078.14783989,1234131.9096184003,1129347.130851838,1679366.37381433,1401145.972050206
2015-01-07,1589138.9711868574,1593211.1288961035,1233354.6359901654,1123689.1181031198,1676027.6641318237,1397419.9653046958
2015-01-08,1623084.2053100874,1627606.339902268,1259864.7267112958,1145964.5530243844,1711442.4970313043,1420910.9827907295
2015-01-09,1607697.0684768965,1612101.4755300146,1247932.152301811,1139043.0280610055,1712831.1916619686,1427810.4260754576
2015-01-12,1616700.755137663,1621360.1166890722,1254628.3679723681,1147797.7186239157,1720326.1695229271,1434359.4106064038
2015-01-13,1631242.1157181074,1636286.4894002539,1266064.1886205615,1145703.2566335592,1716042.3541583773,1430601.7643054444
2015-01-14,1628135.2321884444,1633207.0227254492,1263581.5096807422,1143972.6626317892,1708507.5392758856,1427363.2300473494
2015-01-15,1678727.2083618452,1684089.530263291,1303368.670645708,1161902.1821325216,1740330.8745362128,1461751.0328829205
2015-01-16,1677451.2388031294,1682633.3020909887,1302263.8890829028,1161359.9068715964,1750997.3170567455,1466180.4158105464
2015-01-19,1694526.2321274092,1699746.047955857,1315837.4647664966,1164896.7100942526,1759533.220841553,1472416.994055131
2015-01-20,1710318.2123749068,1715843.0904210669,1328469.5845479907,1169836.9343984518,1770662.8990982757,1493905.1105431018
2015-01-21,1723243.3704025557,1728296.057141648,1337861.404265398,1176959.2549932394,1773028.9631835227,1499377.7843140895
2015-01-22,1744530.6985504439,1750089.1070226294,1355030.7988882007,1175113.8658771678,1778990.2337208549,1504578.6928692714
2015-01-23,1748809.551661711,1754396.587003098,1358470.50416469,1193001.3036823436,1790067.5956940972,1517837.6030627983
2015-01-27,1761016.1206466963,1767021.955136643,1368131.2642965259,1201831.4462223216,1798322.8593607035,1529860.9527478106
2015-01-28,1763079.7795898726,1768452.6239675146,1369253.040289873,1192910.137422578,1802314.737289484,1531968.9021858873
2015-01-29,1742363.3224670698,1747550.5271276098,1353186.736937517,1190700.8749637767,1809411.981976354,1537293.664851838
2015-01-30,1697387.806864958,1702849.8729604345,1319164.219840044,1186681.5472762838,1798759.312547503,1514996.5321621974
2015-02-02,1695856.4472458174,1700092.4512532812,1317027.3398245787,1172437.364322682,1802734.3000221218,1515540.4905432123
2015-02-03,1666152.7615463545,1670436.6624501806,1292961.6753536498,1156225.7484666584,1786245.7526242565,1507446.3667338912
2015-02-04,1645602.3220932295,1648942.0324605566,1275726.939813124,1142725.0293466328,1780155.3821505653,1501123.7481527815
2015-02-05,1641784.1539871504,1645356.9659017187,1273100.8158736099,1137337.566440749,1757701.3591516272,1496721.2648270696
2015-02-06,1638852.8352768233,1643019.6420339209,1270121.4536151714,1126575.628454109,1737327.188146189,1487972.7989609388
2015-02-09,1621438.2483932783,1624638.0358937841,1255689.119801474,1103033.2872635056,1703325.382388147,1464303.6250054908
2015-02-10,1624763.4985763838,1627263.1795095068,1257107.6153785924,1108073.7276961394,1718137.4581063327,1472436.3695550833
2015-02-11,1646393.4328262617,1647463.162923203,1271871.4071435786,1122155.2933272042,1749997.3058569827,1485549.6287637858
2015-02-12,1659843.986415129,1661017.600285874,1282288.764397607,1134506.4925040724,1770435.734439757,1501201.546195821
2015-02-13,1672290.0638382246,1673537.6828664404,1292072.8763360835,1140188.1009051055,1786370.9861692886,1515902.4969756715
2015-02-16,1670926.2475387861,1671312.9032949072,1289721.1853670995,1129441.814431835,1784937.0619175406,1515248.4337665902
2015-02-18,1682432.3399765303,1684294.5033773046,1299348.0414640382,1142961.6539284475,1792949.6064234406,1525500.2589237213
2015-02-19,1685975.5361587813,1687444.9119771582,1301425.6403257325,1146045.9237763174,1802485.1103439492,1529023.1548546045
2015-02-20,1684477.0789596846,1685827.2398732763,1300259.3024961427,1150034.2986275442,1799418.2201682453,1520655.3959780459
2015-02-23,1666256.6194107344,1667694.807027207,1286161.0088865235,1134368.0660034902,1783036.6194772846,1507341.7807869862
2015-02-24,1657140.606852751,1658659.8877156836,1279362.1360685304,1133177.3485907973,1780937.905619413,1508217.3694331823
2015-02-25,1658852.7651550581,1660651.8836759191,1280544.7956251868,1126257.0315246047,1776731.4926568896,1508509.7217358302
2015-02-26,1637591.6510116865,1638950.6284917456,1262790.307269238,1114346.3858250254,1761456.5099164674,1493845.7992217583
2015-02-27,1658206.029154997,1659263.68980156,1278227.7230102047,1139991.8448742502,1803094.7269364754,1522320.9191401477
2015-03-02,1650467.8737900069,1665589.7887776953,1282200.8344912848,1149690.307791099,1838358.5678892084,1541750.542731063
2015-03-03,1661333.6982300093,1676353.6219419104,1290357.2919917426,1155196.5974181741,1849850.0489902957,1550072.842016095
2015-03-04,1640455.5806457808,1655666.6777585607,1274578.3435054144,1136182.7581122965,1826256.4804117358,1536641.3534079692
2015-03-05,1641545.5222732832,1658196.4441655737,1275533.4243536936,1144660.0622352213,1836981.4480883102,1540183.76313376
2015-03-09,1620925.3130447676,1637925.052968369,1260102.556014155,1126947.1952308267,1807040.986893702,1510858.3311337563
2015-03-10,1606572.5145675947,1623432.874982224,1248952.2419043528,1121073.4798856135,1805044.090801396,1504684.3405396186
2015-03-11,1596984.1098816206,1614766.942284928,1240638.9488938362,1110171.1390832542,1798621.5304876799,1502311.0233266985
2015-03-12,1603467.7066986372,1623905.8647168737,1246790.2251676782,1118884.2013638692,1824613.7352202486,1517702.543505937
2015-03-13,1595267.2536346724,1619882.2486280065,1242526.5675845663,1117433.2203989308,1795588.862675005,1495466.3358974438
2015-03-16,1587432.6772339155,1611961.2125638586,1236516.0686450521,1106851.8198219875,1791890.6207880087,1491519.550652717
2015-03-17,1600187.8283264448,1624695.4429563147,1246164.0040851156,1116754.4384209255,1813171.2192501007,1508228.4957971175
2015-03-18,1592715.254321318,1611289.0252774816,1234530.1002463861,1126836.02316824,1813785.1141546983,1503325.4970747053
2015-03-19,1584876.9253418257,1601328.9384549719,1226450.057736984,1129730.6523567776,1802630.7838870217,1494955.2819770174
2015-03-20,1565606.9800598433,1582133.3051389318,1210825.129701984,1110591.3008324245,1777613.1093487663,1482916.434301002
2015-03-23,1564130.8089554121,1581663.145886765,1209991.9289356302,1100203.4177639252,1771857.3271533316,1477923.7929160877
2015-03-24,1577243.4334442427,1595308.3115552526,1219956.4466922253,1104387.2405407196,1772396.7082336256,1476235.5334343938
2015-03-25,1579707.2509720137,1598323.654317246,1220979.0272482042,1104972.472253083,1767198.004787018,1474654.4953879574
2015-03-26,1573849.331866484,1589748.4195722204,1213608.5820391972,1096597.7735883978,1742022.3996008881,1444378.8201773565
2015-03-27,1558335.3231384566,1575169.2007306677,1202032.049353708,1081924.4127790716,1739501.054603804,1444224.416893033
2015-03-30,1570089.5616104414,1587117.0598348242,1211166.8339415682,1098968.754293133,1773704.9041344083,1469787.234402714
2015-03-31,1576645.717211943,1593848.3530286413,1216221.5759497774,1105474.986753155,1780246.7713646467,1469976.9987426281
2015-04-01,1585488.9158050825,1604003.449468003,1223102.246166945,1116393.6941698105,1806563.2718980475,1486152.704385816
2015-04-06,1611082.7281143477,1629504.871480332,1242121.3233783839,1124816.222961717,1823542.653011087,1499086.915318645
2015-04-07,1617055.9791519453,1635363.9301694494,1246675.8522518275,1131279.484428697,1835268.3571083827,1501542.8947323514
2015-04-08,1641418.5523369124,1660038.8148473364,1264970.951318243,1134135.6863482527,1845232.9844735349,1511254.1645057534
2015-04-09,1632699.0387413313,1651354.290658341,1258309.9326605587,1130315.259102159,1851040.0466595495,1520906.6503152212
2015-04-10,1630318.3319999983,1648946.0300077063,1256405.616818884,1140203.5555804304,1860391.9811288526,1522769.2911090818
2015-04-13,1637834.7839500715,1655976.401471482,1261061.657485933,1151955.7766354063,1868730.757067687,1532480.0602126352
2015-04-15,1624781.9817917158,1642673.6133550268,1250937.7464904496,1134613.17628598,1848094.6153865291,1518241.9657251225
2015-04-16,1621454.8404190352,1639472.4420674902,1248570.2869567582,1139092.7510998228,1831771.6668807573,1510300.2810502374
2015-04-17,1602334.5625030806,1620243.8546269995,1233857.852180452,1116430.427521942,1808394.1327227624,1492002.970985644
2015-04-20,1576901.1342193892,1594461.6396993261,1214083.429298372,1104509.2952286098,1774400.7628561556,1464222.0103125458
2015-04-21,1552888.2954094221,1569292.380261765,1194511.3735137791,1102307.0071197841,1760444.976551987,1452424.371073741
2015-04-22,1556813.1105224898,1573193.0836423498,1197377.9706245274,1114532.37587131,1766257.9761638287,1460157.6165907576
2015-04-23,1563625.2130806257,1579975.0190442663,1202660.4295402379,1113670.6241115658,1765034.0834997657,1456265.0283291847
2015-04-24,1551438.4450485518,1569129.9669583899,1193499.7072057228,1101235.0358835577,1733033.3619695336,1439382.3492192053
2015-04-27,1519078.5157196333,1536276.9560483557,1168453.9117192726,1079507.8365427374,1697172.2229899461,1421837.0003964165
2015-04-28,1525967.485583525,1543726.3668531042,1173368.8801633758,1103018.6999840136,1723922.074402748,1435994.4675458248
2015-04-29,1525056.9509842207,1542780.781636582,1171727.9170553293,1092207.3614090625,1730200.0708967499,1429764.6557763256
2015-04-30,1525077.8505813887,1543580.4907125097,1171486.8904861037,1085404.5909067665,1728303.7540942212,1421494.5735075674
2015-05-04,1525573.5775100996,1540436.0417379003,1168268.7447189272,1088716.436167243,1764471.1351852035,1447418.0634086644
2015-05-05,1524648.6024734785,1538465.5330709082,1166338.774950338,1088846.593173742,1770537.1405058494,1448045.225942385
2015-05-06,1493816.0902664473,1509020.5166524511,1143216.1957713382,1045704.4725909594,1702959.617567788,1407258.467455921
2015-05-07,1468496.168193083,1483217.4941304785,1122861.4582034044,1024363.0714361954,1672189.222169943,1395615.562029475
2015-05-08,1485732.762660246,1500963.8795522314,1136302.0783053332,1056315.3513891983,1700219.1271378167,1420456.6946682746
2015-05-11,1513397.052821379,1526074.3311971289,1154471.9116280181,1072502.5439551163,1738921.3011992087,1444950.1444439713
2015-05-12,1484774.9224350264,1497113.680188523,1131619.4433105967,1049325.5817969132,1695759.316681399,1411645.9615721565
2015-05-13,1486039.8132393172,1502690.3408902746,1135048.4000617086,1065609.1284348152,1725524.8912374438,1432228.56735856
2015-05-14,1493692.2512848189,1510576.6673024755,1141006.9584303915,1066762.5862583118,1741208.9556357318,1433365.8890943273
2015-05-15,1501490.024443846,1517305.213151322,1144410.0365220588,1066792.7380153327,1745511.8818088905,1439746.5372840317
2015-05-18,1516500.4963104536,1532182.22760521,1155658.5996285956,1075943.8945398678,1764180.6053865924,1458769.547974944
2015-05-19,1516952.665156584,1532467.821744309,1155937.3138085883,1077951.7557230343,1767068.8264246378,1457492.1074338162
2015-05-20,1510914.0594932844,1526559.191590653,1151448.2256852668,1084484.2779322017,1771413.1092274177,1466223.9045969546
2015-05-21,1521992.9302208235,1537746.2172101599,1159872.0345078986,1083988.8613748897,1768725.3663594003,1465203.5718739158
2015-05-22,1530628.3207809736,1546722.8028844458,1166664.5499230903,1087318.5189371456,1772720.4330111407,1471014.989674513
2015-05-25,1536343.8960983565,1552610.867459641,1170289.489413876,1090686.5268411983,1764886.2219617872,1457961.3600899708
2015-05-26,1536315.4514114668,1552454.009168015,1170138.032092709,1095165.8221576929,1765042.0631056125,1453116.760706467
2015-05-27,1536689.7723457625,1552574.6888669592,1170331.1086346097,1077279.9388721704,1763613.5985170293,1450840.8657919345
2015-05-28,1532551.5287926008,1548078.1650708776,1167084.7398830839,1066501.4371389109,1756587.5919209227,1447285.010252376
2015-05-29,1532868.287863951,1548990.4063657385,1166850.5364544953,1098190.8896535593,1780992.8744147215,1467366.2384382507
2015-06-01,1532271.0708076765,1548349.7261746984,1166347.3799756134,1084896.7352651316,1778179.4878487,1466744.5295822334
2015-06-02,1508412.45880435,1524103.411916123,1148054.6397450531,1060842.3541768747,1734512.350867987,1433119.383874685
2015-06-03,1504083.990294676,1520620.072578202,1145198.7349542973,1053880.7387499572,1699401.3778230792,1416520.0195926712
2015-06-04,1514057.3519699385,1530125.5096776588,1151871.6451722789,1060958.545410451,1700345.989888688,1417275.9144734547
2015-06-05,1518910.434725981,1534964.0561025245,1155507.435569923,1061833.15276621,1703420.9745402061,1415900.4831702614
2015-06-08,1505568.6378471663,1521711.834434281,1145576.2134973216,1050772.3564553894,1678924.908699814,1402534.4308867373
2015-06-09,1508552.8551056196,1523874.1826894386,1146847.9832836515,1043932.6137008485,1673406.7150688164,1398825.0624421958
2015-06-10,1511609.6349708845,1527884.8705136878,1149108.8998958324,1043588.3838202364,1695646.2424035785,1416019.7059996298
2015-06-11,1511121.871508818,1524547.0216939552,1145872.4746128754,1038028.7121359713,1660267.5665395756,1389232.4667837303
2015-06-12,1509335.8637153914,1522901.5941159828,1144477.2331728162,1037533.7208538061,1661004.1979702276,1392259.7773294637
2015-06-15,1514163.306323271,1527868.8492848976,1148229.1901773633,1041561.5878200537,1666011.628474129,1398160.98351287
2015-06-16,1512597.607154112,1526246.1498563392,1147011.9154695692,1040811.3280854063,1679628.4051206158,1404530.5853358048
2015-06-17,1529014.2580826094,1544203.7108190162,1160219.7860587444,1051828.290315851,1697853.0952309615,1414498.147525696
2015-06-18,1544091.633288603,1558613.7231938941,1169933.159662828,1049274.0171882631,1710791.1215138626,1427783.6033351782
2015-06-19,1559127.7418892195,1574027.6908795936,1181490.1395326706,1056160.0290519218,1722865.1260779838,1436659.4762802038
2015-06-22,1585123.7865631392,1600250.685016404,1201212.5214181992,1067761.01145722,1752367.9399099902,1459014.3849869687
2015-06-23,1579001.5879242232,1594214.123523484,1196691.2337289902,1071373.8939950617,1761710.426916437,1463497.6797752609
2015-06-24,1571333.8791649153,1586387.422614823,1190805.7654024216,1060910.4998796138,1746847.8271553433,1459252.4939632814
2015-06-25,1588835.1051819136,1604149.2443349464,1204192.7284875961,1064985.1787736567,1757551.8873298592,1465983.8318047004
2015-06-26,1604363.873172026,1619872.0830190284,1215960.6550623032,1062721.7398317012,1755468.0745420824,1463146.9892481852
2015-06-29,1596386.6614677717,1611754.0341184242,1209910.6830431076,1057411.9556405696,1729358.7452447158,1451323.5555276438
2015-06-30,1613930.515811186,1629375.3704259498,1223138.323435411,1067828.0776651057,1742405.1733833463,1461402.5925044965
2015-07-01,1623699.6270363142,1639408.7527616126,1230630.7157732102,1081996.4154908808,1768487.9999168452,1476604.5161641818
2015-07-02,1643375.3504097273,1659806.9210050208,1245815.4901872727,1095809.527406863,1775340.547105745,1478452.2519303588
2015-07-03,1655539.6977264693,1672038.6170537574,1255140.835383043,1090081.429762057,1773311.6480146174,1484103.271112631
2015-07-06,1666885.1538803389,1683751.5539510353,1263904.7821832749,1095529.2699415004,1786136.4575663374,1491276.6334377746
2015-07-07,1673361.0002777388,1690346.5096852882,1268830.1488367172,1101839.972177676,1788311.882844309,1490641.9902327235
2015-07-08,1644084.5298454573,1660746.296607743,1246564.4146944138,1091508.1021520412,1758331.5922556801,1466254.097100034
2015-07-09,1612877.3599045088,1628924.719325791,1222609.7757135483,1091037.4442960536,1758173.8419487881,1461436.6571298477
2015-07-10,1623847.8073990156,1640040.1206700904,1230991.7045999619,1092981.0844136989,1762147.8383299054,1466143.5647564474
2015-07-13,1652539.318293791,1669406.5827825172,1252927.6688181015,1108978.2644292628,1783840.857180832,1483503.5553488783
2015-07-14,1652267.8027794173,1668951.9046628578,1252663.2138048264,1106544.4569532191,1787426.3111061514,1483214.622657003
2015-07-15,1656139.6907379439,1673109.0151326759,1255805.7239252182,1109051.2458822047,1793534.6067279305,1494227.642560177
2015-07-16,1666712.938418608,1683765.4565084083,1263819.8037592026,1114982.8030950343,1813530.826921142,1509828.8684774758
2015-07-17,1669095.035468321,1686099.0383145912,1265595.9027544113,1113423.4474050319,1818098.455342562,1511454.7203544604
2015-07-20,1673460.984915953,1690613.6811673744,1268974.4868913742,1113184.7971746242,1816969.1448373015,1510944.1727266833
2015-07-21,1661967.4042427351,1678977.8538434608,1260252.9949098679,1099317.2575666225,1788701.0440069546,1496200.37376351
2015-07-22,1668900.0010176376,1688441.3480478674,1266842.0856766114,1104622.8166257655,1809736.9671673225,1514138.6357036317
2015-07-23,1662131.861079283,1681560.0626017004,1261726.8054794678,1098234.9004194057,1806707.5135228809,1508221.6292204421
2015-07-24,1655331.8501845077,1674261.855890885,1256421.4238724122,1085685.6885373644,1793664.7216864745,1496359.9923428816
2015-07-27,1642421.157351561,1660980.8841501623,1246635.011702002,1062543.9897503546,1760116.9446715575,1469676.138605096
2015-07-28,1639064.5277434066,1657201.6081949621,1243891.2551559815,1050493.722065418,1750833.8740371226,1465517.5779251065
2015-07-29,1657534.2216294035,1678835.0228262413,1259420.2181231386,1049886.298698666,1762313.8168406573,1472225.8262620994
2015-07-30,1678456.1283219084,1701108.9896383751,1275805.8328917106,1053504.310524482,1780543.7059428515,1481007.3091541512
2015-07-31,1694812.7004959807,1719459.4072981346,1288674.4366260031,1064970.6012234944,1800666.325164434,1500305.2864476412
2015-08-03,1704371.6329300627,1729300.146884011,1295597.1288169553,1065453.8479181144,1811265.3593764524,1503908.7103863752
2015-08-04,1723935.4142258393,1748385.4478216637,1309106.8241542687,1084118.8547134583,1830371.408367393,1503608.1926865706
2015-08-05,1734322.5690109956,1758761.7214231957,1316853.3657878747,1089491.5002357932,1850032.455032881,1513364.258216008
2015-08-06,1726766.895518564,1750973.1943006981,1310963.292271029,1089699.4850838156,1850902.4970149812,1517524.3133150917
2015-08-07,1738776.6476395356,1762940.1779127587,1320029.2094310632,1071552.5442726584,1843678.285152026,1513318.4874525433
2015-08-10,1740127.3553269135,1764370.0232496727,1321151.6694682946,1067390.4754555197,1837100.1732454014,1507599.2345008038
2015-08-11,1732347.510020517,1756488.90149598,1315216.2029079308,1055300.2691719504,1816358.0829702448,1496778.4730617972
2015-08-12,1705123.802058481,1728897.9652853478,1294413.4458888879,1044671.527450969,1778890.0008610694,1474119.9394533555
2015-08-13,1699402.0541336762,1719071.398108529,1286461.513130014,1040807.5875305859,1768812.3102345024,1474330.8890207754
2015-08-14,1737004.4104264008,1759103.4390669335,1316417.0386503388,1075261.7592224805,1811124.3575029436,1503511.5585673936
2015-08-17,1738719.8270981538,1761850.126334237,1318451.891395395,1083618.365335517,1816823.6200933403,1498726.4473630555
2015-08-18,1737995.3932450044,1760710.7534552086,1317574.5434034516,1082946.4568452458,1824655.24682848,1498294.6560447128
2015-08-19,1730733.032817148,1750601.1466360558,1309455.7802040922,1085402.8712239803,1827296.5515716134,1502727.186099435
2015-08-20,1712911.0884049165,1733697.3236685265,1296502.1695554813,1064522.8664885284,1796078.3872446097,1481457.6931706376
2015-08-21,1710860.6379807221,1731647.235343026,1294912.7592313846,1057260.622805667,1776479.4555188653,1468831.9937913225
2015-08-24,1580720.786708139,1601159.07683854,1197116.0008161624,965809.4218931915,1629916.3852010632,1376293.9900391614
2015-08-25,1591739.195140722,1615854.5683742412,1207338.4908653467,977312.643345569,1663464.2030155791,1391822.0882480463
2015-08-26,1588074.1906790521,1612481.304616917,1203614.977320838,960498.1474715368,1656031.3252597342,1376991.9050100523
2015-08-27,1602092.1289419916,1629397.7961940654,1215783.4593833848,984489.377430487,1696795.076378421,1406433.620206774
2015-08-28,1606399.607427099,1636667.3743190654,1220743.9844247322,987760.8318742531,1702598.5487390643,1415532.286051737
2015-08-31,1601788.7884268549,1632284.4052028544,1217385.7665198152,979328.3792260983,1695242.8910425291,1409609.2759130131
2015-09-01,1598415.28848789,1628910.004690159,1214865.7661536043,974611.253618659,1652335.5405281787,1378693.1593554437
2015-09-02,1593066.1265005853,1623757.3427028544,1210997.4071448152,970805.1512016668,1642944.6354061542,1366754.7303419448
2015-09-03,1598459.829717138,1629119.2958278544,1215028.0594885652,971724.5016960516,1667331.6106313358,1385099.8951344718
2015-09-04,1591495.3580374506,1621967.324209202,1209641.3370154207,968520.5055412664,1626094.7658027888,1355778.1117056771
2015-09-07,1572765.0466055658,1603054.1859645732,1195011.0141335477,958506.3931337836,1594275.6410936452,1336378.428037788
2015-09-08,1573200.305272558,1603754.2986965068,1194661.5168580872,958765.4962235515,1623913.2939949112,1356319.3397593584
2015-09-09,1568110.9493155268,1598431.542959202,1190652.462536798,959805.7245638579,1659201.9993446604,1380047.087250251
2015-09-10,1559452.8305411127,1589801.1736965068,1184152.1418580872,959805.7245638579,1654900.9544441823,1376691.5691466948
2015-09-11,1561301.6574225214,1589479.524663914,1183028.1610755494,959033.5633341166,1656729.012046036,1376889.164421131
2015-09-14,1562960.6515097406,1591113.6189098246,1184244.9567908815,961322.4836756083,1682842.188173416,1392696.3102421516
2015-09-15,1558270.9015097406,1586399.8689098246,1180734.9567908815,954489.5360437724,1665851.478073664,1384337.4788828716
2015-09-16,1559586.14786289,1585445.371046055,1178324.2016934662,950211.9829511072,1671028.3931699393,1393022.6524411472
2015-09-18,1575551.8854346063,1605599.2982578166,1192219.4531006266,956182.8407395751,1685122.9475890838,1407079.1214208466
2015-09-21,1583145.3436217096,1616255.5951270945,1199284.0899905318,957457.3835976989,1695477.056503234,1406706.8602539161
2015-09-22,1560148.3318800714,1593841.905933369,1182305.5070212537,940447.5304009627,1661607.6439108597,1379160.9133443295
2015-09-23,1555106.4553694513,1585894.0027122386,1176201.7122824842,941240.0244424056,1664955.3118199797,1383667.7914734713
2015-09-24,1564999.5201201227,1596177.1402931102,1183795.3618872815,944582.9558290225,1666803.622837424,1387016.9696360452
2015-09-28,1558815.4292235163,1593788.2997245677,1182179.548410719,944511.7248033267,1653835.2871242329,1374479.4293092997
2015-09-29,1568136.3439650324,1610481.7908973582,1194428.909349745,953746.7462424536,1656531.4167593648,1381830.9436323391
2015-09-30,1583850.00515888,1626928.5778007396,1206981.6678717786,959490.3409156103,1681834.0482452093,1401760.0651192605
2015-10-01,1584146.252877691,1629010.8044776805,1208687.7001059705,956491.013828208,1684748.4202103135,1403693.0189970764
2015-10-05,1618189.8312773493,1662660.9413185008,1233716.351106947,970925.8029135962,1721230.0382597924,1433141.7209926653
2015-10-06,1609355.5214628961,1656152.5691032298,1228945.6580222303,973491.8776969214,1733327.8951433857,1438685.3966218138
2015-10-07,1613261.9426359918,1662389.3144950755,1233508.4892218763,980863.9741248388,1736238.8646228805,1442333.524757137
2015-10-08,1603515.628068426,1648691.7072334178,1223321.7778800183,971531.1413764257,1724294.484241924,1432363.9696593005
2015-10-09,1599866.997270086,1649229.2295799144,1223865.7445853406,972161.3645362158,1729030.0401490212,1441131.6648214431
2015-10-12,1589015.4903960016,1644996.2920493968,1220867.5185492688,971914.8383673925,1729286.3117244602,1434246.5948676346
2015-10-13,1589597.5526823786,1651139.118358601,1225392.8963416272,977670.9396018286,1730239.8581395415,1432021.568664043
2015-10-14,1569110.0970930841,1626833.624759663,1207209.6402299388,970934.348472734,1725969.4633253114,1428706.1933600775
2015-10-15,1567350.7411741999,1626396.167034138,1206819.6700379832,988341.6488114791,1743131.895253903,1439765.66235354
2015-10-16,1561586.1148314264,1620416.8907890208,1201984.3843206598,985122.7309837973,1752206.5951210072,1449553.2871448712
2015-10-19,1573946.4667296198,1623187.2231788523,1203685.4581407334,979457.7324562705,1757993.556341918,1456694.737405129
2015-10-20,1577501.022523382,1629309.953159321,1207087.7819522806,979337.2980320883,1758806.584489136,1454783.573104606
2015-10-21,1584173.4067320612,1625489.5131111033,1203733.8742195645,972986.2973087063,1750043.8161306889,1452281.608474065
2015-10-23,1578582.3276610163,1628309.1679572947,1205601.6980110684,977670.4811237088,1745888.8298625248,1457734.5222808134
2015-10-26,1572515.6061186579,1624696.541492451,1202199.2294444363,969037.330891306,1736369.7432347245,1451592.0024239689
2015-10-27,1590420.1775145319,1642673.5603828318,1214483.603240245,982672.6368697571,1738808.7014638663,1448153.964202153
2015-10-28,1582639.085603216,1628878.9372291453,1204811.320113414,972685.1861709045,1729908.0704137636,1438413.9708981717
2015-10-29,1572234.5548109796,1621954.7165870555,1199535.521028359,966266.0089274165,1717528.7672298227,1428286.0067037717
2015-10-30,1565184.3272948053,1618326.106349934,1196346.0021840427,970063.0763941524,1706594.6206512712,1421494.7104234311
2015-11-02,1571362.6230559137,1622769.9355430491,1199138.9377781523,969133.5927738692,1706448.2469153411,1419769.5624680095
2015-11-03,1595360.2730192926,1649769.4458732493,1218709.0298997995,982675.429482453,1711010.3398516923,1422522.4747322989
2015-11-04,1582925.7692198541,1638380.0496482737,1210086.9694139597,978534.510468476,1708551.3524644438,1419642.893223099
2015-11-05,1563620.5375761774,1621883.6695976146,1196994.9277663687,967447.1649866034,1680191.581772605,1404111.5553385043
2015-11-06,1564639.2144560602,1621469.0512275584,1195062.6202292163,962707.293350908,1674724.5733182651,1403134.3904625133
2015-11-09,1566509.089105108,1631012.438693989,1200939.2468228957,969538.6604977304,1676682.7723247993,1398758.1899399238
2015-11-10,1546821.4480681207,1610204.722187031,1185172.9656456476,954859.550263128,1648026.3339129284,1375230.8323223041
2015-11-13,1556153.7624525812,1620045.3797187693,1191559.6670560949,955306.0950375114,1649101.1363021266,1371594.7993665577
2015-11-16,1549638.686471441,1612683.0557899363,1186311.8171720617,951852.2862453972,1657289.2600188963,1376892.1659690985
2015-11-17,1549674.5882506159,1613350.8486976512,1186141.3389746372,955214.7973605552,1667772.6350902764,1382760.1889300027
2015-11-18,1537253.3594527033,1606628.079532612,1180739.0713251964,949633.1398734261,1649147.7524863337,1366046.1315928872
2015-11-19,1561263.1905073908,1629581.4281196482,1196816.2429196942,961247.6905424765,1669049.4153532682,1384938.6694001115
2015-11-20,1568104.2268004206,1636319.4310645945,1201787.1780698407,963712.3864634382,1680514.4824360951,1388567.690990824
2015-11-23,1564178.3706602838,1631156.6229743846,1197853.1847561246,959046.621143614,1681967.437337353,1387974.598198227
2015-11-24,1556539.568528631,1622005.1857032664,1189990.2810817687,952337.7292979108,1683343.0830656143,1385710.695066684
2015-11-26,1564971.1791167047,1630346.8043098338,1196452.043502423,955256.1322367536,1692483.1277656103,1393635.753319507
2015-11-27,1581162.0980925348,1643327.4215888865,1206084.960387799,958205.1245921003,1701952.78789022,1402951.7889852966
2015-11-30,1576443.7576689508,1635315.4846076854,1200337.6710506408,960100.3069651471,1702281.6676537264,1401074.4644817607
2015-12-01,1580247.0428404596,1639215.313404072,1203097.2066450326,961015.0824643995,1713461.2412753096,1406332.4877722315
2015-12-02,1569371.9334654596,1639126.6000556834,1202514.513071446,959138.4151060011,1711505.566610319,1403111.1563369597
2015-12-03,1552825.47390888,1623462.1014137156,1190963.1241325422,952099.3645536329,1694288.8261682447,1391489.1940143944
2015-12-04,1538434.3169340875,1608957.9587135203,1180257.2717460676,944238.3757993605,1678374.6042934624,1377481.962759409
2015-12-07,1537013.7733473566,1608966.60412978,1179806.7545526947,944438.3696365075,1681192.4539293288,1375178.3944860878
2015-12-08,1518743.8243613031,1590853.8729133494,1166826.4302500214,931824.1212997155,1658697.088482676,1363577.0294069748
2015-12-09,1504184.2765898493,1573204.1859321482,1153383.051093418,914155.6041335101,1627635.0819758084,1346220.620181268
2015-12-10,1509586.045091131,1584191.7011604197,1160484.7157355705,918999.8802924042,1641754.6479302444,1358439.5816458552
2015-12-11,1497316.1744055536,1575444.0301856883,1153820.921020294,910051.6624703337,1625034.270809498,1345840.063753311
2015-12-14,1502378.8306174066,1590430.4071235545,1164804.4206387207,910557.2496402649,1637578.1914140347,1352781.6104987424
2015-12-15,1494470.6895155695,1579123.186389912,1156078.8767563435,906720.2406761204,1645862.9433251277,1361781.653597248
2015-12-16,1494920.5770888117,1577544.7738227732,1153240.205383626,903161.29561186,1653284.6773854697,1370035.3950439931
2015-12-17,1504858.967835882,1592821.9301338084,1163179.7833145652,911112.5747625156,1678520.108230344,1387161.0395494208
2015-12-18,1496416.6482443598,1580945.14458083,1153636.8159524193,907070.8268110887,1669763.484376243,1375046.9029045752
2015-12-21,1493515.8820166376,1577093.430957783,1150413.730318462,909509.0701945702,1683525.9443848196,1387270.4338493468
2015-12-22,1490607.4853949335,1576231.4373664744,1149777.1075843922,905159.6378672997,1677323.8466749073,1379460.4807065388
2015-12-23,1508629.2133269098,1595650.4836616404,1163994.1333717457,912378.0391276757,1691315.524887901,1392543.9343787995
2015-12-24,1512336.264420965,1600928.5464362986,1167872.2991508595,907867.2272227685,1695572.2833040422,1391988.0186016473
2015-12-28,1525480.2764525202,1609211.4339790232,1173910.8249153248,912799.0642131249,1703074.7315507897,1402193.7933932508
2015-12-29,1529063.9483580377,1616398.1820869334,1179183.8235344044,916578.3435557763,1704517.6653488625,1403475.1342248067
2015-12-30,1523306.5488371637,1608806.123889912,1173620.1363777271,916362.8967326562,1700936.7451432121,1397899.2959043875
2015-12-31,1537688.0265593317,1626968.0366096385,1186907.1423439137,923962.4111674706,1702908.7132706817,1406772.3758885616
2016-01-01,1541112.4038786676,1627875.441379536,1187561.4032920948,924815.7383159081,1717327.718033044,1411494.2662637352
2016-01-04,1512952.8459334162,1605811.759662617,1171420.7859672657,906247.7667195972,1687022.732194577,1383623.0872798488
2016-01-05,1521897.1834959772,1622912.1354255565,1183982.7530540577,910635.5539510425,1693525.846154955,1383943.1299247025
2016-01-06,1511926.1921858576,1611635.113178242,1175707.1107658497,909071.5265157397,1683344.3065783721,1376784.432856325
2016-01-07,1478840.7213301447,1577493.751270283,1150692.7668327442,890831.0882375415,1626087.776170445,1344244.3678444847
2016-01-08,1486699.9352278498,1589353.3110542186,1159373.3488716236,896456.105748598,1639570.4389624472,1351343.0168001582
2016-01-11,1488880.114999273,1583873.9778938182,1154958.7591471155,893766.8259225003,1625321.9462573426,1343233.4609965459
2016-01-12,1491779.723039129,1584986.0441169627,1155348.810344825,891692.407618057,1612654.2035688946,1333953.0198128324
2016-01-13,1494874.9742064264,1584240.2603645213,1153977.0913089737,889964.1288627611,1604191.9510948735,1340853.2961821326
2016-01-14,1486791.988046148,1569812.7913551219,1143013.1550088506,887629.3029045091,1585042.490524472,1335113.2324147564
2016-01-15,1477902.3117422846,1547701.2400703318,1126427.7447776473,880595.9161045116,1536155.529546885,1314687.8575202283
2016-01-18,1458311.28949497,1528691.4859657176,1111310.1981580332,869795.4351165661,1498363.4891742975,1296192.6845641858
2016-01-19,1465574.1262602594,1538226.3656043895,1117878.097630042,874056.0103402092,1523399.2334387738,1311318.5045696942
2016-01-20,1452374.6397948053,1523498.047718037,1106847.0422142171,868042.6082100823,1491703.3370234966,1288724.6011417147
2016-01-21,1446227.2503294733,1517741.1530189402,1102222.6906175471,864299.3362984612,1490159.2204795259,1281432.135187246
2016-01-22,1450401.0617918756,1523190.8441200145,1105790.104211468,867083.9255124613,1530400.8952210634,1307502.7123428509
2016-01-25,1450699.6214842584,1523394.2610511668,1105552.7057740206,866895.0870169589,1530189.6824194912,1309823.0508139245
2016-01-27,1452499.569940069,1526353.30675124,1106877.5338233192,867930.4846866328,1535183.8200205816,1310296.38277127
2016-01-28,1453930.7512602594,1529569.7724494822,1108413.4466838003,866486.302588487,1530597.03035898,1307466.602848722
2016-01-29,1457993.3436827448,1533265.2546882518,1111093.3783091665,870451.8504858259,1560141.943404156,1331922.8575950826
2016-02-01,1459941.5511870172,1532089.0902366526,1108216.2039277707,868694.3774761538,1562370.6073971824,1331661.4719867765
2016-02-02,1425776.3904967096,1498876.2947883494,1083769.1746891106,851528.2914507933,1531144.504472333,1312636.0057035924
2016-02-03,1409614.798303106,1488515.7111854441,1076227.6267459954,844436.1395800657,1500199.0341214566,1296045.3609821575
2016-02-04,1414543.060300329,1496854.768054951,1082309.3063572014,845418.1286624022,1500112.705344309,1302246.1756885252
2016-02-05,1432763.979264715,1517578.4453544505,1096879.6942073242,854798.5528284817,1533043.1165882437,1319774.577935609
2016-02-08,1420428.670495489,1504285.1014175303,1086550.5081286966,848592.8281854659,1528233.737784743,1304131.2938904392
2016-02-09,1396513.9063505915,1478259.199394215,1067696.6440845071,835282.1421503096,1501099.4280107892,1286367.7147422887
2016-02-10,1399097.6509718683,1483578.8487930186,1071576.0025897562,837173.1149896651,1475255.3061101956,1271362.5319132525
2016-02-11,1367671.4355330255,1448562.4636611827,1046261.6559100688,816102.2728876143,1416442.220183292,1229573.2315755629
2016-02-12,1370364.2874388483,1451366.1671676524,1047566.2521973514,819013.0681745805,1408164.1313865755,1230284.0276802408
2016-02-15,1388121.1824545648,1469773.53778838,1060133.5595930107,821480.5917950409,1467776.7809409308,1263877.866023202
2016-02-16,1373764.0215849665,1450068.6044387706,1045439.6750852254,805399.5086168228,1432671.906484016,1241806.1181910117
2016-02-17,1379307.318768957,1446935.6609115489,1042305.2142847453,809891.3790500629,1445722.330548153,1251638.96793056
2016-02-18,1400056.874829748,1469960.9650955088,1059073.9124206435,816939.2008515827,1455763.6818451378,1265063.709938368
2016-02-19,1401123.1984762934,1473323.754585255,1060629.9492542706,821684.0910538626,1465073.5395573585,1267984.3917955235
2016-02-22,1414087.23329685,1487778.254936207,1070764.3038532697,834053.6241196585,1473147.6800955303,1273001.1902035295
2016-02-23,1384254.1171202448,1456559.5521469004,1048316.3783009014,818915.6079758597,1448179.2322345632,1252263.7152401246
2016-02-24,1379969.0346159723,1452090.7271804698,1045096.1417744121,814661.8642243338,1432191.5019277164,1236222.2753546839
2016-02-25,1371843.7424864557,1447378.8136672862,1041618.7000935039,813966.6572998953,1417780.189671042,1228124.9916164437
2016-02-26,1364861.287744024,1438794.2637100108,1035249.5952961406,808149.6784790945,1424246.581222758,1238279.548956086
2016-02-29,1356650.6864561823,1427842.734535206,1027379.0324909649,805090.012028594,1420959.64916226,1232470.9722713884
2016-03-01,1393538.1649107721,1461259.2137985118,1051564.430662132,816282.5037458095,1472806.040318938,1273658.2281869405
2016-03-02,1414664.40233753,1482785.9935226329,1067054.0080394514,831671.3799283657,1508291.115070193,1298012.2699779265
2016-03-03,1424388.6759276178,1491633.8856429942,1073339.5607209865,832049.4828412685,1529961.4180584948,1315314.9705338227
2016-03-04,1428532.3927321222,1495483.67841338,1076035.396689004,830789.4695127163,1541778.1527597983,1318500.068456209
2016-03-08,1428313.3217482355,1496006.158088673,1076934.5773378077,829420.1140897427,1542417.0470236598,1318797.8021909306
2016-03-09,1430721.6457381037,1498120.1926345713,1078175.0711122218,834335.7342984829,1552604.958089161,1326181.8224005117
2016-03-10,1423796.7687010553,1490865.8147811778,1072960.7048402491,830401.9318692837,1544768.6362548398,1318543.4751897522
2016-03-11,1427358.1718497064,1499050.2008819468,1078027.4437950228,834187.0695431844,1548030.3052349226,1322715.057236712
2016-03-14,1435126.4586081293,1508651.9151992686,1085062.584984598,839044.8062832967,1557412.4873489947,1328730.0780504718
2016-03-15,1426552.7111983087,1503643.3122978099,1081471.9852531527,834121.1086819783,1543622.5829587276,1315110.8832465366
2016-03-16,1419287.456319311,1498902.2858123668,1078070.4549491976,831861.3055661336,1541691.8981204191,1320230.493502122
2016-03-17,1420376.720418432,1500806.293144215,1079503.6941612337,833803.5398495808,1550571.3160324488,1324634.2862595434
2016-03-18,1441111.1884550836,1523765.7214240916,1095700.1632891675,843206.1623081346,1570172.4650783523,1339518.4168445955
2016-03-21,1467018.0750899103,1551850.92708968,1115802.0674639721,857533.080574431,1593074.4708782812,1357564.45440418
2016-03-22,1470179.0672392633,1555068.793155659,1118239.9704943676,855513.8718952318,1598049.6080764516,1360125.7584888008
2016-03-23,1463027.3620581415,1547351.210823048,1112545.1982165356,851243.4328159471,1598191.6082169395,1360671.1116816602
2016-03-28,1435265.6368689325,1512993.4048690684,1087808.170491316,839100.013664641,1570591.9650972623,1342463.3537934425
2016-03-29,1437099.5638136652,1515384.7609443553,1089508.9274798413,837671.4264454027,1567764.361659855,1339687.1221045211
2016-03-30,1468035.299298742,1554000.2756729014,1117364.8380023022,851051.7734836717,1602535.966250314,1363724.1809573
2016-03-31,1475443.8927893427,1565963.525627125,1126083.522908308,851937.5309986253,1609742.4523055747,1365330.1338521752
2016-04-01,1472501.909039953,1569305.1903839,1128314.3703814526,846273.2993473192,1611294.9944241724,1361572.9438978285
2016-04-04,1479505.3311743524,1573094.8703536876,1131124.191166975,848832.8664325853,1615265.6078952656,1368948.235764903
2016-04-05,1443307.174375036,1532371.9974365123,1101690.5247851391,834097.0052189012,1578965.1599130542,1342547.288445643
2016-04-06,1430824.7493109491,1519256.0772476085,1092311.3065234204,843107.7966770311,1588292.8829188335,1345469.1778215829
2016-04-07,1426385.197396734,1513373.1658897288,1088163.9624987622,837293.0035633226,1577975.1937259014,1334409.2703416245
2016-04-08,1431526.3670058039,1519469.2167014964,1092629.304738142,839125.5997928758,1586259.5115709826,1336721.0553337066
2016-04-11,1444896.3928084162,1541687.9607124217,1107814.7113609328,848498.4721362032,1611270.0742889734,1355916.6057590144
2016-04-12,1468471.0251631525,1567323.6354408152,1125097.7432503672,856653.372516179,1624287.434597463,1363012.1151019891
2016-04-13,1499355.4369864252,1604793.5420760997,1151912.0664620372,870160.8584552049,1649293.6510347296,1386569.015076966
2016-04-18,1513309.9145407465,1620046.920059193,1162674.347549659,878386.2269397019,1662082.0175150684,1398359.5884989563
2016-04-20,1512152.1406645563,1619182.2580604441,1161976.018692237,878188.2863879441,1669223.0302895722,1398637.917752275
2016-04-21,1501295.3579420832,1611531.749896992,1156210.3695223152,875040.8353610276,1665468.62994151,1398147.926374458
2016-04-22,1503230.4893622187,1614306.9115219004,1158374.5163271248,880364.7495990037,1667648.7275085282,1396546.1083792534
2016-04-25,1500377.5520643976,1610596.5811424144,1155719.4195101082,877837.9289508103,1657980.4964566974,1388557.0290096558
2016-04-26,1514212.6576857355,1629161.25886916,1168919.4690859138,884861.332080388,1676689.5764900919,1405951.6799498964
2016-04-27,1526243.5726256159,1635116.151119221,1173199.8794252693,883444.5426745652,1681525.2471898238,1409189.0259432367
2016-04-28,1513722.9238943842,1623949.5479583628,1165404.5159151375,873816.0441088914,1655219.2359100403,1386770.9935040814
2016-04-29,1505940.2070669916,1613657.7337646373,1158046.48614524,875570.2090640306,1654730.9926950252,1388054.296525799
2016-05-02,1522136.3470511225,1625981.931701649,1167055.6441500008,879336.1237063645,1662893.2361047212,1384834.9056111732
2016-05-03,1511275.9177031305,1613119.360240925,1157889.2832033455,874495.924884343,1645738.9279142057,1373841.8181465412
2016-05-04,1488466.842519262,1587112.8423766978,1139175.1925508797,865232.3130374192,1623096.523365954,1364396.8440393202
2016-05-05,1488637.6217093256,1589134.5662841685,1140081.2427863001,861963.8428587237,1623840.6094664275,1369156.633294985
2016-05-06,1499545.5894408014,1601460.2517433055,1148704.3212898402,866232.3150240376,1627500.228459596,1369962.5748926294
2016-05-09,1517418.0454268244,1620710.7323799022,1162233.9138610528,874509.4322403409,1649442.8715000832,1391454.9461035053
2016-05-10,1523938.2546095636,1631109.5681342967,1169405.6512739668,876642.8807800747,1648598.0947643735,1394791.9137271247
2016-05-11,1528865.5381712702,1635646.8246040232,1172975.9835646162,883738.0917879024,1642873.590535238,1389128.3801832234
2016-05-12,1537990.706544378,1643712.9884223826,1178471.0574571607,880350.5565996695,1658915.5664400626,1399027.076310517
2016-05-13,1509959.9698424127,1614351.741367329,1157035.2702450033,872452.2299588579,1642031.1726300116,1384209.4333816923
2016-05-16,1494683.667230108,1600102.645145405,1145528.2173076982,863759.9254956739,1640267.1053055082,1390901.2712807432
2016-05-17,1493096.9699187067,1598987.9844703563,1144207.812308919,863627.5459485548,1645968.9950097848,1395510.7729837869
2016-05-18,1497166.5678572443,1600296.7927436717,1145594.6890108162,855437.9345862427,1645548.394211944,1392459.8608707157
2016-05-19,1482202.07887409,1584064.1239814647,1134057.8260042244,850000.2050559082,1620349.7040508343,1376954.518078255
2016-05-20,1468968.6513228205,1570305.155567158,1122835.2433529387,847393.2628638305,1613581.9895170906,1370526.250110973
2016-05-23,1484268.025483587,1586412.4395332225,1133630.2184310996,851064.3003082,1607458.8805131228,1367239.1044691666
2016-05-24,1492401.387681463,1593585.0075111277,1137804.659334185,851612.718007587,1602520.0528591184,1369384.5798395053
2016-05-25,1510033.0017256525,1616895.8408546336,1153744.4619438911,859393.0448508487,1632677.6160886607,1399500.5566456986
2016-05-26,1523762.753709295,1631110.1222190745,1163087.448033571,862390.7737985253,1655685.3028111786,1422004.5225579587
2016-05-27,1529076.5863356378,1636862.8779411204,1166827.63671441,868655.3679825774,1677996.3497055024,1438173.5734927116
2016-05-30,1548718.9368300226,1657695.2774467357,1181798.5262865536,870361.4165079237,1686727.5295863275,1444466.6167631873
2016-05-31,1528297.285867193,1637080.906940449,1166418.0158648007,862247.9115488173,1684702.3305485023,1440738.5916819181
2016-06-01,1534742.8223356989,1643052.0292549022,1171271.7163958065,866579.649051869,1682964.6752360328,1443826.5812468575
2016-06-02,1541326.268868902,1649691.860065449,1176386.6289324276,869790.5912744643,1696705.9733749786,1451109.769659254
2016-06-03,1541211.293641546,1650028.0882682689,1176371.5443529598,872311.3568918349,1684892.0299029665,1451773.658793327
2016-06-06,1536788.4320311334,1644771.6434669383,1173078.8850359432,868886.0224191786,1682652.150144612,1448332.1321100935
2016-06-07,1548307.7587675836,1656847.6505317576,1181655.3566851132,871051.5336954237,1695431.0270423319,1459100.5545747073
2016-06-08,1558840.4149107721,1667539.8410987742,1189508.0340837948,868873.0566848306,1707597.7770142076,1461192.1579277804
2016-06-09,1540713.4107832697,1648185.4481162913,1175616.5956682675,864617.2291244058,1703979.7109627402,1451316.9918183743
2016-06-10,1533243.3832945612,1639579.1686134227,1169980.2671160214,862224.9228881387,1695960.9085628288,1445102.6812194998
2016-06-13,1520725.5011915949,1626597.5402641185,1160515.2016405575,857290.5312407998,1684369.3249642153,1434608.030002671
2016-06-14,1524180.1249098566,1630447.1904106028,1163091.863566827,857775.2685378579,1694674.1859879817,1434811.7908417925
2016-06-15,1531677.1331114557,1638724.2359962352,1168800.6213945858,868605.2570022134,1710154.9542054646,1451009.9726159603
2016-06-16,1533811.2624907282,1641221.8391914256,1169709.370085762,864814.0205639038,1702675.4103146987,1442239.6785550534
2016-06-17,1533128.5068449762,1640839.1419258006,1169252.9731436234,867138.9303081665,1703508.0352553343,1446642.4336582713
2016-06-20,1538931.763955572,1646510.5737037547,1173474.5705557328,872966.5317413599,1718470.5398360095,1458069.6148430256
2016-06-21,1539520.2648329523,1646783.352176655,1173076.9996167633,871033.0470605064,1716026.125087847,1455754.020889702
2016-06-22,1538994.772950628,1645807.8234901316,1172710.260847232,871174.5258660484,1711978.2001994231,1453620.850053776
2016-06-23,1540390.7033934381,1646903.867778767,1173549.447202823,871797.2322716881,1717852.3911469881,1464010.360617287
2016-06-24,1526106.7475752619,1629006.425388325,1160742.607092592,855689.7702187055,1684962.7927743352,1433633.457695508
2016-06-27,1541350.661950567,1645627.2885093577,1172765.1955477921,863785.3395913645,1699051.3064952148,1436663.9720142025
2016-06-28,1548564.3692793634,1652936.5617561229,1176338.7600897907,866527.8728659728,1711122.575877569,1443336.1271947785
2016-06-29,1566754.9216627863,1672492.749744404,1189823.011459817,871141.7207972733,1731623.7131009984,1457814.363582822
2016-06-30,1588705.5233320978,1695682.475589741,1206481.6207127466,882923.0869319169,1753762.3195887771,1473464.871105526
2016-07-01,1616390.934304693,1724995.813884724,1227668.2395024195,894103.8676936356,1773451.005216606,1482843.435717023
2016-07-04,1608930.6371245172,1717303.6838493235,1222044.9150090113,902470.294100496,1791668.9609968066,1491092.0195341646
2016-07-05,1606210.6472868707,1714049.838619221,1219936.781921853,900132.3343074052,1787471.3450747775,1485627.7502423883
2016-07-07,1616932.3977141168,1725015.7492942698,1228140.5622868433,897836.4464671342,1778621.0079281318,1485973.4377387532
2016-07-08,1615921.8458876398,1723973.138065327,1227375.8680271998,896704.7744013993,1776931.7492137458,1484358.776885723
2016-07-11,1634844.3459944513,1744119.8597602732,1241992.395645608,908476.578348848,1808238.059458974,1509962.1342989507
2016-07-12,1636381.3413405207,1746350.3120002635,1243449.7389378443,905907.9366709916,1819758.5358691714,1519836.975370091
2016-07-13,1626063.325662115,1734834.0314597972,1235200.1215214625,900898.4235713212,1813146.675517733,1518655.1115866334
2016-07-14,1635001.4647917536,1744270.7014884837,1241978.4848637476,900701.7492786328,1827028.638484718,1526579.378661894
2016-07-15,1644837.740907171,1754845.2304725535,1249569.1168370142,904562.3570056836,1825079.1751301575,1524612.5187366894
2016-07-18,1640773.3101973322,1750690.8699684031,1246739.928696145,895755.1831241528,1809852.291964741,1518178.2093260142
2016-07-19,1643583.76397846,1753895.3600196727,1249076.9954380884,904591.858676521,1813813.628816268,1521978.1213174805
2016-07-20,1667368.6877302912,1779511.002216328,1267433.064194192,912356.7016712109,1831124.494575119,1529461.8529235574
2016-07-21,1669478.1695647028,1781790.2888755687,1269327.4564213648,916386.2493930737,1818045.8741069157,1521621.6663262167
2016-07-22,1674726.8219923761,1786953.9087715037,1273236.3665928736,922950.7682071606,1833923.3857779412,1529398.704684876
2016-07-25,1667178.068681219,1778900.4424476512,1267382.9547276392,927837.995181648,1856729.7574832726,1546469.0982396926
2016-07-26,1658598.734719732,1770766.775325764,1261340.7681279078,918826.7325626294,1848969.7978418998,1539483.6740017703
2016-07-27,1637151.4791655329,1747285.6537437327,1244628.1552128687,915040.3475528638,1861533.242253444,1544773.155923506
2016-07-28,1645757.0175184992,1755843.9981880076,1251106.4508213892,914842.4855304639,1868326.1233973508,1553986.943505722
2016-07-29,1644145.2333693292,1755822.2064094432,1249935.7841373412,915479.4239100651,1871870.0231772044,1550255.1061748266
2016-08-01,1651345.0873732355,1765635.423358906,1255817.6655765502,912175.0121134953,1879448.7076072353,1550662.7662387034
2016-08-02,1664082.0356459406,1778200.8136024363,1264497.809044986,908707.9661434607,1866515.9741361954,1546975.1929662137
2016-08-03,1650300.7079481867,1764295.5625953563,1253688.3505488923,906799.1322964148,1844052.6591887411,1530835.48337711
2016-08-04,1651431.6556410578,1767744.3709449656,1255694.4737948403,910301.6116996845,1856478.0119370832,1533255.9978477787
2016-08-05,1663551.5250839172,1781354.9357848777,1265040.9296677073,922528.1942230582,1894189.35445585,1557952.4003025056
2016-08-08,1662892.907179254,1779507.104531826,1263527.9941326627,931436.7033840426,1904740.0523301791,1564788.1425509304
2016-08-09,1656486.594038385,1771996.634255947,1258541.4691998013,924053.7718044528,1895264.541404708,1558363.000317594
2016-08-10,1637364.0596908508,1753494.5603881492,1244669.0037151822,918641.5217177582,1863662.667338842,1538794.1647423462
2016-08-11,1642866.0151275573,1759694.48867947,1248100.8781106123,917520.9291369924,1861789.101139689,1542074.772746499
2016-08-12,1647986.133528131,1764517.222940029,1252072.9807793745,921661.3236300955,1878975.0840622624,1556511.9586047174
2016-08-16,1662869.1121658264,1779485.3536773338,1263371.7353112348,940446.2521808157,1884035.8957261723,1553259.066628892
2016-08-17,1659044.8824905334,1775197.0143523826,1260344.734578813,939627.6508777151,1892152.044546462,1552152.6360655923
2016-08-18,1661229.9825653015,1777484.0704665794,1261124.0380609543,947112.7881762991,1905355.9398712472,1561214.0943361714
2016-08-19,1660945.6641067443,1776921.5938689841,1260750.1779750828,949011.3588886245,1913944.2035241772,1560866.7350583505
2016-08-22,1657038.069075006,1772454.656307949,1257891.9349330906,938801.4970123649,1901443.7627899842,1553739.98969049
2016-08-23,1649541.2754501281,1764725.4608123435,1251313.0020110623,935743.9268524528,1903182.892460751,1552770.3235896302
2016-08-24,1663352.7556747375,1779565.7171905173,1262026.0649535672,939881.629496801,1911684.537302765,1557674.1347171015
2016-08-25,1658190.2758850036,1774264.0366714133,1258082.0917556302,936431.6975738883,1900837.3761553343,1547502.6938975735
2016-08-26,1665216.7067245422,1781952.1433074607,1263911.255291702,934302.095043187,1899009.9081234506,1545244.2302138642
2016-08-29,1662347.7718032775,1778450.9363525047,1261896.0388457791,931519.3174557494,1902472.332146324,1550716.2139232648
2016-08-30,1694717.3097289978,1813247.9729201926,1286401.6012313382,941051.0272488402,1931140.572419968,1573155.4989964203
2016-08-31,1710383.0972732482,1830785.4678161277,1298675.1167876737,942731.0272869872,1933091.8112704721,1580232.1058007153
2016-09-01,1714699.7735656677,1836869.9564407005,1302288.6722646072,940092.6451243225,1922492.745413574,1577979.1026528869
2016-09-02,1727044.5976852356,1850469.5740325584,1311422.7604820037,956202.951330072,1935333.4291109592,1584213.8687597255
2016-09-06,1748215.7456039367,1872203.6782653464,1327259.8317786956,957949.2645396057,1962204.1180884948,1608514.652696711
2016-09-07,1744627.3175796447,1868299.789700283,1324746.376090219,965711.6897105041,1971520.5221549373,1605510.941657677
2016-09-08,1762783.8147262512,1887821.07174374,1338828.5658866668,975273.5130518738,1986722.8520562677,1612172.4697667398
2016-09-09,1743981.4987319885,1867920.8206908836,1324187.8244163299,967903.510251886,1969475.4491059715,1596854.9496939876
2016-09-12,1698675.3844589172,1819537.6505401267,1289706.6749412322,947454.1630915466,1912398.6481631584,1566700.6177900357
2016-09-14,1702044.0992950378,1822593.288578762,1292015.2729560637,959692.6788233581,1934251.5040848758,1571021.2270984235
2016-09-15,1705212.8125595031,1826825.9618041648,1294806.1569282317,963728.3697794739,1931868.8566497753,1572456.6942920377
2016-09-16,1711920.996809381,1833371.546643032,1299419.7327720427,969163.5974482361,1937901.5931831195,1578705.2586020567
2016-09-19,1723083.783163446,1847025.7768447532,1308494.7495752585,985113.6586054626,1948381.0482360718,1583743.3091901212
2016-09-20,1730880.0198760924,1859080.0872909203,1316058.955860436,985507.5598328919,1941866.575802629,1578854.7408015493
2016-09-21,1733299.7127014098,1862415.916590847,1318207.5230143666,988043.8557008118,1941783.5797312933,1578868.961171078
2016-09-22,1758845.6917205749,1890097.8296920434,1337760.8262370229,1003178.9683054452,1969199.8936791143,1595829.5521529773
2016-09-23,1757830.9569488463,1889403.7974959984,1337358.1893199086,1003397.6649950509,1963235.9075076515,1590688.9731306187
2016-09-26,1732267.3561645446,1862043.9029037133,1318188.3297999501,994657.480920649,1948370.0761447146,1573392.517951268
2016-09-27,1733141.4370537624,1862955.8531952025,1318628.967878912,997621.7820032601,1943611.0123466884,1570584.6162313228
2016-09-28,1741509.7760735378,1871062.9033355834,1323520.6679258738,1007449.5994312651,1963566.5694005878,1578181.1238424531
2016-09-29,1712891.340007864,1840182.0074463012,1300424.5175449129,984269.505254019,1897278.7026243187,1545862.0088815435
2016-09-30,1728609.7622032985,1856965.8199310421,1311916.5790944293,999330.77565502,1926488.7585517915,1553623.7786326397
2016-10-03,1771689.9037056789,1907167.3886566283,1346604.3320208916,1017009.7175484566,1971504.3156905337,1579671.8498765382
2016-10-04,1792861.4478493556,1930480.456237805,1362064.4038932982,1034715.4294728485,1987570.1900890823,1586086.1842354105
2016-10-05,1785943.0126076564,1922706.5919189574,1356581.533318347,1034673.0585049835,1989434.9830176826,1582700.2527946278
2016-10-06,1778731.4398766384,1915208.3516845824,1351320.39845354,1031951.6465748993,1979726.9278313215,1577281.196777763
2016-10-07,1767995.3544426784,1903833.3956756713,1343316.2545479003,1027616.8915852753,1981601.4962018768,1574818.0353822259
2016-10-10,1763616.2992668971,1898562.1614380004,1338672.7439645024,1024360.1136515395,1981587.167584479,1575974.1598704772
2016-10-13,1754639.5511742458,1889323.7890167357,1332151.0921853276,1014828.9353182571,1947967.970110085,1551422.827688081
2016-10-14,1762244.0595665798,1900211.0064697387,1338954.6082453725,1018641.406623053,1954811.9661716155,1554041.3495863045
2016-10-17,1760912.4294701442,1899120.791961682,1338181.2224726672,998271.2451562469,1930991.4727465545,1542986.2876873193
2016-10-18,1778155.7427178249,1918512.171157849,1351667.0442347524,1017086.3322534149,1968153.550827451,1571278.7630257355
2016-10-19,1776116.7445336208,1915003.1743164184,1348705.2248812725,1011511.1126565521,1971704.0342007747,1569213.0207273692
2016-10-20,1775579.6860466823,1913156.1023101928,1346975.278737283,1018748.4652757233,1982175.4525959517,1575584.1095906482
2016-10-21,1775953.7116661891,1913276.441345227,1347149.9314319852,1015336.8669079505,1984566.6805710525,1575987.0201705445
2016-10-24,1768473.558818899,1904799.9371338012,1341294.4089252714,1014743.2578061658,1983332.6427325984,1577792.2299370186
2016-10-25,1769819.0382500514,1906508.4966888549,1342474.9758808378,1026060.3189443189,1985186.2915694518,1575380.5578973084
2016-10-26,1760230.4094353542,1896822.211013806,1335622.8126423124,1005782.3744329053,1967552.681294442,1561252.4258077731
2016-10-27,1756769.0427361354,1891237.8639984252,1330953.3332532907,992108.5759624488,1947381.1032384941,1558389.6781620693
2016-10-28,1773840.5895806178,1909064.71839906,1342541.6536041794,1004751.3121685035,1960932.7342768854,1565379.7623963577
2016-11-01,1789726.4007988796,1928812.024787915,1355552.8762593833,1018665.2883758957,1970191.8606061162,1565313.0752583758
2016-11-02,1769420.4887047634,1904222.283683789,1337707.6306678841,1001433.220226329,1933543.5646896958,1543737.6608945162
2016-11-03,1752504.1126824245,1887100.852432263,1324239.6169732139,986199.8417935128,1915776.3990879967,1536203.1403037435
2016-11-04,1713870.5502739772,1843892.8600921752,1293343.7066882409,978371.2416446126,1886421.1764933586,1525250.861672227
2016-11-07,1726683.256313406,1860261.7424087645,1304398.1083515473,987076.4339631242,1910074.603847157,1536596.8314424935
2016-11-08,1716864.2496147975,1847659.4607467772,1295124.2455268847,990394.9612966221,1918282.0906311756,1544504.8068993315
2016-11-09,1708400.2827416286,1838087.8067703368,1288498.2637611376,969691.7598691623,1884826.9176310762,1522903.62361509
2016-11-10,1738313.8540097272,1877181.346871594,1314796.7782897342,996955.7228469988,1928871.7693929747,1541070.586910934
2016-11-11,1701559.5210553205,1840468.0160534177,1288506.3434529938,963483.0556761727,1857553.9182506083,1497954.2034282666
2016-11-15,1675644.5241452253,1810578.3077328,1266538.460105961,937173.9958795263,1794192.4732936334,1458830.0306391483
2016-11-16,1654144.5002041853,1788056.331055859,1250728.158882206,923977.3926607138,1799553.1060448666,1461128.6236308257
2016-11-17,1661094.937884239,1797318.2222576414,1256713.0579771027,931943.5661136592,1797760.3164489854,1456361.3045112218
2016-11-18,1675683.0481900251,1810759.7184086118,1264890.9452003762,930465.7584677931,1803792.9368789997,1456578.8539288593
2016-11-21,1615913.5533169783,1745160.960645703,1218214.2130774048,892011.9613067113,1750097.34131395,1428663.023966208
2016-11-22,1624009.4002789534,1753788.638959912,1224281.1458014038,904271.3407791004,1775762.5657442422,1443368.0002717266
2016-11-23,1635505.402880577,1766329.3624782835,1233015.719829419,914082.1383949354,1795503.4420764542,1451323.0858468867
2016-11-24,1646056.2117032087,1777330.529394177,1239863.0667129226,922729.242143526,1786987.7532726452,1440950.943122207
2016-11-25,1665224.1425885237,1794745.1736049925,1250720.9583479795,933438.2454394244,1820774.402380822,1467221.39576827
2016-11-28,1666737.0838421858,1791186.9318676267,1247379.9578049132,932868.8927947466,1829767.805195418,1470901.768172187
2016-11-29,1659150.5385235823,1783656.5037670408,1241251.1965308592,930234.0244664592,1841612.6284579036,1473427.7638871728
2016-11-30,1673113.7218579329,1798149.261137036,1251377.8227973387,938741.3919972819,1863495.2372579754,1488689.349836684
2016-12-01,1649036.5271786726,1772310.389173535,1233275.679952185,926052.865080778,1845976.752958781,1481552.466972341
2016-12-02,1627454.3319577253,1749709.693281201,1217454.2891974852,911341.4656781596,1816754.0958868805,1462275.2635328409
2016-12-05,1644141.1460446394,1767207.2116070066,1229702.2757392332,918168.7801961345,1833999.7936922442,1470810.2149558465
2016-12-06,1645684.2070035017,1769214.2194958006,1231095.587422888,924863.5281819743,1839849.1196998658,1473593.6915002903
2016-12-07,1641323.6613873518,1764755.084333447,1227977.700490515,920958.5540453296,1831261.7338260778,1467143.2355044647
2016-12-08,1672026.8270520247,1797487.065343884,1250819.882016699,936635.2919641833,1863957.7050185075,1493348.4570622626
2016-12-09,1681185.7916668928,1808149.5043010984,1257774.147911456,944338.792057704,1870196.2102952702,1494793.8224029394
2016-12-12,1678310.6561841047,1805303.9297313963,1255773.7545703915,938747.2461363783,1842039.0156051465,1478015.319047245
2016-12-13,1665369.2450055159,1792096.1194973264,1246490.4991382626,937131.6324060672,1842689.6294183915,1484565.7092207756
2016-12-14,1643760.2981213606,1767710.2823391233,1229743.9307407406,920854.6444414371,1827404.2630743396,1476389.1789350987
2016-12-15,1648737.424075035,1772738.4640636717,1233464.3403705624,921964.4559953272,1826468.3632171294,1471639.7300060305
2016-12-16,1628357.9381894148,1750692.0405178342,1217039.5945193078,912128.5370996058,1817194.0687908016,1469076.2953020337
2016-12-19,1616744.5499142683,1737932.6078548704,1208148.6711107995,910073.7218606531,1808131.2394784188,1462165.3076522388
2016-12-20,1608499.191676048,1728604.8965587888,1201487.3901418443,904046.7762202286,1790503.9400688577,1456854.0178871655
2016-12-21,1618049.046427635,1738080.1784725462,1207169.32686245,904698.7607798452,1786987.1179468688,1453520.9183122201
2016-12-22,1593376.8550519026,1711790.7769680296,1188065.002879426,890099.2436254631,1763109.3587236751,1436986.078622069
2016-12-23,1592545.3465832747,1710499.534864453,1186695.9075743393,890072.4869288971,1760422.5720688975,1436914.8828558181
2016-12-26,1569496.307742027,1684401.5113048826,1166864.9117823592,871587.3612301891,1722552.833783502,1421040.8269585173
2016-12-27,1579699.515681175,1692600.976293591,1172290.7886431415,875102.5458691975,1755211.9852734837,1444133.8089668949
2016-12-28,1578099.3539990461,1691042.5615215574,1170821.2924565142,872447.6527901319,1760879.3537567325,1445438.5964331983
2016-12-29,1597103.3905896223,1710979.488706616,1183340.8692226908,878294.6839776584,1781162.0231236164,1458581.276481493
2016-12-30,1602998.8573330916,1715765.8879680906,1185782.4486959635,882334.6461741833,1798998.5898651537,1473626.2244465977
2017-01-02,1608481.3531140364,1719662.767499951,1187220.4311596893,884423.0552595073,1816982.0782111427,1474799.7664598213
2017-01-03,1619318.7902554548,1731095.859083203,1194687.422532687,894154.3904874736,1826951.9089137176,1478647.018192108
2017-01-04,1615548.708460716,1727018.5201168333,1191791.3591400478,895467.2844732219,1828696.9015088158,1478053.1936896408
2017-01-05,1627870.3785046614,1740008.7603969846,1200887.9622894619,906349.1478345805,1858005.4911107565,1494518.8541017275
2017-01-06,1622773.5834301985,1734495.772817639,1197099.1844116542,904761.1330945903,1853009.1402865709,1489414.2492777226
2017-01-09,1619938.094386009,1731570.3918667112,1195037.7325226162,905477.3519666606,1853233.737312759,1488359.3158531
2017-01-10,1639807.190630821,1752604.3036861692,1209638.5345627163,910889.8534620219,1865665.4658904034,1498784.237163093
2017-01-11,1650991.0209378279,1764583.578802136,1217933.1849228237,923814.7899358683,1896033.0682985194,1515813.9164889138
2017-01-12,1658228.4939374006,1772144.846883801,1223207.4963928554,922824.5049360209,1895734.5414884002,1520693.4860985745
2017-01-13,1656078.3079937971,1770055.366086987,1221733.188256869,920705.2251127177,1892245.2241886887,1519922.8517673418
2017-01-16,1662235.3597821272,1776450.8799190794,1226194.8651672695,926408.3269689494,1902608.5413665927,1523379.4551395357
2017-01-17,1667613.2423428572,1782307.9451122556,1230227.2651382778,926930.7397916728,1903461.31098736,1521018.103025248
2017-01-18,1665709.4808987654,1780247.1234035764,1228742.2082382534,929180.525386613,1914759.5292911346,1525430.748096949
2017-01-19,1683756.7864026106,1799428.7358989988,1242069.5628143642,941297.6693571025,1920438.1947282795,1529030.894671569
2017-01-20,1668182.7171200789,1782972.2251186643,1230685.2587906215,933085.9272077495,1889942.569773061,1512306.676467077
2017-01-23,1680502.9998120344,1796142.2403011594,1239808.8874603603,943003.6209333354,1906088.4513554687,1520996.085244411
2017-01-24,1705588.938967613,1822750.4099025999,1258308.887452731,959272.2806318217,1929277.613487153,1536426.2794374684
2017-01-25,1738012.0961102522,1856802.71509364,1282048.6923614834,965995.5957563334,1954308.1463258583,1559003.958743046
2017-01-27,1740864.2672604597,1860054.8566036497,1284235.5990921352,974160.1052778178,1968174.6997423407,1566187.411690237
2017-01-30,1730806.9007901228,1849404.676961926,1276832.0951553676,972019.2818220073,1972378.970708546,1566361.073971982
2017-01-31,1711420.508524803,1828869.2897243772,1262576.1295868251,958471.4357603007,1943939.5833581134,1551425.7981551809
2017-02-01,1757440.4019574202,1877450.8490124021,1296380.7993255947,984578.2444951945,1988384.9341701188,1580282.1082607643
2017-02-02,1751658.5355710066,1870969.8328075681,1291849.2072311733,989924.0471303874,2001195.4151945934,1584969.720641853
2017-02-03,1746215.086398033,1865621.4035396848,1288073.3817612026,994493.710769456,2017858.501021955,1586258.5421049977
2017-02-06,1760482.6536435164,1880593.619680432,1298467.0711532924,1001290.0888402873,2035311.5307522751,1598291.0421240146
2017-02-07,1747063.2108487166,1866162.7523098264,1288454.7593551967,993549.898887437,2023892.8498637606,1592742.611856968
2017-02-08,1751776.4363125837,1870232.685064343,1291359.1499039028,1000916.625461381,2036724.2038588622,1594175.0000472914
2017-02-09,1747551.0137356794,1865662.3104610716,1288187.0895706508,996314.5801771098,2041524.9227174183,1596413.9669899398
2017-02-10,1736011.12575045,1853297.9245510374,1279572.6115738247,990942.1694715434,2040536.5324860974,1598071.05660549
2017-02-13,1735888.6520947493,1854526.9348964964,1279848.4307909077,995124.6362612369,2033579.261874332,1599893.1300672092
2017-02-14,1741501.4877804792,1860646.9332027708,1284034.3802766865,992655.528320563,2022924.573611447,1595404.7550938232
2017-02-15,1735884.9826764143,1854919.9028988157,1280126.3879594868,986844.4011423709,1994245.4796022563,1582072.5912630854
2017-02-16,1746190.564977745,1866527.980566052,1287576.3890034496,995543.1492359054,2023832.0140711598,1594839.616932348
2017-02-17,1760139.8608914413,1880783.1416454588,1297019.7248087688,1003571.68114004,2032453.3340899688,1603290.5142144167
2017-02-20,1769382.7543393173,1890634.8164425169,1303857.7653895183,1011319.3947141304,2048767.8981182906,1613688.630942123
2017-02-21,1778283.845609764,1899850.103284863,1310150.8954401775,1014344.5902745858,2062821.6971353232,1620336.8970923906
2017-02-22,1772448.2813397446,1894606.7568874632,1305719.716348422,1004138.3748929634,2054465.419795599,1621524.2040907906
2017-02-23,1769397.125463585,1891381.9452801023,1303515.7735841398,1006979.2091291085,2056982.3217842176,1622448.334712672
2017-02-27,1756077.9341259995,1876910.1614589964,1293571.854944003,1001074.9134976998,2051494.4772858694,1615668.5523022702
2017-02-28,1756740.2024746933,1877558.5519695554,1294026.252450717,1003942.9634664193,2059325.483803371,1614331.0771724202
2017-03-01,1759267.8254162825,1880796.3949550902,1295326.0451804074,1000824.1040212114,2065962.5943547098,1625121.0471685948
2017-03-02,1740398.4997784651,1860015.3275493896,1280484.777369517,989829.5248444594,2037690.8909517648,1614170.991895879
2017-03-03,1746124.737807945,1865517.1851009643,1283805.620600957,995315.5489917092,2046730.75095347,1613698.3756273396
2017-03-06,1752632.57859774,1872314.7745479858,1288091.7271523569,999737.5105090432,2060023.5491958968,1625165.0741547532
2017-03-07,1749466.4733960188,1868895.7251934325,1285762.754518995,1002921.813083201,2055071.8890905096,1622399.5331871267
2017-03-08,1749983.5772549666,1869643.6013531005,1285866.587353807,1001921.1741552348,2046281.7353111347,1618069.480020746
2017-03-09,1738921.3964001692,1857675.0632519042,1277172.4259138464,998093.2033755684,2042371.5548924233,1618271.0226069384
2017-03-10,1737203.0243832625,1855425.313152722,1275788.12118057,1001166.0395114326,2040623.0893158116,1618860.8503931968
2017-03-14,1761789.2328259505,1877318.2615551269,1290340.3124626235,1017517.6713783235,2077189.9209719526,1647169.7001472067
2017-03-15,1762032.349403099,1877476.1757854735,1289876.906728752,1026220.8194953889,2091376.8019822072,1648581.3050129493
2017-03-16,1795732.654731468,1912887.4995769775,1314386.3713741377,1040013.7031013459,2116585.573950397,1663353.6200898553
2017-03-17,1792297.9248654402,1909455.059498242,1311964.1176624373,1039925.0821601838,2111984.779315192,1664179.0693062248
2017-03-20,1795709.0374359197,1912315.470429495,1313413.7674083947,1042213.548044064,2113684.8703489588,1659191.8286448088
2017-03-21,1796743.5823959417,1913676.1366358548,1314279.9809818505,1044045.8293856167,2102895.873242197,1656815.883910994
2017-03-22,1778324.020773322,1894608.466950491,1301156.5971241235,1038550.7068117642,2080324.0716368672,1640448.3189662162
2017-03-23,1799726.3875106878,1917608.204629019,1316088.6345583315,1048482.4140108608,2098039.7008728394,1651638.9000427115
2017-03-24,1806053.5536178655,1924623.1066523343,1320807.7223879213,1047478.4071138882,2103133.418907947,1655580.4162773688
2017-03-27,1803761.7966293402,1921883.8613367826,1319001.5873323793,1044083.8277681851,2093647.6430491142,1644974.537573835
2017-03-28,1809201.3257431097,1927704.8293543607,1322952.6819864626,1048982.161096432,2106779.1628035796,1655500.5957079066
2017-03-29,1806565.109182746,1925024.68873699,1321073.7666040773,1052602.0811861537,2112961.5778488563,1662506.6583721417
2017-03-30,1823883.870649726,1943652.7884913236,1333836.8597818727,1065214.0436342738,2114697.049719752,1668337.9091572345
2017-03-31,1831365.6299575872,1951218.556191519,1339116.1997782106,1066076.1411684535,2119772.299239074,1669706.470332773
2017-04-03,1833558.3132843084,1953310.9927225858,1340681.0223184938,1067091.9242952846,2130268.676134811,1680534.7698465928
2017-04-05,1852507.6500534124,1972894.736306265,1354052.176649701,1070563.9445589564,2147218.2041782266,1687459.246309905
2017-04-06,1853678.2585815496,1974411.6553660184,1354903.400000226,1078424.7815493129,2153246.580321627,1687833.5526974592
2017-04-07,1848924.806547553,1969090.1689997464,1351369.9739519472,1073006.3519686244,2139765.673040773,1677990.4144537079
2017-04-10,1865072.4666885443,1986185.7788935453,1363076.5634218568,1077468.0288485072,2150151.3544137646,1677313.92181479
2017-04-11,1867259.0551666326,1987566.9118204862,1363114.113880359,1086975.4348614316,2168430.60817861,1688080.460181068
2017-04-12,1860525.3335174627,1980725.2899180204,1358349.8705331911,1080691.671601544,2160690.027577931,1683379.5957839133
2017-04-13,1839823.5045990057,1958849.7453318387,1343227.6726572146,1080180.709000836,2146623.9284751834,1674850.815191506
2017-04-17,1835591.8589386053,1954498.4073344022,1339303.3773968148,1084127.5956585507,2146708.2356603765,1672445.2517173234
2017-04-18,1827146.507429511,1945156.9163752347,1333199.9304287361,1074070.126740704,2131653.0214135726,1664292.1479476793
2017-04-19,1842382.7694992132,1962572.0983362943,1344632.7684487752,1083902.4725671245,2142957.252844383,1665822.7005252508
2017-04-20,1856765.7877734248,1981183.2141166737,1356347.507414164,1092974.0033666599,2159135.518242892,1671826.639746882
2017-04-21,1860251.7629626337,1985486.5609794667,1358907.7085173745,1091877.7300359714,2156012.5287436717,1669827.871480069
2017-04-24,1869425.3250582758,1995596.244504552,1365618.5422461648,1099236.0720617282,2176908.9765736726,1687195.55472938
2017-04-25,1876630.1817782465,2002616.7462135365,1369738.742689155,1113020.913115704,2199942.095145219,1704972.3987525504
2017-04-26,1880867.869133288,2005335.8656974842,1371416.845865101,1114683.0966484188,2198940.5382161443,1711312.6958339915
2017-04-27,1887752.0333788935,2013890.7588249256,1376214.7851993428,1112955.2842840399,2194710.435350853,1708476.13416891
2017-04-28,1879626.4607317988,2004875.7224021961,1370213.3134433613,1106081.6574987615,2203403.463761269,1703080.292670542
2017-05-02,1892535.1378863398,2018633.4863487293,1379491.915967165,1110851.4462255682,2210078.497857948,1705975.3026818794
2017-05-03,1906859.4283373896,2034271.8503166249,1390060.9030353413,1120406.7403539862,2206919.849897055,1705504.795011612
2017-05-04,1909458.3085177485,2036355.3013282826,1391679.403329073,1124591.537885114,2218818.6479479987,1713725.8269955856
2017-05-05,1896079.849792773,2022150.0887580921,1381961.6143962727,1126374.870648786,2196777.228729873,1698347.711380288
2017-05-08,1906054.0108950678,2033553.792615514,1389356.5180065022,1131630.765973493,2210113.482286121,1703931.2438421415
2017-05-09,1934522.311332995,2064555.2878471424,1410446.5308658467,1138293.0270513739,2209385.1717342045,1706553.1212108522
2017-05-10,1935185.966942126,2064782.4922843983,1410660.9473163472,1143018.5792516912,2229767.730658058,1724003.8455724395
2017-05-11,1932025.7586825434,2061437.0678993275,1408102.291421114,1147298.70987646,2239040.11734946,1726750.5842892805
2017-05-12,1927083.0749972407,2056847.880796056,1404706.03038138,1135843.0543741407,2226812.18605849,1722129.882906318
2017-05-15,1938354.8982317988,2069217.5713401844,1413108.7984287129,1143932.3843912305,2241360.978189674,1731289.928683714
2017-05-16,1938353.3774416987,2069118.644544225,1413008.2395793782,1152186.3826364698,2254907.7311331,1741487.631852963
2017-05-17,1927907.4176638667,2058471.0735908558,1405539.0882045613,1161932.216391963,2256715.279377079,1742184.018947673
2017-05-18,1903786.33181029,2032630.6655326893,1388141.2656833516,1147323.7677377881,2210392.30017812,1721616.477580604
2017-05-19,1876932.1826403681,2004077.376561742,1368500.5151416645,1135563.752128047,2202422.904938127,1719755.4894012932
2017-05-22,1856529.247032458,1981512.3423210194,1352297.0762660792,1120155.4489053907,2182491.8184787855,1719016.2131719922
2017-05-23,1844475.0668471043,1965605.5031920853,1340492.3314372394,1110430.7069198685,2150623.156871932,1707365.9612690753
2017-05-24,1840920.3683912938,1953953.5514403763,1331854.3916941434,1087201.1230957108,2125023.071910176,1699493.1670866236
2017-05-25,1860646.727094907,1975497.3105651322,1346413.348313406,1092702.7338470663,2158917.123524934,1725049.4330183323
2017-05-26,1871472.303846616,1986579.0169249955,1353549.4139509136,1095105.8072723593,2188864.2210862786,1744439.776833483
2017-05-29,1864968.5101301854,1974528.4006682816,1343672.3417965618,1084724.329855462,2165675.5811715294,1743468.575224851
2017-05-30,1874056.9374830907,1984387.4063750687,1349266.7636240895,1087502.3150922025,2185654.748059718,1748442.3432028457
2017-05-31,1867724.2279951756,1977504.992877144,1343262.958772238,1090395.3287705984,2197233.8484836887,1749043.3469707433
2017-06-01,1866519.6613600438,1976785.0788299027,1342429.699235495,1098473.512104949,2205321.9315571142,1750141.8736163075
2017-06-02,1869799.2352507298,1980306.8529998246,1344805.8786254486,1104975.5592546072,2219801.1342502153,1757527.736554554
2017-06-05,1873545.5525191014,1982225.004367012,1346211.25587612,1108610.123646697,2231063.707614506,1764577.9785211685
2017-06-06,1854701.7060225194,1962823.3543883744,1333000.7962203582,1106183.0888719168,2218708.4005730464,1756719.5331738386
2017-06-07,1867993.8337004369,1976697.8829375687,1342457.3451171478,1110191.5188188162,2227791.8933316697,1762463.3099363977
2017-06-08,1872304.083334226,1981399.0171538773,1345718.3465209564,1111290.9529008474,2228186.3385170433,1760819.6554888135
2017-06-09,1885736.0540915097,1995869.4364308831,1355525.8681598653,1116957.5816545095,2235085.814366635,1765066.496726271
2017-06-12,1872922.5578833187,1984956.0756062982,1347440.954836932,1110119.07648178,2221035.479486805,1756651.1576131906
2017-06-13,1871148.3097982968,1983137.4600820062,1346083.524027911,1105918.648610076,2220523.4127380913,1756049.506979118
2017-06-14,1873046.4041967953,1985139.269484472,1347411.0301543148,1104555.8148545828,2221179.4046696336,1756961.6606861039
2017-06-15,1863498.1450872982,1975126.045882177,1340570.9524718197,1102849.8177537527,2219517.0301923105,1750572.1292930434
2017-06-16,1865178.7046499813,1976927.422545385,1341811.3199110897,1103246.9108171072,2222960.537056147,1752868.7364648178
2017-06-19,1890851.634116229,2003201.594130468,1359128.7752084264,1114388.0617311012,2229875.1473711473,1764591.7514615585
2017-06-20,1890623.3851461972,2002716.0102376458,1358840.4675225744,1111692.0144593727,2234200.498431878,1764918.189247325
2017-06-21,1883190.744345721,1994892.6730489251,1353612.0483560094,1107097.6833131325,2227885.352964408,1761931.4981064603
2017-06-22,1870899.9330587948,1981839.5930623529,1344745.7014703283,1099335.2098023903,2214657.4464009767,1759834.6104143667
2017-06-23,1849656.9759817685,1959200.8200978753,1329499.6173181066,1084709.4253633034,2187266.127706616,1747825.5996074448
2017-06-27,1836072.4541311825,1945613.9779500482,1319729.8175561042,1076130.5612900336,2168631.602371067,1736037.126918706
2017-06-28,1835979.7159643734,1944514.8244771478,1317571.6121164984,1078483.3125093095,2178429.1013974114,1733656.3035181346
2017-06-29,1849267.2188253964,1958892.6937551019,1326804.8977756945,1078668.7619421766,2186254.900981249,1736677.7375872137
2017-06-30,1849436.2650473202,1957514.4829823968,1324496.2639331035,1076455.3672010545,2193738.2244208357,1741478.511663299
2017-07-03,1856731.1843741024,1965890.957576513,1328770.174387334,1078541.8949468855,2222912.9891359224,1759435.5352864398
2017-07-04,1858610.5820181454,1965872.0032765863,1327844.9746229465,1073358.2533693113,2215318.6059803655,1758744.4015004106
2017-07-05,1876248.2547781551,1984904.9824025629,1340415.4008314426,1077968.5010558881,2237934.2428338565,1764707.35753894
2017-07-06,1882715.1463492,1991790.6333882806,1344996.3011762912,1083685.321269206,2247553.6144579654,1772254.8214587243
2017-07-07,1885098.9680960262,1994610.849803686,1346482.637348712,1082623.5572155346,2248645.7610112987,1770936.8419807402
2017-07-10,1905022.8179800594,2019201.4166829584,1362932.089399324,1100040.9077862133,2276283.4886089754,1789662.9498312047
2017-07-11,1896568.831102618,2010091.082729101,1357036.7399730545,1091441.8127468457,2266566.2248770194,1790232.1069519324
2017-07-12,1909131.2405874813,2023405.7349660394,1365956.688932405,1104613.8086269726,2288826.8891542177,1797432.260257173
2017-07-13,1919380.7295706356,2033991.2831380365,1373252.53262137,1105649.8209484448,2300544.40512536,1812509.5336155838
2017-07-14,1919160.0768759334,2033927.4365041254,1373119.0120220047,1108687.9966534008,2307144.8617961644,1812751.5921608105
2017-07-17,1922075.271501788,2037140.269496679,1375318.0337581497,1114166.1274364819,2318498.354678507,1817808.3016390167
2017-07-18,1911207.2618582333,2025371.704540014,1367653.5640544754,1111544.448767192,2310500.257888563,1802370.1413057134
2017-07-19,1931693.8838522518,2047020.560451269,1382263.9440593582,1129061.668135173,2334877.2021529023,1817354.3967924942
2017-07-20,1914438.2969992245,2030284.7234761713,1370293.2966624112,1123695.9356827803,2328009.256370485,1812527.5167426048
2017-07-21,1902941.1004660213,2017911.390376806,1361896.3306132169,1113974.5826935836,2330265.3676484637,1819805.1036249932
2017-07-24,1915526.3254873836,2031479.2575948236,1371105.7124873013,1116629.4697175093,2333605.5394337066,1828280.4658719813
2017-07-25,1921928.1203482235,2038504.1695210931,1375838.2840815396,1130744.36496601,2343931.9665837577,1828802.2879026874
2017-07-26,1947572.2804434383,2065703.282008886,1394232.6926661343,1133803.419500922,2349432.799047539,1837777.581262334
2017-07-27,1945831.0042593563,2064156.7299611566,1393239.6821680875,1123960.7217851628,2336752.1167199793,1836447.7639438945
2017-07-28,1927269.2953512752,2045109.0258443353,1379922.4719626429,1116584.4951463689,2340895.2198845954,1837367.358635799
2017-07-31,1943068.509569415,2061145.377574682,1390270.619969633,1117299.869200324,2347734.871791552,1848823.2771620469
2017-08-01,1929661.6670096004,2046969.0097768304,1380598.0380909708,1117548.4973512639,2358987.4884480466,1854105.00265212
2017-08-02,1921818.9731924618,2039511.497295141,1374787.3845943168,1119564.1196360246,2356396.8038540757,1847662.5996834445
2017-08-03,1914387.5432455624,2031901.571223974,1369737.2620052055,1110382.3543185387,2341082.8602381484,1837773.2031827397
2017-08-04,1912661.431368121,2029007.7159535883,1367761.621525164,1109366.251504818,2358622.4179703086,1849367.9093338058
2017-08-07,1937123.8974936092,2054675.4067876337,1384149.0517174723,1123507.5875713716,2372171.00528364,1851894.3341333636
2017-08-08,1917702.564061492,2036300.6377422241,1370439.3515197318,1103426.703685335,2344849.679238473,1836080.1824799443
2017-08-09,1908121.4511922293,2025452.9878932862,1363132.0098296683,1096337.8018603837,2310690.5988648715,1820056.0588691882
2017-08-10,1855401.7905629568,1969799.0954219727,1325595.5264770072,1054872.589999727,2251047.9556509773,1798711.2195054165
2017-08-11,1843832.72928366,1953916.763627234,1314161.192582425,1039372.2417153236,2235425.01664811,1782235.9634302468
2017-08-14,1859736.9887898855,1970523.9178707032,1325316.339143094,1047255.149384391,2283053.456229066,1801323.8736872724
2017-08-16,1866782.7188924246,1978172.0933315186,1330473.7870648468,1050983.066250711,2307146.471784681,1820080.3594526923
2017-08-17,1865530.8771871023,1976703.2038890747,1328533.0667508498,1054187.9468506447,2308478.6647265693,1820961.6345573717
2017-08-18,1862370.6577809744,1973819.1444255738,1326160.8886907892,1048421.0442028485,2298529.565769487,1810074.6850444898
2017-08-21,1850669.2700246267,1961585.415314856,1316951.6683383442,1042498.2931642561,2264533.460554969,1792655.3332585124
2017-08-22,1853409.0812428885,1962588.7258769898,1317054.2738211732,1044076.8906526595,2255815.088702181,1792886.1559565144
2017-08-23,1880903.034840911,1991947.8204509644,1336846.3255332094,1049976.7706480748,2287265.2836665614,1810199.758340507
2017-08-24,1890710.6439717703,2001945.2972270872,1342705.0690529053,1048899.8642876297,2297583.4405783336,1813752.0213679974
2017-08-28,1906908.6999410086,2019283.4654704954,1354205.2090828125,1051028.7275150723,2317899.6048462177,1825166.3436451352
2017-08-29,1887637.665623992,1998921.3599254515,1340595.424826831,1041012.258624983,2289945.6859595864,1803931.7554332812
2017-08-30,1925591.4191335135,2040705.1400768189,1368078.0279128836,1051783.2667789813,2318620.6751507013,1821946.36923227
2017-08-31,1917215.9812825613,2031241.1329662232,1361216.3694671951,1050660.998494666,2323467.9018297438,1827061.0924300253
2017-09-01,1923002.232358306,2037434.3934490113,1365410.6136383377,1055621.4832969888,2352464.0353590464,1838739.0671858264
2017-09-04,1894006.1119664602,2006568.3443309693,1344734.9832367264,1042032.9950767738,2335907.890932533,1827575.998743579
2017-09-05,1911652.4749959402,2024676.3887035279,1356895.4801849686,1043917.5133262855,2351294.2378913183,1835330.0083649552
2017-09-06,1922879.9085439139,2036557.5225078491,1364907.874182161,1041395.9559434727,2345305.7737480425,1830130.8610540943
2017-09-07,1927896.477564678,2042202.1000799448,1368098.4574826257,1037641.6716596738,2355298.4195849868,1834651.444424606
2017-09-08,1921714.5073116873,2036784.0717138557,1363412.3039278889,1032893.8336488614,2343573.200156858,1833256.689750544
2017-09-11,1939780.0583065604,2055986.123349598,1376312.744021883,1050077.9095460782,2363494.9357238337,1846807.6174174566
2017-09-12,1960028.3724163626,2077420.3093771248,1390712.8681445026,1062112.049102963,2391955.9197747703,1863004.742609215
2017-09-13,1939852.5088604544,2055957.817716053,1376474.1147951984,1055749.9494020352,2383299.106649427,1859838.3509411654
2017-09-14,1947874.5250729178,2064474.4981283455,1382209.0354876423,1054633.518783749,2394454.0586560424,1862128.2095707133
2017-09-15,1944012.2175320243,2060476.0085882454,1379464.4384951496,1052526.364776791,2391521.1716345223,1861246.050164814
2017-09-18,1947049.6392881765,2064866.9150124618,1381441.382883375,1059007.451235552,2410455.3455331977,1873019.0003847675
2017-09-19,1961955.4048216238,2080711.3064690658,1392087.844072645,1063628.9089687064,2414413.2894581817,1872960.622515798
2017-09-20,1958214.3329985037,2076980.777660472,1389634.1779654673,1062105.7965419486,2408180.8553094156,1871132.3576729507
2017-09-21,1953227.0332777395,2071980.6348382065,1386477.7463095835,1061953.205584307,2397677.050222022,1866243.077084323
2017-09-22,1904625.0003569021,2020636.741420848,1352041.627062147,1043042.7851436331,2339356.40018649,1834073.160974982
2017-09-25,1871615.1122496023,1983547.5761605331,1326702.9353198353,1032249.6701991751,2306480.199357038,1816056.8837828233
2017-09-26,1894684.7216429128,2008758.7729256698,1343144.6682402273,1033648.9469607058,2313635.9452706757,1816538.8254590067
2017-09-27,1868650.8359083547,1984267.8027566024,1325355.7475716495,1018777.1923986662,2270281.319462965,1790139.9661076383
2017-09-28,1870203.9165968313,1986257.2465432235,1326795.36979455,1019346.9531713712,2277536.5255448706,1796140.2972539186
2017-09-29,1889455.373254241,2007732.977698619,1340636.4325189078,1026375.7032996316,2294238.7307741023,1802521.1647116055
2017-10-03,1901768.380372466,2021829.929374034,1349620.3997194774,1031551.3792639871,2315259.811129317,1816333.1395252862
2017-10-04,1905072.7645735159,2023778.6296608993,1350076.675099964,1030990.834690691,2323573.5783105115,1825606.8891344008
2017-10-05,1912578.155625762,2028820.709250743,1351424.0432850113,1038557.414108272,2331570.9267068924,1822304.9877124787
2017-10-06,1922085.1407484426,2038942.4072793075,1358163.7082172623,1058185.6016235307,2362807.365811444,1838645.9093083148
2017-10-09,1923271.12918991,2040040.6959298202,1358834.6926990738,1054571.2011260942,2361431.4193612467,1840459.8156287104
2017-10-10,1940215.8320402517,2058051.7566903182,1370929.8773761978,1060983.248886104,2375147.38881198,1846493.3150521049
2017-10-11,1940949.4388441457,2059282.574057872,1371250.8582596537,1060610.1783142046,2354299.5753192203,1839703.182251991
2017-10-12,1961919.887834014,2081425.493247325,1386032.4926285502,1064877.22436523,2380894.4487545663,1860193.2345912925
2017-10-13,1950913.7095884695,2069709.4836190292,1378133.1187119242,1064903.2030029253,2392835.4550193595,1871773.7763757203
2017-10-16,1957407.8186354055,2076412.9425881454,1382740.9324326273,1073122.545104976,2407322.311714209,1882513.3200590424
2017-10-17,1952527.3218321218,2071222.371070201,1379264.452345347,1082405.495620723,2421277.338885628,1884389.170335403
2017-10-18,1933180.8122801199,2050955.8122323104,1365742.3957657572,1079056.190658565,2412716.1710784086,1880202.2015997928
2017-10-19,1924834.1191191091,2042122.393927867,1359899.07365272,1068735.5446472124,2395816.073722269,1868628.9926700187
2017-10-23,1928271.5533766164,2045191.8643105575,1362228.732008433,1077366.2861633257,2409654.248853419,1875833.3630349892
2017-10-24,1922653.963426055,2039655.4104683944,1357448.1733743013,1082454.2117853002,2421693.6381948907,1878794.195508919
2017-10-25,1951144.2688002004,2069735.1072304794,1377875.9259682954,1084401.396615012,2477454.9330918505,1896220.4267762555
2017-10-26,1970142.3863615408,2090476.5328057357,1391634.2773324312,1092952.1333780126,2491416.3383382354,1904810.3422584254
2017-10-27,1981605.423455657,2101694.6857827255,1398715.4969588278,1100084.511132224,2492482.7765415446,1903645.3985421075
2017-10-30,1995486.3870176687,2115938.4521401473,1408230.0924788474,1112533.4526605443,2515217.3563307035,1913190.7891609678
2017-10-31,1982391.083611907,2101954.814948375,1398697.3085585593,1100979.184243186,2514311.7711104457,1909478.17057428
2017-11-01,1993491.6425871267,2113454.891585643,1406313.585856533,1102674.1632089452,2528205.580880339,1928906.936472827
2017-11-02,2029247.1189207449,2151447.622306163,1431476.3782149313,1117880.48220156,2535156.593211713,1927413.768149848
2017-11-03,2011089.0474943533,2131979.9136040756,1418493.1251631735,1109923.64802645,2539207.9774267864,1932553.6015590185
2017-11-06,2008172.9010939016,2126240.5628350326,1414528.955424404,1106966.8309335546,2543346.0789714917,1934648.8130242405
2017-11-07,1982630.3354811086,2099539.1923592635,1396824.6311903952,1097674.7288141088,2501511.2437106646,1914083.5526763627
2017-11-08,1967089.7607740774,2085104.4885171005,1386512.921633063,1093132.510415061,2491620.7699748264,1904320.5667589828
2017-11-09,1962123.2763609304,2079072.5556176254,1382535.006624518,1098607.0832528905,2502789.942016385,1907167.1630539962
2017-11-10,1951267.954629363,2069107.5388482162,1375260.087303516,1087698.5344705419,2497781.8731509238,1908443.224558826
2017-11-13,1948673.3903059377,2069970.8299096175,1375094.3569579602,1089367.2786056073,2476767.520867188,1891191.7794435516
2017-11-14,1940153.594422759,2062181.2481606551,1369507.1972656655,1082886.582786392,2468411.5862334124,1884263.5960434799
2017-11-15,1932855.924993743,2055615.9211937971,1364325.0896764304,1079135.445146211,2446370.6034458545,1870208.9728214478
2017-11-16,1933709.6759397879,2056299.8987328596,1364348.5756861125,1084113.1060657536,2471613.742266787,1888609.412179044
2017-11-17,1950746.007780303,2074149.6255852766,1376136.606325761,1089447.653642658,2489756.048843281,1903336.2263661327
2017-11-20,1952722.8462110893,2077451.5371270247,1376762.640207487,1085857.1659849882,2499736.3652842916,1905998.0491343467
2017-11-21,1948942.867283477,2073929.3033928939,1373931.6183758161,1083678.5238951445,2505468.840202723,1910908.8823712463
2017-11-22,1950494.0486036674,2076352.983934886,1374993.1930405407,1081736.1033934355,2505286.2611346385,1912916.026165399
2017-11-23,1950972.5274702446,2076477.9532113143,1372530.1496308206,1075010.0085032966,2508136.299562078,1913778.7427768605
2017-11-24,1955524.1379438774,2080836.0321984359,1375410.2984955667,1088985.9953883125,2519399.944421299,1921374.2334016904
2017-11-27,1964160.638554229,2090001.2868752547,1381494.7679932474,1095881.1992915107,2529570.724370514,1923670.8534813013
2017-11-28,1963553.4519392387,2089620.7355828353,1381260.3010971902,1094116.8248713447,2523479.8612702773,1919459.0974256094
2017-11-29,1973510.2533003227,2100139.4870400494,1388300.3008530496,1102133.0216486885,2519691.674947625,1917983.338453307
2017-11-30,1954610.174503936,2079643.6905312606,1374777.3140213846,1090312.8372614814,2492767.713747114,1894196.0075748349
2017-12-01,1952548.9864698783,2077813.4434685775,1373539.2152741312,1075211.2207453682,2458466.029152005,1874845.8694398166
2017-12-04,1942189.702137603,2066790.6780037947,1366208.1613343118,1068765.092724128,2457243.3796240273,1875981.4922895627
2017-12-05,1954370.6018110649,2080217.3640542098,1375141.0096390604,1074303.2967341377,2458750.0775552182,1874668.0714010112
2017-12-06,1933491.0452925102,2057599.4619774886,1359671.9016482607,1060322.7164925332,2431972.9657882648,1860141.452084384
2017-12-07,1952103.500889434,2078457.618486888,1372486.6019046002,1063363.5561496755,2475450.072145863,1884115.8057571386
2017-12-08,1968543.010868682,2097216.933443553,1382014.1757064054,1067165.1729859405,2501570.5432580146,1902503.2421365802
2017-12-11,1969520.3488813774,2097901.043032176,1382473.1214461515,1068979.7789734893,2509368.386526193,1912169.3053772117
2017-12-12,1963762.2255140678,2091419.35170222,1377159.981000247,1060197.2480308143,2486606.392623065,1896315.5155459018
2017-12-13,1949964.0917555229,2077012.0785889693,1367230.990879138,1053993.25957635,2464739.3840124416,1886001.4667994196
2017-12-14,1954044.689045562,2082832.1926827498,1370561.3537325244,1054570.3125357921,2472097.0749425353,1895362.1862781816
2017-12-15,1965617.969929351,2095059.9776940413,1378677.6739458423,1071664.824040919,2502282.146257561,1910504.7891115893
2017-12-18,1976035.2185102836,2109315.1192307537,1387176.681957379,1079594.1629764396,2521060.1293996014,1921927.7509846576
2017-12-19,1992027.8618208305,2126034.8376832074,1398200.0551492125,1085094.3563247658,2557838.256842239,1937857.6563679336
2017-12-20,1986558.7068678276,2120264.936766154,1394378.198299542,1075730.4309860207,2560760.2640173836,1935051.7972019361
2017-12-21,2001140.2402387992,2135958.9294877117,1404760.5685693175,1082716.0856643654,2575018.8485534843,1935827.526053987
2017-12-22,2010943.604542388,2146420.3102250164,1411706.6974603087,1092730.9856124856,2587906.1868536714,1945462.582192646
2017-12-26,2013529.1809584037,2149150.5435547894,1413496.8936349303,1105311.105702906,2606200.295899698,1952804.9140199183
2017-12-27,2006439.4166761772,2141688.436682231,1408567.7988473326,1105600.500875025,2600898.529823137,1944922.8464857247
2017-12-28,2004184.9064070121,2139153.3499436444,1406902.8712884337,1111773.2922416022,2601207.9015627243,1942990.0460046532
2017-12-29,2008799.1579481498,2143968.7808365887,1410062.4549981505,1117762.7170005133,2620764.562504168,1953296.0626881777
2018-01-01,2003452.3203016655,2138439.830793864,1406410.479259625,1119247.8429160407,2609280.7030579043,1937740.577871627
2018-01-02,1990447.1230360405,2124582.581800944,1397248.0717278868,1123231.5742087653,2604676.1536171744,1937992.4460708678
2018-01-03,1992504.846516265,2126548.7364945477,1398548.6703606993,1129678.4966025641,2620613.714514645,1939886.6015014437
2018-01-04,1997094.5730940239,2130741.866354472,1401335.808216229,1133714.5152335456,2645170.9445272624,1952683.331752604
2018-01-05,2014652.7965895073,2149070.927381999,1413435.788372174,1143435.5012107184,2669908.2509819567,1964950.3668787852
2018-01-08,2012424.5633741752,2146360.474417216,1411670.0745278746,1151959.1293845465,2691799.2055921485,1977259.7400552614
2018-01-09,2014466.69852127,2148643.4340882367,1413199.4917642027,1155683.2056327155,2687634.5161735415,1978023.5998345753
2018-01-10,2013025.9402967826,2147332.675024516,1412344.2775765806,1149971.9423117926,2678047.227538781,1976666.905756753
2018-01-11,2006475.5495954887,2141402.1145691937,1407384.549145055,1158011.309972315,2686070.4942414896,1979301.466679477
2018-01-12,2010780.927754058,2145973.7558045452,1410389.38993485,1171905.204000025,2687929.020424503,1984029.5039391797
2018-01-15,2003959.017460479,2138282.2325882977,1404380.7734189737,1174016.1545642738,2683862.7228948157,1992663.4363800248
2018-01-16,1997272.8829389946,2131138.131300456,1398962.5239430608,1169552.5761493568,2639945.3311781525,1981096.1093328423
2018-01-17,2005248.4694868461,2139564.6420044964,1404032.2710586116,1161012.898399723,2662686.775023604,1997070.5150421949
2018-01-18,2009671.543681182,2139484.335423381,1402914.6823135237,1141537.103166845,2620438.4331763033,1997564.4593742455
2018-01-19,2014394.739359893,2144438.0590790818,1406111.735208116,1150828.369219091,2647707.0849064966,2011992.7975201693
2018-01-22,2043751.3484754935,2175531.512555034,1426084.5570422888,1161279.6536124016,2665276.0762793324,2025529.5554274668
2018-01-23,2048956.762141265,2181354.9860962937,1429902.4679614783,1169476.9471609856,2699843.9665136347,2046038.7846884788
2018-01-24,2051881.653269805,2184794.177861125,1431057.0248427948,1161258.844249757,2687863.0045239907,2044383.5097652308
2018-01-25,2022012.9453472192,2146191.6392622367,1405147.186963792,1144395.3609631497,2665386.5499527124,2037559.4874880728
2018-01-29,2010072.6008266504,2132086.492472686,1395299.9290887828,1135661.5100720364,2659128.3396043587,2045837.3144784733
2018-01-30,1989782.0772136743,2110637.371745147,1381115.7965738291,1123119.7603466946,2645032.320712015,2031592.4865416118
2018-01-31,1977424.8042949731,2095290.2210798638,1370235.9373716393,1103934.4364167175,2619943.0565241766,2026094.3011152493
2018-02-01,1976055.4167064722,2095049.134081878,1369663.498843366,1091660.6747682644,2613274.787801397,2024767.1310754537
2018-02-02,1946573.5452770288,2060769.4550810235,1346322.05763932,1066727.543335353,2519632.987373608,1976027.7971850769
2018-02-05,1936899.2918438013,2050920.750475921,1339874.4578926158,1059219.5418679542,2516566.7367968797,1960465.8559204538
2018-02-06,1905454.435749441,2022968.7668486016,1321041.8402868556,1042543.4531985619,2474148.548254604,1929875.7846402796
2018-02-07,1903445.4483684595,2024461.4080076593,1321489.26395674,1049468.6247898466,2493135.844429266,1928962.5809391802
2018-02-08,1900249.4350475366,2023122.1397734063,1319690.407984029,1046526.2032510436,2538167.3541063755,1950320.5600393806
2018-02-09,1895894.285030752,2022743.048396148,1318978.054301914,1045170.9285089171,2535419.447893555,1930212.7793079678
2018-02-12,1888142.3193019922,2017407.0830946343,1315022.3289202477,1043348.8142816222,2566501.2573203864,1947824.0037927772
2018-02-14,1889969.1629316162,2021604.8513623462,1316727.1545042803,1039880.5685302775,2556017.6285397005,1941217.4465006667
2018-02-15,1894687.3080524756,2027351.5673646748,1318127.6995347496,1040303.2436356144,2541481.4230947983,1946071.1184626555
2018-02-16,1874073.1948322607,1998241.142865163,1296917.243317165,1021715.0630774067,2507058.36437915,1928190.6163527125
2018-02-19,1865554.972664292,1988315.400616628,1289513.9547504077,1011931.354759517,2477439.4767486816,1913393.9634048056
2018-02-20,1865905.5874409033,1988364.2989625752,1288972.5547153074,1009620.1435414242,2477585.5837451657,1912002.7951016081
2018-02-21,1877892.600563462,2000671.5327882587,1296097.2115244125,1009332.590183542,2470793.4948510444,1916621.0137775582
2018-02-22,1876946.6937641455,1999660.8647584736,1295459.139808104,996246.7829442653,2459550.7447303715,1912037.1784266809
2018-02-23,1898287.82639354,2023434.2072877705,1309528.280839378,1007120.7326771619,2505028.65492366,1933475.5012697363
2018-02-26,1913671.4269184424,2041140.6899995625,1320064.1904186853,1009149.8731744473,2529143.9781829612,1950538.8281700728
2018-02-27,1921255.4538654638,2048473.8509645283,1324367.1379899748,1006486.7192897052,2516995.330327639,1944994.1839664066
2018-02-28,1919999.3883747412,2047098.0910157978,1323504.397664047,1013529.8150921077,2513772.657880938,1934483.4835369345
2018-03-01,1904343.2929157568,2030117.4205140888,1312515.607380844,1005085.1782512874,2499273.3438585293,1927095.96977742
2018-03-05,1897614.8261188818,2022868.0241060078,1307826.5394639738,998334.5168438167,2474247.253009712,1908300.8360422843
2018-03-06,1885710.5756611181,2010269.475628835,1299633.9600114592,985733.0366192074,2445675.301417426,1888493.0077890311
2018-03-07,1872664.8957294775,1995938.684094411,1290364.3247880705,966930.2581173574,2406635.27935641,1870362.651480047
2018-03-08,1873374.1130451513,1997860.8172120869,1291165.7699560013,968841.4293175152,2415404.4003492068,1883987.5823915722
2018-03-09,1872124.327125962,1996459.0438966572,1290245.458707222,968311.2309129479,2399129.546338562,1881569.6440047661
2018-03-12,1886595.4161457373,2012376.786465627,1300091.0422591502,977848.3294847253,2434528.3487507515,1914156.5343296686
2018-03-13,1895277.164284165,2019189.785519582,1304036.9299521542,972960.0216233989,2461608.0529207657,1918748.5945956367
2018-03-14,1887942.6674885107,2011046.413052541,1298298.6759726917,973378.9693025828,2465498.943065592,1916577.2497555206
2018-03-15,1898613.006447251,2022122.4687166035,1305496.718849889,983666.4081241993,2468199.6347518684,1908732.3118648962
2018-03-16,1879345.4259876562,2001228.7787446796,1292020.0359885609,965886.1394550708,2437300.0704271737,1881115.835240338
2018-03-19,1843213.0550770117,1962668.3477907002,1267076.2018668568,951672.4272510913,2398533.9835461914,1861105.7481000083
2018-03-20,1843687.6767505957,1959921.3973359882,1264464.4672567907,951976.1792194751,2409159.72589656,1868788.081552446
2018-03-21,1851709.9381336523,1967666.2647676289,1268600.1053733237,953533.8668948564,2415929.36003035,1874762.1385897966
2018-03-22,1841898.8457569433,1956961.4171418964,1261234.9861517188,950689.9022191905,2394435.0293791406,1867607.4896240036
2018-03-23,1834017.0497974707,1944805.7533540546,1252784.018389924,942535.8325628184,2361842.7824198143,1847530.2343507183
2018-03-26,1857007.3355640722,1968361.942990285,1268038.1264221505,949186.2234115637,2400973.61210429,1872474.7129520539
2018-03-27,1864363.2784962012,1976782.108365041,1273055.9299978553,953599.6198910387,2427758.451819503,1883166.9283457363
2018-03-28,1852034.528862412,1965759.4631624043,1264999.3564984757,947219.8217841332,2396479.3233042443,1869194.510661202
2018-04-02,1884337.0072559668,1999157.3094453632,1285604.2918003497,964240.7306128686,2442298.4647410805,1890154.537470725
2018-04-03,1892932.1676563574,2008428.6784944355,1291063.196905223,962482.6734870521,2465822.572430705,1898692.8101065943
2018-04-04,1869999.4830555273,1984400.5231294453,1275647.9133664046,953139.5539802162,2427499.1390833873,1877214.870039113
2018-04-05,1908905.9461597754,2025585.919918996,1302197.6236020003,971484.5943244544,2491533.2611141517,1913398.397945791
2018-04-06,1919993.758537705,2036963.1096162617,1309547.9014950667,984188.420220803,2508370.6393063357,1917679.066924631
2018-04-09,1923984.5456775976,2040889.813809377,1312038.0852414046,981961.2326750266,2517196.1078068977,1925203.8798216938
2018-04-10,1933620.0562366797,2051058.591793996,1318702.0698300276,979005.3683256614,2522538.4076689337,1928365.1194596451
2018-04-11,1935831.159508164,2053006.747403127,1319897.8794613753,985099.2292570579,2518645.5993395722,1931143.294589905
2018-04-12,1945017.4360889746,2062924.610745412,1326243.7995358382,994451.1785673606,2511072.4346953817,1937230.798273653
2018-04-13,1953675.9148487402,2067704.6481294453,1328457.5591878784,997484.7708067405,2519547.4820927912,1940593.2501029852
2018-04-16,1966466.4852833105,2081632.5762605488,1337353.487166394,1001423.3062529075,2534071.180762782,1949422.4640504243
2018-04-17,1974949.841362412,2090274.6938752949,1342935.098494519,1003328.4653868186,2533315.604290327,1953167.7138987095
2018-04-18,1958150.2521595312,2072853.1110811054,1331724.2884359253,1002951.4313902366,2523286.371180109,1949297.2113136356
2018-04-19,1963488.2074817969,2077302.3254060566,1333741.7106583104,1021814.4317106712,2540798.9393338654,1957538.8411380777
2018-04-20,1972556.4514087988,2086688.3340425312,1339727.2619583593,1021890.1030973899,2528026.3142745933,1956109.4819372422
2018-04-23,1999340.5664600683,2115366.7410859885,1358215.0951797948,1026392.3805479514,2537495.218208857,1960804.8514395293
2018-04-24,2000676.8670276953,2116801.926449758,1359093.571009873,1028447.262307595,2536361.710506138,1965972.453780887
2018-04-25,2007044.0974964453,2123638.3937043967,1363495.3547012792,1024297.7985777366,2519722.5992712486,1958489.3931567473
2018-04-26,2015702.8252491308,2132590.033078176,1369268.348414658,1031516.4860624778,2522859.5407772916,1965290.8767129953
2018-04-27,2018928.7724537207,2136349.3215913596,1371687.541926621,1036276.5141081321,2544981.0846633515,1978880.472284071
2018-04-30,2026668.727867539,2144522.112271291,1376883.1068985448,1039380.6861204612,2560617.7436377294,1987935.3615981643
2018-05-02,1996984.787407334,2113503.162350637,1356890.7639420019,1028509.7255186546,2522289.186256318,1980909.0806101514
2018-05-03,1973443.1916126562,2088494.552517873,1340810.5663406835,1007807.1817106712,2496779.80645715,1971117.2290565073
2018-05-04,1971527.6414417578,2086300.52886675,1339469.1424210058,1005497.2300047386,2484239.1391719016,1959579.646122127
2018-05-07,1973001.8324512793,2088003.2558870136,1340418.5505936132,1015259.2268309104,2506434.7826474607,1977136.9829077227
2018-05-08,1962658.565658982,2077912.9359559834,1332722.7212297479,1010075.0544794595,2508567.2090682513,1976609.6031412962
2018-05-09,1946952.4626697851,2060836.2384004414,1321626.486084179,1011212.1032923257,2504610.334202789,1978910.237008378
2018-05-10,1937689.6723560644,2051199.497403127,1315422.8604127923,995037.0729769738,2469006.8962423587,1971317.1662893388
2018-05-11,1953022.5005039526,2066463.8571595966,1324040.4316531345,1001187.3643777345,2480243.8432824034,1985464.267372948
2018-05-14,1943596.2702755285,2057284.2105378925,1318102.203534238,998750.7651498292,2469030.9151057783,1984043.3501295757
2018-05-15,1945258.4935154272,2059954.8883333027,1318364.9881278835,996592.2957437013,2457987.4570327625,1982239.5468924067
2018-05-16,1940003.3827213598,2056059.6189851582,1314816.8546014458,1005750.4033007998,2448958.990052117,1972407.4282980335
2018-05-17,1931951.1908954931,2047239.337597829,1309215.5536599786,1015921.7915440889,2453666.732558553,1963206.5913383593
2018-05-18,1926103.746643479,2040646.5368470966,1304540.0548371118,1005799.5143274721,2408356.5512195826,1945549.4617965072
2018-05-21,1913505.013515885,2026310.7636232197,1294460.6165753473,994607.3802197491,2378881.306257197,1928866.9475930757
2018-05-22,1925674.2657245947,2039157.62022112,1302721.9490185846,1014402.7539432596,2401507.510908353,1935664.7374303765
2018-05-23,1892452.5163540198,2004132.3791627705,1279081.994461115,1002290.7483623256,2376906.7624780918,1917404.2898054633
2018-05-24,1900985.5701870276,2016200.9431886494,1285024.5022007227,1009016.6017985495,2386348.5248911693,1931068.505490054
2018-05-25,1916136.2523159338,2032217.0736207783,1295285.2828403711,1023134.3345561179,2428662.962450111,1951845.5759493168
2018-05-28,1920047.4420131994,2036529.2374696552,1297987.6375461817,1029323.1431803855,2472085.5596998855,1969594.6469267444
2018-05-29,1908943.0059475256,2023871.7512178242,1289003.1098267084,1028182.6697616437,2457696.106350279,1960665.4167734042
2018-05-30,1926160.228573258,2041042.642788869,1299038.3905875997,1028914.9716567853,2453393.1334357783,1956776.0962648995
2018-05-31,1955870.3931850744,2072995.6066560566,1319459.5968864278,1029640.6075515607,2452786.7761987327,1976712.6107173378
2018-06-01,1933508.351253922,2049142.7777986347,1304230.2547538595,1005842.3109207014,2423078.651461889,1967704.1664072615
2018-06-04,1913912.7420009924,2028621.9170656025,1291104.0916221456,992519.0893325666,2403130.507106413,1954701.3867210906
2018-06-05,1911685.931271012,2026669.7293519794,1289918.605477126,976672.9229202131,2377660.9440535856,1946249.19123139
2018-06-06,1937091.1643642737,2052697.4769716084,1306554.1106345968,996879.9581985334,2413799.6547191027,1964873.390752384
2018-06-07,1952643.6653408362,2069767.7390565693,1317397.816567214,1010028.0673168213,2448993.6472220174,1981815.5187784852
2018-06-08,1950825.2642177893,2067498.0766420185,1315964.4420554952,1007560.4724080748,2464443.2814033525,1982920.2650061115
2018-06-11,1952726.2633327795,2069832.7981996357,1316659.3655557747,1010920.8421995685,2467165.9352935287,1986106.5139526771
2018-06-12,1966559.0458950354,2084603.164502126,1326048.69676305,1012476.6213477917,2483106.534042784,1996896.9956911271
2018-06-13,1969304.1994594885,2087243.0111970722,1327721.502320301,1012161.4056037732,2480021.7789197997,1998526.183198098
2018-06-14,1966427.5773586584,2084522.132748586,1325976.3575449104,1012818.1190742322,2475890.159444096,1992725.5934196557
2018-06-15,1963070.709408219,2081050.5959443867,1323784.649231922,1013241.8181709119,2458540.6571467216,1992053.5766422332
2018-06-18,1953523.3763393713,2071052.402783376,1317386.4370584602,1009439.8307899304,2452118.939505983,1987887.960935642
2018-06-19,1936334.2570339513,2052549.089134389,1305111.7372308783,993545.3292083844,2420892.2214896185,1971602.6633991476
2018-06-20,1942668.3279033971,2059684.8091432392,1309147.5068822848,993284.3060396322,2425620.0631893864,1981252.706514
2018-06-21,1936267.9618145302,2054460.1437913715,1304903.3054801777,989688.3988488354,2406366.54425097,1975140.6550528493
2018-06-22,1957433.874015458,2077833.0689775287,1318906.9998575912,1002233.2232729845,2421959.026109079,1989384.1614386612
2018-06-25,1955535.4721905068,2076666.4036790668,1317713.1684368574,1001728.433196716,2395677.1171928006,1976083.9466749518
2018-06-26,1947810.7770305946,2068134.4603654682,1312334.1686657392,998776.3687893674,2396008.225197741,1977609.6957452318
2018-06-27,1929595.0677715614,2048793.233741933,1300041.0447338545,986572.336990051,2354520.9991477476,1959207.3310584102
2018-06-28,1912026.8786541298,2030812.091087514,1288613.1106975996,974857.549475209,2318703.10387203,1942852.5618649332
2018-06-29,1916383.2352520302,2035984.5809404193,1291009.6091529548,977627.2570576821,2361573.8600364183,1967619.529728107
2018-07-02,1903862.000678666,2025392.15048998,1282977.6472130571,974766.6776765066,2345797.0356829935,1956210.0130954513
2018-07-03,1912562.8628918007,2035351.16220873,1288351.0539796613,981516.1450275348,2364748.294749272,1964129.7419997985
2018-07-04,1920490.5212385585,2044079.701860849,1293116.8793247808,992132.7150723435,2370222.559568936,1974813.8148295572
2018-07-05,1919681.1314680506,2044590.9103569428,1293322.0938938726,990437.2257655037,2353294.602897492,1971099.7275933747
2018-07-06,1923334.8811323573,2044778.6164497773,1291516.6193751483,985712.3134577645,2367034.915396802,1976335.4323873639
2018-07-09,1943290.4122373988,2063613.9668754975,1304571.8083000032,1001991.3013422859,2395703.2801039056,1991266.346841952
2018-07-10,1968960.5311644007,2091628.0523704926,1321777.4172019807,1013405.017696656,2420085.4365728903,2009040.7437546558
2018-07-11,1978495.525907748,2098394.810907785,1328631.5524329988,1018891.0293391121,2403316.8927481044,2007153.77891674
2018-07-12,1979979.99916672,2102232.7953514494,1329783.1086082307,1021186.8297541512,2400831.1724890764,2018736.9679289637
2018-07-13,1983460.1865599086,2104618.356356088,1331562.2341575471,1012280.0658839119,2385049.4943599277,2016739.3714986716
2018-07-16,1970133.033140414,2095320.7303566376,1322641.9720649568,1004720.3802454842,2339362.8834253117,1997549.399456035
2018-07-17,1980244.9101011683,2105304.3993553557,1329246.129055008,1015793.2409937752,2383575.418407977,2011960.3829180207
2018-07-18,1988602.472265475,2112869.1641106047,1334899.4436149446,1015814.3827908909,2358390.438584972,2004669.7726675342
2018-07-19,1984790.984640353,2109040.984758798,1331930.7893485872,1018386.4169553196,2352436.5450460543,2001162.7163987437
2018-07-20,1985808.0402891566,2108972.079607431,1333067.3006095735,1039515.0090421116,2365679.9858354595,2011072.5950017527
2018-07-23,1996042.3978865077,2121384.3292183317,1340116.4067115632,1042816.1278357441,2392694.9319443284,2027454.6271871768
2018-07-24,2006144.6984312464,2131644.8328728117,1346785.4224967805,1033940.6741309101,2428418.104082094,2042189.2034722492
2018-07-25,1991731.9372312953,2109951.9727959074,1337308.4796750534,1031190.2007422382,2429308.609245957,2041501.2844469058
2018-07-26,1990748.372984164,2107388.318994943,1336732.404289006,1038249.0413184101,2449819.237765821,2050072.2782798496
2018-07-27,2000233.2832167079,2114339.606119577,1342750.0022656906,1039407.6577429706,2474576.055646075,2070059.2735626926
2018-07-30,1994389.0628492762,2104210.6359352507,1338599.1901319015,1036966.4448828632,2491406.2769562057,2079480.2768145106
2018-07-31,2007410.6849119593,2116650.8303703703,1347264.3822019089,1051800.555722707,2495148.8696501194,2086508.4784282146
2018-08-01,2006820.1765348841,2112401.0485252775,1346896.2596890915,1053390.7070593769,2499568.923646981,2085737.942473101
2018-08-02,2001976.0450041224,2101414.6791099943,1343478.1925809372,1046487.8466377882,2497477.5788954543,2069166.2758441458
2018-08-03,2009677.5913603236,2110120.4574608244,1348699.7494962204,1048141.6749458937,2518364.628996572,2089462.4947583952
2018-08-06,1998637.7479612757,2102644.660967294,1341442.7186582077,1042007.3225289015,2525664.16560558,2094130.3974350148
2018-08-07,1997873.127027743,2109176.7871498503,1340536.2913281906,1031685.4850044874,2511004.1997325723,2094332.1211773881
2018-08-08,2004374.2429640223,2116987.8113808073,1344059.862525771,1052313.7726014424,2521227.032307531,2104479.3228207147
2018-08-09,2002276.0823423793,2115327.5752739348,1342797.8258259315,1061452.8986226076,2537535.1034346903,2109037.802442615
2018-08-10,1982601.8102705409,2089383.2605995575,1328423.1403245341,1050624.4754512655,2517119.6197990356,2100255.0250781984
2018-08-13,1984323.6944868495,2090098.152353708,1329273.0380925278,1034841.162291323,2490085.128226106,2085594.883817893
2018-08-14,2016548.6619931816,2125160.09351837,1351231.278917165,1043805.6331110006,2512917.294196717,2100920.526670746
2018-08-16,2031164.0587903617,2138647.1559191877,1361159.0007723286,1042403.3599348074,2504693.676039396,2090910.7346398681
2018-08-17,2043500.1497174858,2152371.3340960676,1369028.5062044575,1046020.9296060421,2530193.9928712626,2108745.9812181406
2018-08-20,2050750.4019681572,2151733.7108126814,1374215.4100206806,1037024.3041940548,2554361.813275645,2125278.427418229
2018-08-21,2054640.9498044609,2158322.769879454,1376634.8554091617,1046472.3801523068,2562900.054429609,2129595.453210961
2018-08-23,2066324.4921094535,2165861.739445799,1384639.1339049502,1043421.1762338497,2554728.2359624817,2133033.7201384874
2018-08-24,2065078.0275098442,2163344.545659178,1384170.8341765567,1039152.0578561642,2548087.260265461,2128879.976720774
2018-08-27,2080380.6594907402,2205375.178357237,1394300.9865737124,1052718.1518655636,2576616.2508839453,2152761.092820854
2018-08-28,2069208.1886045097,2216377.912228697,1384720.9741970825,1048527.4575601437,2569459.209274774,2159736.2881517685
2018-08-29,2079636.9174100517,2227898.5454379255,1391813.8408657836,1044909.6762769372,2571519.3076987267,2154384.904101514
2018-08-30,2092029.9059812187,2235884.5147067243,1400193.5562283325,1041279.6841907668,2579191.64556072,2153075.320721691
2018-08-31,2081155.0557691215,2222605.476857298,1392650.051673584,1045691.926830092,2591498.409652095,2155515.488816254
2018-09-03,2066966.6952448294,2201986.901881102,1382049.360222729,1043502.6155729045,2575694.9444476985,2137764.5422072173
2018-09-04,2052750.0556269095,2184668.7389935288,1373022.5718468744,1021167.1208157846,2512059.859473573,2118812.245758565
2018-09-05,2052196.7332849905,2175572.3944805893,1372933.6836785395,1019306.3058325397,2502261.344661756,2110190.894606593
2018-09-06,2051109.4855280325,2168242.404917601,1372196.5917138178,1020830.7132727252,2519617.862104911,2122166.878981212
2018-09-07,2097612.5819239067,2217850.261811522,1403495.6641931839,1032888.156421011,2542721.9965911964,2133726.0097387563
2018-09-10,2067169.7463831352,2185220.39968994,1382360.7286910173,1023374.4529454531,2500590.7587699215,2104869.3580280542
2018-09-11,2043893.2949213432,2160577.345338133,1367329.1475600358,1015082.7156990131,2460505.0828857785,2075701.5324761441
2018-09-12,2060194.5668939995,2172853.008988646,1378329.6495668087,1019434.4770134052,2475130.8238503654,2090179.835287668
2018-09-14,2088846.128920977,2198566.328141478,1397323.7881623898,1028129.3795173725,2526150.979170373,2118272.417022535
2018-09-17,2086012.7811579155,2194660.2148678573,1396736.153502504,1025563.53120135,2510990.0853936016,2094104.464514779
2018-09-18,2050073.357360308,2150788.807610777,1372732.0308523576,1015880.0209821264,2470167.873868931,2074258.7658239757
2018-09-19,2048577.490539019,2147360.4153301986,1370200.8121823142,1013849.0726915766,2464303.4239816777,2066079.3008970423
2018-09-21,2058303.2785028862,2156598.844270018,1376701.8829797884,1007288.753423553,2421857.972250527,2045880.0376948013
2018-09-24,2039983.2460245537,2136328.8932431014,1364121.1618125516,986984.549257133,2360722.5486487495,2009572.0662597802
2018-09-25,2051198.8566889213,2144312.7180416854,1371064.953098075,991568.6331782226,2370102.546620243,2027879.949228323
2018-09-26,2059267.426917498,2148957.8924725326,1373269.8320157493,991874.5008236838,2377280.3002854344,2026408.8958920152
2018-09-27,2039917.5612101005,2130703.076051024,1360193.3983457054,984984.4465023947,2334931.9115694603,2009714.7989302338
2018-09-28,1994456.6299509453,2089907.2305157455,1329960.4546964134,976792.6423010392,2288944.0900003863,1998867.0659765226
2018-10-01,2005235.184264605,2100066.134164122,1337112.120414492,975374.1762136979,2313228.043733238,2011538.048235697
2018-10-03,2014721.4481806206,2109868.288445738,1341577.3656503363,975725.1414691367,2293748.426131612,1984344.332486716
2018-10-04,1945378.838447039,2040463.447846678,1295446.06898133,944247.3776217856,2246774.5147926956,1939141.775869587
2018-10-05,1846509.1334680961,1934391.6113522323,1226771.059607318,900835.3020688237,2170739.5030227154,1888061.7298943207
2018-10-08,1828658.0337366508,1919436.2231686385,1215902.9220451107,902276.2894883135,2163898.85767958,1890516.7193229562
2018-10-09,1824089.128783648,1916096.1176541122,1213786.3685477963,902276.2894883135,2154606.4805615186,1881470.1416155985
2018-10-10,1827235.1732477592,1917799.0648281844,1214418.8000173776,902276.2894883135,2238472.940569473,1914543.1370799309
2018-10-11,1828058.4740534234,1909782.2648281844,1208873.9069512659,903154.6398035841,2192995.9696280053,1873974.9190918717
2018-10-12,1828635.9740534234,1909782.2648281844,1208873.9069512659,903529.3898035841,2251809.605866899,1916937.662455279
2018-10-15,1828681.0737848687,1909782.2648281844,1208873.9069512659,903979.0886599378,2265881.2847510916,1924335.2334016787
2018-10-16,1824963.8729792046,1906020.2567715438,1206068.3182032886,902099.7493862475,2296667.690693157,1939314.9518731
2018-10-17,1828403.2291346001,1905167.198742369,1204637.9359971937,888349.8276305079,2243818.6103219204,1912814.5891920999
2018-10-19,1832774.8229914117,1909998.2414822371,1207696.1314012464,892591.3899585097,2224775.2855297024,1886813.4289168285
2018-10-22,1834408.3753290582,1910212.075771788,1207383.9671491568,884047.6888577575,2204556.667985724,1876343.8424484327
2018-10-23,1836798.1969080376,1919543.3540921004,1210679.73620579,879705.1678654293,2181057.8887529247,1857758.3874941254
2018-10-24,1828424.534165423,1910473.269558409,1204953.8050915932,871444.4256855587,2203185.7802586923,1871005.4577513277
2018-10-25,1832828.7377863335,1911854.264065245,1205019.7868449364,871495.1427349835,2179357.4482095446,1853094.744021841
2018-10-26,1826171.0835009026,1904436.3031811507,1199903.0858424196,872246.418214798,2171694.666291544,1838261.2915608606
2018-10-29,1881337.695405047,1964308.55709503,1236762.6249221733,893326.7736359478,2247274.1202037213,1879205.7023049796
2018-10-30,1875336.9570627618,1958020.5170025618,1232794.959829705,892114.2996102215,2256865.3921485473,1872186.2232576327
2018-10-31,1897100.5111322808,1980456.794079283,1246939.0805419853,891010.951305473,2292333.2323444923,1906504.1338868455
2018-11-01,1912599.203393023,1995539.0581097396,1255502.841955206,905202.5492592694,2314199.378050334,1907301.1391238978
2018-11-02,1908950.3570528436,1992163.4085888655,1253185.4717579097,901519.7426701428,2340475.748075142,1938692.837159995
2018-11-05,1905984.909379046,1989478.402714232,1250654.40726676,895954.0440809691,2334515.717720759,1935044.4077141187
2018-11-06,1903093.554337542,1986605.6973385606,1248896.1911412717,886367.2399580443,2321324.3921206375,1934566.2328931298
2018-11-07,1911328.4480066705,1995220.5198483262,1254312.7921163084,892596.337454077,2334697.2373012602,1947203.5395397749
2018-11-09,1945267.3099527764,2031065.7481350694,1276829.5590383054,903573.7081434691,2355410.7931334362,1946218.1472820572
2018-11-12,1910080.409314196,1992583.0364041124,1252690.571066046,889763.4033701384,2325843.436412114,1926774.590752426
2018-11-13,1924401.382905047,2007695.1868099961,1262141.8646718503,891667.6195967161,2340861.386519009,1943401.7892555962
2018-11-14,1933740.2988787103,2018856.2800411973,1268952.0150968076,898067.1369287932,2340131.0858232714,1942648.7620653484
2018-11-15,1973876.776780169,2059987.2320141587,1294894.8355199338,905291.3755762726,2349780.665897392,1950244.2488055646
2018-11-16,1944335.272545855,2029485.8259396348,1275596.9276525022,900203.6267572733,2355681.990552665,1961662.5188738853
2018-11-19,1952609.4319544244,2038049.6069683824,1281015.8951665403,900756.6229654643,2373133.4064180744,1976026.699221519
2018-11-20,1933879.2294741082,2018000.7854351792,1268404.4362012388,894996.570404658,2340627.5069930977,1955684.5914283064
2018-11-21,1958591.2135210442,2043840.737164,1284627.3477460386,901707.3869634959,2354975.7751701213,1948705.0544827492
2018-11-22,1934230.0123987603,2020819.1775326524,1269327.7202585149,895694.302061445,2329801.502732835,1935214.603295216
2018-11-26,1948470.1581468987,2035815.7657666001,1278740.791375916,905916.9646164437,2336702.56301529,1952367.279615586
2018-11-27,1941187.5859842706,2028116.1512951646,1273908.6760766911,904945.7187509026,2342211.152925846,1961158.94921336
2018-11-28,1884465.529816668,1968413.2963604722,1236240.2828119206,897552.9734811272,2323018.3182703773,1967320.3233245441
2018-11-29,1885542.467759173,1969496.7347607408,1236825.286046784,899475.0330676842,2349580.6650784044,1989899.483079776
2018-11-30,1866039.8927851128,1949174.448582152,1224001.2149942326,896784.1046922816,2356804.625633778,1994615.8233133613
2018-12-03,1889275.0093927789,1980891.1719860826,1242526.862287374,896450.2949874883,2368724.699148581,1996568.8965498505
2018-12-04,1885651.8446665215,1977687.2347302232,1239121.7805342283,892871.8916557317,2366022.8471522075,1993521.0761906547
2018-12-05,1884672.9893198418,1972480.2094158921,1234859.4932874967,887066.4291731694,2324277.1817552485,1976018.993024624
2018-12-06,1845482.9165506768,1931800.3898815904,1209361.243699484,874931.0089728215,2277038.3478334234,1943040.5500801767
2018-12-07,1862709.343262713,1949951.134266356,1220648.6133131315,877724.3976446965,2284448.461379838,1958884.4339855828
2018-12-10,1842825.0918589043,1925912.1344647203,1205133.557061783,863344.2484137395,2240845.045269028,1921493.8894002193
2018-12-11,1861447.4453745293,1945030.0370068345,1217062.3996826326,868508.641285317,2276512.044182791,1935054.7559493452
2018-12-12,1868550.555710833,1954148.6664776597,1221539.1480562736,883597.3872646261,2334979.394425362,1970757.43784181
2018-12-13,1871065.8969431329,1954063.98741577,1220928.1137147418,893636.2192021988,2349599.5595252346,1981992.189196778
2018-12-14,1875869.7990732598,1960381.4648632798,1224421.2780339173,901570.4428969027,2360517.880490248,1985080.9709323305
2018-12-17,1867027.2596140313,1949293.7041821275,1215654.7336119034,898674.8629144649,2377782.853650908,2000425.00886254
2018-12-18,1864987.147156756,1947726.9681591783,1214561.4207456924,901877.5445550899,2387815.157028272,2004926.8442994216
2018-12-19,1886090.139695208,1970560.5177120958,1228601.492576442,913559.5922998409,2418574.095549511,2017939.4517273365
2018-12-20,1884671.7801218438,1969075.527752379,1227658.907859645,912771.5602106075,2416713.0127811967,2013958.5683353504
2018-12-21,1874069.6152048516,1958504.9453091417,1221142.6813124039,898794.4619211177,2378433.7023112033,1979359.0959039459
2018-12-24,1857589.0002146172,1942026.5447201524,1210654.4997175552,896744.3129495601,2349908.9977590274,1961149.9573990537
2018-12-26,1863809.8762064385,1948312.9882397447,1214640.930175624,895418.4021448116,2361235.1856036903,1972665.7059369476
2018-12-27,1845062.6760187554,1928016.2162823472,1201033.3506222889,894288.4718753663,2367708.617974548,1981091.4122376244
2018-12-28,1864960.7544413018,1948111.9515194688,1213616.4018784687,900424.7702459575,2395088.2506413874,1996999.265878578
2018-12-31,1868664.1375742364,1951638.5626263414,1215856.010204427,900192.6468035717,2401626.7794309687,1998508.7294144842
2019-01-01,1874230.2091913628,1957705.5821347032,1219207.039613342,901788.6657340069,2402447.846489817,2005435.7948965533
2019-01-02,1846448.0053186822,1928873.533359984,1200709.999862742,895798.2192542095,2370798.4255232904,1984411.076992081
2019-01-03,1847879.1923456597,1930455.77282379,1200814.3134226096,894170.98077841,2344765.3435140126,1963303.233978029
2019-01-04,1867653.6877222466,1949598.5929379258,1211995.2584235463,901644.8864542953,2358623.208050194,1972527.1325450558
2019-01-07,1872287.0413752007,1956870.6295742784,1216656.8502433095,898150.2770182601,2359085.6398108155,1979512.2339577316
2019-01-08,1875367.8861246514,1959761.2690396104,1217431.1870943976,898283.7149572553,2371373.763193808,1984204.7994394132
2019-01-09,1892204.9486093926,1977806.4773754869,1228757.5984332038,899164.5062655222,2369143.7368944916,1992584.3267326315
2019-01-10,1907057.952195208,1990459.7272381578,1236754.28869123,901201.8202723276,2370883.0564362765,1988330.9761481457
2019-01-11,1898336.2341089654,1979617.4005932603,1230072.602669425,891024.5982168925,2363060.1354916734,1983165.8756104023
2019-01-14,1890604.4542551446,1978706.3660778794,1229287.2904498053,897208.1298922388,2348697.6188500985,1972204.274451376
2019-01-15,1895314.9681559014,1987816.509670714,1234950.6515643073,903424.1141680566,2373163.274207615,1997851.4593372094
2019-01-16,1890935.6946497369,1981941.1821560655,1231259.0963791339,905326.3745284033,2374097.936490208,1998533.8760198024
2019-01-17,1882640.6325998711,1971936.4973034654,1224190.571213173,889793.0594210577,2368461.456787579,2000882.7172648015
2019-01-18,1862177.9626017022,1953804.487705687,1212481.6578533703,879563.3588061285,2351751.97327236,1998274.7210008488
2019-01-21,1856033.0428629327,1947643.8915142808,1208603.7220356518,872747.1238440285,2340169.2688188585,2006142.3346821137
2019-01-22,1841736.8430262017,1936255.4494442735,1201471.9619286114,872976.1912111632,2334701.0013985713,2000912.288485341
2019-01-23,1827069.3536158013,1916320.5982937608,1188247.161843281,870570.508433277,2327309.5121029676,1984780.8462290785
2019-01-24,1824190.6644220757,1915918.4525723252,1186717.9898782591,879126.0595589085,2325116.981387261,1987933.861036224
2019-01-25,1826276.2978449273,1918854.5266079698,1188070.344335413,877556.538761179,2283169.253574449,1973385.6774554527
2019-01-28,1802965.8173761773,1889534.7968716417,1169483.077881942,865790.5255706236,2239274.9445646354,1949699.2003488014
2019-01-29,1818797.9093561578,1908485.041775206,1179483.760581798,868485.6804625914,2249277.1578644207,1948533.0983923196
2019-01-30,1824478.7126093316,1919453.5613369737,1185884.341990252,869150.7694797071,2255175.9707647273,1948428.8010666505
2019-01-31,1835819.0483942437,1933062.227627257,1193799.6345575023,877141.6488742384,2277803.4744605697,1978517.028924457
2019-02-01,1857282.5454340386,1951256.6089749131,1204537.9926553979,882451.0710726911,2290149.4736773637,1991070.0370606713
2019-02-04,1843361.0765619683,1942606.5646023545,1199215.9232889428,879385.8702597864,2267512.414877406,1991724.117092409
2019-02-05,1851685.0009088921,1957933.442104796,1207752.061536507,877694.8475241907,2259997.704334063,1993437.0920997488
2019-02-06,1890257.2625971246,1976008.6036038194,1218945.5642220539,890041.8140360041,2289755.038761015,2016630.932491287
2019-02-07,1898566.958306353,1986717.0320706163,1225512.496930794,893891.1439920588,2310850.296052505,2020758.6810819565
2019-02-08,1846151.3835688042,1930266.3588223252,1190661.0114647907,886771.2881570979,2264318.016576703,1996462.3053723522
2019-02-11,1830132.0675898003,1921448.9454922471,1184170.2569544532,879319.8741195989,2245220.0676537487,1985322.9649139894
2019-02-12,1823047.206292193,1918602.2727322374,1182369.092502854,878027.3166719581,2241550.717656965,1975085.5714916224
2019-02-14,1798086.4344110894,1894552.6412625108,1167516.6533549048,872289.827170005,2246919.094245636,1960299.0909583406
2019-02-15,1780411.825432818,1887644.9468960557,1162622.285625835,863302.1309419776,2219060.6813242636,1952649.8579456003
2019-02-18,1764462.5286798882,1867137.8904995713,1149579.7542103154,858937.2418428565,2202278.234559277,1937461.6848067234
2019-02-19,1759141.0290003228,1864703.8015103135,1147691.5688143293,854494.4257954353,2208021.0086902627,1932018.19793398
2019-02-20,1776481.9026422906,1880552.8854946885,1157040.6290917299,860817.228364402,2242566.4807898086,1956127.5853667122
2019-02-21,1784921.6832361626,1884039.859859923,1157532.2313907163,866667.9907873624,2262544.9315538523,1967253.6753450995
2019-02-22,1801004.014809649,1902588.416058043,1168114.2709598492,874110.1596067478,2280564.633208378,1969445.0984862852
2019-02-25,1803178.196663897,1904312.595318297,1168743.7937550426,873555.6928861667,2294395.2081818283,1984627.531023913
2019-02-26,1795976.360360186,1893867.7159848008,1161874.2143258927,873474.3124998142,2295727.9859900875,1977366.4178767647
2019-02-27,1786465.522469561,1878559.5229153428,1152438.6218271134,867618.4505384495,2298784.050329536,1973830.8543793508
2019-02-28,1794995.1526270318,1887746.1738247667,1158093.2910013078,870037.8021162082,2306669.2907611863,1974115.5622271963
2019-03-01,1805541.842026751,1897398.9811825547,1164024.459206569,880522.1394498874,2337887.63465789,1988626.4449943216
2019-03-05,1845460.250268023,1942069.6641354356,1191493.9604501603,895781.8235776951,2392695.209584728,2013266.9531749135
2019-03-06,1846265.2016687798,1943717.1840176377,1192518.5172281144,900498.8918185468,2406023.570534072,2025669.6703433902
2019-03-07,1839680.9658213067,1939888.716549376,1190139.610253322,891115.0203433271,2397549.0732429284,2025268.81822175
2019-03-08,1824879.7421350884,1926777.7435726915,1182059.9946756242,883626.8018578064,2387907.5537781985,2021817.9090445472
2019-03-11,1837614.0753412652,1945061.0619015489,1193317.856232631,895716.0612801086,2440945.848586174,2048935.349254279
2019-03-12,1838735.763070147,1954162.362606505,1198248.3511507008,897953.3755501282,2456125.7875986816,2071296.7915227534
2019-03-13,1843812.612214129,1963052.998959044,1203547.2600633595,898072.8236778748,2449406.965147123,2076320.3505374826
2019-03-14,1842591.9719629693,1957781.512188414,1200270.4464418385,897904.294617511,2449893.567153816,2076078.941649822
2019-03-15,1865958.9146433282,1977091.5721249375,1212176.8892595265,908844.3031395447,2465240.5081102774,2089291.1226034716
2019-03-18,1880232.3014231133,1992441.2254910264,1221607.6104509328,915790.9776854805,2467338.5591347176,2095517.3226824582
2019-03-19,1897863.2659998345,2008481.3054318223,1231435.8001558278,930265.2425627998,2484644.8210211783,2107551.563919217
2019-03-20,1867041.7678919244,1980998.852047423,1214479.4852144215,917899.0954375557,2472779.478922433,2104806.310230508
2019-03-22,1863823.4899301934,1977579.299084166,1212382.5592729542,912777.3740172676,2456435.615279443,2093159.397318693
2019-03-25,1892110.7647791314,1996933.6763119493,1224280.961883733,919874.6477370552,2438468.050617674,2073528.1418102281
2019-03-26,1905104.417908709,2008921.8939633165,1231674.8175584767,926751.9928908638,2467183.5844096905,2096563.7991936626
2019-03-27,1901213.6275034356,2006595.43436859,1230265.4137041066,925662.1680465034,2465608.523596231,2090044.492204532
2019-03-28,1905777.4142084527,2015704.252712706,1235916.1987611745,933871.2922911934,2490895.0456763916,2112321.00144127
2019-04-01,1931541.0834055352,2041679.088375548,1251835.9549391263,948686.3196349434,2525130.647631208,2132695.1539471974
2019-04-02,1951639.0295496392,2056172.946880797,1260268.8518108814,948238.6982741646,2525463.003408567,2137854.7182691256
2019-04-03,1939476.8347711968,2048329.6484341417,1255390.0035595386,940068.0578856758,2504688.2947848337,2125810.7565890956
2019-04-04,1937810.3225183892,2036791.9815792833,1248331.6009411304,930965.1831069282,2501777.6442412916,2118378.813152894
2019-04-05,1968465.600998919,2067882.2458767686,1267274.8463253467,938517.7753081612,2517623.426747085,2130402.900012038
2019-04-08,1952492.0697184014,2051191.161068419,1256498.3380474627,928567.4523337117,2496659.523890882,2119567.83369559
2019-04-09,1947500.7859735894,2054363.1278347764,1258374.3903469623,929974.2365066491,2514057.974212398,2131361.016616065
2019-04-10,1933398.136582415,2041097.886044005,1250328.2598766864,921761.4655258141,2500505.8535586875,2116603.6812346373
2019-04-11,1933845.1015100884,2038064.0713162217,1248381.4213680804,920676.2261761074,2500893.824477888,2119483.447976157
2019-04-12,1951850.437691729,2050238.7115292344,1255761.2228207171,934634.9288357144,2513562.658983359,2128084.0262956675
2019-04-15,1954278.7409449029,2057326.1954922471,1260114.7734341205,933915.2113598232,2529052.466092939,2136827.3477267297
2019-04-16,1960571.1801767754,2061979.5668606553,1263024.5780834735,934096.6806730094,2543058.6847831714,2153669.8283225223
2019-04-18,1958151.7084665704,2059481.4446682725,1261415.5549969256,930249.0760843528,2520562.9474446657,2147036.310208106
2019-04-22,1920754.1531763482,2026577.1344876084,1241205.9773373187,917593.1581613792,2474955.1163202743,2116839.7660579435
2019-04-23,1924591.4443369317,2030703.1502041612,1243682.0736889422,922371.3326685203,2470112.977472135,2113531.8439345486
2019-04-24,1941216.6281137872,2053307.1248440538,1257534.1231731952,929242.2333176197,2493111.484794325,2139084.1433107015
2019-04-25,1933866.7836161065,2044983.3033871446,1251557.918777201,922432.1895096363,2478757.120919177,2124250.2286175797
2019-04-26,1931630.1123667168,2045073.0150723252,1251668.9732205605,922753.9164307178,2485726.8989830255,2142141.680097919
2019-04-30,1934708.4636392999,2063658.621426085,1261769.1595645917,925359.192342475,2461122.9804461407,2139869.3289957345
2019-05-02,1952960.0922098565,2075756.7842373643,1268708.7297712867,925634.943409449,2448955.119505628,2134686.6447197543
2019-05-03,1960665.677964251,2079379.2698941026,1269916.0391279499,924794.6561367186,2448399.8440608834,2131508.9075336875
2019-05-06,1948804.3578195977,2054463.2578701768,1254616.2246748249,917691.8452846678,2420254.7183357757,2110007.6756356
2019-05-07,1943315.9348612237,2047539.585613707,1249949.4744931813,913960.8270020729,2392413.666729137,2092567.4133345736
2019-05-08,1922172.3865137505,2029363.4027066026,1238862.0796567556,909567.2287507302,2365653.6429885477,2067445.0834775108
2019-05-09,1912223.1769724297,2021851.4072842393,1234059.7335677934,908849.4060426003,2360121.8391359276,2057528.0556596387
2019-05-10,1901222.3148889947,2005208.8640103135,1223418.256845782,902455.3161188642,2359199.7237014943,2053198.1950863502
2019-05-13,1883216.9143534112,1988591.4294552598,1212901.3267122114,892952.4044977705,2306113.378474085,2027586.08012391
2019-05-14,1884106.1939325738,1986328.379162291,1211448.419333061,894536.3202387373,2322276.992911993,2039848.825312058
2019-05-15,1895668.6937586237,2000157.2291592392,1218767.2232054675,895665.5915738998,2296881.6170834936,2028270.1465916228
2019-05-16,1910932.8252664972,2013183.6122463974,1225915.108079764,898821.3818942558,2311511.9659289597,2044104.8212368833
2019-05-17,1907885.0522409845,2008804.5477932724,1223217.7852648227,898590.7323276054,2334531.2315734336,2070088.3164183844
2019-05-20,1953394.9477793146,2031415.9590786728,1235130.5661573354,918252.7703120457,2432624.9945727647,2145420.161999765
2019-05-21,1944967.3821131159,2025413.7330654892,1230618.6806398516,909443.6750904546,2401452.721825369,2124191.343177565
2019-05-22,1959938.9344126154,2037688.8766506943,1238153.3268190508,911727.1260639654,2406685.1383408606,2130619.7179337023
2019-05-23,1940976.9930674005,2018230.9546994003,1226322.814871419,902086.8294828351,2403175.094032495,2118731.0170708364
2019-05-24,1970113.2503916193,2048458.269320372,1244742.5286623125,916448.0097349103,2465960.7572561223,2154633.353669378
2019-05-27,1983928.786333697,2067376.5290554794,1256170.9583803301,931334.0306394513,2485153.5905190017,2168878.4598542913
2019-05-28,1989866.5295359064,2070178.8014858994,1257952.4297548418,926958.4444730695,2489332.5292369556,2170659.132618564
2019-05-29,1976005.1782099176,2060667.297686461,1252196.376211751,922855.5495756086,2468929.7663344475,2157876.479376181
2019-05-30,1983916.4387995172,2072441.344256285,1259337.1845003252,931501.4503782209,2473736.5055378126,2171542.5632290714
2019-05-31,1987372.8005167414,2072435.7089718613,1259282.2263094073,930295.1723478254,2466006.2886563,2169730.147298052
2019-06-03,2010620.6085382868,2101687.1847409043,1276955.4069429522,942292.8896940168,2500853.3070352226,2199185.118200272
2019-06-04,1998856.1010614801,2088328.3255490097,1268875.2671114092,935982.1783445295,2491456.568315649,2187636.1694111438
2019-06-06,1973176.404375689,2066214.158724669,1255350.0850282793,921479.8942258771,2443484.470573843,2153661.520790479
2019-06-07,1986204.316561358,2082065.6678494248,1265056.174536336,929293.9270933088,2443113.9620590517,2157992.5882920837
2019-06-10,1982287.9210764337,2082975.7798641953,1265543.6106172686,928789.2882230695,2445190.722688112,2166956.0571505674
2019-06-11,1990450.952990191,2084351.2670925888,1266416.477850545,930164.32601909,2461166.1964712287,2175377.5995960627
2019-06-12,1981689.9818903375,2075806.661684874,1261180.0507265215,924171.3690488752,2445104.921419615,2163729.0322625847
2019-06-13,1987566.5376383234,2083085.4659756455,1265566.088232625,932639.2387235578,2445221.4046428096,2166498.2653307524
2019-06-14,1978447.7556787897,2071138.6993435654,1258372.8925844317,925500.9083860334,2421104.6312774355,2149169.610740229
2019-06-17,1946975.6168619562,2034491.823138121,1236039.1107088213,912024.6881711896,2381253.372664509,2120910.586817139
2019-06-18,1957402.24458565,2049820.2992275986,1244948.7250106693,919248.5845003428,2386451.138778885,2124254.414829326
2019-06-19,1948702.292406695,2050270.1667813095,1244758.9076859632,914694.4879274669,2366364.1441554837,2122741.1208175174
2019-06-20,1960164.3018671442,2066965.809969786,1254481.367669367,923122.2399602786,2409103.535204893,2151122.3537276527
2019-06-21,1956822.5852533747,2060901.9852017197,1250899.9447262518,919393.2088018314,2396295.131750817,2133261.4925664086
2019-06-24,1961869.512907641,2067395.0249813828,1254410.3734118396,921367.6433284264,2394437.076572143,2129711.475818552
2019-06-25,1962473.9946962763,2070285.7800396713,1255685.46753964,924051.5101648886,2411111.3654335956,2145767.186550142
2019-06-26,1989425.771689074,2091301.8900021347,1267629.5827587624,928591.4251793779,2434626.9653574475,2156045.0341759822
2019-06-27,1995015.7581545282,2100302.966814879,1273112.8011272927,931467.6541011165,2438575.9286582656,2156477.6140480447
2019-06-28,2003849.4860903192,2102813.2473248276,1274617.484415867,938214.7011668513,2426618.0977925276,2147550.325589301
2019-07-01,2008754.821375506,2100997.917418364,1273520.923376896,940361.9095561336,2442155.760535655,2161161.3284691335
2019-07-02,2003442.8870836664,2096625.17988098,1270375.7817225894,941302.4604859409,2449027.2784341555,2169106.4741026624
2019-07-03,2007280.0145937372,2098594.8373822006,1271677.0797801455,942758.8037858066,2459043.694222864,2171540.085793508
2019-07-04,2005368.4719721247,2088054.8066395554,1265549.1132007083,942679.2628235874,2466449.8494917094,2177346.6283787563
2019-07-05,2001227.2473818231,2084255.8277310166,1263199.950553461,936001.1738953647,2420877.19531135,2151887.189954871
2019-07-08,1916993.1309420038,2008211.243540648,1216243.3270308203,891290.5211625156,2356985.398652503,2106168.154905301
2019-07-09,1938318.5116259027,2005110.5608624252,1213506.173371492,887991.7984223423,2363996.5049591535,2107164.047722845
2019-07-10,1915784.590567248,1983705.7590359482,1199706.1697484609,873831.0595596042,2339921.973364934,2095965.3518940734
2019-07-11,1935831.7356058527,2003125.2552555832,1210598.628101339,883823.1426232099,2363413.86923401,2111705.5343566462
2019-07-12,1945647.6638811517,2014667.8281109603,1216766.0969154532,881560.4838446355,2366347.271764642,2107434.9993567755
2019-07-15,1923297.3468759942,1999918.32250717,1208004.293238848,868325.391071198,2361093.5179812564,2114426.83018643
2019-07-16,1943141.4620188165,2014734.4757817062,1216421.4207490545,877794.3130141699,2391279.542081697,2129330.6059624883
2019-07-17,1948893.6364420343,2023135.6988270553,1220053.7840504705,883961.3795653288,2392566.3603981994,2133882.7217351715
2019-07-18,1905270.6417864251,1983091.34336212,1196018.7248807012,865836.9184981291,2352256.2620636,2116800.3287714636
2019-07-19,1883766.9943903375,1956462.4704945358,1179622.1576780179,846482.5924208793,2307159.1165195187,2085088.0725706539
2019-07-22,1888906.8508928705,1962641.5923702987,1183378.9810842373,850009.7811415824,2314744.5798465586,2073966.8444661126
2019-07-23,1883907.778772204,1955728.1583340438,1178611.232681128,846685.2073946784,2305946.3225969523,2070552.4888398643
2019-07-24,1877248.0049532342,1943132.296777037,1170586.9382697593,843852.0831118415,2268112.8374692034,2057635.7815102958
2019-07-25,1900178.2872713495,1966693.964532164,1183978.3197437676,850113.7908818412,2265736.931112886,2056580.2683184487
2019-07-26,1909218.923654406,1972124.6615841659,1187181.6649908908,853969.4346109949,2287048.215596722,2064235.1539003237
2019-07-29,1900772.0957735467,1967363.4714596542,1183468.526897151,847107.9990351478,2242505.861730825,2045579.4336827516
2019-07-30,1874242.3561800409,1940366.765313414,1167219.7834279127,837220.145366935,2193437.810145375,2025388.486052364
2019-07-31,1890383.699449389,1956193.6540196212,1176319.7491741858,847948.1696142294,2221996.18535913,2032986.893537159
2019-08-01,1865575.5265978265,1931750.0055821212,1161554.381315299,838541.6056682979,2188858.274452659,2008044.131221948
2019-08-02,1867148.3995340753,1928863.2634442123,1159859.6971722327,841831.1254131709,2185189.3806133894,2012434.3021479226
2019-08-05,1858874.2129648614,1923652.718323973,1155922.625705181,840677.1601501473,2152283.2102914746,1988777.5088542914
2019-08-06,1865893.6385324884,1922539.6278317245,1154420.6228858854,845466.1504150399,2183669.802034886,2004863.763603564
2019-08-07,1864011.968061297,1921772.3090451034,1153962.1115333464,844882.6930786141,2153232.972357484,1988865.2518722722
2019-08-08,1893536.7154367852,1948391.9091732772,1168143.597132795,848715.5201618014,2186799.1456086,2020744.4041032393
2019-08-09,1892830.4197824884,1946821.5566647323,1167136.0782424142,847904.9055377779,2198837.473690444,2034880.1181703308
2019-08-13,1856014.3155344415,1903554.7127621444,1141152.7930556466,837645.5503131686,2141386.445183169,1999972.7149849935
2019-08-14,1872337.3009775567,1922071.2281430038,1152354.5228224923,835000.9165546236,2175343.5596715114,2019881.1194993525
2019-08-16,1887840.6796701837,1935040.605218199,1160189.5265151192,838826.0241082236,2190024.386553601,2023634.594494348
2019-08-19,1895633.1949289727,1943549.9406369003,1165395.5488234689,839895.7542107627,2186776.8457377944,2025000.0429816337
2019-08-20,1895487.343641131,1941208.5425656112,1164010.7979994942,834262.9540703818,2166233.9479982313,2017236.481763181
2019-08-21,1879037.1268137384,1925217.203393248,1154328.1014968087,827442.6657097861,2127905.8172334433,1998762.1432559977
2019-08-22,1865425.4802683282,1912940.0998165878,1146669.9257042033,826236.0507144656,2079113.9737530062,1967323.7754958442
2019-08-23,1883837.4998606134,1931498.5396969588,1156978.9634640357,833558.1737847631,2117931.380011649,1983466.4481943094
2019-08-26,1903823.6055124688,1950193.1386959823,1168203.8390743872,841416.3632989232,2156788.2017669296,2024608.2396346196
2019-08-27,1889151.0730417657,1936114.5510800155,1159343.8454297315,836519.4154124706,2182113.460656864,2035676.1039318615
2019-08-28,1899667.3832224298,1946120.4894650253,1165332.6599744093,840754.5658030956,2155499.633908313,2024912.9684429658
2019-08-29,1898361.4410303521,1939786.1117184432,1161551.1762097608,840614.3088233651,2147240.8143154075,2009422.5888464313
2019-08-30,1902729.441774218,1948840.8996823104,1166994.3085339796,844526.6621558847,2167530.422240851,2024974.5280492965
2019-09-03,1873638.9369982171,1919233.5039913924,1149202.2727063429,826487.5710303964,2116541.704621572,1983221.008730456
2019-09-04,1878112.8513163019,1915081.5871212753,1146180.5077452662,824311.2212145168,2125039.539812761,1990299.3530214266
2019-09-05,1883464.6127108026,1922796.963219908,1150067.2905112586,825944.0359728176,2142286.95192978,1992217.7074760236
2019-09-06,1895838.9416407037,1934609.1375973495,1157130.4419394813,833219.8805162746,2163213.2389956336,2009109.3326580087
2019-09-09,1885940.1060846734,1920702.681138304,1147880.9296573475,830605.3830372009,2182059.576590559,2019039.9119782385
2019-09-11,1864536.4716127801,1903502.8031857284,1137158.6098129335,821580.0775919717,2212330.4399737017,2026102.0686977673
2019-09-12,1854589.7426126886,1899377.935990599,1133835.2687742137,821118.998588817,2200515.1809305367,2017406.6734625401
2019-09-13,1870770.2498835016,1917827.6470959457,1144450.6903799355,823329.9651415513,2221463.320318224,2034013.2455288412
2019-09-16,1872017.353772967,1916696.0790264877,1142775.6243878584,823069.4169542955,2208091.594679936,2022147.2997763357
2019-09-17,1855818.5103701043,1893717.782387999,1129117.3734418135,810916.2158739732,2159256.5308447005,1987954.4255228785
2019-09-18,1856298.442670672,1900107.9888470443,1132876.5840436202,812934.8803332017,2166134.6425001756,1993239.7132997476
2019-09-19,1838784.1927050042,1884154.2985012801,1123406.7257596236,803089.3102038072,2134001.9357961724,1969267.6334270285
2019-09-20,1858881.5018671441,1915454.5920956405,1141438.3660284514,820417.4122856313,2268833.4925319664,2075102.1093201167
2019-09-23,1880448.332727282,1913296.411858824,1139494.1810950432,825899.1597359193,2323515.5643884502,2132117.7493431442
2019-09-24,1889204.0544031549,1920664.4168713363,1143131.730354702,827817.2256844057,2308851.4962667306,2130499.328688763
2019-09-25,1871579.1688364435,1891983.92955139,1126059.8104175683,821800.7040735444,2262241.4347172463,2102193.1235425887
2019-09-26,1878800.6684549737,1897613.1716473373,1128511.9532105732,833143.7073386943,2295418.833828847,2126356.5548989847
2019-09-27,1870274.6173647332,1891575.3056423934,1125000.2942063618,825055.2778724467,2270144.5732988375,2117017.9934477475
2019-09-30,1872339.2569178033,1887906.097230223,1122805.131829958,829181.7902625834,2237310.8248469927,2107881.7381703965
2019-10-01,1852646.754125445,1865301.7003033431,1109444.018838625,816348.6443046366,2192608.7870185426,2086841.8529584787
2019-10-03,1832017.430623858,1839004.2913754256,1093808.1864182758,813654.2288612162,2197448.7270151475,2077255.2024569025
2019-10-04,1828794.1798723626,1838516.3292401107,1093586.8119599628,803969.9496902262,2162342.088599659,2051575.8780250407
2019-10-07,1823501.8605173517,1841025.8964016708,1094298.5337518365,801098.7616592639,2144966.0294197747,2039872.529926092
2019-10-09,1835970.8818262506,1861895.332070616,1105954.2470737589,806474.9451462023,2185383.9949625297,2073354.610576786
2019-10-10,1827724.7080515313,1847208.0845806869,1097198.5224414957,805526.7148745676,2159845.221203817,2059062.024014864
2019-10-11,1837235.4998606134,1850510.1607678207,1098695.6392457522,813072.9033969064,2168298.3617443987,2071372.9134422457
2019-10-14,1838859.8370798517,1849432.474610594,1098061.830240015,813488.4628756662,2184091.328997435,2079115.7068884724
2019-10-15,1857095.4367502618,1864257.3230603011,1106007.7852238133,820191.3301775996,2204367.5539680836,2095199.679867307
2019-10-16,1869786.3976267267,1877877.771058348,1113685.1889558411,823202.1022362018,2209992.109648095,2103200.7148925057
2019-10-17,1877480.9799021173,1891603.1474621566,1121841.2625489808,825360.7639198104,2256231.529198847,2128546.7539254087
2019-10-18,1897201.003583758,1911365.2254040511,1133525.5565705872,839956.5655402938,2294356.281273152,2144478.5367443054
2019-10-22,1885775.0620554376,1889788.4480603011,1119861.422757475,837214.2476692001,2289267.0399591057,2134230.9578363723
2019-10-23,1879150.4303415704,1893761.809174803,1122348.4041264935,835245.2928199569,2289486.500186432,2137930.809080076
2019-10-24,1879267.0203684259,1894707.7418225082,1122856.0339787884,834165.982913951,2269574.8433911605,2133510.2128084903
2019-10-25,1876115.6913278985,1891990.502534178,1121226.3955663128,832471.7804145614,2271790.1766019445,2132775.3505985592
2019-10-27,1881994.3307321954,1898022.3401806625,1124819.6384404583,835525.3822517196,2284507.825993238,2141511.7286858642
2019-10-29,1898071.9133127618,1917437.7336170943,1135568.8654524693,852737.4279517928,2329696.128224751,2170487.4958356987
2019-10-30,1896196.769208758,1919664.1599858077,1136894.3184096226,852121.4700468965,2347165.4088079263,2181590.3782066456
2019-10-31,1893368.0185373712,1916522.4334423812,1134521.539591998,852011.1048672127,2368252.350776423,2187874.191995203
2019-11-01,1916374.5254648614,1939180.337350157,1148000.7923233213,855519.4554836678,2384444.0293865995,2189777.153522753
2019-11-04,1933033.7885416436,1955013.410966185,1157025.8281584678,862343.4546139168,2392247.330893784,2197319.8540099366
2019-11-05,1921278.0590952325,1946183.544320372,1151422.5246341592,856268.6576931404,2376730.1240205457,2191364.380231169
2019-11-06,1918627.0742929864,1952668.4215710433,1155246.2250125771,860753.7560512947,2378751.1077069887,2200074.13172622
2019-11-07,1910939.1771524835,1949180.184731749,1153185.8809268838,859018.664956324,2389156.66970001,2209103.0664331103
2019-11-08,1893905.953657,1923989.7673695358,1138285.5604770547,858305.7083675789,2366648.666265996,2189438.070299963
2019-11-11,1892378.70164284,1924662.0033581527,1138666.5437991982,860182.043307717,2381040.150505073,2190949.4857433913
2019-11-13,1871577.8564279962,1897695.8809597762,1122705.1425388223,844442.7832979513,2341487.05542589,2177751.129165886
2019-11-14,1872701.4718302179,1901324.3433277877,1124587.1288314422,840854.3161674209,2330503.7736477666,2181476.841228528
2019-11-15,1871456.8848398614,1901708.914140013,1124809.6653457244,839887.6772923558,2341317.753296174,2185403.126692094
2019-11-18,1882173.166257708,1914380.4856465133,1131895.4736768582,841668.3641097499,2356669.4277131683,2183302.8998193764
2019-11-19,1909911.0237863946,1947874.6701481612,1150738.624758893,851937.9656104837,2373046.762673971,2191263.156361992
2019-11-20,1917444.48440346,1953951.0421688827,1153547.1723195089,856910.7142833885,2394784.8548713652,2202417.978316193
2019-11-21,1892485.313901751,1930664.9107029708,1139829.7603779805,846454.3190749853,2376504.351609723,2196331.697347169
2019-11-22,1883727.4894236017,1920989.0287678512,1134140.2540303243,839455.3800491064,2378929.0968953134,2186949.144997288
2019-11-25,1919129.4503611017,1957123.6420491012,1155338.0909901632,859201.9881118506,2418857.4634151617,2216278.1602820326
2019-11-26,1888792.8028086114,1926831.337250975,1137558.7600880635,851476.0448898047,2394240.521745829,2208626.4144818275
2019-11-27,1896222.4448221612,1936347.463990477,1142377.4151195735,857585.8271869101,2414521.013717937,2220746.931948326
2019-11-28,1916635.8975656915,1954968.7925122054,1152538.6267701779,861407.3458461185,2447937.713590051,2231808.9574176646
2019-11-29,1907478.963285296,1945700.682221678,1146223.872100821,860252.2312650878,2424203.1066862457,2214357.6105032507
2019-12-02,1919380.9342325616,1955608.2099163802,1151987.9586791901,861747.7237577636,2419282.3651309516,2212987.7495976523
2019-12-03,1893326.4150827813,1926510.8519985946,1134783.1070861726,858850.3136930664,2385977.094551635,2202175.885460131
2019-12-04,1900631.2721384454,1938286.8895542892,1141787.6719818024,863720.9158674465,2404196.031406254,2210338.5298298732
2019-12-05,1879693.045102923,1915021.396397856,1128113.0406799226,856541.6626361372,2387129.2554795668,2204078.9962916034
2019-12-06,1867434.511899798,1898708.3779690536,1118478.0131225495,851700.2366107466,2350768.012889185,2185601.6841191878
2019-12-09,1869864.6668528009,1904623.2855084212,1120789.2699136087,847633.0907692186,2348205.8865026166,2187097.307689568
2019-12-10,1856586.789670794,1889232.1080220016,1111325.9752504323,844891.055155205,2321933.914107092,2171245.46288032
2019-12-11,1860263.8202951837,1896113.1889813216,1114993.8976553464,846595.7626289598,2334949.458686419,2181066.5869168225
2019-12-12,1866062.5263040948,1907031.2221234115,1121439.6046266558,849453.4598174375,2361545.8464585776,2193016.52209888
2019-12-13,1866336.0700052667,1903228.4458630355,1117585.7949612434,847300.1094152373,2387514.4182436746,2214237.9719230756
2019-12-16,1858174.0333727289,1892316.7178242477,1110791.2338383147,843431.1892619665,2373571.673294996,2207336.047213914
2019-12-17,1881715.2011393,1912102.198174742,1121537.853341324,847618.0019794042,2391720.7301158733,2226230.2113780184
2019-12-18,1875101.2501467157,1904377.0034992965,1117036.3601734468,848731.5121074255,2392791.620979134,2236260.791039727
2019-12-19,1893784.5174234796,1921608.892190245,1127103.52123378,855186.0087695654,2403307.3425337183,2243523.7415309404
2019-12-20,1894610.0696810174,1926135.1339314254,1129736.2495167085,864539.178443485,2414738.8856662596,2247058.5360859376
2019-12-23,1899921.9908579278,1931677.4008648666,1132991.4378521272,862620.449801975,2409618.4477130794,2245502.081820944
2019-12-24,1904922.8156107354,1934591.3442471297,1134275.924693211,861476.4784808691,2407334.994478494,2237691.9338386967
2019-12-26,1899538.5904711175,1925941.492314604,1129261.7174902996,858535.996589237,2397781.5730186994,2222595.654337362
2019-12-27,1910376.5826090265,1937310.2083752425,1135891.4288207134,861841.3029208715,2421433.7490526135,2243553.579509668
2019-12-30,1925529.7243898797,1951483.726186064,1144197.6304236492,867263.8100810583,2433432.8548762663,2245285.731654496
2019-12-31,1917665.015024035,1945338.0310948165,1140606.9432517132,863369.5641017492,2422642.0403230744,2229538.6281677536
2020-01-01,1908864.8042848993,1933109.924474028,1133436.7653876385,858353.4740367468,2420823.9665488037,2231574.585589865
2020-01-02,1946039.0503633905,1967958.6910374435,1153932.6263876995,866816.7229923618,2452892.7625391614,2249986.175812796
2020-01-03,1934926.9734247613,1955254.632539061,1146473.1039458355,864514.7549938571,2438057.032471873,2240535.159847288
2020-01-06,1896515.8652780938,1918708.5555432113,1124253.990330937,847507.8255859867,2377484.0138788493,2197255.882105583
2020-01-07,1898785.1419313836,1924985.6632817062,1127187.384118772,850224.1684013859,2392984.506852687,2208931.021386958
2020-01-08,1901210.2729967523,1926505.2614796432,1127188.166523417,850609.5393975718,2392472.4668427496,2204640.528432033
2020-01-09,1936789.4438837457,1964804.1599972518,1149673.9110645852,859563.1854203684,2435049.4579887916,2238824.6151527204
2020-01-10,1948920.807462542,1980066.5867626937,1158613.6210178933,860543.4822254963,2440679.322273686,2246076.567549804
2020-01-13,1961236.5095652032,1990317.3628094466,1164572.6544193826,867126.7507254526,2459408.044101909,2259995.1404864565
2020-01-14,1964376.5739992547,1995383.658154753,1167545.1444820962,868640.4362751676,2468956.510019056,2265808.8780919714
2020-01-15,1977054.4583910394,2008434.5727284225,1175195.516849955,872167.0184208585,2477205.6050773123,2264025.081417951
2020-01-16,1972120.9200189996,2004548.4903195174,1172908.0622944436,872284.5431439115,2479040.647996396,2266136.7414589827
2020-01-17,1986688.4336718011,2015743.5086109908,1179358.4174084268,878331.7132832243,2474434.571913163,2266215.9242787496
2020-01-20,1981647.548467486,2008491.4660885604,1175072.2414173684,876639.2121044828,2452690.8714543036,2242941.401548864
2020-01-21,1963806.614080279,1990043.9890225204,1164232.9718250833,873763.4481960966,2450874.1497306162,2232754.3243068582
2020-01-22,1953770.9529932428,1981248.269067076,1159038.166725596,874442.558082266,2441396.4311383124,2222477.058694146
2020-01-23,1973140.5488298822,2000726.0762684615,1170411.842884501,883377.0665013029,2464062.339298037,2237566.99877469
2020-01-24,1981991.09377846,2007453.7513745101,1174374.7430424294,890542.2083584501,2484856.994274815,2251149.68924541
2020-01-27,1948490.8770883966,1977680.8786022933,1156453.4192330106,880857.1603619291,2463286.7956052506,2228531.7827432817
2020-01-28,1910134.869256823,1939940.8118260177,1133879.3345611582,871013.781675666,2448614.6325654616,2217706.9957309593
2020-01-29,1922638.7735689569,1962628.6447117599,1145840.1127969753,876705.3808036137,2465560.142855894,2231090.3463245938
2020-01-30,1906890.814218371,1943318.7983067306,1134613.2341196071,865647.7815985966,2439090.006198813,2210792.256114597
2020-01-31,1899300.6743563104,1930380.5831272872,1127014.113910867,862303.9669547367,2413931.648366725,2196503.7087170607
2020-02-03,1882264.8893755365,1915479.863736418,1117525.0016933093,852940.3195115225,2357273.1211397075,2148043.3267786964
2020-02-04,1899774.825242846,1935772.1454746993,1127501.056897452,861875.9767698769,2404097.614505874,2197214.9721340183
2020-02-05,1914531.6523149896,1950379.9954197677,1136089.5380528476,865745.2241572515,2433670.2416150225,2219202.2476963294
2020-02-06,1925755.3931902337,1961601.9144871505,1142567.7988865878,873313.4550913946,2458456.90124293,2230462.1393770967
2020-02-07,1931513.26281914,1961159.7667057784,1141552.6322051955,871731.9947856935,2467537.2487185136,2225993.0620968635
2020-02-10,1933858.246766894,1962979.766949919,1141810.1287886458,871193.2078146342,2439562.2901364267,2214361.620291625
2020-02-11,1937748.696779101,1966780.049786833,1144021.386814769,872522.1705734733,2450697.891262281,2225393.8690775023
2020-02-12,1938059.5430925775,1965914.6034062179,1143519.5445906478,876907.02570653,2447233.9529173104,2240213.2244960163
2020-02-13,1939756.402864306,1966757.3346531661,1144128.8835799056,874365.1785965598,2446391.0157165146,2235547.943264733
2020-02-14,1943470.100572436,1969133.05171707,1144919.7690873817,870946.6067459839,2419463.686933342,2222569.7249115636
2020-02-17,1920596.510537951,1945671.9715397628,1131294.761068888,862266.4473984498,2388085.7899313015,2208870.1885014814
2020-02-18,1902670.7033098626,1928777.3442280563,1120722.5343633392,859932.0444290894,2370123.395113852,2199387.3692802708
2020-02-19,1939902.405878722,1966843.476250275,1142220.380263078,872749.2440378458,2416576.1636653678,2226506.677871812
2020-02-20,1938297.9416453235,1966688.7911001286,1141306.1861150358,870278.1962578037,2419314.9719472737,2219774.531892266
2020-02-24,1904240.2824046009,1934488.2369009098,1122802.2910344694,862973.7911639892,2352206.1945194844,2173579.123448591
2020-02-25,1905482.1617991321,1935238.5585867008,1122489.3165307064,860910.7925067627,2341448.955392014,2166419.7958595725
2020-02-26,1909345.3779246204,1939452.0891347965,1124876.7905602474,859498.799915538,2315113.8119592466,2143278.167699733
2020-02-27,1897086.1765086048,1925402.0137868961,1116270.824905031,857849.1095679982,2299058.8538310947,2135397.757396614
2020-02-28,1846916.8232066028,1883498.4244314274,1091139.880097048,832770.5639735078,2203880.5349823954,2057103.8100422414
2020-03-02,1829739.716211974,1871681.1559988102,1083450.4684339785,829263.9078108647,2179630.032705855,2045567.4374776694
2020-03-03,1846283.653711974,1888184.6512685856,1093056.9211927676,839922.6919289015,2236531.8666101806,2079058.2259239412
2020-03-04,1839553.5740916126,1881630.5625234684,1089268.2535291933,836065.5531959913,2220247.6442494667,2068486.2130448178
2020-03-05,1844155.5361277454,1889641.5906606754,1092690.427344461,841593.7244299725,2232648.4511564546,2073294.4233685632
2020-03-06,1839762.400812804,1885603.106896027,1090309.7618171172,826144.5176428631,2155565.940378582,2022664.1622199023
2020-03-09,1811762.1693827503,1863275.3120351871,1076849.9645339143,813298.8207321066,2062656.320132616,1925033.118916221
2020-03-11,1816467.8221690052,1868428.0443044743,1079872.4021330965,812192.7292950624,2051097.69713302,1924099.1025066986
2020-03-12,1764303.07110089,1819425.9839407047,1050991.5671086912,777424.9543253321,1854924.9286434485,1763343.8465383372
2020-03-13,1769450.3184763782,1821192.4488760075,1051665.8105911873,770195.5089864894,1930710.3707975843,1828182.3476274044
2020-03-16,1736073.2330271595,1788773.7137685856,1032915.0942215585,754012.3369506368,1813724.3287383532,1695457.534307457
2020-03-17,1735845.5335642688,1792851.4509512028,1034147.0275159498,754619.9215350494,1790632.1585461702,1656947.44913018
2020-03-18,1734300.0335642688,1792851.4509512028,1034147.0275159498,754619.9215350494,1698417.269621441,1566408.881180678
2020-03-19,1733700.5335642688,1792851.4509512028,1034147.0275159498,744802.2711226996,1626149.0412118915,1527146.9461958993
2020-03-20,1733731.3341013782,1792851.4509512028,1034147.0275159498,735018.2711226996,1713840.3758667705,1611479.799608644
2020-03-23,1731444.4338328235,1792851.4509512028,1034147.0275159498,727557.9729888495,1488961.078496062,1406175.1177896585
2020-03-24,1731777.7330271595,1792851.4509512028,1034147.0275159498,721748.7229888495,1514197.1033911735,1439117.0154479851
2020-03-25,1724218.3832957142,1788876.1586538395,1031491.141951975,715144.523455387,1575971.7630441904,1528533.2986541989
2020-03-26,1721091.7295786731,1784553.8048025211,1028997.7397302953,711475.523455387,1644383.7580666346,1591304.3985918998
2020-03-27,1718756.8740031116,1781935.1490255436,1027487.1363977757,711169.773455387,1639416.8322632413,1594052.7140368714
2020-03-30,1718567.1229502552,1781588.0970998844,1027286.9352869359,712624.799481709,1596291.7424446554,1531757.2307457402
2020-03-31,1727544.1263987415,1791116.2009512028,1032783.3375086156,712624.799481709,1646798.5925593616,1591124.2819478316
2020-04-01,1718919.7687327259,1784221.6472402653,1028053.0322562177,708964.4150171372,1601581.298171513,1531516.4629432026
2020-04-03,1718261.0490061634,1785765.377953156,1028562.2907826485,709327.2195954026,1573413.6591817266,1501666.0129458888
2020-04-07,1810611.1547800892,1860816.93422757,1070657.7071512996,736063.2455194582,1688811.5284474357,1628197.2664206498
2020-04-08,1853452.1662089222,1890430.8393636784,1086892.6769374518,741164.227453052,1710411.161523169,1625760.1606791762
2020-04-09,1897065.68828839,1908327.2872549137,1096159.4687562077,754588.2617709732,1786187.537920085,1691630.8447670534
2020-04-13,1898429.679026305,1911923.5785604557,1098374.9562440007,759677.5283290554,1782277.2484935957,1672454.4681737362
2020-04-15,1904881.086512267,1919672.566094025,1102965.5681672185,762499.3065120388,1792989.5150886793,1663424.9136271283
2020-04-16,1932036.1085459583,1946714.778618439,1118521.0442872136,773483.6943141628,1823458.4920343438,1675954.3944473085
2020-04-17,1923508.4620921009,1938651.751061066,1113859.5637421696,770330.0278407742,1868582.2147998887,1722661.5479431832
2020-04-20,1922871.0496317737,1937325.3296590885,1113017.4195313542,767823.1472713161,1858918.2635586446,1720651.3443391232
2020-04-21,1921440.2823588245,1936600.7910848698,1112588.3348603337,770559.0166560818,1790575.045350263,1671991.7072222761
2020-04-22,1941656.733713805,1956718.7718587955,1124107.1416535466,776988.370659988,1818469.3220476045,1707809.1159144104
2020-04-23,1941144.2190653675,1957109.7094198307,1124316.3718628972,773222.1459895779,1837378.447646885,1728638.5434684164
2020-04-24,1944266.9179789417,1960338.8074422916,1126159.8978180974,780504.5663539578,1791867.439292013,1698922.370854728
2020-04-27,1960057.733423888,1975797.7720266422,1135025.5864625066,790404.1156551052,1826638.1584237698,1724129.8475883794
2020-04-28,1937166.1617838733,1952294.041725739,1121516.6173768132,778230.7089778591,1851247.7782231774,1739223.752604098
2020-04-29,1940571.3776499622,1956223.6764455875,1123770.5454316228,776557.27915303,1881821.696988287,1769546.7992976627
2020-04-30,1942569.9050547474,1957758.0347829899,1124653.1863617986,776474.5775386501,1946863.157773655,1823499.343548639
2020-05-04,1922881.2448679798,1939058.7441640934,1113913.2444367497,769565.0722743679,1844720.4482888102,1722741.674894428
2020-05-05,1898045.622523009,1913614.9917532047,1099319.3428254216,753206.1657649685,1820865.4484179264,1705519.6173537432
2020-05-06,1895040.3991801136,1911086.5356222233,1097569.3877240052,753329.0096235807,1843869.4698539097,1718198.0782097115
2020-05-07,1895015.9103342884,1911555.6072317204,1097817.1118908753,747790.4429126512,1829217.0140983346,1704130.82017394
2020-05-08,1928587.3073222034,1946340.0033346256,1117741.5660992493,764088.2948871385,1828628.3828135717,1714531.1136100495
2020-05-11,1945979.1683298938,1963220.8259817204,1127401.8579693665,763661.9324224561,1846264.421471826,1715074.386031338
2020-05-12,1930240.0141093128,1946707.810158356,1117934.4742260803,753827.440940732,1851921.709630843,1707870.8668613434
2020-05-13,1928168.001368224,1944238.1573721012,1116501.0484295716,745290.8783835116,1895687.129859323,1740640.1429040127
2020-05-14,1928420.5850016468,1944814.1010824284,1116846.870954596,740188.2535193921,1870611.6384036047,1700615.3153804033
2020-05-15,1936847.285731017,1953505.6222768864,1121815.2508221497,735212.2719062329,1865321.5349786684,1698323.429850926
2020-05-18,1922600.9191538685,1940786.8161245426,1113766.5725390585,733957.8542308335,1787420.9024778097,1640685.7297249376
2020-05-19,1917470.758082091,1933032.1443105778,1108432.7403726173,734146.2578146013,1801220.2993431976,1650920.8118613015
2020-05-20,1963432.585200011,1977970.7643362125,1133392.1383376548,752235.2165308523,1838727.890010125,1685335.947174191
2020-05-21,1983509.8213602894,1998150.7519918522,1144948.2813582846,760307.4454798559,1852865.5616390067,1694555.7077066856
2020-05-22,1974663.2838694446,1989251.712151154,1139892.172746224,757558.0359145015,1839171.7652860165,1681231.1080433642
2020-05-26,1959985.0569407337,1972905.0854421696,1130566.4717879721,753585.1828148002,1856151.718382992,1679904.812849447
2020-05-27,1964930.8603464954,1979864.237755402,1133589.707982584,754533.0625855945,1894300.5286277551,1725801.1293668482
2020-05-28,1979974.6343027942,1993626.4532247623,1141037.003546871,760580.1015841027,1926589.080485279,1757967.2218325897
2020-05-29,2025716.4792734974,2040516.6605611881,1167971.2532722128,783266.8028551599,1959332.138444994,1779551.7973622652
2020-06-01,2047365.2966868274,2060756.6457296452,1179604.177008785,791365.7654558679,2009796.2561144459,1822821.0243899422
2020-06-02,2052550.9721476429,2064440.6950307926,1181063.1865457296,793432.1392830064,2035047.9827133184,1848939.9047524666
2020-06-03,2057647.7651621692,2068978.71207486,1183084.3860828306,793619.3285835435,2050996.6902439124,1863846.9338723207
2020-06-04,2070888.456797301,2082935.206581696,1191107.8207904722,806032.5631111314,2060286.80827826,1859770.0853291133
2020-06-05,2088241.5200602405,2100488.4600912174,1201141.2251178648,805606.9736183336,2107769.8997583156,1882756.6112818683
2020-06-08,2101080.14809674,2113433.7465292057,1208544.2810108091,802013.163292711,2119070.9979843954,1886851.1961234377
2020-06-09,2124219.1398875113,2138049.769508942,1222738.7329761412,804065.422516649,2097580.7637352794,1865782.2326925546
2020-06-10,2133595.0705515738,2148611.6070943912,1228906.5197193052,805350.8832100084,2112611.7638143823,1876785.394833488
2020-06-11,2113797.3787180777,2129313.708977326,1217890.6328174497,789611.3454597642,2070807.717957473,1838623.6853725843
2020-06-12,2135806.6671549673,2150871.4378896793,1230211.9645893003,792715.5369880846,2095633.814688112,1852508.2008479624
2020-06-15,2130506.6718546744,2146300.2833639225,1227630.0237323667,790465.5888145616,2061430.6980298425,1824676.052953733
2020-06-16,2136036.3794352408,2151477.4121328434,1230711.80141181,789018.0348671129,2063807.506439665,1841354.1945718837
2020-06-17,2154821.944239318,2170655.0124441227,1241821.0574695494,795603.5210655382,2063897.7584697686,1836301.5356012
2020-06-18,2193832.981119811,2210882.498451813,1264850.7560932066,797286.720551317,2094771.592738037,1870638.8527726626
2020-06-19,2224331.2718302603,2242144.7507253727,1282772.8910114195,804132.7239006212,2127853.446517389,1898286.174764775
2020-06-22,2271484.100992858,2289394.274345978,1309321.773804604,811884.3523053599,2164999.5704691126,1914064.155771421
2020-06-23,2308295.511210143,2325591.764534577,1329386.9873011957,821862.3770532628,2207224.6286008954,1944396.8918017002
2020-06-24,2258145.842173278,2274025.7948080143,1299782.8045771967,807882.8225564976,2166939.7407819727,1915036.3410650108
2020-06-25,2249001.967234313,2263879.820076569,1293858.2406276118,811544.9074258824,2170456.0687421137,1912580.705559228
2020-06-26,2222322.5769450064,2236397.979225739,1278112.8955958735,812939.528183939,2177599.0613158555,1927954.4053544048
2020-06-29,2189046.961741149,2202133.765450104,1258588.0163844477,807003.3735513707,2151320.4472417813,1914417.7508822533
2020-06-30,2156519.0171305533,2168359.2201315006,1239205.790523852,805054.2035455724,2145923.455567102,1912587.2014172198
2020-07-01,2132161.377237975,2142884.1294332584,1224583.2957423578,804515.7637033482,2159194.7562021483,1932997.1328849746
2020-07-02,2166601.0878092637,2179136.4953695377,1244395.8884643672,807676.3820441731,2183526.1297219098,1955395.9200306924
2020-07-03,2206628.711924254,2219776.656075104,1267374.1549680587,815835.4363343999,2195047.3147667185,1966362.4716193571
2020-07-06,2231852.710489928,2245518.454475983,1281763.0434063924,815592.612005539,2221407.741115201,1992503.3227502832
2020-07-07,2252079.6854655137,2265969.8387838444,1293072.514013023,814867.8154299839,2229597.2761639333,1999560.0116963065
2020-07-08,2205500.6858622422,2217440.1527792057,1263852.256667153,804904.9651068472,2214791.6361787366,1983652.0855134968
2020-07-09,2191064.034983336,2201096.635689362,1253962.4172397973,807498.8468707242,2227186.17038986,2001791.6018562461
2020-07-10,2190011.4430033555,2201913.365730866,1253943.6832928343,809241.9352191129,2214409.219681236,1993918.1309237743
2020-07-13,2193851.387705504,2206053.866158112,1255815.7536418443,818312.8289699485,2216736.089516163,2000233.8937463039
2020-07-14,2157759.7716471544,2169119.4105306705,1234186.9709688332,816845.2926923727,2177319.4081989885,1966400.6806770025
2020-07-15,2158098.2892863145,2169647.9765096745,1234525.76561605,827470.2047063803,2171215.420855813,1966762.036735579
2020-07-16,2166397.7663370958,2176198.899849518,1237401.116612459,828818.0124246909,2187977.2054974576,1987228.4467748094
2020-07-17,2214098.9503886094,2218550.690590485,1260153.2571791413,844720.0652869424,2227350.8116742168,2017519.7630700525
2020-07-20,2206917.723643004,2210893.431984528,1255832.4335097077,848060.3442328653,2244144.01423572,2038246.233224766
2020-07-21,2210032.8394266954,2213328.24143277,1257180.2666395905,854223.6117346963,2252705.513620159,2060957.0639781128
2020-07-22,2195379.711535155,2199076.92578183,1248216.5575067622,847340.1922248086,2249946.108841511,2054650.8365182015
2020-07-23,2216212.209376036,2219168.7208028873,1259624.580455981,854999.8798011026,2263952.386698117,2070347.482689591
2020-07-24,2213157.6498057237,2216706.8214040836,1258237.9180261714,854020.3684638223,2238229.66805473,2063656.1931808726
2020-07-27,2217202.460371672,2218996.2595716557,1258647.1676184423,852924.1835468535,2215463.349304707,2051497.6072920375
2020-07-28,2245715.2394739976,2247914.0464330753,1274242.4675518223,867290.9322632496,2243742.070588202,2080165.4311509288
2020-07-29,2243191.5083033433,2242538.206566437,1270223.3960649823,861669.2149542737,2253360.941210776,2066040.6053917427
2020-07-30,2227911.9047839036,2228669.3536497196,1261918.26142271,859386.2304087877,2235413.408184355,2051928.754921824
2020-07-31,2239512.095503508,2239141.4987608036,1267361.33037051,854405.4822910818,2247205.9361391547,2050386.411898101
2020-08-03,2208021.15672177,2206887.0596128544,1249025.1365228537,844973.0301057935,2228130.8521257434,2020020.2177456168
2020-08-04,2215941.8339983816,2213378.220318421,1251821.7755360068,847506.1936184036,2248087.1143920994,2054361.3764622104
2020-08-05,2231640.1961848135,2228206.1333776554,1260226.4496540488,852831.7505336868,2263239.4163735104,2055570.9154434379
2020-08-06,2249029.5786539903,2244257.972546204,1268480.4349119128,863146.9802547562,2276229.698285692,2073754.0663365975
2020-08-07,2259652.390272795,2255418.143738373,1274820.5580732287,863821.5435787308,2292240.2582706604,2076641.8348555407
2020-08-10,2314837.8901144853,2311346.2917238316,1306506.4338361681,876043.3297725784,2318753.6337606385,2089711.5505458964
2020-08-11,2308695.3917357316,2306590.4815927586,1303785.1084806384,872768.6398616898,2318159.3074985873,2096678.0701220294
2020-08-12,2325868.2547709337,2325501.781742676,1314502.2975446642,871111.5305019486,2321726.8773955866,2094284.9219097411
2020-08-13,2351223.900284468,2350338.467184647,1328588.6124479235,872495.4445034134,2343913.9933258896,2095209.0895655071
2020-08-14,2336831.8010718217,2334212.1522356113,1318753.49839869,863079.3463597038,2320624.7215425195,2073000.0337152826
2020-08-17,2348706.5417525163,2346078.7557245335,1325578.5203026817,866227.6395878532,2347473.666074157,2084919.679616235
2020-08-18,2342453.7029768815,2339262.355616196,1321629.9653786705,865857.2402043083,2374944.7836185647,2110334.8354085
2020-08-19,2346102.4006354203,2344231.8818346104,1323527.6328745466,862642.2585519013,2387774.3487269236,2114602.739425855
2020-08-20,2323608.7276293626,2319114.945673569,1308501.611122982,859153.645438498,2389680.8081113514,2098955.2427478675
2020-08-21,2322245.7223154893,2317113.5064149937,1307355.0829514428,859218.0677712617,2395957.8852940616,2109334.087830904
2020-08-24,2320478.9193674913,2315624.5343004307,1305891.1877778193,858979.844153708,2402730.104826453,2124547.25282766
2020-08-25,2326620.9931284776,2321169.881308182,1309264.1672471187,858770.7311776337,2406835.0713862083,2125709.3840142926
2020-08-26,2348721.2987944474,2342323.3813444218,1321324.2667058131,869491.9043801484,2424637.7248993493,2138689.614897118
2020-08-27,2359843.6468893876,2353537.9629980167,1327785.9235070369,877648.1652077371,2432968.6455639857,2141426.8460942316
2020-08-28,2381947.043184935,2375944.925528153,1340569.1632149837,879012.0028623801,2457423.4063852946,2156465.6263896315
2020-08-31,2303084.0119749894,2296005.245052918,1295994.047622027,854775.4401334983,2366103.1440627784,2102408.2247208534
2020-09-01,2322466.3728548875,2317025.2832056126,1307426.3183550728,860891.8059171897,2389920.1489960323,2118944.748294038
2020-09-02,2348178.1301371446,2345859.0652605137,1323233.6462429566,868418.508078119,2420086.0072765867,2132845.2659504283
2020-09-03,2355155.01032704,2351556.8321043095,1326467.5073746247,871771.0181847136,2439957.108937869,2133389.5678400807
2020-09-04,2322541.2153193345,2317060.7287355503,1305914.933856734,855591.8584094733,2392671.6837315788,2097078.8265781603
2020-09-07,2324678.720419585,2320049.7429987034,1307110.6171551782,852983.2860992638,2382925.7870281404,2099514.5039607114
2020-09-08,2306365.829018294,2301164.5198675236,1295959.3763672314,842387.6342770756,2351251.9976021014,2091540.3970548091
2020-09-09,2291572.777964293,2292354.813658341,1290058.2399623925,850383.0359710875,2344893.051785465,2084756.6040932804
2020-09-10,2324373.381910979,2325386.6728406986,1307778.946352717,854956.5186523619,2365757.7931758547,2114873.0475800466
2020-09-11,2332067.9293600908,2332640.6382852634,1311835.7440364328,861189.97771619,2380399.7948125782,2119791.6527659297
2020-09-14,2386937.026863753,2388661.322029694,1342470.9484439162,878976.6045237334,2394395.563991262,2115610.8162864866
2020-09-15,2392641.4094931474,2394707.4033742985,1345891.5658755568,879086.9426874585,2412344.128355933,2131408.0917263175
2020-09-16,2407675.524025618,2407213.9277425846,1351975.5026389929,884272.3494678008,2425502.89613402,2145989.575290921
2020-09-17,2405080.4360434404,2404782.88835965,1350615.7685539098,881476.9750476348,2413053.949096003,2130213.735978086
2020-09-18,2403469.179482161,2403563.5829092106,1349920.7144920202,883506.6944385039,2419598.592153399,2129104.026376556
2020-09-21,2352549.961464583,2353777.813362702,1321839.3035728307,856457.310100125,2329088.3921288326,2079187.7305336613
2020-09-22,2342131.7904135576,2345072.032829865,1316109.834673335,854134.9198304567,2297407.732545628,2060381.5004218132
2020-09-23,2336130.8563315263,2338816.3470388493,1312585.9386009474,850977.9036408815,2283313.055847542,2056162.0633712404
2020-09-24,2268891.5711752763,2271551.312203034,1274729.154116084,825265.969146863,2209708.936657993,1997726.0412475052
2020-09-25,2317325.9052206865,2321297.7822652897,1301730.681560386,845137.8017416028,2285007.796215072,2044180.1878903122
2020-09-28,2324807.997933089,2328310.7244649967,1305310.8318986995,856559.4080036205,2350560.23197986,2078710.8315641617
2020-09-29,2324610.515633284,2327553.3415304264,1304853.0464677913,858026.2604053539,2333361.359640916,2076573.862204501
2020-09-30,2332153.059395491,2334417.937416657,1308701.3810930355,857480.3342427339,2330436.283903337,2082319.837180002
2020-10-01,2340017.575966536,2341900.7026449284,1312903.5176897151,856593.7895922508,2365734.449859861,2111693.0204642643
2020-10-05,2387871.6115805497,2387031.4348531803,1337330.4461495888,868787.4041046031,2373273.868887583,2126250.4009901015
2020-10-06,2394290.0644156327,2385652.042580231,1336067.1952174748,872282.7097109427,2392526.937037018,2152774.596220854
2020-10-07,2416218.244866072,2414708.5815511784,1352360.396023139,877659.3579348197,2382116.6452075643,2164300.056371816
2020-10-08,2450279.015206038,2450740.066734894,1372634.634731635,894835.6731203665,2396015.1555864355,2181014.97103047
2020-10-09,2457898.6583334794,2463018.1754995426,1379560.8546718205,894270.0533083548,2402631.6221137564,2192937.497011019
2020-10-12,2466795.194954573,2469120.8703847965,1383009.7297328557,900820.3076418509,2386396.2898756727,2194436.920049524
2020-10-13,2483857.251961409,2483321.0454336246,1391006.4969142522,898568.5761049857,2370421.2780103614,2193810.312054234
2020-10-14,2458067.3192831865,2457545.782738312,1375635.1902439399,890961.325860845,2375570.148350985,2202178.246688768
2020-10-15,2405238.499886214,2398662.9261404118,1342743.6521427436,871382.9697207083,2325894.994064257,2150783.7341829096
2020-10-16,2400676.1421286454,2400002.766106232,1343380.6423771186,872627.5230349173,2354489.874570092,2166338.95226403
2020-10-19,2409082.672341048,2409393.4150930485,1348614.890317182,874986.5063764128,2375883.401997227,2186359.9776012218
2020-10-20,2437115.869377791,2433834.1947408756,1361024.6677811637,885184.0450421843,2383601.5916289357,2190716.9284092155
2020-10-21,2429599.666542708,2429451.7605825504,1358528.7396500602,883614.687711862,2391811.816912984,2196579.3851397387
2020-10-22,2426621.0297018876,2430223.068260773,1358260.140497882,881862.1898592412,2396681.860624364,2189913.5703576715
2020-10-23,2416607.956169783,2420645.1800619205,1352818.012095172,882876.8530672491,2408917.4502516426,2197803.071059014
2020-10-26,2390204.0809409013,2392900.8704458317,1337372.3853404112,871741.3444002569,2368318.780442154,2167869.049836466
2020-10-27,2413668.511070906,2408905.5092702946,1345228.878015778,876821.8955629766,2392795.5286470545,2191520.1882460923
2020-10-28,2378939.8949362626,2374581.648842438,1326137.7332022404,866545.1466310918,2363177.775592364,2164042.4530802923
2020-10-29,2394899.7413870683,2375161.3297201237,1326518.3279555058,863528.7978914678,2351374.860790572,2156453.9726893515
2020-10-30,2395414.8808524003,2375028.0292440495,1325667.341664098,863132.6094759405,2356918.727454728,2151776.5349192815
2020-11-02,2411465.261940657,2398254.572395905,1337738.1801779578,857132.0226832812,2368724.609031575,2157046.870911207
2020-11-03,2412679.669274031,2404867.8494039616,1339850.1475753186,858878.41961351,2390400.1415577033,2181842.9499739246
2020-11-04,2431245.4996878495,2427825.8308797916,1351017.8698625865,862251.7743134173,2401415.256515179,2199802.0200491766
2020-11-05,2459262.19764012,2444369.6650777897,1359101.001830107,879943.5368932494,2457744.2744684657,2238461.7804055787
2020-11-06,2455103.490761458,2441883.6147390446,1357063.122718143,880680.9569219359,2468810.6161554777,2262482.4611777207
2020-11-09,2483589.2043997636,2475290.5018850407,1375650.071170139,890679.2094091185,2502691.7390555376,2298430.267833194
2020-11-10,2500347.735115706,2500455.5694509586,1389539.5945733066,888485.0730108031,2520898.8353831517,2323666.303972949
2020-11-11,2526451.160042464,2538768.2901540836,1410752.4117119785,897726.3396123656,2554791.9610826643,2346075.749025684
2020-11-12,2517726.9731375566,2530484.9340444645,1406242.083430576,897419.5059026488,2559433.8796252282,2338443.926883562
2020-11-13,2536132.258919417,2548056.9701467594,1415919.156134891,898200.7110723265,2577295.3880605595,2345823.3561114077
2020-11-14,2543386.021126448,2566860.2665182194,1426375.279094028,900883.4892116683,2589863.875538653,2356858.826920743
2020-11-17,2576630.255654036,2586488.0049978336,1437321.911704349,911302.6360376568,2608915.5676141763,2374470.6417511506
2020-11-18,2615118.6048972,2621554.440376862,1456036.362687344,916063.1939514738,2636187.519711857,2385811.4591715056
2020-11-19,2565243.0637747636,2574938.251564606,1429690.090830595,906014.603035118,2614128.6075223163,2356859.0673798225
2020-11-20,2581992.088616072,2590987.517403229,1438494.416308195,911059.8717118758,2639119.014367038,2374715.596294849
2020-11-23,2598422.1411978593,2615931.1146169743,1452195.6398685283,916990.7730027693,2674638.5721713314,2388523.9477186757
2020-11-24,2611894.658730208,2628177.246712311,1458763.1409366436,923675.9681474227,2695443.986588621,2410788.3943271367
2020-11-25,2601477.614159285,2621215.5649190983,1454751.9844234295,907158.620826866,2664104.540586899,2374398.1911298167
2020-11-26,2613768.0118338456,2628893.952293976,1458046.4974626459,917860.365837242,2696154.8664620263,2397818.0161793632
2020-11-27,2636593.619667708,2642077.261482819,1465316.1248124994,920772.7877580184,2719857.1623760895,2396428.5356199034
2020-12-01,2643846.216973006,2648114.2248464664,1468856.854190246,930432.5731431502,2758540.1744954153,2423044.056875383
2020-12-02,2646708.9765555253,2643779.976341828,1466426.8939622797,931629.0423203963,2778751.425786801,2426437.601788896
2020-12-03,2696850.7540213456,2687376.3983236393,1490593.3841470636,945270.7434770125,2811962.7827564827,2433034.442861206
2020-12-04,2698425.7948996415,2681886.4631887516,1487639.4313424982,951592.5401994246,2837401.0000778018,2454261.0644055973
2020-12-07,2731066.598122298,2717901.484932526,1506394.4559841487,959880.0232926863,2862426.614981638,2472802.57997586
2020-12-08,2759100.433540999,2745494.0230184635,1521698.868543658,956581.9596025008,2861763.671086329,2478637.7579676434
2020-12-09,2764116.851723372,2743583.4710775455,1520625.628622088,958714.6014176863,2880549.30501037,2500551.0097114234
2020-12-10,2791521.4563681474,2770851.684136017,1534812.222805014,961631.6111527937,2874174.132826349,2493708.2639135104
2020-12-11,2780335.968544661,2758450.8733450016,1527959.1080207734,963542.1886139852,2880587.5189931886,2500195.531723669
2020-12-14,2806528.7581564775,2787801.09349881,1544165.5013923554,971858.2014659331,2894800.843997846,2508469.5524613056
2020-12-15,2800421.89975804,2781176.4831777653,1540383.717464438,967262.6245616362,2902816.531558022,2509267.6080169794
2020-12-16,2805352.9139792314,2778436.020958527,1538939.8852500825,978202.6037791655,2931881.4513692213,2529454.623578083
2020-12-17,2793101.244316756,2763916.2715688786,1530933.3759078889,977862.8063548491,2918342.135384504,2538059.2615699884
2020-12-18,2795321.8602988115,2759785.5283742985,1528764.7734184174,980582.0791819976,2920406.618341786,2541745.7705022395
2020-12-21,2692375.4001547685,2643284.1266256412,1464322.2468337922,941499.4331096099,2780421.316071805,2460828.670228997
2020-12-22,2712283.9157645097,2659737.9129263004,1473062.3931906,955501.8887828276,2820944.5754632056,2487563.586295392
2020-12-23,2745698.0684134355,2689856.0093618473,1488800.9861724381,972000.3289683745,2877527.6988668973,2514693.9323154627
2020-12-24,2766440.491554915,2712196.879112824,1501069.1359412675,976071.4556163237,2892223.177930862,2539686.132908781
2020-12-28,2789930.7550497884,2732701.1939870915,1511864.064791175,981956.1229018227,2928199.6773953927,2562486.7064760155
2020-12-29,2793954.2240134114,2735323.4988271794,1513322.539690467,980477.9141615883,2925604.7533923867,2571797.7709883875
2020-12-30,2800635.3580466146,2733057.846361359,1510433.2646714181,978686.7043657319,2935564.19816086,2581073.423799051
2020-12-31,2796395.597975814,2724956.724653443,1504305.2715885527,980743.9104204194,2939325.119922559,2581467.6813912485
2021-01-01,2821171.3375845784,2747971.610426148,1517085.39466976,987386.0074968354,2964871.240337549,2590021.6294949492
2021-01-04,2838858.0234976644,2768179.060728272,1528280.4586269744,1001557.9955034272,3014590.7449427387,2613713.8862467534
2021-01-05,2847935.5810538167,2768801.156660279,1528621.249520529,1011032.4554338471,3034298.6330164173,2629968.9541238244
2021-01-06,2853532.471274459,2766145.7431280217,1527174.7368137725,1009878.2002153413,3043830.598876175,2620737.905316355
2021-01-07,2846213.372130477,2760505.1459180913,1524069.0540096648,1005220.7445573823,3071369.642276798,2620680.876057492
2021-01-08,2867312.7111960286,2778519.4012815556,1533113.0945608756,1015041.3087053315,3117980.774748821,2658920.8175706696
2021-01-11,2867789.827788436,2781155.0730573735,1533511.6114416015,1018972.85207081,3128542.8706540223,2682281.5184079083
2021-01-12,2898660.3825446004,2825871.0581266484,1558286.3337240112,1017857.258900644,3145849.00277406,2693881.3907730486
2021-01-13,2938500.5413657064,2871573.834898194,1583538.6178960693,1013723.3990983979,3142292.5479238746,2691925.822250712
2021-01-14,2943063.7814474935,2887288.4092695317,1592071.314673413,1017172.0109758393,3151087.3684495897,2698759.0420459663
2021-01-15,2904559.3238211507,2851236.9961454473,1572236.9870366943,1001914.4621171968,3114858.0677870396,2667163.213260947
2021-01-18,2854437.5495901937,2794667.0941373906,1540966.3194723022,983115.7629899995,3050519.89574434,2636220.321974378
2021-01-19,2891934.3491125936,2827943.6878263555,1558309.5392296456,991834.6462491674,3112253.874884071,2680556.4167770147
2021-01-20,2918536.045111739,2850539.279386719,1570879.8442223214,997505.0245223464,3141873.671590927,2702348.6364517203
2021-01-21,2875961.267035567,2800133.1079847417,1543029.0058281564,988344.1687897723,3107576.8699990185,2690614.3744619912
2021-01-22,2825316.372252547,2752238.424074372,1516614.2411682748,978817.9488190692,3067597.9253593255,2652729.80825995
2021-01-25,2811563.820921981,2748417.1499197087,1514083.4062350634,976939.3014465088,3045743.2862750264,2628676.253663531
2021-01-27,2786591.100203597,2729957.219160279,1503941.254665697,969736.5519042725,2997528.2418490215,2580744.133579289
2021-01-28,2740384.145514571,2694725.790315827,1482897.9724382225,961983.7686141717,2980211.2207220006,2555347.796070309
2021-01-29,2730033.852141463,2689426.9410383306,1479986.3331830988,953420.5725180231,2930643.3720335113,2517954.9191133473
2021-02-01,2823772.640288436,2791498.461092194,1534405.0662541827,986181.19322478,3059770.4272163273,2631221.673439749
2021-02-02,2853444.654906356,2821429.778078278,1551101.6479497394,999495.5858334226,3141305.9090651856,2696949.751699457
2021-02-03,2873935.0603781575,2832955.5410787663,1555881.0859442293,993289.5425232743,3181376.234277613,2721375.579062072
2021-02-04,2966214.5630026693,2922741.174913605,1604346.3233506312,1012488.2580788658,3224562.407413242,2743904.79840895
2021-02-05,3020880.241721236,2976690.0252019963,1634406.4670121302,1014418.9690926598,3210800.53181276,2746041.298933211
2021-02-08,3026132.4616766805,2978654.3619711003,1635821.7452103724,1025802.9237053917,3258502.0192152294,2780635.1792862355
2021-02-09,2998101.9848357076,2952092.0151960454,1621013.9143387903,1016894.6172781306,3248499.223295185,2779607.4055303037
2021-02-10,2999103.4093733663,2953424.5417539678,1621690.228959762,1015100.2770986872,3266151.653272153,2780554.5836655884
2021-02-11,2979206.1172095174,2934327.2815877995,1611228.045076095,1011573.5969152766,3280766.870558754,2794523.2032927163
2021-02-12,2971583.8490858907,2927207.491865357,1607335.0987794031,1009282.8474773557,3271463.213711953,2793781.2723034695
2021-02-15,3010738.052054488,2966684.6187193,1629024.3815857996,1025199.6191105039,3301364.709450634,2822244.0917126494
2021-02-16,3015113.0096236104,2971181.8207799993,1631477.0656373133,1024923.2812765937,3316777.2330592144,2823464.0754654035
2021-02-17,3064114.8462286824,3021548.3138563237,1658461.3284732474,1025863.4218460736,3316887.926955228,2808117.6875348343
2021-02-18,3123190.619734847,3080333.8362485967,1690693.795338787,1023074.9406525311,3330327.513274266,2795439.4343029223
2021-02-19,3061029.9102621907,3017704.139166077,1656300.4831058157,1006788.254640263,3274024.4546712823,2768491.3596226177
2021-02-22,3018760.2882529134,2976983.852422913,1633449.761990835,982804.0760513959,3218492.7514278777,2715082.9643002884
2021-02-23,3027291.2803908223,2986762.835901459,1638313.2003933487,991124.5085905669,3250225.0192679553,2722718.383591151
2021-02-24,3065828.724318587,3024881.4653684697,1659225.0964504776,1014231.8997977059,3285497.2744175806,2768660.9859821936
2021-02-25,3102213.0597716207,3055819.984468659,1675622.9580898904,1027215.0086157601,3337797.453673034,2789565.192449927
2021-02-26,3003783.279170119,2967448.3176672063,1625999.5031708058,999983.9246695321,3238290.0850169407,2690242.088713015
2021-03-01,3019168.3441382283,2983753.6105482182,1634512.5174340839,1014312.2804091036,3299251.651098147,2730934.2713744873
2021-03-02,3033274.109072768,2997393.8858968816,1641961.6861734027,1018585.6116600441,3345124.311995672,2762452.3630177095
2021-03-03,3104340.5791922444,3068538.6560575566,1680206.370327497,1039599.216625254,3400670.474746155,2820723.2088240986
2021-03-04,3085591.1362868184,3050335.6745092473,1670128.7866101507,1026820.9072075294,3397452.0993569423,2794880.089654013
2021-03-05,3011594.772719466,2975792.435476502,1629333.068020368,1000549.1851069527,3333929.206685322,2766538.954819526
2021-03-08,3022693.643023574,2987045.6390859685,1635607.701801801,1005910.8373286324,3345053.9233216834,2769186.028903294
2021-03-09,3015931.4099760884,2980228.1082632146,1631866.8714032415,1003350.061930378,3330617.5267865127,2789177.3402828807
2021-03-10,3012881.5489760274,2976795.8064214787,1630006.5447888616,1009552.1683756905,3354139.6027525016,2803698.132128289
2021-03-12,2983290.955077254,2955138.565969666,1617499.964752823,1005159.1240208063,3327367.5018600672,2777135.384155323
2021-03-15,2985286.1858435506,2958487.551252564,1617502.2838749941,1003072.6340534843,3313613.6933070594,2759278.1463769446
2021-03-16,2995492.100607955,2967792.83103772,1620680.8097909465,1005090.1906810378,3313763.050187374,2757869.165356024
2021-03-17,2936550.6637450093,2907816.0579244695,1587520.2139121545,989263.2053372842,3237376.8101407853,2720331.2375013484
2021-03-18,2913497.159854018,2882806.8972875676,1572202.8323559393,974119.3536307929,3200482.906691771,2689821.4891200294
2021-03-19,2942305.7189360494,2911070.9566137395,1587681.3644604315,987441.601041998,3246513.9674686496,2723712.01352967
2021-03-22,2992537.977053725,2961485.236078461,1614131.9448339418,993263.0787493768,3265029.723774091,2726145.2160601644
2021-03-23,3014972.8406172628,2984025.3252279363,1625346.9747683373,999900.9443120027,3286178.9358628043,2743352.440797766
2021-03-24,2996721.943766677,2964664.2922079167,1613145.6930493289,987119.8916476106,3217243.2540626028,2695244.80640916
2021-03-25,2915253.198222243,2884396.909822663,1568836.4452335,968995.0088405623,3147950.8011160255,2651424.790133608
2021-03-26,2940256.4073286885,2907985.1061117253,1581609.7357303263,981544.4469509139,3195119.449935715,2684966.181258771
2021-03-30,2980227.026957595,2946953.471010407,1602658.148221171,994925.9040966048,3243565.546099321,2740594.6089339685
2021-03-31,2972042.484538161,2938860.9271261296,1598236.3992587687,1002222.6263637557,3250879.7592642447,2716973.1379304016
2021-04-01,2995499.727763259,2961944.8262350163,1610890.1627933146,1017204.4729137435,3313485.152609865,2751004.3316412703
2021-04-05,2967921.4315596456,2930938.385561188,1592867.0211992315,1008151.3466777815,3255973.9761444996,2711128.7943383465
2021-04-06,3001591.1401778096,2969401.2248251042,1612670.8080959788,1014834.2919255367,3283841.4613728225,2722213.5727142184
2021-04-07,3016211.076274001,2983966.7803670964,1619427.4128120968,1018165.9973115192,3320402.2473776266,2747452.7092113784
2021-04-08,3045231.611796462,3011481.5786153874,1634447.658173425,1038097.214451717,3343747.4533070684,2759110.011515472
2021-04-09,3075076.412150466,3040660.5021688542,1650201.9810188839,1037708.4553269611,3342357.573089296,2753209.388535291
2021-04-12,3003560.615641677,2971472.5070821843,1612569.6632088253,988667.8899506794,3159602.0642179428,2651509.234810842
2021-04-13,2986572.357951247,2956153.257692536,1603775.8542130252,1002250.0777345495,3225333.3354514693,2686221.6293543614
2021-04-15,3003259.4377852315,2973276.481569489,1612474.5124515858,1007839.0305949302,3221545.1488296664,2700848.6860169056
2021-04-16,3051281.2970991964,3020647.94098111,1638228.8040165273,1016475.7236262412,3248880.8737080176,2710717.6453584693
2021-04-19,3016779.210826003,2987107.507021149,1619990.6125797597,1004202.4821559043,3174795.410868028,2662923.0425452488
2021-04-20,2999603.876475417,2973301.5207540593,1611920.7810535536,998765.6368504148,3189659.8624644587,2654449.8577589253
2021-04-22,2979271.7837019796,2957507.8847372136,1602788.8371138843,1000382.6304192671,3204878.5142554105,2672377.0224791323
2021-04-23,2967953.435710036,2952219.709230622,1598813.5600623344,996876.2022878666,3202845.3666275293,2662570.539669014
2021-04-26,2987989.4193526143,2969657.4786398015,1607119.490395689,1014583.3276047854,3226771.1100737844,2687306.2665906213
2021-04-27,3027239.8423567647,3007706.9156515202,1627086.8791655288,1022720.1502298219,3269734.81997826,2716976.4287076597
2021-04-28,3047396.6868391866,3027011.7261678777,1637639.4508818374,1037537.9705525476,3304653.6126081133,2753081.757652546
2021-04-29,3073047.0748701924,3052356.73773404,1651350.616500734,1064891.884370907,3311380.084583761,2758453.8602108215
2021-04-30,3039904.9060164327,3019770.5391866765,1633655.2119292007,1066129.923219784,3295562.6004010444,2714496.3607711066
2021-05-03,3052921.2189741964,3033834.4382650456,1640614.3245960567,1081231.841601412,3304609.283626139,2718252.456610686
2021-05-04,3020223.1191206807,3002539.2630636296,1623621.7244373653,1076408.817584078,3286703.6564243142,2694827.6027417295
2021-05-05,3050296.150858962,3031200.2427389226,1639207.1637073848,1092500.0578031943,3324452.691649902,2720400.3863157504
2021-05-06,3065457.532572829,3046074.4764730535,1647225.58173717,1108941.5613584921,3344633.2779570883,2739710.4566112445
2021-05-07,3110340.545603835,3093831.7810079656,1671744.4053809596,1134478.1588621542,3365970.405252969,2756763.3501110533
2021-05-10,3161981.095957839,3145269.3658773503,1699567.1080176784,1149087.5601225302,3417691.032963614,2779676.750217272
2021-05-11,3151685.190135085,3135265.0461141667,1694163.1080787135,1136175.4924498007,3428645.610060003,2765889.030040933
2021-05-12,3114671.171336257,3097039.0647298894,1672320.172350048,1107552.4019194052,3404111.2922708485,2741747.1123459516
2021-05-14,3079529.70090779,3062249.7276327214,1653488.9202824822,1089425.1603041098,3360346.6215310046,2733132.2991326805
2021-05-17,3096368.8236494893,3078132.4934103093,1662118.2104741326,1103090.12902433,3411134.8751865653,2777323.7066948796
2021-05-18,3151141.9043074483,3132183.690035065,1691168.6678258171,1126250.9597128066,3467680.541151733,2812317.2620116426
2021-05-19,3153981.64382466,3137000.088350495,1692523.8984729208,1125332.6908682021,3463649.9727335037,2802667.3016271284
2021-05-20,3134670.6921797628,3117316.214052399,1681868.3502322591,1105518.6985128555,3446243.5586675704,2782805.7579059866
2021-05-21,3155646.3359328145,3137808.7153951726,1692976.1798297323,1109473.6745107803,3480758.4827738116,2827567.861299682
2021-05-24,3155091.7092543477,3136800.5115682683,1692550.5824557699,1113608.0703848037,3499633.540486221,2834267.2498352276
2021-05-25,3165644.759013259,3146490.5449544988,1697754.5563861288,1115941.5435445937,3503478.8469397994,2835066.8258274756
2021-05-26,3168413.6375838155,3148854.0108968816,1699046.0636569418,1111294.7516897353,3505012.2361083087,2849123.9916096143
2021-05-27,3178029.1895857686,3158553.824373444,1704271.8911410726,1122589.6228445205,3523205.595740794,2856802.706701257
2021-05-28,3165767.063746535,3146563.0626852117,1697785.4299441732,1109391.3140142593,3535382.488517283,2872562.6454526917
2021-05-31,3180499.5467329854,3160663.252260407,1705428.8325778402,1121610.254855934,3554644.6221020245,2903333.40875985
2021-06-01,3172638.045893752,3152684.7183553777,1701138.1300631918,1110665.308925453,3550571.0149590727,2901595.704547211
2021-06-02,3186400.1898146505,3166991.069673737,1708854.9818774618,1123896.5348394546,3602074.297028846,2909428.43022022
2021-06-03,3189487.624903762,3167788.1449300847,1709293.6449557699,1125982.5651281509,3637671.3147413656,2932101.3705122294
2021-06-04,3207680.7521620626,3186542.0331747136,1719347.3701449789,1132352.2632940444,3661638.633585497,2930820.8982725865
2021-06-07,3288270.13891133,3246527.701669892,1750412.7724148007,1143187.4916276394,3692787.931063747,2944166.5752945584
2021-06-08,3356633.9840651387,3313572.15406247,1786589.6213451596,1158715.7011613308,3700353.713128332,2943882.562108697
2021-06-09,3356051.4643202657,3313254.8653738103,1786336.3978458615,1151143.877922958,3672632.3736737785,2923179.252250283
2021-06-10,3382607.522067153,3339379.380193909,1800462.0412880154,1159278.5908994137,3715269.8158663297,2946789.753827146
2021-06-11,3363814.194140517,3320762.145582398,1790429.7297531338,1159704.2158421932,3723255.433766772,2958286.6667326367
2021-06-14,3336118.269396865,3291981.820440491,1773698.374829762,1150108.0425380236,3708001.0729127773,2958832.952117349
2021-06-15,3316131.785349929,3272132.0882818303,1762961.6687388348,1142198.1803544122,3715692.1205636445,2969286.5646282467
2021-06-16,3294491.918978774,3250363.444761475,1751251.472672932,1124928.3894780236,3676493.9781152927,2948840.1902430025
2021-06-17,3275397.336352431,3230279.366613587,1739846.0656300096,1111732.6843884545,3634755.4244172415,2933143.006418169
2021-06-18,3240966.9668303365,3196101.4074689946,1721430.1115398912,1098460.357907589,3607715.6173855066,2929313.7555310517
2021-06-21,3267793.6342573995,3222370.2906515202,1735611.893188527,1109292.062033947,3636506.8823072445,2943247.8349049133
2021-06-22,3294460.239855849,3249232.372686585,1750030.8535328417,1119304.2962749552,3647943.3749978538,2949788.4473389485
2021-06-23,3284777.1392622823,3238121.9846975408,1743429.807297979,1114812.1645208704,3630659.937909312,2932495.8754613064
2021-06-24,3273086.662627303,3226996.2005636296,1735573.2667601462,1113482.2838743762,3621542.142140915,2947024.8349880306
2021-06-25,3298181.1252966756,3250944.210046967,1747860.9849770986,1116845.2229551726,3657710.0958906184,2960921.591768743
2021-06-28,3301117.1526671285,3253728.9728910527,1748133.3005183677,1112146.3619076475,3667014.450090686,2955005.166947892
2021-06-29,3289206.415553176,3243140.7295248113,1742219.3439200858,1111591.6657921537,3641826.328569155,2944474.1505369474
2021-06-30,3316235.2631903524,3268696.6429159245,1755891.3429244498,1110621.1525397687,3623589.956896802,2938480.602421158
2021-07-01,3286977.3807822103,3240063.32984372,1740338.2711966971,1104974.0382791657,3623225.1746698455,2932837.5968925925
2021-07-02,3281165.3996687764,3218734.203623017,1728174.1895742672,1101714.3393751476,3626868.6954948604,2938149.208565428
2021-07-05,3293992.721800887,3229010.02666684,1733142.8382575444,1105992.1955496166,3652788.9348558146,2958572.265100797
2021-07-06,3338116.2742110128,3273114.8702489934,1756322.6289279307,1106508.3836268785,3645771.512366914,2956471.3575928747
2021-07-07,3345535.0292769307,3281028.7693883977,1760615.8935763682,1120520.9206752183,3666170.78658961,2967954.85554203
2021-07-08,3348382.1686201924,3285639.4817297063,1762491.61878587,1114694.3367518785,3637277.8336352925,2943835.9898290476
2021-07-09,3357621.892970168,3295414.7523901067,1767738.9642601132,1125101.0590571763,3651063.217515912,2938473.3065620954
2021-07-12,3383602.073542678,3321870.162149628,1781960.4365196347,1130850.2004451158,3660637.026308073,2939136.474216221
2021-07-13,3394930.9713888997,3333379.6382391057,1788114.37842561,1131762.8380072415,3676773.6550176414,2957455.9262736174
2021-07-14,3408255.387866103,3346931.1893407903,1795415.9346962094,1135326.7369025052,3679718.4211627883,2964247.242095844
2021-07-15,3415686.3141470784,3354151.260614594,1799326.13472749,1136561.1590597928,3683589.880664198,2977446.7420798787
2021-07-16,3397925.6219969625,3337303.6483251653,1790254.450992596,1138584.849214822,3695442.0476807016,2979598.281783832
2021-07-19,3413485.2964659566,3353022.6269628606,1798581.4001808285,1144445.673231393,3664119.6604439346,2949202.241689587
2021-07-20,3388261.719203078,3327926.2090856633,1785165.0898094296,1132223.1738074124,3618790.6747806002,2926942.9049448636
2021-07-22,3444516.686114394,3383282.2656957707,1814784.3708839535,1143050.7753301705,3667820.7772682062,2965488.861745746
2021-07-23,3451640.9860106343,3391018.9600927434,1818983.9076576352,1140587.4553533639,3670772.431294598,2970730.457817764
2021-07-26,3494733.281214797,3435231.202463349,1842526.124721539,1153857.5742231454,3669892.3464004565,2966113.8006274384
2021-07-27,3503656.156958663,3445221.410791596,1847876.6849823117,1161843.7927785958,3650728.462647672,2951104.4909122153
2021-07-28,3526342.152468764,3469220.67270871,1859565.6425358637,1164840.7189315057,3638523.9889559154,2946904.6133841216
2021-07-29,3567340.6186858052,3509009.937998017,1881002.5174137934,1185843.2197097826,3671369.478646382,2958776.246450757
2021-07-30,3542688.94706639,3484145.746668061,1867678.8787304743,1182821.6118568468,3692351.575938188,2957830.8706203895
2021-08-02,3535118.689642989,3476000.977350434,1863289.1398159845,1186764.6956199694,3735807.126356505,2981372.073917378
2021-08-03,3573484.1326704854,3496486.8725683293,1873558.5400394483,1196878.1511010241,3761725.6455547567,3024309.946060052
2021-08-04,3568197.5444861287,3490970.726984223,1870529.5880931898,1184239.1059769702,3733092.0751978024,3041743.627503928
2021-08-05,3559969.2095099324,3483056.180475434,1866266.0892070814,1190849.2232255053,3739947.1974333664,3046857.3659216845
2021-08-06,3546740.2378264302,3470959.632211884,1859682.2401203199,1184832.3421639514,3752613.736260145,3038739.8085623663
2021-08-09,3529622.266497695,3435056.608560761,1839982.4556297078,1159178.011613515,3727042.256731285,3040168.6434295992
2021-08-10,3494369.2633620137,3402317.2521001897,1819778.55535354,1138726.5755325824,3684372.292641372,3042054.70743686
2021-08-11,3496637.394366347,3407158.787088593,1824032.955408981,1147057.4347702533,3691483.5150541086,3041394.1846217266
2021-08-12,3535853.623828017,3444449.619486054,1845745.3399915006,1158676.6749588656,3715839.8956531296,3056254.807285302
2021-08-13,3553726.6479521627,3461396.197397431,1854477.1644086149,1153506.9873801793,3714007.247838689,3083308.7820464517
2021-08-16,3577221.192416274,3485774.6066381535,1867386.9082745817,1162260.5053188368,3705296.339924092,3089150.519613135
2021-08-17,3632600.2792693013,3542219.709848603,1894836.5490826871,1178569.7665493055,3695383.4870936377,3099871.191228708
2021-08-18,3620013.3501311177,3528382.9958288274,1891079.0082501676,1173797.1244608972,3698927.0780214528,3095016.2659135824
2021-08-20,3562109.7615996236,3472942.200632294,1860018.002146652,1144280.7489115808,3607769.773767232,3069773.376242324
2021-08-23,3569347.5895262593,3480597.722055634,1860657.58092778,1135754.8804064726,3587932.2810759894,3075623.455950967
2021-08-24,3626613.3796721334,3542531.6359350285,1896160.8429377996,1161908.5351428755,3652260.3041699464,3100428.9304427016
2021-08-25,3605692.9501372213,3521610.5941259465,1892258.5898555242,1154477.6148380437,3658519.020886002,3104477.875344029
2021-08-26,3599712.1503630513,3513474.323618134,1889172.6740467057,1151125.0150303657,3649879.3229195876,3106572.7034226703
2021-08-27,3630450.4048491353,3543743.8831884465,1905848.206677385,1163402.5345748565,3686842.905306789,3123012.4197400277
2021-08-30,3669435.1021605367,3580276.0396520696,1926064.379269548,1182583.907761516,3755027.4146790374,3166029.829508225
2021-08-31,3737921.0827589864,3647361.518213471,1965868.424595781,1206576.0721335567,3798739.5935770045,3204529.3052731603
2021-09-01,3749195.376284682,3659899.5437109075,1971425.5252198654,1217372.8975424923,3813226.7021563905,3199004.1645652833
2021-09-02,3790518.9877348775,3699289.9213964543,1994592.4116334396,1230675.520604626,3854056.8242119327,3228989.05631426
2021-09-03,3793702.016268813,3700961.069284638,1995690.5668763595,1229311.464177624,3879370.878751743,3246087.892183073
2021-09-06,3770771.0435210103,3678684.9019872746,1982929.6596803146,1228932.1909995235,3889863.445804206,3254085.0673765186
2021-09-07,3777302.6724882955,3683294.369699677,1984220.367627092,1222461.413976208,3884093.2097655535,3249943.8274304015
2021-09-08,3767352.426074111,3672260.9630529485,1978722.2073335128,1220260.2084403194,3892414.922221991,3252475.900889034
2021-09-09,3743131.7463255757,3647109.801981171,1966064.6716889816,1210261.4876761592,3899397.4126923108,3257368.288639711
2021-09-13,3736921.789187514,3641529.838449677,1961998.4600343185,1218252.583104626,3909326.619979127,3256538.3684496745
2021-09-14,3736949.9513426656,3641320.8386633,1964261.8821992355,1221204.5746970333,3963860.545708154,3262019.9942074097
2021-09-15,3749305.911608779,3652534.795755585,1972649.9853486496,1226201.9961295284,4004746.122507075,3286164.435939287
2021-09-16,3767895.1239500875,3672068.6352941594,1983873.78045363,1236451.6556143917,4044235.196707575,3307505.0482494337
2021-09-17,3785290.070780837,3689632.0697576604,1992761.188618608,1234449.4742484249,4004472.565414314,3296305.3256436903
2021-09-20,3770562.967745864,3675688.441538056,1981309.934613176,1215640.5936331905,3905386.9867368573,3257441.408962333
2021-09-21,3833396.1920042867,3738531.7327367864,2015366.2322358566,1226754.053205945,3944632.456033244,3287642.9718563436
2021-09-22,3858171.7608061666,3761994.978342255,2025991.9505738693,1225075.9574265261,3993016.1981142825,3287561.086707876
2021-09-23,3955615.268839919,3858109.808649262,2077902.7641190963,1251535.3423752566,4042796.7017406044,3336993.206568753
2021-09-24,3957193.647936904,3856824.943918427,2077423.8159150558,1240489.7206406374,4010938.310537672,3337775.838304032
2021-09-27,3920198.7694121236,3820645.807260712,2059643.2003907638,1225080.2100662966,4022673.6841211733,3336883.3126431475
2021-09-28,3897221.8115874166,3794443.2988378606,2034433.4824342208,1209582.79633949,4009692.1590031255,3316280.3089449964
2021-09-29,3926852.0460615987,3823647.529291352,2037597.9559431,1208046.970693077,4038039.942304556,3307552.5579435895
2021-09-30,3940941.7500334615,3836416.7059728703,2048770.2074308319,1203939.5139975203,4033613.5197600205,3292585.9318505106
2021-10-01,3919404.362902724,3814097.5343114934,2034425.78532695,1196288.6319632186,4037067.416366203,3280280.595059471
2021-10-04,3975725.662112319,3869858.081949433,2066990.0018284344,1223072.271474327,4100191.5511500426,3313124.723513193
2021-10-05,3952501.2887297506,3846614.2848703465,2053842.037805965,1231907.6885223251,4121322.383213176,3336344.0931491493
2021-10-06,3887377.9543295735,3784306.649406632,2021639.4284597253,1227441.4520050518,4070289.985083523,3303661.3255994646
2021-10-07,3899170.073498809,3792065.304025849,2024927.47583814,1228533.4306182943,4124534.4813762987,3331705.6454062816
2021-10-08,3879633.4106779927,3770882.478138169,2012394.04314126,1229877.3466508328,4138145.4473527055,3347115.9475642056
2021-10-11,3923825.1304980153,3815223.6191656194,2027453.6716086096,1236378.3546159207,4159027.3880452183,3357633.2157177194
2021-10-12,3934362.788342559,3823746.2612783513,2034438.0896689123,1244793.8724839627,4188521.5893472205,3368659.371981751
2021-10-13,3941168.23512181,3829539.4083482823,2032720.0979925818,1250361.6571977078,4251384.942145508,3400791.5451668403
2021-10-14,3969100.5403929586,3856037.1776010594,2041806.0516940227,1258422.2085762199,4287588.0087018525,3433713.4306259933
2021-10-18,4023049.04503926,3907365.1422769628,2069858.7775927654,1264723.6330604728,4337054.795918613,3456659.744345222
2021-10-19,4016970.022723281,3901583.170093735,2067532.4082845862,1255137.233234423,4267106.696590215,3440246.3442267054
2021-10-20,4006098.2980013723,3890805.302866181,2063610.6256612951,1218413.4466133292,4211168.07978369,3407294.051915537
2021-10-21,4014872.4053088063,3900847.354768952,2069560.7673426238,1211279.721012133,4197680.779646907,3390383.6505956664
2021-10-22,4069601.7907381887,3953336.7212316594,2096424.4708643523,1215226.2887458976,4153861.8694528234,3373936.240659236
2021-10-25,4045424.4653674,3930006.749941071,2081515.093575534,1199223.5252723868,4113722.3419270883,3371574.0028371755
2021-10-26,4089604.8842459554,3970298.8793260655,2106335.5486078826,1226549.9190101798,4179044.950677011,3402418.3054952715
2021-10-27,4098069.131152236,3959997.5461618504,2099122.125562046,1224174.6183124695,4173148.955023018,3395927.2082722248
2021-10-28,4039144.9695883626,3905317.054771622,2072671.7307966552,1207746.479136199,4074086.1508838134,3329120.416566798
2021-10-29,4028021.210896575,3895310.1303732,2067353.5929640136,1202396.4551036062,4060555.285208716,3301922.7878120844
2021-11-01,4046483.0371428365,3912643.994312485,2073965.1171050505,1205030.065729827,4129386.6268319376,3348844.6433147835
2021-11-02,4074065.1324160453,3942868.7764654243,2086459.0116544398,1201842.539191429,4143692.732615829,3342953.355032978
2021-11-03,4108299.741684234,3967257.4072332466,2096882.842784302,1191891.0894233626,4131354.875650554,3336636.124000404
2021-11-04,4138899.142624175,3996455.883414277,2112913.7076982427,1202837.2778083724,4157055.1541834036,3353070.085911772
2021-11-08,4128901.883898055,3984848.299885758,2106213.1938127447,1199738.6473909174,4207607.475504988,3383472.0066984696
2021-11-09,4138573.434545791,3995827.195405015,2111369.1739152838,1204409.942781918,4232509.044397658,3381540.1705051116
2021-11-10,4128468.2436678763,3985567.809332856,2104293.5062669683,1191730.7259490087,4211495.9628109755,3378313.371797914
2021-11-11,4086518.378738677,3945917.6565313423,2083261.304849073,1182563.3510757515,4174636.926713964,3354050.4686743855
2021-11-12,4163288.614244735,4020226.4248704994,2135809.4895753446,1203468.7841909842,4218953.60966268,3397007.223957266
2021-11-15,4128615.505481994,3981214.399668702,2117809.1574015124,1219866.1234243826,4224881.997245624,3399211.8956340463
2021-11-16,4125365.9553454276,3978822.6896848762,2118432.7507429677,1220239.6363028006,4216308.083156103,3380670.6230103406
2021-11-17,4119699.196922576,3972979.879504212,2113811.8053083974,1230158.3679464774,4202003.411850688,3364008.1492507956
2021-11-18,4063863.966038024,3918259.6481847847,2079782.112849291,1223105.0961998824,4138440.6770560886,3335925.0912796417
2021-11-22,4054416.533758361,3908229.9126316537,2070113.0158635718,1198724.6621123897,4050735.585782851,3271810.0536861103
2021-11-23,4091534.230306823,3944596.7077671518,2088125.510934983,1203677.3239671178,4113218.134133299,3293016.125874215
2021-11-24,4085706.151006896,3937977.777194642,2082333.2217351538,1201256.0853058072,4101145.7112159054,3276262.390430163
2021-11-25,4084379.6428739615,3935693.968082093,2075328.3957714643,1207212.2130218716,4123753.369059914,3299997.2848561998
2021-11-26,4014197.732824523,3867201.8559299936,2023447.15563158,1183933.9608926005,3980672.0171245,3203679.57289514
2021-11-29,4020466.83757611,3872783.7622715463,2024127.582205912,1179587.5171483338,3943545.8533722954,3203400.309971343
2021-11-30,4024918.1402494498,3875985.0896030893,2024382.337043192,1181533.1516310405,3934538.1777886874,3190642.289222097
2021-12-01,4023327.869482238,3874200.466281556,2023517.7124943258,1175715.4169813823,3984829.2215339434,3222788.502345929
2021-12-02,4085635.974218566,3934806.854007386,2054205.2369688125,1185619.439328336,4033578.8322571204,3265347.3665056294
2021-12-03,4060304.611303527,3908473.4514805307,2038921.0653349897,1169675.5957899978,4026676.475543412,3231827.4060405656
2021-12-06,3975209.8142454214,3827553.0303989877,1996652.60351248,1142033.2026472976,3956809.727143702,3177070.032807697
2021-12-07,4031879.1772214957,3880509.178226136,2023728.8734458238,1149963.2454707462,4021043.090155323,3226446.3553761817
2021-12-08,4082589.8045408316,3931600.0463291635,2048645.0984601267,1159026.3531686577,4089114.00982862,3279423.3963166033
2021-12-09,4080941.8135129996,3930017.2599522104,2046311.4577578837,1157934.4204104478,4111942.401120775,3287877.6463255985
2021-12-10,4094228.3462888785,3943359.1514317025,2052625.4328237798,1165117.442093187,4130562.6265308736,3288723.6051158044
2021-12-13,4099892.8489744253,3949216.027774476,2055622.6228872563,1157039.4458773667,4107943.7945618676,3263245.028099228
2021-12-14,4084984.820654113,3928715.023013734,2045316.944023731,1164822.9488833481,4102849.09123689,3258196.8634530497
2021-12-15,4037932.6068479605,3883258.4595371713,2021573.3636099126,1155396.2033541733,4070382.370023629,3237598.438811909
2021-12-16,4015394.707433898,3858675.1561924447,2008701.9620596196,1147903.7012332017,4064380.646802756,3239957.429565668
2021-12-17,3962055.23361798,3806480.9099766244,1981528.5139089848,1117572.1210330063,3969250.6301463973,3186950.769251457
2021-12-20,3889889.876501281,3737536.12500348,1945352.8958059575,1094772.7555879466,3839148.4348744988,3114339.809308439
2021-12-21,3957768.924658019,3811667.0310703744,1983237.7731059254,1101321.0999989163,3899854.2029792764,3147857.0706689176
2021-12-22,4008077.568395812,3860179.1600376596,2008096.412596344,1104796.8627290027,3960189.0659363633,3184740.259834486
2021-12-23,4010772.4706174918,3859396.6333652963,2005640.8107140865,1107599.6263395175,3992823.3809150606,3208343.4269101215
2021-12-24,4018254.5602781363,3869074.222354554,2009472.7354582795,1105423.7970819254,3957574.64837047,3192230.944688914
2021-12-27,4042712.4358274527,3892425.320743226,2021783.53446951,1108784.0633420951,3975218.048862665,3206636.503978972
2021-12-28,4084306.788244445,3929856.0088535775,2039872.888764583,1115279.697789193,4014438.0548001477,3234319.264504401
2021-12-29,4104646.678075988,3948753.483585023,2049696.7108471026,1120140.1644029624,4014333.6088910447,3230042.2073662737
2021-12-30,4121546.9489500113,3963657.366885804,2057645.7319042315,1126652.8055772788,4001030.1923831245,3224829.1104690386
2021-12-31,4150505.649267394,3989703.459781312,2071136.2596752276,1129029.0037889488,4053058.092236128,3256124.606088675
2022-01-03,4160899.6520750113,3999485.4026524057,2076171.8209545244,1141467.651646352,4112609.546397918,3303251.755733833
2022-01-04,4164171.8771116324,4001196.5958897104,2077143.0226146807,1144690.0959653899,4127788.4842113587,3332226.692003655
2022-01-05,4127525.8837034293,3966552.165591859,2058980.4015209307,1135893.7587461516,4153918.154832703,3353734.843196763
2022-01-06,4076579.478063781,3917659.1487461557,2033339.9983837237,1131765.0916318938,4148923.291874695,3323783.580784129
2022-01-07,4080780.265295226,3922072.1677891244,2035705.1787426104,1130940.811236386,4169290.408096481,3336381.8699312247
2022-01-10,4089675.9267942496,3928933.827090882,2039385.1222240557,1129633.229998593,4207349.732178439,3368715.861889453
2022-01-11,4121578.9872190543,3958374.3186680307,2055082.8384716143,1134266.0341978117,4194277.4203713196,3377185.5575214406
2022-01-12,4126192.0372678824,3963440.5431553354,2057716.5897533526,1135581.9544858977,4240084.885792624,3405819.3132048547
2022-01-13,4148727.6552488394,3985451.1494785775,2069040.3487255205,1141764.9396543547,4264225.781259454,3415429.698870495
2022-01-14,4164910.9438840933,3998707.10937848,2075198.1940906509,1136887.0000181242,4282487.138706495,3415993.0848019444
2022-01-17,4142670.8768064566,3979462.502750062,2064626.5352161392,1137216.4500913664,4292911.5750894435,3426613.678159704
2022-01-18,4096315.890600402,3935130.327457093,2041403.7897937759,1123095.4429168003,4202151.846091348,3387493.764262443
2022-01-19,4064135.1166135855,3901845.4505650033,2023007.0622217008,1113783.6707573952,4196394.461555067,3359637.476757021
2022-01-20,4027160.8778440543,3879128.898868226,2009754.3926095814,1103475.102246311,4184710.6095513436,3330720.6783024296
2022-01-21,4007675.7625791617,3857429.9802891244,1996480.631429394,1100330.0685124998,4102890.448708152,3300257.142892936
2022-01-24,3954175.783254821,3804384.1239964,1967983.9150154798,1092326.7465475858,3957006.663507373,3207309.323967321
2022-01-25,3991656.2300474234,3841256.639835023,1986892.028097078,1099073.5624875464,4007604.192502348,3232362.8010541312
2022-01-27,3871763.2186948843,3723545.451968812,1924999.0954727505,1091118.5621213354,3968888.2783236946,3197799.0000422075
2022-01-28,3878489.14717694,3734215.3526951303,1929259.6939159937,1092778.4281911715,4001263.573605348,3200055.0858387672
2022-01-31,3884673.005495269,3717533.2194897165,1918619.7642240264,1095051.280457649,4057321.2018765206,3243026.8554857443
2022-02-01,3872533.4876310416,3708163.1295429696,1913067.4079911765,1095031.9743053052,4113447.116898037,3288991.02835467
2022-02-02,3933621.165762145,3764340.164455079,1939999.9086193847,1094375.9030297147,4166275.2200694475,3326420.0762731656
2022-02-03,3896033.5891935416,3725614.8948551645,1918616.8380269015,1089191.0442411401,4138013.204437839,3289375.371828111
2022-02-04,3877969.868776519,3708409.598251008,1908914.13264945,1082655.0125420336,4118135.5527596814,3282181.5790819363
2022-02-07,3856069.3416769095,3688835.1438061227,1898816.106717138,1069902.106076379,4074155.9540533316,3230821.573794054
2022-02-08,3852766.1469556876,3686191.3066898813,1896119.597796098,1069997.0205508664,4067049.9138976703,3236768.6730604204
2022-02-09,3874311.398199279,3707039.970035218,1905541.0340041243,1080884.9469742717,4126225.0893331533,3273994.0302122124
2022-02-10,3899876.2776891775,3732983.4701916208,1918726.9119032943,1092495.791563505,4154786.7061804887,3299146.6828325214
2022-02-11,3859568.135534484,3694831.104411744,1899099.7433623397,1076416.7141251506,4087927.3464585477,3255418.639968291
2022-02-14,3703961.788782317,3544591.7059704293,1821846.4720839583,1033431.5731980191,3933898.733186249,3156149.7277297447
2022-02-15,3718997.3951932974,3560518.0512577523,1828755.0515963002,1039903.3860007264,4060024.1304058144,3248585.3822382735
2022-02-16,3754093.1426374502,3595863.2176624765,1846382.2103738864,1038544.3506911052,4054772.272166028,3243712.4358629407
2022-02-17,3735808.46572705,3578928.2984425058,1835675.0316723532,1031466.5689160321,4042106.595328403,3242768.294733374
2022-02-18,3692831.378919799,3536981.122935914,1810881.7716984954,1021173.2333826114,4014058.9053799952,3233210.886816926
2022-02-21,3661612.7597181387,3511085.935435914,1795729.8192207871,1010592.4330722338,3970483.7193692075,3216732.1967415563
2022-02-22,3646810.776319701,3486357.672557496,1781802.539285513,1004802.83929557,3945694.5252299276,3197707.836523578
2022-02-23,3631317.164198119,3462207.9647785653,1767508.8292315316,996749.1227874839,3954191.7281918502,3197111.2388434554
2022-02-24,3513232.922682006,3341373.672282838,1703279.069042092,953610.1734356133,3714711.256823874,3040603.523736331
2022-02-25,3534545.299329955,3390301.685588502,1725205.4394840724,967273.1285366592,3865624.1987365773,3122807.1421149108
2022-02-28,3530335.079725463,3381728.112590455,1720188.83873011,965185.0364956436,3908184.1812752797,3149468.691043012
2022-03-02,3548353.7415906973,3408367.035197877,1730087.7874892293,965098.3870018023,3901334.5687511535,3119666.7366996678
2022-03-03,3571964.8338148184,3423544.382854127,1736562.3078990444,961051.5000568093,3896949.119252229,3102218.063526682
2022-03-04,3482379.9009611197,3329259.8371540536,1686305.1299380017,935664.0522823285,3808853.81620827,3050599.2663017116
2022-03-07,3479381.344289977,3317635.393626832,1680413.1333941175,934143.6058559369,3729474.5509563037,2977297.2788896756
2022-03-08,3482223.8401014395,3323224.977382325,1683182.4168947889,939632.0277309369,3783170.502857114,3007745.288045626
2022-03-09,3494111.4310819693,3344489.803477906,1694043.3881396009,946796.1077327679,3859389.845178302,3067546.0230428358
2022-03-10,3503027.074545104,3345198.110118531,1694390.2834719373,949024.6213130902,3917760.583635124,3116371.7224651957
2022-03-11,3538592.877622802,3381785.8671833505,1712280.7800500488,960004.3393527359,3939918.22587408,3124153.462252474
2022-03-14,3537298.409208495,3379632.0522419442,1710096.4734745868,962469.3655350665,3957440.0220569414,3160936.279892295
2022-03-15,3458027.455038268,3318564.3759266366,1677879.8893768706,935419.7187274331,3912246.055727077,3123300.450457123
2022-03-16,3519871.984930236,3370339.0844990243,1704167.060176126,949524.6335528726,3990510.3089231914,3183362.585958916
2022-03-17,3559333.0364973135,3400381.926112794,1719197.3230469145,952614.972496354,4046047.1475195503,3240234.5129588186
2022-03-21,3549031.282331664,3391847.744899415,1714771.3073761382,953482.1104358071,4017397.3818574604,3206889.393098639
2022-03-22,3555016.3038465567,3397341.1861835946,1717596.4947845854,955743.422584855,4049973.587708143,3239358.1541649033
2022-03-23,3593272.1072904654,3427604.2219959726,1733060.4374878325,963219.274437272,4054660.789749634,3229483.8748180033
2022-03-24,3624363.6417905875,3455379.4889332284,1747106.8706772246,973958.6272204751,4075465.675618075,3226470.817935038
2022-03-25,3623376.400350768,3458545.4181934823,1748741.0690414824,973877.1772998208,4065122.969523783,3215436.5116503127
2022-03-28,3637424.12159558,3473104.941371583,1756056.9972031035,980610.26488527,4060377.8702515853,3225096.0719432537
2022-03-29,3668500.1406690665,3504576.281642579,1770886.6624506267,984557.818639267,4074012.378278317,3243873.7030671835
2022-03-30,3627379.6295072623,3471095.595439576,1753869.7359140667,980618.4438071137,4102956.7743185842,3273786.3410853194
2022-03-31,3639912.2118284293,3485351.804774903,1759877.6937588404,987208.2605362218,4100416.9063909943,3269317.6951893945
2022-04-01,3669076.9128553458,3526383.9113880624,1780484.5250576686,995283.1426620763,4169534.4102325942,3309861.7574120886
2022-04-04,3710242.822881896,3562608.1148487558,1798788.0959881495,1004033.7582626622,4231156.684339697,3379723.8899588264
2022-04-05,3700350.716642577,3554780.0517841806,1794709.6124066066,1009332.498008756,4255925.165753791,3368666.351426327
2022-04-06,3729518.6766721793,3583107.359241151,1808996.0145329188,1013350.0699997228,4267999.965857012,3346413.8041544515
2022-04-07,3702631.6029188223,3561939.859668397,1798283.869871969,1007814.7258529942,4234294.695971514,3317814.0533061484
2022-04-08,3755877.424001891,3610050.966128968,1822647.0764149379,1018810.9638748448,4272363.618625331,3348974.007216187
2022-04-11,3798232.0339872427,3651451.3870579232,1843728.9532459925,1021945.3288193028,4265135.048510276,3338414.450846153
2022-04-12,3728608.4531080313,3586566.580722474,1810913.735220785,1009959.5648740581,4198921.189218565,3309711.689175098
2022-04-13,3728891.530180175,3589059.7195927133,1812150.6997822474,1011249.5301755718,4194930.454103295,3301832.711124234
2022-04-18,3738420.4135801382,3584108.574588441,1809741.45907485,1007510.3455900005,4149704.7904823916,3251956.728636719
2022-04-19,3716085.7164518423,3565946.7717472543,1800522.050619955,1009358.747033482,4092795.4927885584,3208319.4469539304
2022-04-20,3744861.95022412,3593518.3825336923,1814625.584666128,1009490.6497495704,4112670.686905118,3239062.8798994776
2022-04-21,3759683.804067809,3616096.78087201,1825917.8653935145,1010472.7845336278,4167076.078869849,3286091.4063559556
2022-04-22,3711352.9481641836,3569089.058429383,1802146.8952854823,998230.6705962499,4117755.5404134034,3247342.854626531
2022-04-25,3615259.1088239737,3464262.6198765268,1748591.5147710494,972406.2992125938,4027166.822166019,3202825.3142375336
2022-04-26,3671000.5346433707,3526004.4049870004,1779218.6133462735,978193.880752275,4100222.061285046,3254151.9838237483
2022-04-27,3650745.927076537,3502209.979472779,1767252.2236329862,971194.7822567916,4056484.3125576787,3220938.5922650835
2022-04-28,3687375.437597472,3539177.6726871957,1785965.161930258,978323.6179603103,4099169.269526782,3261754.3699717615
2022-04-29,3645444.7200910635,3499978.4992176523,1765098.628668907,969246.8200171951,4066013.03715338,3232429.112198104
2022-05-02,3646472.9851209708,3500753.580974244,1764183.580278466,964995.1737515349,4046212.7150209188,3225408.472200773
2022-05-04,3616184.4514882327,3477686.7707351544,1749947.9723119992,949306.2972670278,3946664.2307363246,3148455.592216685
2022-05-05,3628295.6733510257,3485028.7367385724,1753025.876136865,955001.7685390371,3950639.7185043334,3150849.7517522885
2022-05-06,3629740.713268018,3482854.659437547,1750709.9903887347,952523.5372203642,3869650.055561186,3097674.3287892723
2022-05-09,3601524.905833936,3456362.4633621075,1737262.8372820453,943051.7202037626,3817538.021998301,3070278.9814496883
2022-05-10,3550524.199290967,3410147.5438674786,1713186.225905253,943518.9671520048,3758115.6570433094,3048858.4022659073
2022-05-11,3507007.763377881,3368939.64213408,1692228.8049457804,941344.7577030989,3727677.5566032543,3036504.8229528535
2022-05-12,3467888.538402295,3332863.2449172833,1673406.9442243068,935829.3442011001,3636426.257399953,2969390.2589738034
2022-05-13,3481558.048106885,3351843.1582473614,1682336.743634566,938628.7052240493,3649255.354798605,2962424.7475005365
2022-05-16,3482662.1275136233,3353351.643598924,1682536.9048400454,942150.1261835219,3699544.865133338,2979537.883446284
2022-05-17,3496119.7952382327,3364834.34135283,1688294.7236877016,944637.3073358657,3809177.4168748553,3057243.77378728
2022-05-18,3499371.836375928,3365208.025190721,1687872.0256855208,945605.8896229211,3800811.9890912543,3054865.4260033434
2022-05-19,3464582.3396718265,3341945.919721971,1675612.6870924404,938133.1365658533,3687456.737176183,2973586.226324088
2022-05-20,3476233.380779004,3343906.858015428,1675398.0860347166,941807.8742883026,3781937.956805425,3053115.4057578496
2022-05-23,3498284.756358838,3357655.8595413067,1680437.9476103333,938241.4996952477,3751942.700247911,3040678.50823445
2022-05-24,3497181.009624219,3356822.841719041,1680050.9916471986,939892.762482113,3711270.551424057,3022595.414234243
2022-05-25,3479419.382610059,3338836.081098924,1670453.5669869026,931939.9560286014,3631557.6599021326,3001208.538663252
2022-05-26,3491682.7504079104,3351998.748640428,1676364.7892031046,936399.5848007025,3681317.054086248,3031886.00641315
2022-05-27,3536241.2027394534,3395253.4617751935,1698036.8753542276,948185.77132414,3730929.238460834,3064308.2809444643
2022-05-30,3567705.69459126,3423106.4649490216,1711915.1101564737,946006.8084945502,3819238.2923844606,3123895.230884439
2022-05-31,3573979.69660542,3429962.8656448224,1715270.9710573526,945863.4595565619,3833884.274549163,3114973.00424792
2022-06-01,3569381.692943311,3425457.881452928,1713049.8769716593,943740.3142318549,3814876.8727168334,3100344.469154241
2022-06-02,3559288.5811879397,3415403.628340135,1708010.1767763468,942154.5321273627,3832897.236848532,3119970.2422068566
2022-06-03,3517875.5668141604,3375895.20060576,1688281.347613749,931397.0191268744,3784158.222881922,3106369.7684171204
2022-06-06,3532208.6794545413,3389573.0753616192,1695139.9095949503,934122.6350936713,3774504.6843266212,3102567.4652268584
2022-06-07,3528627.630290723,3387195.851362596,1693946.7634767862,932036.9065170111,3750794.371139465,3074583.842868401
2022-06-08,3503081.328197217,3362418.3673538067,1681586.226519999,929200.1146468939,3744242.866396801,3063684.279971043
2022-06-09,3547409.011089063,3405626.706098924,1703241.3940004678,937786.4423446478,3763617.7228219,3087221.183276663
2022-06-10,3533869.5662343265,3392770.9098342755,1696765.864184794,929823.0768618287,3724650.1898740917,3038340.5583193386
2022-06-13,3498615.805141187,3359096.8233169415,1679875.9874758096,911959.2343630494,3602433.201475927,2960758.047028699
2022-06-14,3483760.4023701907,3344702.32270659,1671502.6341829672,905903.7156920373,3600935.866201288,2955109.7123424294
2022-06-15,3478935.448848462,3340191.786085496,1669258.9143343344,906390.4034361779,3610154.519736083,2951519.7761547216
2022-06-16,3442908.4250447513,3307399.6051467755,1651702.5261826296,896900.4103693656,3505671.7488652817,2889859.006734446
2022-06-17,3419503.8254964114,3286653.246015916,1641278.8316635867,890362.2337992853,3468979.5496244286,2871885.937367113
2022-06-20,3384404.5701253177,3247873.2770828106,1620796.1324628168,885919.0996246823,3415974.3919178965,2878830.9476017053
2022-06-21,3424695.6310994388,3284022.933149705,1637749.0733078471,891691.9052000253,3524281.9584919424,2936660.932030383
2022-06-22,3405680.1387898684,3271033.256208787,1630695.5043815286,889726.5056638925,3462259.1004982227,2892477.67071229
2022-06-23,3445074.3189046145,3309591.546003709,1648773.6609171354,892521.3663497228,3511748.586882863,2920249.595798846
2022-06-24,3460552.800349927,3331580.021284471,1658584.4133487656,892740.4658370275,3551668.531291434,2948760.8335543266
2022-06-27,3447683.3299824954,3314109.994367967,1648052.5250958856,888546.2267795434,3595606.295227351,2973275.9942937633
2022-06-28,3476539.503902173,3341712.6795181134,1660038.9395854566,892963.1656574137,3604385.6985171125,2976700.0298593217
2022-06-29,3491424.5066182376,3359205.3306106427,1668181.0404003186,884963.1114124185,3572066.458986467,2966232.644601392
2022-06-30,3500573.4861714602,3367565.0591262677,1672430.9246166272,882021.8645252115,3531864.7443372714,2962846.546940979
2022-07-01,3501138.483089185,3369071.908277879,1673236.5342510266,889848.7023548014,3550813.2135215686,2962171.346858088
2022-07-04,3504728.4371907474,3373511.9101089337,1675386.1150615735,893995.3353504068,3564103.031642228,2979910.25197712
2022-07-05,3515900.5493733645,3385200.27192534,1681138.6710308117,895609.1720203287,3553673.2104088757,2976869.458242239
2022-07-06,3593358.9753072024,3460415.293623338,1717877.1910089685,909633.1088184244,3593332.367989132,3013046.8591607036
2022-07-07,3584491.5582844974,3450567.6206802228,1712379.2065140929,912523.2484210855,3646941.2111866684,3039688.9839047063
2022-07-08,3605124.633540845,3469758.9939712384,1721913.4430863585,915122.0864032633,3656647.037654832,3055588.8672345653
2022-07-11,3672971.8324239017,3535038.691328416,1754300.0216233458,922631.6069263346,3683626.398472702,3063336.7745584818
2022-07-12,3647759.89129231,3511289.3042739728,1742522.6482255186,912672.8036884195,3656476.2397995424,3036962.161701018
2022-07-13,3653325.993068433,3517707.056562791,1745693.9393479552,913816.014809025,3656005.736320293,3020908.343302234
2022-07-14,3690054.888881421,3553004.201033006,1763203.5416123595,909693.4706958658,3637158.2908192296,3017498.172663925
2022-07-15,3729196.684474683,3589404.597090135,1781318.8246018614,917923.9778980142,3653686.085417922,3036846.397344722
2022-07-18,3738387.8171040774,3596512.1297439435,1784817.675828668,919108.1066211588,3722563.5645182976,3079807.189226538
2022-07-19,3753979.966457105,3611629.7308791974,1792307.9314133849,923043.2793964273,3747869.766213583,3092423.7609017403
2022-07-20,3760597.3387410403,3617621.8021377423,1795281.5521867003,930069.7476886637,3771236.787611123,3122114.2844920787
2022-07-21,3813857.385860181,3668803.096876512,1820695.6595780577,934437.3014453775,3819901.9012731365,3143926.918153317
2022-07-22,3831915.2974812747,3685783.5592178204,1829156.4558121886,936978.6565479166,3827428.403952253,3160474.06863609
2022-07-25,3792573.2647969485,3647088.7770217755,1809829.644731256,928686.5947040445,3823727.785629858,3145801.4636180596
2022-07-26,3758250.2507588626,3613515.963911424,1793168.5578782286,913775.2166522867,3773544.964732981,3116253.680158187
2022-07-27,3739460.1968648196,3594560.948225389,1783072.9805001565,923331.2898747887,3816829.202482578,3145694.0542853917
2022-07-28,3759673.381068921,3613379.387678514,1792362.4254464456,932820.5033757653,3876663.0636668853,3198048.741560698
2022-07-29,3810587.2244527102,3662036.5774368146,1816534.820313389,949581.4606969323,3930786.272842703,3241050.406889356
2022-08-01,3869218.4953267337,3715789.7355789044,1842662.171772724,957446.5341222252,3985730.7217500457,3278244.70954088
2022-08-02,3911725.267665601,3756582.711958299,1862885.985218769,957660.2807500329,3999511.5176509167,3282066.2711597285
2022-08-03,3928938.210948682,3773455.4985793927,1870129.0344209694,958682.5276524987,3985369.4286627294,3287494.7953769676
2022-08-04,3939191.963268018,3782752.0524124005,1874699.6862306618,961915.05536092,3989930.6803870588,3288760.390591385
2022-08-05,3913015.5934254886,3758113.426588426,1862470.8481721901,963330.6383076974,3989676.2728282106,3289200.702639151
2022-08-08,3943977.2940785647,3787441.6298049786,1877049.6498537087,964496.3916188546,4011126.983998268,3314635.6797529943
2022-08-10,3947262.3134114505,3790335.4979537823,1878527.1340456032,970015.3867436715,4015189.655228147,3315143.092022343
2022-08-11,3958729.6387288333,3801351.0726608136,1883960.6713991188,973289.0123616525,4041108.373998252,3340495.9049673914
2022-08-12,3966634.7409322024,3808582.876463304,1887552.3480043435,966603.4985531449,4060227.8814656963,3348563.400988264
2022-08-16,4034068.907985425,3874254.741453538,1920178.3307313942,973256.1171224308,4106887.3062234186,3376583.297681815
2022-08-17,4039201.1474721194,3879211.8856033185,1922598.9277009987,978215.9292333317,4152262.2367016124,3400479.4016458215
2022-08-18,4034940.4818989993,3876628.217955003,1921330.043850901,978150.5512731266,4169318.8785939077,3407396.674299458
2022-08-19,4000808.73554585,3844086.618147264,1905183.6187715554,963442.6767385197,4115986.8905158998,3371911.8451990224
2022-08-22,3916045.1535451175,3762338.789137254,1864688.7295656228,941496.9084632774,4037988.433509012,3319883.3443122525
2022-08-23,3962662.729106641,3806148.514540086,1886509.192074778,951295.5497825523,4079523.86983726,3335887.9669531775
2022-08-24,3994092.423198438,3837241.7104019024,1901929.3399934792,955761.3964398291,4101245.1585474377,3343117.147863366
2022-08-25,3991900.092830396,3835630.430326829,1900520.241466047,959551.6976097601,4100885.322070881,3330108.7310690675
2022-08-26,3985040.0426442386,3829935.4630874493,1897096.259488448,955240.4692127684,4120424.9273431967,3338680.8006942784
2022-08-29,3977390.3789479495,3823033.348829637,1893711.6523107137,946855.4234350772,4071581.211296415,3296234.167522304
2022-08-30,4035196.652995801,3880266.1682266095,1921519.598260175,955607.0328100772,4156808.9875188507,3379405.319791679
2022-09-01,4039780.3922688724,3884160.1558517315,1923440.742135297,968807.0244516185,4145444.0848578233,3344273.00154684
2022-09-02,4042548.440410352,3882250.589277635,1919489.9655898549,961877.6478523936,4131194.7344129207,3342694.7908336297
2022-09-05,4040930.877818799,3879385.9760269024,1918029.958998058,959916.5059380259,4157605.595846512,3362374.4237823454
2022-09-06,4074591.921825147,3912462.573133836,1934534.182447765,961245.0445809092,4172096.4039131063,3364137.165626118
2022-09-07,4058388.817210889,3896078.606062303,1925963.2239665813,959512.6735987567,4178770.3223922765,3359772.007337314
2022-09-08,4081697.597240186,3916075.8446487286,1935087.7159777994,961106.9954905413,4203099.640229637,3389733.582366288
2022-09-09,4106315.5041005374,3940427.5008376935,1947104.1192370767,964459.8806176777,4212955.845706941,3395152.7194185224
2022-09-12,4139348.746532178,3971674.245100389,1962822.0661364908,976741.9256768818,4254603.488784021,3417823.8328392603
2022-09-13,4143486.10273335,3974459.7504104474,1964161.6940051431,980066.4542208916,4280137.395910687,3442773.235410474
2022-09-14,4139586.93085835,3970308.1765579083,1962138.0067492838,979656.3217440849,4278495.942098756,3433767.290780719
2022-09-15,4177972.7755849124,4008377.222883592,1980872.280247819,977676.5337954765,4267301.827685749,3417187.3908223566
2022-09-16,4107230.0021474124,3939490.64793242,1946731.9171496744,955010.0232211357,4156554.9068963756,3346483.748203033
2022-09-19,4124390.7144582034,3954651.9254363873,1953681.7703530411,954957.4309997503,4164070.5060275234,3362709.736906693
2022-09-20,4218790.587886548,4045428.829962144,1998828.5062844376,968042.9203565003,4221687.48672163,3399402.353460011
2022-09-21,4186368.833064771,4014797.645941148,1983653.580259047,966814.47051214,4181088.18250026,3375071.4279392296
2022-09-22,4214515.535762524,4038927.4370902875,1995002.9628813893,973995.4551160218,4187116.0880588354,3363764.256900128
2022-09-23,4121323.724239087,3949747.775652299,1950809.9562895924,958035.0227978904,4100782.148566397,3305534.9937166516
2022-09-26,4011151.5708577395,3843671.576738725,1897324.2324860413,935168.7352558064,3988240.100623265,3241390.2693675635
2022-09-27,3998391.9711873294,3832538.32679976,1891912.758120807,935298.4215876854,3994050.3308076966,3239790.893048424
2022-09-28,3985450.574580884,3820404.9809135296,1885818.3345978577,940943.4152189214,3969264.4630098245,3212370.5219942345
2022-09-29,3981195.73907063,3825815.8867362835,1886860.1885461444,943321.4976979943,3977350.4608192053,3202673.36232583
2022-09-30,4008302.9517781497,3849482.210771928,1896470.301613454,949272.6305596442,4040611.0361557817,3253171.4134662147
2022-10-03,3963850.2778889895,3813653.699053178,1877219.5939224376,938139.8067309428,3972696.1510202424,3206930.885364384
2022-10-04,4021967.4181477786,3865163.473070512,1902228.4622346293,948719.5442224649,4081203.631687962,3281215.0075836782
2022-10-06,4026226.7687642337,3867921.8694633343,1902139.2304814372,948082.8511289813,4125588.9147230736,3294894.769958129
2022-10-07,4036490.5171162845,3878248.8304389813,1905932.479878795,943667.253897584,4122564.653872148,3290877.726158349
2022-10-10,4036707.795222974,3879366.4162238934,1906371.3125814318,942999.9396618968,4094453.37043923,3274369.214794947
2022-10-11,3949063.7629353763,3796170.4397224286,1865197.3751119494,920304.6608990794,4020296.95600673,3224483.2306243456
2022-10-12,3955387.942058301,3804417.3568824627,1866881.0847656943,923191.2468048506,4055586.09003365,3250105.7820783113
2022-10-13,3938470.5415761233,3788025.4682411053,1857425.7500021034,924608.9784817939,4025831.968096942,3227453.586061329
2022-10-14,3944936.478198743,3797188.2056754925,1861260.2883786676,933118.7680014857,4027961.949363439,3251747.0915030814
2022-10-17,3958300.583728528,3809768.2024406292,1867027.0714359593,937896.2428309694,4046851.686017032,3275875.981214863
2022-10-18,3964057.799327588,3814960.3768714764,1869583.3489017796,941976.7439028993,4092728.411099575,3309552.055503237
2022-10-19,3957499.910529828,3808571.198324571,1866421.7494907689,938913.4922244325,4085092.2123148646,3312719.0062383567
2022-10-20,3987418.1676938296,3837631.220880876,1878027.9490487208,947841.9162698479,4108093.044158939,3326340.981590648
2022-10-21,4020802.9022366763,3869622.0396751263,1893686.530271255,959388.3048959465,4090437.2357606115,3322451.67494967
2022-10-24,4047763.4862820865,3897414.8637260296,1906013.6190318787,960888.382837841,4111142.844890625,3349001.254390748
2022-10-25,4067194.024345136,3915061.9662460187,1914698.763067218,963492.1454187126,4113884.451509862,3337047.3273819503
2022-10-27,4114118.63455174,3959157.487802873,1936363.770261737,984075.9392419548,4154598.8533230266,3358205.477514635
2022-10-28,4101903.848495221,3947042.477617631,1930396.3004588806,977724.2816568108,4137114.177022857,3363443.590831695
2022-10-31,4137984.712890363,3981389.6591895916,1947260.0175761902,980650.0301767082,4174661.1637687935,3405951.8438154957
2022-11-01,4156444.4239957095,3999778.809725175,1956333.323865863,988598.1106210442,4212681.537854997,3432568.00619888
2022-11-02,4142289.8366086246,3986275.2358039715,1949745.1839885437,993460.9488397331,4203416.777287429,3421181.9310618844
2022-11-03,4156096.2321088077,3998893.000227342,1955926.3056392395,996987.2607446404,4208165.469056041,3416530.335064292
2022-11-04,4150091.3119504214,3993003.3179115155,1953016.362058612,997451.9191842766,4223820.418857189,3428480.7536791787
2022-11-07,4186120.4045407535,4028380.4622291424,1970356.1515788757,1005925.6730676384,4251861.291590856,3445004.9740602304
2022-11-09,4193616.094375348,4035736.773485551,1973957.2682018005,1013760.4940133782,4240481.280107202,3437188.933539127
2022-11-10,4152221.736694074,3997200.7079566815,1955051.30563161,1003607.5347696037,4193310.053915107,3411172.631640429
2022-11-11,4167427.98724339,4011924.0946143963,1962295.7824992859,1011597.5180154534,4240746.182366779,3468323.0581187853
2022-11-14,4126802.0060040713,3972734.3757003644,1943048.9612178528,1005437.9458184929,4251051.227959339,3467364.298049228
2022-11-15,4146450.058227277,3991042.4289955,1952025.6910075867,999129.6750970574,4257677.954057212,3479840.8674643114
2022-11-16,4137620.3037488223,3982917.2356780865,1948036.454183551,996733.0085015984,4228347.568971374,3476092.308072148
2022-11-17,4123360.4000775577,3970272.447187791,1941800.058996173,992845.3387628288,4198127.2413981855,3460551.1671104203
2022-11-18,4120157.904571271,3966901.3084510663,1938884.2774140562,997308.3307138176,4177262.352101425,3451405.907313538
2022-11-21,4124639.3536221744,3970684.3166374066,1940705.9151856627,1005336.5588111128,4156480.3041536915,3423633.908193533
2022-11-22,4123467.284675336,3975524.6684020855,1941123.9227179778,1009386.5544968015,4177060.059826384,3437200.0409247587
2022-11-23,4140423.993911481,3991933.638002763,1949097.0628165496,1013972.1533127194,4183159.400003287,3442084.4529930693
2022-11-24,4197801.84345982,4045584.863771806,1973867.5469212318,1022779.8476951616,4210944.483355085,3478172.5933267646
2022-11-25,4211946.811843609,4059473.777315507,1979965.9256775302,1034472.8383739198,4243763.864112046,3482768.994715318
2022-11-28,4186480.746215558,4034957.1016029217,1968024.3044769687,1032955.6252137272,4250952.800290862,3491076.198529303
2022-11-29,4193497.9294888736,4039051.2103141644,1969248.4362517097,1034375.9168282597,4255784.804554034,3502541.5326830833
2022-11-30,4208783.326881146,4052561.5042022564,1974976.5959436,1034314.4953271,4298886.159975454,3532605.6181703643
2022-12-01,4236862.484542584,4079827.7174095013,1988351.459827572,1044771.0219079106,4325889.910414649,3542565.522730888
2022-12-02,4240491.4646908995,4083820.7978004315,1990270.974735409,1042563.0759926884,4327268.568489884,3523328.693050527
2022-12-05,4245704.043731427,4088891.942377458,1992724.8947488368,1050212.880069837,4338189.379514993,3522808.470712894
2022-12-06,4222025.673179364,4066126.45551909,1981569.354046017,1044815.2052727788,4322044.162565501,3514169.934266205
2022-12-07,4226827.063079571,4071351.117151628,1983960.221836239,1034459.566131696,4291627.3163304515,3501526.4380932376
2022-12-08,4252066.959579205,4095956.167589555,1995974.5475656092,1042596.4099274724,4310765.022484117,3510454.0306264344
2022-12-09,4212285.425407147,4060147.2943252423,1976926.5820708268,1027915.6467248051,4280787.5589948,3489064.496303281
2022-12-12,4206361.769332623,4055059.1930717328,1974654.6395070779,1034924.4000264925,4291834.200661881,3489623.0186465275
2022-12-13,4187478.586059308,4034852.54139174,1962834.451502928,1044796.6466827177,4311703.356893539,3506550.5899664345
2022-12-14,4206095.198028302,4055382.1638435223,1971333.4994564233,1061349.4074654952,4340592.467004005,3516889.879659932
2022-12-15,4181117.3572842837,4032980.625719438,1960319.075368899,1054057.3641190901,4293480.106600756,3473391.488091595
2022-12-16,4108150.0512006045,3962583.5920547345,1926175.9026928125,1037390.2897668259,4232052.870195296,3443832.417613581
2022-12-19,4166979.6792218448,4018563.0702194073,1953320.3757763086,1050453.4436402693,4270425.626857096,3473337.9106886764
2022-12-20,4161637.422744489,4013243.0561546185,1950816.9520778833,1047709.5652642624,4259646.898563347,3466930.268156903
2022-12-21,4106654.062118268,3958830.7076515057,1923535.9421115138,1020478.7269235031,4193631.2300244393,3427830.051565675
2022-12-22,4081412.794791913,3934013.732786546,1911370.7673297145,1008323.1070717077,4151949.0741245314,3412246.967498866
2022-12-23,4040937.880363202,3880121.7748550274,1883766.9291189625,978388.9750992663,3999934.40320146,3339449.24644998
2022-12-26,4058141.5984418155,3898803.5203689435,1892180.180102151,1001684.5006514824,4104997.2001776476,3385435.4826644068
2022-12-27,4058725.483451581,3897782.353895555,1890980.893339942,1008066.472105153,4160225.6485952935,3409481.179492054
2022-12-28,4082444.0914838077,3919098.836012254,1901305.8391407232,1011949.8361035661,4168649.5793774636,3410825.6244378486
2022-12-29,4089917.14311955,3931279.778272996,1904189.57447796,1013204.2735248173,4187137.461988637,3424357.3904806087
2022-12-30,4060775.308341718,3905323.3217300274,1888988.661785734,1011596.8757645395,4186304.79557269,3408476.616015722
2023-01-02,4098542.3848569156,3942216.606840501,1904779.754191357,1016303.8337238864,4204955.946002399,3422549.3488433044
2023-01-03,4089231.528300977,3931314.8750556805,1898983.4655218292,1019904.990555462,4216204.81045413,3430393.7084316616
2023-01-04,4027452.391818738,3871353.919100175,1869213.4774250167,998694.3083502618,4157937.440300697,3392457.2536826325
2023-01-05,4032417.4790608645,3877630.832331071,1872232.4139331954,1003404.0226904717,4174633.2026006146,3388044.909581316
2023-01-06,4009110.6651723147,3857666.920877824,1861304.4845629204,992901.6613410444,4139201.704787334,3362613.1136504374
2023-01-09,4040954.0453679324,3887160.281679521,1874480.4804757903,1004579.0814637598,4185783.517060015,3406370.9190717265
2023-01-10,4042272.4135358096,3895321.949560533,1877277.3116484985,995801.7612822431,4154007.2976509766,3375060.7652511178
2023-01-11,4056585.353576398,3908595.0646346905,1884015.3494597778,999725.1522124188,4141813.9337519654,3370048.708242258
2023-01-12,4050106.832748151,3905274.358381639,1880834.8644787846,991086.7515166181,4135810.3698692243,3365157.3220111625
2023-01-13,4073877.6453320743,3927861.529562364,1891628.4328686772,997111.7188780683,4154857.476213924,3383411.332635692
2023-01-16,4040885.755481458,3895755.8521446087,1876052.4841610966,993579.8094389813,4148200.0704292315,3373662.0951738865
2023-01-17,4050708.150008893,3904395.0489486554,1880048.1589734135,988301.3395217366,4157996.3688747073,3400168.9546701536
2023-01-18,4061496.841506696,3916854.7961868146,1884799.404934744,984720.8081939252,4172358.315497256,3417119.671286354
2023-01-19,4038110.1245267154,3894946.559019456,1874213.8884705105,973917.5658098457,4155776.810860096,3405774.9978217725
2023-01-20,4009012.133605695,3866760.639845262,1860784.0239532986,972181.4029375312,4131378.722297928,3391687.009349856
2023-01-23,3998510.9202153445,3857234.912523637,1856318.8912552395,966638.9503160713,4141063.2769691525,3406566.701958124
2023-01-24,3974011.9298054934,3833899.47989882,1844995.5877274075,960887.5798724873,4133169.4009160344,3405845.941709307
2023-01-25,3948633.6876141788,3808732.8519195416,1832982.806759695,953660.5359642522,4057224.6899341764,3355250.8900928153
2023-01-27,3846177.242362714,3711248.533552537,1783743.6634463025,931058.1396324651,3967638.8911871514,3284310.3138306267
2023-01-30,3838620.9762799502,3651270.6694625714,1754908.337671156,907910.9797661321,3951003.01054126,3280051.138672366
2023-01-31,3847974.943534589,3650103.0963882306,1753256.634111545,905942.7625798766,3989838.627151043,3285557.1785970842
2023-02-01,3886822.013755536,3680890.3560928204,1766583.0087837428,896034.149995514,3903055.5898232255,3269689.6562879737
2023-02-02,3891059.2038190127,3686002.397291551,1768969.6306709498,887350.2454438979,3885756.5768777034,3264827.9784260727
2023-02-03,3921366.6610944034,3713208.8119644024,1780027.9852785068,896571.9521895556,3897366.382744421,3301626.0686851717
2023-02-06,3912054.7317425967,3707463.606428514,1776716.8050190075,897670.7603144925,3900729.0913432394,3287419.9582831175
2023-02-07,3955277.0223309756,3746514.6595290997,1794755.2713398712,895355.6349765575,3903309.5318001322,3279618.761807351
2023-02-08,3971389.8143841983,3761579.7856887677,1802058.8399433868,895098.12814062,3956724.75992197,3307936.458085045
2023-02-09,3968204.987663007,3758626.6949905255,1800627.0809101837,896441.2895480907,3950185.2210595193,3308650.7224688465
2023-02-10,3989066.4395673038,3777941.8575881817,1809902.8493733185,897398.6123935496,3942808.7798968274,3301537.7892401684
2023-02-13,3978397.4573895694,3766268.658003221,1804307.4429707306,897792.388913325,3896078.652709213,3280913.989028726
2023-02-14,3977030.987724042,3765926.083479295,1803542.4743915128,895436.0288546535,3889997.1816543094,3304627.401587171
2023-02-15,4005248.0106122256,3793556.863935838,1816060.6116324994,902366.4156763359,3914650.3172305482,3322304.732759243
2023-02-16,4013457.235831952,3801365.7570022442,1819882.8328239056,906453.8346826836,3935686.0740956715,3327525.155755762
2023-02-17,3994993.5358807803,3784344.512800584,1811672.2227470013,900411.4296839043,3907845.890796633,3309958.906659806
2023-02-20,3981915.0096966983,3772163.146345506,1805881.1039420697,897787.6749536797,3894096.847963427,3292342.5474321027
2023-02-21,4000830.1840131045,3791046.7699416974,1814881.5419608685,894495.5685388847,3872558.239659814,3288107.7916755998
2023-02-22,3963604.005607343,3756036.0770095685,1798098.5848075482,885608.747921209,3798828.8223090977,3237861.2377284146
2023-02-23,3945684.883781171,3739889.387312303,1790336.5679923627,885003.7132837578,3788854.1678008656,3228728.5465352354
2023-02-24,3957274.7770306827,3750606.6429885724,1795542.413237724,883343.1739233339,3775105.7047375054,3220486.037812358
2023-02-27,3918453.8371503116,3713241.7938064435,1777677.5086356732,872348.4284938687,3739831.145215197,3204392.1364654363
2023-02-28,3918521.6942059756,3714466.901472459,1777603.1876909083,865571.501107522,3743002.8152908613,3190847.9723364804
2023-03-01,3942503.105338788,3738239.910383592,1787807.494806246,864200.0913915839,3809494.119940096,3219701.9176607686
2023-03-02,3920532.431876874,3727898.933149705,1781535.8760770839,867163.3116194862,3812230.7813618043,3199346.4765827525
2023-03-03,3926917.248374677,3733742.2886794903,1782386.8215331915,869692.2260888848,3883888.2849732614,3247183.180521173
2023-03-06,3976412.912070966,3776254.899404893,1801513.8740569903,876356.3588385254,3908929.210032852,3269630.8806053237
2023-03-08,4016943.8693829775,3818524.393403611,1820454.1862481376,884976.9349875122,3927217.888903524,3278391.28568412
2023-03-09,3986190.2438946962,3789630.815774522,1806706.1305764457,873693.6499991089,3901414.2496468388,3249478.7203349806
2023-03-10,3958118.0749799013,3762345.7225204324,1793736.32974179,870480.7160849243,3877687.5676800297,3220680.246623653
2023-03-13,3896323.7130414248,3703780.6140151834,1765889.9978783866,855966.2146811157,3812186.793410761,3174522.735519762
2023-03-14,3888406.772123456,3695295.5789733743,1761945.346701934,851313.8933081299,3774094.553623256,3153893.0757854497
2023-03-15,3916870.444425702,3722102.6255431985,1773457.7999925045,855735.5125843412,3772874.48397807,3142284.701034624
2023-03-16,3968833.9250775576,3757628.3184753275,1789754.760271487,866320.0521522445,3784602.872727812,3147374.189575221
2023-03-17,3971137.69747746,3763506.235742173,1791809.1867636566,869377.590991592,3817503.170239282,3168362.256061857
2023-03-20,3961976.740934491,3760902.115380845,1789369.2929298528,871226.3623957124,3771821.8394780564,3147495.2433306
2023-03-21,3992410.224744916,3788669.5277648782,1802634.3196479925,868974.0497965303,3801588.4332421697,3169427.4037847
2023-03-22,4000432.9549695253,3797147.564385972,1806399.4513923773,872819.3143991914,3819595.186432314,3179800.873501913
2023-03-23,4035750.5821210146,3831998.96196898,1822622.3546516546,877467.5024637666,3804094.840120375,3167060.659652655
2023-03-24,4050204.9298688173,3847421.3430114603,1829648.559119428,878345.5547877398,3758431.24775274,3143508.1717051263
2023-03-27,3995819.961271405,3793934.0547424173,1804529.7494575628,859123.0588604815,3738642.8429865623,3146748.979290812
2023-03-28,3942447.5598431826,3740386.004205308,1778100.94294231,839940.8260150027,3707636.5239095464,3136642.4862367604
2023-03-29,3959147.8141156435,3754732.628900132,1783796.4827601386,838002.7682122431,3777092.73551566,3159544.5261383723
2023-03-31,3964441.982343793,3759557.760705552,1786303.7949854804,838869.5533761225,3812551.730665101,3209589.8557685786
2023-04-03,3933389.674116254,3727220.3167358255,1770016.3081427258,822739.4444088989,3824903.7638198407,3216761.764419846
2023-04-05,3929764.0407544374,3722029.0230346536,1767743.1965399426,818254.8201538174,3838802.553895516,3244597.4534388087
2023-04-06,3965633.680677533,3757909.5795532083,1784419.113761012,832063.5264984219,3850427.3111793343,3252166.816315296
2023-04-10,4004150.214826703,3795229.922814927,1801860.379965846,846092.7760101407,3872415.6732615265,3258039.1739638457
2023-04-11,4023084.9870892763,3814579.2130676126,1810777.1458197278,864747.8876410396,3902049.194596958,3275654.7644206216
2023-04-12,4018205.1720410585,3809570.2136474466,1808388.8564062756,858071.0333018166,3915818.5270647886,3291706.295239476
2023-04-13,4037841.161298871,3827817.6095519876,1816366.8278676923,859820.08928384,3918211.0489821904,3293527.3325151457
2023-04-17,4070067.412519574,3860503.2658630228,1831014.0829291176,868044.6131943625,3929324.125019366,3276371.2195792994
2023-04-18,4047619.927290082,3839432.867059312,1820987.4185767006,868404.4261979025,3941547.323894231,3270245.1544113187
2023-04-19,4011010.8426343203,3804136.926446519,1804335.9252295326,858362.2103165549,3920909.127308132,3259868.2198360967
2023-04-20,4026010.848798871,3817998.651910386,1810924.2465643715,856425.271214382,3918654.6747350767,3260662.4907120406
2023-04-21,3996302.4857007265,3789424.7884460306,1797520.2310156655,850747.3974503439,3901944.6351863556,3259900.1347629633
2023-04-24,4016283.2045117617,3806502.2117858743,1804359.013902474,849526.7890658176,3928115.2781736394,3280250.605528774
2023-04-25,4053423.3856641054,3843062.192071519,1821608.9144609456,863157.3126101291,3949479.975306909,3286877.2701152735
2023-04-26,4043434.740217328,3832691.2970519876,1816873.1432970052,861006.4022249973,3961057.664149173,3295343.378770159
2023-04-27,4032350.322309613,3820353.5219055032,1810072.046081309,859816.152978362,3989736.148793193,3312945.4622374005
2023-04-28,4091549.831586957,3876954.175439439,1836814.3968045756,874233.0548033132,4042610.515527917,3344232.360786546
2023-05-02,4142038.0658398867,3924390.93663939,1859261.8155973002,880192.376870574,4075556.2360719424,3360146.796769419
2023-05-03,4110028.169477582,3894220.8646789407,1844975.9286191508,871607.7774290456,4064707.8320212453,3351105.039631761
2023-05-04,4132959.6379834414,3915624.538110337,1855058.0789487406,877588.0030302419,4096116.5238408777,3380709.4517370323
2023-05-05,4132110.5242749453,3913471.546075425,1854099.5313718363,873522.0348829641,4068204.3616428,3350695.230556586
2023-05-08,4149332.412031293,3929503.935113511,1861761.502746348,872972.6291365041,4100645.2658815286,3384141.8654395053
2023-05-09,4137908.822675824,3918694.0472656107,1856576.0209958598,866857.6773924245,4085415.0910744434,3383280.2971558073
2023-05-10,4166186.6082593203,3945588.4796996927,1869294.34823585,871127.7572030198,4102774.946254158,3393855.8791127997
2023-05-11,4184790.866010785,3963358.087884507,1876426.2235460125,873740.350478579,4109809.8752271933,3394451.175992062
2023-05-12,4168552.151960492,3947962.6523681497,1869125.2552385174,870986.7821649804,4091338.875112924,3395857.578877674
2023-05-15,4190689.2973462343,3968989.84578856,1879092.8771867596,875777.5036157861,4113484.048873936,3410049.7945576003
2023-05-16,4170245.841840863,3948978.0183959818,1869640.4780320965,873931.5018839135,4107006.291395674,3398060.9226350645
2023-05-17,4161408.2244702578,3940475.0555053568,1865609.2704362713,870887.3775171533,4088801.831532665,3378275.1396908574
2023-05-18,4148524.149519086,3929390.6742492532,1860367.7169084393,866234.177558352,4050850.775727674,3364975.635321385
2023-05-19,4148598.1068555117,3930599.435693345,1860953.886280998,869179.6966776147,4073577.164463182,3379184.4024389083
2023-05-22,4170302.5571118593,3952013.0064941263,1870907.6333970868,874903.932547976,4119202.4182955585,3401702.500453501
2023-05-23,4173493.8646680117,3955141.465936265,1872513.6506852948,871895.4107431665,4140622.0771270385,3408950.056890986
2023-05-24,4166541.0498486757,3954274.9198852396,1871323.6095075994,865508.1779621136,4134502.13853457,3399598.1831383123
2023-05-25,4180685.052778363,3969084.45415648,1876342.758778227,865138.278197099,4153434.5285670813,3407721.096892467
2023-05-26,4217870.096387982,4004659.644525132,1893125.3781782514,871553.7924793256,4190067.87158712,3441254.9597322047
2023-05-29,4223608.027387738,4008092.9839721536,1894789.4834333784,871134.2378681195,4211307.668237776,3459413.6132147023
2023-05-30,4247817.372236371,4031690.030175767,1905905.9312178022,871861.9171283734,4210936.067605935,3464370.0445667645
2023-05-31,4287504.668439984,4069361.586236558,1923658.2195631391,877099.2296817792,4207004.201938577,3451205.339454421
2023-06-01,4263796.519941449,4046556.089471421,1912836.12025894,872832.7631671918,4214278.933438058,3445093.4207163025
2023-06-02,4264512.053724408,4046274.653131089,1912772.6304975874,872812.186134253,4245133.512502402,3457333.4139514863
2023-06-05,4266640.729169965,4048481.157189927,1913879.3372541792,870656.0979231935,4259461.136484121,3467946.9831349486
2023-06-06,4264410.042432904,4045415.481195054,1912415.2365156538,870749.1318892579,4268457.246642426,3470534.5685124127
2023-06-07,4302276.305189252,4080778.056207261,1929014.0333296186,876939.9868544679,4309122.30695103,3495291.5030415053
2023-06-08,4287449.73502934,4067239.3625121927,1922593.1915632612,871500.3572005372,4283882.8929836415,3477146.6309932377
2023-06-09,4273432.88346684,4053210.3632446146,1916103.9429670698,864670.3863399033,4276189.744010806,3466059.8264125907
2023-06-12,4299036.00178349,4079278.2487426614,1928265.8797804243,869174.952624083,4292822.811364189,3474265.1439761426
2023-06-13,4334475.452070355,4109230.0998779153,1941102.9166694044,872209.3128886154,4321815.95821791,3497121.8579912353
2023-06-14,4334811.1107007265,4109830.0252929544,1941368.675519502,870610.7644648483,4326976.466829116,3504068.987044721
2023-06-15,4327390.3648206,4103300.02648314,1938252.3888068555,873122.20068311,4327836.617934075,3495258.2658090526
2023-06-16,4373942.537763715,4146915.0819335794,1958670.9441352247,885732.0016779831,4364462.444402812,3522450.1829885384
2023-06-19,4401400.496595502,4172912.216790757,1970293.3792406174,890415.345794194,4357501.199259834,3510807.575409074
2023-06-20,4459625.817915082,4229778.200189195,1996203.9882455154,896664.410752757,4369466.226736769,3522361.9995402205
2023-06-21,4500975.9846173525,4269193.705621324,2014837.7733407302,899309.9077440561,4367868.702788427,3528548.056722551
2023-06-22,4471010.702329755,4240471.116754136,2001319.952539949,892477.3633714975,4324993.125877932,3508813.6948482078
2023-06-23,4456326.69457829,4227400.1104980325,1995183.3388009353,888940.6123033823,4272835.687201914,3485016.9393190183
2023-06-26,4487673.832151532,4257812.053918443,2008190.4827700735,894123.7005602182,4298655.947431289,3491911.8166682837
2023-06-27,4514402.42101872,4283309.813073716,2019433.6265017455,902601.5785248394,4325647.409546993,3514092.4653980797
2023-06-28,4545601.444730878,4312002.287408433,2033146.2931582397,901258.9931649547,4358114.1621726835,3542151.702671462
2023-06-30,4560194.172178388,4326294.804101548,2039870.312597937,910263.8470467906,4395192.080700938,3579614.21522591
2023-07-03,4556540.911741376,4322692.321618638,2038263.4167239135,911680.7252816539,4408395.935243326,3602874.4457858643
2023-07-04,4572007.243955731,4335627.376306138,2043712.1166084423,922506.1036996227,4410643.303694207,3611595.3225814155
2023-07-05,4609316.157682538,4370548.008905015,2059853.967896284,934553.1951302867,4443281.695468776,3616691.8418966304
2023-07-06,4602207.7764264345,4363112.290246568,2056477.6583564891,934850.2847909313,4473795.726694597,3635238.7775199693
2023-07-07,4540246.681211591,4302537.023339829,2027953.0967109813,927672.464783607,4441561.451524794,3604774.4124856177
2023-07-10,4524823.711820722,4288522.986871324,2021400.4771125927,922556.1561288219,4428511.869934537,3606028.3179380046
2023-07-11,4556087.517850995,4316887.026971421,2034798.5864875927,922868.3023080211,4458730.36704279,3623860.640226723
2023-07-12,4563897.620908856,4323940.159753404,2038105.1581123485,920473.3871468883,4462109.263374731,3616353.9872364365
2023-07-13,4551960.991483808,4309947.431024156,2030456.2572929838,917843.9311893433,4435982.938052524,3618559.9410002325
2023-07-14,4561538.743955731,4319527.141137681,2035020.0667717436,924184.6620541641,4481095.2485410245,3647099.568946657
2023-07-17,4571861.303531595,4332333.441797412,2040422.5707405582,927633.2679196426,4505153.065957423,3671582.050586204
2023-07-18,4544404.7933387235,4302826.149683154,2025828.189944454,922252.057531459,4489441.2240109425,3675498.5005540634
2023-07-19,4562588.603519388,4321299.668298876,2033866.5805572222,924303.8265439102,4509852.692286103,3691363.129446238
2023-07-20,4577256.500949807,4334574.702631151,2039364.5237154658,931300.8599911758,4522403.008996361,3714764.8656441756
2023-07-21,4573629.899387307,4331290.882806933,2037871.0496554072,921961.5959225723,4495842.387206713,3675727.826992363
2023-07-24,4557019.151401468,4315706.19811455,2030574.6453585322,918357.698736293,4501236.5993809905,3664036.0565778245
2023-07-25,4639360.972324319,4392892.808710253,2066880.856173962,920744.9302121231,4528687.1432971405,3668974.5205541383
2023-07-26,4655400.917728372,4407060.947839892,2072459.1800191614,922439.9731235002,4552452.997553578,3686762.2602206646
2023-07-27,4635412.70392222,4387804.848291552,2063430.5401876185,927166.1490878557,4547176.543631092,3669243.271476843
2023-07-28,4630635.12503428,4384119.657587206,2061518.356258175,932305.8043612932,4566985.025570471,3672379.5505210846
2023-07-31,4666329.1931495145,4418041.195184862,2077567.8595540735,939741.2935757486,4600657.576688882,3690856.989223695
2023-08-01,4640826.169834085,4393113.528436815,2065954.4248616907,934624.5730900613,4597833.068771773,3687174.42610552
2023-08-02,4593102.233396096,4346236.208893359,2042382.5089184984,919301.8266711977,4534201.330475664,3648562.1912117954
2023-08-03,4571783.264951272,4327831.4943547845,2033038.3479247664,917686.6743884732,4516504.817075082,3623584.780823468
2023-08-04,4590354.824979348,4346034.716333544,2041489.846037332,922515.331283157,4548301.063088758,3649522.963928854
2023-08-07,4573495.77706675,4328696.313013231,2031644.7197573595,926493.3573446735,4576209.468616582,3663207.3038732964
2023-08-08,4569359.995511575,4324029.011377489,2029521.3993838243,935701.2621754626,4577176.720683456,3658588.5654504607
2023-08-09,4597529.542813821,4349863.679956591,2041763.012115758,942929.5828503588,4600900.392483395,3671338.72112318
2023-08-10,4586349.955991311,4338943.791498339,2036501.099487584,942163.4495533922,4596270.0758374315,3654100.2257209024
2023-08-11,4561982.495023293,4318152.216516649,2024884.9526108247,940595.4865635851,4584876.602972547,3635882.0691635082
2023-08-14,4535203.547147317,4291792.938318407,2012601.6778305513,930392.0156582812,4559181.006366713,3630919.386503554
2023-08-16,4547118.787961526,4297384.007318651,2013825.8772806851,930408.26140122,4558361.426419898,3635996.0359565495
2023-08-17,4556384.440915627,4305136.703180468,2017500.0489115445,932106.3181639153,4560772.6476876335,3618492.5821182034
2023-08-18,4550845.749784036,4302703.873804247,2015984.528983566,940686.4026022393,4550607.090318601,3608575.799400955
2023-08-21,4581112.329801125,4339384.242700731,2031378.1755168177,956185.0499258477,4597205.893899675,3627320.08499134
2023-08-22,4596353.803098245,4355292.3948918935,2038586.3122050501,969339.4891984719,4632995.5378385605,3631425.021739711
2023-08-23,4579293.939267678,4335994.059869921,2028592.420435478,961853.839930195,4648416.6608216865,3638356.289433017
2023-08-24,4585483.855557961,4348485.480188524,2033695.476071112,957981.4763129128,4646808.582530336,3631007.106486974
2023-08-25,4558167.139432473,4325254.113367235,2022199.981242136,950676.24083928,4604407.073186461,3606657.9325823924
2023-08-28,4567426.531003518,4330299.835626757,2023889.0800667023,954953.1189444435,4625190.331887789,3615966.2104429314
2023-08-29,4585055.616757913,4336286.071771776,2025252.8315821504,955767.0950110329,4652090.5990034025,3624879.544853777
2023-08-30,4624940.568692727,4362622.663232958,2037637.6412440157,951975.8557227028,4677885.876545604,3627893.7854250204
2023-08-31,4634955.54458384,4371895.276697313,2042171.2187891817,953994.9086249245,4652717.453166794,3608566.7766854824
2023-09-01,4671938.54256968,4398248.177271044,2054345.2595301485,959169.0284293068,4710909.918480775,3642004.588632358
2023-09-04,4664379.350186868,4389782.984094774,2048970.4180552969,962123.909622114,4757078.386562482,3661235.205653823
2023-09-05,4670680.496793313,4398170.030481493,2052883.5629527578,961862.4115294627,4770451.796990237,3669779.503242276
2023-09-06,4677855.533444924,4402994.373834765,2053186.1271349657,961977.3358767292,4769301.997510266,3678585.3873929204
2023-09-07,4683570.342923684,4409118.529993212,2056167.8377367724,970889.1409304402,4807353.690777369,3699643.1461198297
2023-09-08,4710435.608579202,4438594.406732714,2070110.7047106493,981094.9587939045,4851324.677253049,3718165.5561914644
2023-09-11,4747670.374539895,4473407.573572313,2086405.7439257372,995718.8441622517,4918057.184198024,3752235.7604310242
2023-09-12,4681451.60506968,4410987.102686083,2057099.8133532275,970361.7071230671,4808188.822859448,3739868.420757811
2023-09-13,4667761.851651711,4412456.13472954,2057739.6409899462,965735.1677477619,4820714.770763218,3753476.935649465
2023-09-14,4704249.469998879,4444205.570581591,2072614.8027636278,973595.6512453816,4860588.535852805,3762270.2639813763
2023-09-15,4723759.332608743,4450556.58797661,2075720.6015002,985211.5066225788,4887573.71359306,3777933.002204696
2023-09-18,4733465.99065928,4462427.212885058,2081178.3143603075,981846.6941482679,4882957.751004287,3768076.881887872
2023-09-20,4715946.444425149,4446818.510889208,2073961.3148791064,973274.2560014495,4851005.628326181,3726045.960739418
2023-09-21,4665182.552854104,4402202.828302538,2053100.9353930224,970966.5989427337,4807476.616049353,3696364.802874335
2023-09-22,4665874.316739602,4400748.128198778,2052430.4577318896,974643.5893598918,4810385.9906680435,3684935.2181167654
2023-09-25,4677598.7628150415,4408501.509515917,2054679.8443126036,977997.8534121341,4819930.604811682,3683525.6066342313
2023-09-26,4665855.686734719,4390721.028711474,2046349.7168711973,976596.5675616092,4825425.9421782205,3683339.262283666
2023-09-27,4681411.572751565,4400429.098871386,2050879.2427806212,983563.8307375736,4854845.397178902,3692485.2781533767
2023-09-28,4616182.199674172,4333174.0497686025,2019517.7566356016,965995.0991879858,4794774.690879416,3654426.7618780374
2023-09-29,4657064.8897681665,4375718.63585869,2038744.8872329087,974437.1936496292,4846360.010163111,3677957.414388569
2023-10-03,4646833.522611184,4366979.521387255,2033925.2216593497,975280.4830893076,4851210.286961842,3662073.981371526
2023-10-04,4585461.064206643,4312954.620599901,2006944.9404670629,967797.6865820442,4785400.7123350175,3640153.3428349164
2023-10-05,4594556.177701516,4324189.800592577,2010611.1732254853,957821.9018917236,4795533.961381506,3658869.140723153
2023-10-06,4598413.508237405,4337927.114954149,2016245.992922193,964890.3700008545,4830801.312382783,3679193.980182862
2023-10-09,4571423.239469094,4303389.658502733,1999392.0979307115,945825.0588235741,4762651.407114443,3649940.567869628
2023-10-10,4593569.2831397485,4326092.220606005,2008644.6765997,963604.376136934,4834524.225444631,3685158.170443916
2023-10-11,4622156.370908303,4353326.898096239,2019117.9972886282,967279.8871615194,4862983.92471866,3707705.8657112457
2023-10-12,4655748.844174905,4372325.180689013,2025247.4295326937,967609.4852166782,4862737.960609585,3706038.6957289255
2023-10-13,4650073.970761819,4371013.752679979,2023262.0750858362,961657.1901879917,4862522.241987059,3699158.716380575
2023-10-16,4649367.643857522,4370937.683252489,2021795.588494272,962984.9472222935,4868931.473646263,3697050.850542439
2023-10-17,4649796.800565286,4372551.957147753,2021021.5807260773,963924.093510824,4898999.237060197,3711710.55197371
2023-10-18,4617626.077207131,4341729.055444872,2006623.9601206086,958903.8434650477,4867461.067381125,3683961.7811406692
2023-10-19,4611753.409085793,4336477.109216845,2004200.8463205597,957140.3989956975,4869697.187481942,3675046.216747305
2023-10-20,4545525.373150735,4273996.138317187,1974463.623932028,950624.4034817815,4831740.634796674,3657825.679720237
2023-10-23,4488486.867443948,4217136.056743701,1947363.5934542837,926001.4013608098,4715720.894310198,3605316.9963331358
2023-10-25,4500850.807721048,4225166.752361376,1949712.6381608334,921535.7940151051,4675237.765421886,3578541.5137834945
2023-10-26,4475778.063946634,4186445.076091845,1929691.684871259,909249.9000587701,4617035.509130357,3530788.11472171
2023-10-27,4501223.926617532,4204891.181560595,1936863.3954633102,918807.0287322111,4699605.275398655,3571381.5912488066
2023-10-30,4502984.221173196,4198096.52335747,1930989.0622294245,914989.1873915175,4701070.559526248,3587281.1367475246
2023-10-31,4496548.166973977,4196147.770671923,1930083.160862237,915455.7399829294,4697769.454340119,3578688.9816248827
2023-11-01,4483140.581402688,4193255.0563164544,1928720.877659112,916734.345018642,4678706.1118299905,3561340.465889788
2023-11-02,4498939.641209512,4198223.5968590565,1927524.4660825264,920292.7785405832,4754604.046143644,3593178.3792179096
2023-11-03,4548086.908986001,4217858.327770311,1933008.085542643,919262.784980587,4789159.884261001,3615205.6854477976
2023-11-06,4579188.074818521,4253654.104412157,1949393.839776957,920409.7113924323,4836443.653611129,3648766.2599843107
2023-11-07,4630540.971188455,4306132.908016283,1973502.1446551918,921161.257023841,4864273.14331033,3652123.072671469
2023-11-08,4689422.028065591,4343690.9155083485,1990742.3028277992,924432.5639602317,4894720.4887378765,3662111.952436614
2023-11-09,4705368.801175027,4361077.15792473,1998768.1715640663,928008.3606750144,4892840.424885278,3651551.0160287335
2023-11-10,4712351.828152566,4371567.844661791,2003551.057252848,927745.771983303,4904821.948756315,3657403.7953533176
2023-11-13,4748104.95007792,4400299.779384691,2016783.4417743324,931070.2698928489,4965354.500999343,3663145.9170662495
2023-11-15,4783227.162373452,4430614.961071093,2030649.792749369,935170.0025664939,5013653.810668362,3704997.6327599725
2023-11-16,4799361.424420266,4455905.061504442,2042245.3561648964,941246.0096007957,5042795.363872465,3722064.841057882
2023-11-17,4821076.699788003,4451058.312084276,2040016.8578509926,943272.7350722923,5056372.910171865,3719829.903879282
2023-11-20,4827507.574559121,4476890.827190477,2051957.9496478676,944092.9169875755,5040392.553329305,3711748.283690182
2023-11-21,4837840.117657571,4471817.702297289,2049594.6784000038,946133.4050170555,5047898.316260599,3725955.2379724504
2023-11-22,4860899.710133462,4497074.230434496,2061164.6509494423,945159.0948058738,5035602.314234845,3728268.6243711417
2023-11-23,4837908.322407632,4464255.115429003,2046184.1418246864,932741.4108153953,5043479.138946912,3728326.7255973816
2023-11-24,4851665.225239663,4465741.323940355,2046885.6964206337,933870.8316222801,5046286.203987179,3726921.452843552
2023-11-28,4952674.323994546,4544514.772167284,2082961.8694781899,950002.9365798606,5105742.185520309,3750642.3149854722
2023-11-29,4981257.740757852,4569017.789852221,2094214.986146891,955159.0446731223,5148017.852463486,3787812.593972121
2023-11-30,5031042.023205667,4630825.540828783,2122490.743265116,956530.3808623924,5175246.580400131,3799957.2522390415
2023-12-01,5080882.024075418,4675030.136531908,2142048.6704835976,959008.9748659452,5213159.3755595,3825970.978741748
2023-12-04,5186129.9966095975,4803169.792842943,2200697.733761796,985851.9861727079,5302625.530502981,3904646.192817778
2023-12-05,5302150.27026835,4903380.661266405,2246554.5045671547,1022023.3362016996,5334405.264476417,3940596.3909594803
2023-12-06,5319711.674275308,4906095.614223558,2247864.7090578163,1023192.2532015165,5370193.720068441,3964047.9199075857
2023-12-07,5337548.938092141,4921044.624843676,2254663.1117906654,1023916.5777178128,5383942.945928117,3964428.2169350483
2023-12-08,5297276.697003274,4897471.242580492,2243819.4522142494,1020836.2495622953,5374800.2476920495,3970191.4446763867
2023-12-11,5345111.069981485,4940600.865276415,2263496.8816118324,1029701.9723406156,5420898.491495161,3980395.997368431
2023-12-12,5310050.952572732,4916211.414821703,2252202.633984574,1028086.8285646756,5396882.129175233,3960898.250797936
2023-12-13,5354876.582661538,4947480.034404833,2266646.5304536903,1027712.2540712674,5437998.032885859,3968642.113563657
2023-12-14,5440670.399952798,5010680.801311571,2295523.641713151,1052307.4274187407,5514029.238564618,4018391.498466223
2023-12-15,5475131.579533487,5047364.350994188,2312266.3581590736,1071314.8142748198,5566089.264572141,4061831.2024359796
2023-12-18,5461652.357731729,5036488.916973192,2307305.5066881264,1066545.7457018218,5576572.5491608875,4059868.8923778664
2023-12-19,5465054.203503518,5035873.967556078,2307025.210812577,1067013.7806368193,5579955.357010479,4066914.862760382
2023-12-20,5335521.14450541,4907810.595226366,2248335.7786150062,1039318.0986528714,5391935.004184156,3999994.529776534
2023-12-21,5382952.390210061,4950991.184871752,2268138.7792177284,1048633.4334230742,5478339.464185404,4025308.858073632
2023-12-22,5419353.144848733,4980232.428295214,2281538.3955125893,1060290.2317400298,5509535.74084031,4045333.995578769
2023-12-26,5450553.242092996,5018040.970745165,2298878.749600419,1060891.5596285185,5542725.214050455,4065639.881555516
2023-12-27,5514480.001393228,5075236.837932665,2324940.5824022377,1073133.8218126616,5576461.082994734,4102916.1044710414
2023-12-28,5543012.664448648,5109043.469890673,2340485.209538468,1077915.748143228,5612146.777734484,4124754.002595001
2023-12-29,5547626.728192239,5108273.6440239735,2340097.4345064247,1076167.080868753,5637815.838723333,4122273.7019627783
2024-01-01,5539164.0133179715,5105489.1587792225,2338805.5450029457,1079411.5269518218,5672505.702785145,4125220.3447749196
2024-01-02,5505086.915654092,5079862.437145311,2327172.491131791,1074014.4974031767,5652518.551973241,4112119.984561659
2024-01-03,5576575.350735574,5144475.6906090565,2356899.261281022,1083865.7971544585,5669958.870074615,4094432.2912559262
2024-01-04,5618629.06285563,5219586.191616137,2391457.078770646,1099123.9090013823,5738335.828360637,4125045.6686950275
2024-01-05,5596629.788906961,5185015.7397270985,2375563.126919755,1096549.5862398467,5754311.296095426,4132558.6876436854
2024-01-08,5587371.421086221,5152291.622203905,2360565.8250551308,1090700.643643411,5706600.225341458,4094188.6029135813
2024-01-09,5627073.07532969,5205039.083797533,2384789.060650834,1099706.8477297148,5720120.213134869,4102498.980761959
2024-01-10,5641520.047627359,5233309.18854912,2397807.826390275,1107777.1986742339,5748520.9807214495,4115743.407767526
2024-01-11,5711279.953450113,5283901.827587206,2421007.961194047,1112905.3418855986,5767554.617969046,4126298.1153210374
2024-01-12,5739157.288075357,5310818.917308886,2433405.794911393,1122634.7183733305,5813774.503999941,4167082.468517583
2024-01-15,5745166.736012368,5332939.679424364,2443476.426136979,1131100.9516496977,5866612.642656489,4200796.364874494
2024-01-16,5715309.5997590115,5292510.473766405,2423472.8860014584,1116652.125498404,5865059.944068297,4188688.1098246416
2024-01-17,5685073.190358072,5280615.214687426,2418038.3009794857,1105536.7932993073,5801977.690632573,4106911.549069596
2024-01-18,5691921.853115945,5270762.513973314,2413513.33973681,1106730.5836282868,5797052.775370076,4086220.4513816847
2024-01-19,5743829.942555337,5328946.412517626,2440239.0638579037,1111610.5627695222,5880395.369065166,4122583.9477355005
2024-01-23,5636267.184948831,5272648.075283129,2414442.5858458187,1091254.9253793855,5717148.385926921,4045536.299932835
2024-01-24,5689601.27290812,5300200.707592089,2425483.9382185247,1104880.7024798659,5833740.171143549,4090535.9304854725
2024-01-25,5642923.089787393,5269176.75004204,2409658.8164524967,1097433.985200801,5844001.0383151,4075544.6400493155
2024-01-29,5681588.333226114,5300750.061626513,2424047.1860910426,1109463.3349664207,5948169.837649051,4146062.848429235
2024-01-30,5674080.666249185,5291692.553676683,2419017.53693063,1105298.3960275943,5931406.61423148,4109296.7184424624
2024-01-31,5772703.331143289,5395017.120090563,2466417.3884244654,1124856.2486505802,6016478.02267883,4147878.1016395045
2024-02-01,5800726.407643228,5420005.101245958,2477943.592678616,1128630.2597132022,5999453.234589365,4145623.2674886337
2024-02-02,5884994.800961404,5475193.596149523,2503270.092007229,1134308.6441889103,6081252.994038844,4175560.230611414
2024-02-05,5904174.120213418,5503464.984531481,2516299.042034695,1132548.681817084,6070160.079022055,4159422.339002947
2024-02-06,5966087.780133157,5605391.063030321,2563049.512898037,1142919.2856149967,6128570.81964903,4194831.660073931
2024-02-07,6020302.064251809,5683139.7071038075,2597741.335770895,1153776.5227365787,6188356.382050727,4206945.614556928
2024-02-08,6076873.788403421,5741036.547702868,2624415.653939535,1157759.8893213565,6188919.683942964,4178660.779670774
2024-02-09,6105546.945835977,5753022.44850548,2630026.740746786,1166593.2890405948,6141309.117023308,4187532.006696019
2024-02-12,6017445.319134622,5694630.756015856,2603181.449563314,1156715.0157862003,5972798.365549405,4148889.45766772
2024-02-13,6051773.79672709,5731261.430339891,2619829.072739889,1171027.4394083316,6005241.560141695,4175107.709154771
2024-02-14,6126446.696865945,5769680.09782036,2637561.7181561487,1176964.100037604,6087995.757111195,4199871.255692137
2024-02-15,6202238.513874917,5810363.811084826,2656247.078698446,1187168.922127753,6152769.497515251,4218008.052127879
2024-02-16,6242198.853657632,5847563.180904467,2672367.424775892,1196440.8289074663,6172873.715498502,4244017.897147161
2024-02-19,6210105.126217752,5813052.941845018,2655616.175149041,1187446.48271606,6197767.8898487985,4258536.7198072225
2024-02-20,6226098.055760293,5836987.097171862,2666497.98199566,1186003.0033338543,6197529.132419782,4271789.884434921
2024-02-21,6178863.768666177,5779023.778431017,2639972.540665704,1181492.251762199,6117582.377210971,4245804.146677234
2024-02-22,6226779.91403666,5829484.524395067,2663060.693825799,1196984.7537229534,6181929.421697747,4279248.149729112
2024-02-23,6215650.795933633,5826401.812130053,2661523.398766595,1197808.2675321575,6206918.724300738,4280940.755928946
2024-02-26,6224680.84953013,5820520.537242968,2658690.9691248713,1195718.7676542278,6184596.628074422,4268372.2752004685
2024-02-27,6236013.758816629,5840246.249401171,2667781.5225001154,1200333.7254789348,6169648.099286041,4278597.733510851
2024-02-28,6126526.830479532,5758914.284832079,2630486.008126336,1178162.6829526897,6038728.94173287,4228720.835088797
2024-02-29,6171680.484410196,5751740.674884874,2627108.316605645,1186281.941428947,6073391.177598942,4241609.865255949
2024-03-01,6216825.321072488,5737144.6074181385,2620488.2993403254,1194004.242095756,6156434.275037119,4304786.426265649
2024-03-04,6281732.856121927,5802006.794483263,2650400.5131998835,1205420.2786329265,6203854.868826909,4320282.27657673
2024-03-05,6307588.845394998,5805184.10739525,2650531.261627873,1210480.1883622878,6192044.777073602,4311925.188212074
2024-03-06,6351028.7937363675,5840766.5974388905,2666614.847161015,1212162.7330018752,6148315.738450573,4328514.736693476
2024-03-07,6317765.243916421,5802110.649402697,2648985.3487402997,1207547.9525834792,6185249.453744564,4337456.79970552
2024-03-11,6313883.240574746,5817598.032756884,2655882.7101218305,1203028.295517134,6119724.454485025,4310941.120154434
2024-03-12,6202856.748684793,5715941.2924614735,2609418.4582297406,1180266.201904463,6013497.488450906,4300628.6673452025
2024-03-13,6043183.64098826,5601058.440654833,2555968.5756160156,1155810.031036426,5724355.826731953,4217382.623761917
2024-03-14,6098173.352993875,5660044.150287706,2582897.3208934204,1166618.902092029,5883271.885213449,4259647.253728119
2024-03-15,6013589.8439377835,5593823.434322435,2550814.105596046,1157872.0787537345,5877258.51076986,4235360.33005504
2024-03-18,6046825.287541299,5628530.715633471,2562804.478525309,1155950.7010430768,5879476.369906636,4244065.1340885265
2024-03-19,5989572.407780557,5582569.839809496,2541003.455695583,1146979.6278843042,5794708.195444456,4193913.1284169136
2024-03-20,6004785.15933085,5617779.546205981,2554163.5861893627,1149747.5303993868,5813509.720457272,4200097.745202919
2024-03-21,6022342.836393838,5665066.287294848,2575616.781044099,1155764.095920627,5945779.825921852,4243578.010097526
2024-03-22,6089049.387983804,5721239.799807055,2595600.561120956,1159990.210645541,5991600.277716898,4261498.598558753
2024-03-26,6187434.788679604,5813160.9538445305,2637334.6384219816,1176445.2093790616,6019520.90896701,4255348.998143562
2024-03-27,6175054.286558633,5801754.994204028,2632145.1369876554,1173194.7967966641,6028085.367346806,4273597.607781159
2024-03-28,6234164.167311196,5843302.83073662,2651027.72475621,1178067.4853800382,6087285.743325006,4315614.67380737
2024-04-01,6350039.023939614,5922199.495378954,2686909.097650497,1214923.6730021085,6230827.401995353,4350672.541528839
2024-04-02,6373790.715940957,5947098.309130175,2698112.9210452726,1218894.2561319913,6281414.514035763,4356537.865634099
2024-04-03,6400881.530409341,5965301.149660571,2706376.5241946867,1230515.9291208829,6320904.074931292,4356126.971952195
2024-04-04,6449812.0728898095,6005324.1940789055,2724586.9196719816,1235716.1194437589,6323944.954815142,4369175.3231269065
2024-04-05,6489321.499022012,6042607.618914111,2741519.0598087003,1248934.9423197354,6351864.589441749,4375635.7363397265
2024-04-08,6501500.318892007,6061860.995790942,2750321.7272586515,1262682.3791025723,6356189.564783668,4401904.985282467
2024-04-09,6505585.134336953,6075680.722353442,2756581.380517929,1279819.8328074063,6348712.14767861,4395953.015204579
2024-04-10,6550704.908308511,6120738.4036431145,2777047.410821884,1287017.0415628995,6389897.864993248,4419586.826351121
2024-04-12,6533017.169706826,6103272.627550585,2769072.7326297453,1287171.9168375577,6337544.4375464395,4378169.254157782
2024-04-15,6467656.488554482,6054550.445833666,2746853.077692001,1272574.4840525235,6231279.289783891,4323934.215060635
2024-04-16,6464207.742048745,6075071.71960686,2756096.028589218,1278559.2606028165,6222460.955801459,4305673.849319041
2024-04-18,6450648.423902993,6074219.12811516,2755691.2413577726,1270367.9062632169,6181236.845584468,4281136.908446578
2024-04-19,6493814.137861733,6117855.815981371,2775464.1786441496,1284336.2733286466,6183095.793015366,4303610.629289653
2024-04-22,6514718.717482095,6136693.396288378,2783036.121473314,1300670.2327918792,6266838.828400618,4344810.9160005925
2024-04-23,6483295.297346597,6107871.115480883,2769935.818586351,1314185.1460456634,6314248.980774048,4351758.697640726
2024-04-24,6564455.578260903,6189307.982592089,2805838.128820877,1331905.61985848,6346002.650815942,4361459.641986256
2024-04-25,6577897.234694009,6200741.1402611565,2810983.894506912,1335371.514679647,6409861.723265975,4391913.369228145
2024-04-26,6584235.710432534,6221145.6081414055,2820253.823980789,1344362.9801490074,6449516.9001267,4373480.294094916
2024-04-29,6654259.751356606,6289164.58238457,2850068.981237193,1353490.9416465694,6477063.913212948,4413290.048351698
2024-04-30,6633042.209547524,6263237.4479851555,2838315.7880609236,1341218.9326744014,6475223.494254987,4411871.012786539
2024-05-02,6672133.305098061,6289417.995363696,2850267.545049449,1362917.4764823848,6536721.194409397,4431554.940368744
2024-05-03,6650427.595655923,6277284.323259814,2844724.734349986,1361768.9465598995,6492069.57493524,4401711.357348817
2024-05-06,6556385.339552407,6203556.799135668,2811299.0416925154,1339709.2149162227,6394220.137582603,4385663.263257799
2024-05-07,6459979.791548257,6147456.474367602,2785990.285222789,1315711.8325614864,6265697.951927418,4349779.319385604
2024-05-08,6532487.044142251,6230141.745913012,2822297.2753696027,1336382.1613933716,6321958.218675197,4361455.462994008
2024-05-09,6427765.332777505,6132514.024553759,2777888.1116122785,1301056.1362926636,6178142.718521497,4290664.919014414
2024-05-10,6509636.862715249,6206466.269136889,2811470.9170932355,1323703.5490886841,6236056.34360651,4318231.958544976
2024-05-13,6505017.638075356,6207518.221834643,2811937.027811009,1318749.4268657838,6228369.442402561,4327093.605576143
2024-05-14,6553320.029432778,6272737.943636401,2840458.5064934073,1341296.4473336942,6355052.387614673,4357689.372417079
2024-05-15,6616214.30763102,6357245.067781908,2877709.0321386866,1354542.1364969022,6393484.356453647,4360601.631727852
2024-05-16,6720016.189070229,6443487.63189934,2916827.6068762355,1367065.7945272375,6436054.292135794,4401098.480079217
2024-05-17,6697285.243452554,6446139.282396777,2916934.8984785522,1379120.4192079597,6502384.644347493,4420049.52287646
2024-05-21,6861975.82893229,6594440.349916918,2984181.1587934936,1435708.4995912604,6655160.67543171,4443635.87131213
2024-05-22,6876876.6146988915,6605308.207399828,2989072.0419111694,1429373.6962770515,6665199.418211847,4457734.322695087
2024-05-23,6937923.21375895,6669462.773104174,3016123.3058930603,1468697.3716714121,6750667.950838433,4523411.003446849
2024-05-24,6937056.733076577,6683031.250231249,3022299.5801240173,1479218.1577050425,6749668.933907719,4523114.554179736
2024-05-27,6931700.233808999,6673271.024767382,3016172.0922025666,1489559.5362832285,6772788.081689427,4519245.190174057
2024-05-28,6863730.623396401,6595982.487352831,2981232.5852445588,1473659.41529629,6701425.693870763,4502994.466825184
2024-05-29,6881009.668745522,6617121.6466240715,2989727.8007175103,1492794.0744378306,6690674.763416125,4467823.474922277
2024-05-30,6824046.4531693505,6578926.423998339,2972442.425229229,1473123.4159489179,6592645.237264306,4426023.145667141
2024-05-31,6933462.46287394,6679267.005144579,3017759.8692599908,1478715.3042088056,6645450.954344705,4439360.682555576
2024-06-03,7347107.450056558,7102832.773180468,3209407.3447543755,1534263.6014367621,6915222.704755806,4595261.14795214
2024-06-04,6505727.735945229,6264729.296984179,2830006.745633282,1380904.7798425239,6241469.1094419975,4294711.282153326
2024-06-05,6736153.400221352,6478804.722200854,2926885.1970492974,1398752.5324288886,6486559.96699205,4447856.180998814
2024-06-06,6878633.627485757,6635860.628160937,2997902.789731182,1441396.3481876173,6624204.244578131,4496202.569308054
2024-06-07,6946946.501875405,6703443.075548632,3028491.9333774224,1459048.3241158396,6751932.592482109,4582914.683304043
2024-06-10,6956770.579023843,6706019.084459765,3029624.335385479,1455740.945797053,6764807.421911996,4583836.003255444
2024-06-11,6954500.890791421,6709835.977434618,3031292.8620273247,1464395.4110426863,6818677.08398464,4584704.212495176
2024-06-12,6997068.126545815,6755012.245421679,3049484.970256408,1472287.1963545452,6861233.189709,4599342.644192763
2024-06-13,7038582.982045082,6791949.3747093985,3065188.347340936,1495518.362057365,6902406.436151635,4618327.252935215
2024-06-14,7068695.062397866,6834264.160674364,3084256.0862935726,1515903.1711241375,6965419.534987505,4642662.434975962
2024-06-18,7115701.642537026,6875190.573973925,3102718.8174947444,1556499.8430220257,7003440.644526581,4663754.461139715
2024-06-19,7012215.321278481,6777489.733046801,3056607.5424998607,1525771.4294401775,6938866.517500174,4648056.5663095135
2024-06-20,7034842.882191567,6801493.129561693,3067505.726215681,1526806.0321776043,6951511.675182112,4658626.758546241
2024-06-21,6993649.0281876605,6765100.71427849,3051093.1838572826,1504240.4042555462,6928651.147032147,4641384.077655572
2024-06-24,7066682.199299721,6834866.020934374,3082279.969868025,1513923.245335258,6921912.162640902,4653833.151774977
2024-06-25,7054962.592854409,6820087.462859423,3075731.4088328686,1520100.7889830242,6914618.456262443,4679530.031198141
2024-06-26,6991869.05327311,6759222.15858391,3048323.7768138256,1515345.1301237713,6917430.309777318,4700152.430372693
2024-06-27,7015100.027226532,6792968.898027465,3061863.3700717697,1521786.2653487595,6944211.8904170785,4730399.777657062
2024-06-28,7012754.435704315,6795690.836946532,3061886.7758718766,1518702.2572919335,6969791.387559276,4727346.467599153
2024-07-01,7052493.436711395,6831314.623506591,3074844.3243021267,1536314.5520764794,7012711.663195624,4755361.97171799
2024-07-02,7050343.07816037,6824656.910249755,3071791.3911661403,1529492.337270395,6974995.172849401,4748586.96540803
2024-07-03,7090810.973790253,6850148.827669188,3083058.021903445,1560667.1571251312,7058629.329451217,4783847.673426315
2024-07-04,7168269.732426727,6905202.885042235,3105568.7203977434,1595620.0051124888,7100092.539689333,4790659.104909615
2024-07-05,7183345.715214813,6968012.160554931,3134092.0325315325,1621909.6831062632,7166810.109210137,4800549.214146051
2024-07-08,7155822.089543426,6933611.599885985,3118390.1497800676,1620496.7429512339,7177001.035589606,4800930.3806961
2024-07-09,7165597.730351532,6933702.597444579,3118442.3762815325,1616884.2220161753,7199997.101696236,4824114.4220555965
2024-07-10,7154393.8932848815,6912557.268159911,3108845.0904844133,1609438.5931709604,7173162.650459375,4807157.281159312
2024-07-11,7165740.481114471,6922640.333833739,3111598.242061569,1641061.1421364145,7231936.075236581,4808640.496047627
2024-07-12,7205001.335179413,6942101.119661376,3120166.9579429165,1630343.4234016733,7251276.092595661,4836074.387562751
2024-07-15,7220979.307652557,6957001.37893872,3126844.2896689908,1628573.2092140513,7308685.291361435,4858477.721429857
2024-07-16,7169758.3137865905,6914887.335359618,3107792.2921409146,1624745.4370582895,7291515.900859386,4855542.227511203
2024-07-18,7132333.964482391,6845850.253999755,3076486.9783591763,1599045.8248604136,7234394.8074459955,4875478.15580383
2024-07-19,7012823.184361542,6725433.174287841,3022321.2375449673,1561128.8191536264,7088427.859064022,4812918.917654346
2024-07-22,7080705.1270800475,6791739.486604735,3052063.993129684,1593620.9777382212,7148163.165617524,4820343.895101588
2024-07-23,7063137.460148895,6775455.97671704,3042011.2544233557,1588783.3291452662,7086933.150880817,4807542.123973409
2024-07-24,7087726.476475799,6809322.904939696,3054304.669004651,1584266.6215036646,7109461.285883606,4801792.819382913
2024-07-25,7104812.352513397,6824762.2156086415,3060211.272532912,1573827.2192362086,7103153.791223561,4805239.767801896
2024-07-26,7170374.080479706,6878096.101182982,3080655.02498368,1587767.010506907,7243212.51526881,4887506.722661174
2024-07-29,7206558.977421844,6886596.9522266835,3081147.633609146,1603063.7460101268,7328259.372154027,4898848.367290815
2024-07-30,7275192.317723358,6962334.6854420155,3115203.6896089017,1615061.989592081,7344795.042545896,4901383.59986956
2024-07-31,7300645.404149139,6986234.276475951,3125966.9511445463,1609034.248838907,7373368.240910415,4922563.129365387
2024-08-01,7378090.136632049,7069086.6344471425,3163319.3293794096,1591914.4031815585,7346893.154323151,4928783.890098015
2024-08-02,7317664.588292206,7009941.0981312245,3137203.3540376127,1576420.782911783,7248133.169504606,4875867.266282741
2024-08-05,7113711.630620087,6810119.094148681,3047770.9297822416,1525922.184690958,6974920.422203561,4738274.603063893
2024-08-06,7064986.852696503,6754710.04451184,3022957.3180879056,1504712.3031239607,6919966.585698273,4719001.536254649
2024-08-07,7144433.9212084655,6831142.704622313,3056947.800812836,1525524.2123503583,7100438.700658882,4797761.4915468665
2024-08-08,7078740.480992401,6765406.471727416,3026473.8509669313,1516292.9766478436,7037724.600665327,4762171.717668437
2024-08-09,7095154.907567108,6787326.186067626,3036319.6488490114,1525954.4423003094,7116625.437367557,4812482.58030849
2024-08-12,7050754.941197479,6738592.244569823,3013400.1921512894,1525884.3075024257,7116889.14302967,4807495.095664026
2024-08-13,7035894.95013913,6721901.120424315,3002830.3910829704,1521003.0347155165,7030250.442229594,4763721.045330651
2024-08-14,7055632.514317596,6744391.9256763905,3009637.6398442914,1514660.564253146,6993878.8008893095,4764892.912132809
2024-08-16,7116273.111577118,6809727.392152831,3037695.55783138,1545814.9370386433,7131249.55458827,4844932.52475825
2024-08-19,7160255.7756091,6856926.141893432,3057746.6163864834,1551133.7145584188,7184529.325149952,4857404.188426805
2024-08-20,7202346.271916473,6919655.962694213,3085898.203147958,1550031.2910965048,7221262.701401348,4884660.398432616
2024-08-21,7238454.850346649,6962015.98515515,3104799.291465829,1557030.6322830282,7251528.45829847,4898122.927209406
2024-08-22,7190484.977879608,6913468.543138549,3082915.9061814053,1562505.2489828258,7269637.466935232,4908994.723421327
2024-08-23,7177581.04590329,6887163.689012572,3071052.2377548916,1580558.9647726207,7263436.300124078,4908507.472953165
2024-08-26,7221022.712742889,6928786.514207885,3089688.15410621,1584290.6591085582,7293554.598860554,4940824.218674908
2024-08-27,7203687.937855804,6930105.458787963,3087968.157996282,1572792.7551778941,7301932.616625202,4941977.472208628
2024-08-28,7239765.950276459,6951162.71147351,3095046.3803616934,1569368.5807089,7311793.740188157,4948301.650820967
2024-08-29,7287961.713032806,6990734.502244994,3112627.1662503653,1569941.1813711314,7308098.358670567,4961919.139880989
2024-08-30,7348737.864003265,7034353.22722058,3132067.592123168,1575021.2191366344,7328321.266498814,4978230.001312309
2024-09-02,7374215.582554901,7061383.344163939,3144161.4520627433,1562279.8679098277,7314133.746890958,4989668.569109873
2024-09-03,7322346.45567807,7024099.711351439,3127560.1793424063,1566932.5993246227,7332506.489461399,4990888.303324193
2024-09-04,7334477.615498627,7041195.375597045,3135164.1421414786,1567750.304891029,7298950.026522194,4978342.774238781
2024-09-05,7317031.193532074,7028470.225267455,3129533.3613492423,1564203.6155294566,7288333.634695985,4971352.12719789
2024-09-06,7261072.228581512,6963313.077745482,3100465.6145688468,1550260.4511768364,7161806.233995569,4912465.828976047
2024-09-09,7263708.171498382,6957875.48881726,3094869.479317124,1550359.3431358633,7127748.791361141,4928086.429257885
2024-09-10,7329619.355870331,7003565.136827514,3114105.3409262486,1559149.6140098867,7177871.792066666,4947728.052879893
2024-09-11,7283857.42770871,6964462.749742553,3096757.3804159947,1559203.639888793,7110948.8583578365,4923539.971600515
2024-09-12,7405007.4595385445,7043103.509874389,3129327.276538392,1577408.3156960872,7233867.096733251,5013165.035961645
2024-09-13,7437336.031453216,7079517.670549437,3143602.824928504,1574269.8818581966,7247930.336765215,5005308.778621136
2024-09-16,7410556.0888872985,7055821.2574635,3132923.6954729375,1582791.7152932552,7252050.838358971,5011607.769139269
2024-09-17,7442543.090733612,7075038.474779174,3141297.131645423,1597079.2822488216,7227258.926400965,5014941.047386934
2024-09-18,7397830.03040036,7043309.42543225,3125053.754711593,1595825.604697552,7181481.037177281,5005201.513200836
2024-09-19,7389932.065617645,7023654.044206664,3116070.560986007,1599464.9413064388,7092228.228647115,5006123.551347021
2024-09-20,7476457.59970578,7086828.523851439,3143856.1540646204,1616988.1822122005,7225568.07498589,5081042.012686061
2024-09-23,7552966.693059051,7148588.210374877,3168731.9965193146,1628250.4837869075,7291050.808216454,5119468.64013559
2024-09-24,7578662.138959015,7182386.699518248,3183764.5277845734,1623220.3766091731,7306941.249934904,5120057.228730787
2024-09-25,7570982.052792633,7173417.753061339,3179892.197370755,1609206.1889260677,7280237.524391807,5124687.6420706855
2024-09-26,7606723.172856415,7211195.722520873,3196653.498289334,1604533.22844903,7323634.5358444825,5163396.103840622
2024-09-27,7580503.739186371,7178675.573823974,3182766.443754422,1602826.8314153387,7385021.220304326,5162891.077997576
2024-09-30,7517656.693608368,7108870.719957396,3151961.9855940216,1590836.8707219793,7325961.177633408,5093936.556208473
2024-10-01,7504486.673016632,7112158.4374332875,3153423.9561293,1596027.446344538,7330517.792044045,5092960.351391331
2024-10-03,7393420.478047455,6995310.22784619,3101790.649259793,1560351.313544938,7152243.5016300725,4983038.685388531
2024-10-04,7316381.901959503,6932926.6454411,3073179.334911827,1541508.014792591,7087102.186437055,4935771.61990168
2024-10-07,7304129.334088409,6919046.672021911,3065017.8168160375,1527547.3689767933,6919198.7594195455,4877693.109309825
2024-10-08,7333149.680401886,6949897.776147887,3078955.7836129125,1544801.179871779,7076298.763245068,4935931.8323999075
2024-10-09,7456566.455792511,7057583.963159606,3125024.332054412,1558551.6006831308,7121726.663620852,4939526.41390635
2024-10-10,7361196.341290558,6955917.471033141,3075364.081122469,1551229.8042795104,7133135.715515929,4940018.999630793
2024-10-11,7450282.49070462,7039397.205408141,3112513.3683539145,1559843.1888009948,7142167.327409403,4935166.323696635
2024-10-14,7506422.059063995,7088924.840539977,3133348.1322706444,1567642.0481759948,7160636.968633986,4962361.201805593
2024-10-15,7491311.341107452,7065458.592920348,3120447.892940957,1568601.9303331447,7155113.425016813,4953065.046759251
2024-10-16,7445482.156231964,7018188.311609313,3099427.39605375,1560285.6375352805,7136733.429267991,4935777.26281791
2024-10-17,7380679.336499298,6963039.573389098,3074837.089565713,1550041.727928347,7035062.839203805,4880281.65709219
2024-10-18,7316096.320965851,6902065.434045836,3047858.3669399805,1555059.7836534446,7070140.098156308,4897352.770487851
2024-10-21,7233034.843365753,6826359.271020934,3014363.1328701563,1532092.8651964134,6974258.634452677,4875646.607991475
2024-10-22,7152086.332348907,6746221.29085736,2976897.3373639574,1500802.8725816673,6771976.298134757,4801906.119918025
2024-10-23,7139850.1714602355,6738557.624231383,2969219.668961879,1498737.5478238338,6782197.468681901,4796662.955124941
2024-10-24,7136759.2320071105,6738041.024255797,2968051.404123397,1492287.1412076228,6778634.901117486,4788067.022230282
2024-10-25,7127487.449780548,6736080.624841735,2966195.612814616,1468470.26120274,6621057.187163934,4740105.418272349
2024-10-28,7126279.375561798,6731420.88082318,2964061.865543511,1476928.489994803,6708408.691023926,4769087.597612306
2024-10-29,7123597.780346954,6733762.445520446,2965003.272159722,1488389.9052536697,6755202.937829294,4799406.40116484
2024-10-30,7119328.5855227355,6728450.3372440785,2961777.6083205994,1473731.1581729755,6761745.066298559,4775430.336713223
2024-10-31,7062570.92216214,6677938.2993412465,2936300.3240645607,1458387.5496194628,6747969.72290269,4750525.147051633
2024-11-01,7064432.316449249,6677301.077234313,2933947.789166678,1460588.223889736,6796555.591092004,4774192.3217304535
2024-11-04,7059485.844113434,6658512.124979064,2923657.5871986845,1447462.624040041,6691067.657882386,4712183.8939415
2024-11-05,7098861.464169586,6711374.429697081,2945549.4182391954,1457899.7036594462,6754288.849347242,4750622.261694938
2024-11-06,7224409.565190399,6831486.863702819,2996241.44185932,1477485.0455282931,6898956.9857692355,4816394.074897301
2024-11-07,7202155.007779205,6805555.4552631825,2983834.424498589,1475546.1886906596,6829161.374076373,4761118.670634815
2024-11-08,7103982.580761993,6722630.812578246,2947482.428175957,1459411.020608737,6753199.881745564,4740883.76850182
2024-11-11,7097812.398999298,6713739.594560668,2943396.0037374804,1448745.158761813,6730281.416750617,4742796.240514686
2024-11-12,7053152.03481015,6658663.1707249135,2919233.7278051684,1424209.41535361,6625711.581122139,4686343.857957852
2024-11-13,6897187.933949554,6512981.876627013,2855495.8818884203,1385647.247171237,6468976.662798519,4616413.190542227
2024-11-14,6934275.23466214,6557708.372972533,2875165.2722311327,1395012.42283995,6487270.20030532,4620753.891055683
2024-11-18,6946412.662396515,6561346.301378295,2875336.94572231,1395926.4952276454,6489277.400487069,4608371.888123985
2024-11-19,6958674.027402008,6581009.56152539,2882785.2771443496,1392115.345064642,6537140.599865358,4622405.238669259
2024-11-21,6882525.124104584,6506946.131845519,2848282.5274798963,1376494.165377516,6458029.630352514,4576923.612741474
2024-11-22,6895120.075360382,6523826.54261975,2851852.018256068,1378202.7467466448,6565370.44568436,4675530.5544509115
2024-11-25,6899633.204266632,6495045.870805785,2837928.9004846606,1383592.9227956738,6680878.546679953,4739822.179890364
2024-11-26,6949607.685177887,6524783.714906737,2847845.4806476627,1377783.3366311719,6678814.934385211,4737771.052712737
2024-11-27,6996564.030041778,6564666.664629027,2865205.629710773,1388991.0364602734,6771882.591392023,4762763.160207132
2024-11-28,6941042.091908539,6518172.953592345,2844935.2919651065,1382596.3400033643,6770835.913854726,4709834.357877294
2024-11-29,6943056.807278717,6506620.787752196,2837830.720942483,1385762.2082589795,6792126.236768968,4751068.865247926
2024-12-02,7004843.239056671,6584192.014909789,2871839.6039228295,1401310.8221963574,6841427.3791609295,4778365.4937285045
2024-12-03,7035791.399952972,6594029.295419738,2875768.1356534814,1405649.3912728955,6903790.116592934,4815310.109611424
2024-12-04,7125705.87894162,6664687.1163273305,2906589.5325498437,1416506.5082162549,6929673.961837763,4821934.12816527
2024-12-05,7179569.606206024,6726346.202631041,2933581.1723813866,1427766.0164407422,6984548.619099072,4865393.065596935
2024-12-06,7208249.600422943,6760975.217294738,2946660.5459661656,1437748.9548917187,7036084.818009672,4866495.995954425
2024-12-09,7204479.7677966,6763099.229120299,2947589.5719518834,1431103.3959012402,7039162.327756399,4853231.342536137
2024-12-10,7233425.378727997,6791775.2264957875,2960136.8744421178,1428652.8654752148,7033332.114129898,4854317.625582101
2024-12-11,7213269.94609555,6765334.513589904,2948613.0484380894,1424108.7652326,7055116.109312324,4860876.735861617
2024-12-12,7210243.092030609,6764176.209482238,2948153.124335306,1416927.5430035961,7014304.539515973,4844017.957957908
2024-12-13,7184277.646046722,6735641.6045322865,2935758.3324957066,1420962.5354504955,7022913.036827871,4877756.549943789
2024-12-16,7226978.392537201,6775192.343668029,2950996.440279649,1430354.934318084,7023927.551521035,4864111.501902925
2024-12-17,7201335.12137326,6764827.341241881,2946787.8491083845,1421058.0003146841,6945533.456459758,4801260.480317843
2024-12-18,7123936.308804596,6697026.459596679,2917267.4411570295,1407238.4889774038,6875438.984429634,4766316.386912213
2024-12-19,7066495.329152191,6648513.714029357,2896225.526949571,1390629.7343234732,6839013.294974868,4718361.442566062
2024-12-20,6849021.575093353,6436859.906229064,2803921.291720079,1361285.3943118765,6676140.358336491,4635633.134587399
2024-12-23,6915635.259572113,6494005.15653424,2827830.334779741,1365013.7642679885,6696315.158505256,4664196.569973417
2024-12-24,6887203.448933685,6465960.361612365,2814637.622284848,1372927.992370222,6693398.201113793,4659495.525242665
2024-12-26,6889644.503468597,6469078.4792423695,2813020.4887929624,1381804.3893792871,6721963.516927482,4666812.158598138
2024-12-27,6894501.908070648,6479456.342187926,2815527.834593038,1373875.9693524144,6700332.295499355,4670682.327728905
2024-12-30,7001570.02220639,6575749.609582946,2854659.0135796526,1374336.816189731,6685052.169486505,4645751.5296154255
2024-12-31,6934778.475148285,6512497.209619567,2826937.657866762,1373184.2627839693,6697508.69058804,4644723.132335122
2025-01-01,6930862.141591156,6508689.675256774,2824189.602807902,1383388.7928816509,6735574.921333143,4663661.87774818
2025-01-02,6970378.84529599,6537724.837579772,2834790.777947185,1388118.2298591288,6836736.725739899,4745742.104484154
2025-01-03,6926321.139180267,6491374.475618407,2813061.1146225706,1381874.8207404765,6824722.993883799,4717450.509520364
2025-01-06,6666988.798573578,6245564.945680663,2706445.2043442503,1339075.8770148905,6627424.759298241,4627292.6786319455
2025-01-07,6694964.276661957,6271346.501955077,2716523.6859231694,1352310.0194873898,6680738.249126597,4641183.10479801
2025-01-08,6690474.496296966,6285753.738512084,2719870.009763266,1330257.4777335247,6632933.621183903,4631259.272917171
2025-01-09,6666056.066334808,6264373.569475219,2708711.175105241,1323420.2908948697,6556044.737600758,4594480.474599198
2025-01-10,6588535.685780609,6183215.142137572,2667660.919162386,1301332.2056902382,6447628.96857887,4562667.681353908
2025-01-13,6475605.898060882,6078150.4109364,2621896.423434847,1266746.3490554993,6232495.081587343,4472003.854832344
2025-01-14,6475998.231984222,6092198.8043690175,2625175.0299287206,1262135.0647994888,6365384.228999602,4506807.744963205
2025-01-15,6463753.4855852965,6080686.405199096,2620243.0518403416,1263481.2658492934,6405381.414043831,4519780.567827934
2025-01-16,6492745.319691742,6103494.608079955,2629041.4445691127,1260868.6123576872,6471991.282588406,4547288.435580011
2025-01-17,6502986.5402727965,6112345.674364135,2632874.1730847377,1257731.2188029997,6489280.096211168,4539578.792647171
2025-01-20,6484026.781117523,6087519.10360913,2619258.685861321,1255670.254780867,6551556.869553796,4562833.807392595
2025-01-21,6428234.070653046,6035624.722581908,2596878.5688950736,1226683.5438001987,6400449.161783669,4489917.435209683
2025-01-22,6417657.641148651,6017265.36003308,2587791.961188546,1219356.920756898,6357593.140393655,4503890.009516737
2025-01-23,6419657.154484833,6018265.0584888905,2588180.6499550254,1225163.559363661,6421508.326926632,4519938.07667949
2025-01-24,6369277.354039276,5970843.630785033,2567688.763190499,1211350.3653328994,6343207.244957525,4488960.5952557335
2025-01-27,6268985.466115082,5897119.564912841,2534082.5198877947,1170953.6843028725,6177848.035376297,4424359.140568864
2025-01-28,6254004.728795135,5897238.862352416,2533296.078977024,1168896.0200485275,6159197.76179764,4447101.958758683
2025-01-29,6229441.451207245,5879530.030077025,2523899.839666525,1173296.9276077272,6268865.165625699,4496015.017014953
2025-01-30,6242897.091404999,5888560.748704955,2524400.6866713883,1172507.1816769287,6254892.13633884,4510469.343937342
2025-01-31,6280811.51389035,5920092.858324096,2535989.2874600454,1186061.4559604763,6376593.65966532,4564821.004458928
2025-02-01,6241643.551457489,5882350.269517943,2517017.056048577,1165524.3007308207,6361550.9087499045,4565376.868406198
2025-02-03,6285802.5440112,5922613.561082885,2534077.0525695733,1161586.8697921,6277459.937520397,4534943.7010731
2025-02-04,6298989.183903778,5935185.853258178,2539652.8242370537,1173020.73987877,6403071.796960006,4607671.075878407
2025-02-05,6276981.744053924,5917653.216844603,2532274.279742425,1174821.5779525004,6446505.53158394,4606078.398404602
2025-02-06,6262102.299229706,5905122.066820189,2526857.2011901787,1167836.4887801372,6386482.305424002,4585493.40786199
2025-02-07,6285231.67480954,5926159.140367553,2535979.8863098077,1173560.4596053325,6403853.789286323,4580126.541555132
2025-02-10,6253530.100529755,5895848.177293822,2521136.4620907344,1161800.4756164202,6289289.299069566,4536704.711319559
2025-02-11,6217189.062199676,5861453.822801635,2504622.6627937667,1146034.2557874143,6132057.54931774,4467133.782932484
2025-02-12,6265157.345341766,5910694.019823119,2523729.9941768893,1151740.5159881888,6131789.583613138,4464983.263652634
2025-02-13,6300298.70038327,5944309.373399779,2538004.2699321145,1155849.1419408282,6146295.837425779,4464435.395332989
2025-02-14,6237362.70215329,5884387.2770252675,2512407.60025438,1140240.2357213458,6016385.563749307,4430488.332730442
2025-02-17,6227939.142827118,5875656.367174193,2508670.167332017,1137507.4983875477,6029919.923034085,4433861.481543957
2025-02-18,6220937.505620087,5869267.723863646,2505097.014918987,1136767.0156839807,6008739.723728026,4431749.034527942
2025-02-19,6212003.842045868,5859691.167894408,2500223.6926460396,1136566.0210486099,6087308.062575402,4438769.322418239
2025-02-20,6257061.766118133,5905108.549486205,2517565.2921147426,1138239.8709225366,6157020.26849141,4446891.296322997
2025-02-21,6237629.828373993,5884666.902513549,2508045.418708998,1133135.1233773597,6110927.971166672,4420763.399226464
2025-02-24,6176265.942204559,5835249.640855834,2486061.931962951,1123315.585769703,6049662.788794485,4372782.644399059
2025-02-25,6146839.373845184,5805223.492113158,2469845.5210961704,1118446.126228988,6009699.708012436,4366181.448656964
2025-02-27,6223909.3703509215,5883568.588701293,2502281.0243541305,1116665.9990784638,5948224.7852083845,4358756.139009482
2025-02-28,6080326.485264862,5750977.095354125,2445882.225861699,1078923.8675929308,5794880.312024353,4269844.536665767
2025-03-03,6079764.750264252,5750154.623460814,2445627.0742537547,1078746.1361274538,5812749.764252358,4276400.134081571
2025-03-04,6096278.486073578,5767057.189592406,2452025.3937586346,1079745.1807870697,5826135.389070625,4274592.068437126
2025-03-05,6135598.471272552,5804088.587663695,2465224.521398863,1079528.552709362,5974541.259960068,4334167.6004501
2025-03-06,6204653.678532684,5861205.550859496,2487677.8413635367,1084424.3975160671,6035348.826562295,4375909.304804882
2025-03-07,6147817.916096771,5808142.3350391835,2465121.677209484,1076015.2565198927,6021021.109704989,4373804.652849708
2025-03-10,6078807.230183685,5739349.28480725,2433244.78915736,1066177.4736596157,5934045.501961864,4347745.617012329
2025-03-11,6093771.3266268615,5760032.27572827,2440348.9062817334,1074625.9150287677,5952634.261428172,4357769.688103083
2025-03-12,6066140.674100006,5734600.141267821,2429495.0911572217,1073879.5377399493,5941855.718486348,4353389.394568789
2025-03-13,6056081.6555834655,5724697.170038268,2425297.646569514,1074347.3600513507,5910913.640313802,4337763.758902891
2025-03-17,6109047.5339098815,5774834.008997008,2446606.1918270825,1083292.7166797686,5948303.959694182,4361073.112193579
2025-03-18,6109047.5339098815,5774834.008997008,2446606.1918270825,1083292.7166797686,5948471.6398766395,4433132.14246579
2025-03-19,6387793.264752472,6038497.8241138905,2558467.598527217,1135571.012593465,6195275.785235466,4457566.8250755295
2025-03-20,6387159.000096405,6035406.298914,2557181.6445858716,1136557.7744190264,6251552.332119884,4507353.826435359
2025-03-21,6407419.432507599,6054674.5543690175,2565459.054246211,1144190.0100299884,6321350.93561231,4539911.369578788
2025-03-24,6494577.452809418,6139189.7750339955,2601315.419595027,1160428.8434497882,6407365.963322063,4599145.283776392
2025-03-25,6436822.456593597,6083762.383920714,2578020.6522610425,1149374.1666309405,6336972.852832681,4588790.613073898
2025-03-26,6403023.670552338,6050872.194681212,2564150.728890681,1140249.5061084796,6291527.272743201,4556794.879588003
2025-03-27,6477046.80736264,6121973.956613585,2594054.66892364,1152234.8776905108,6357285.74234157,4586125.394301632
2025-03-28,6447632.511059845,6093964.399522826,2582314.9305279492,1143932.6175128985,6320855.226170381,4569476.911200511
2025-04-01,6333772.538266266,5987360.867311522,2537044.1450817822,1122504.8251850177,6266328.250595077,4504170.821171778
2025-04-02,6378638.972966278,6028213.365839049,2554240.0165646314,1125703.979527669,6352976.745462793,4539843.909585717
2025-04-03,6419043.602421844,6066418.668817565,2570224.7317745923,1137759.7381031085,6353400.618702635,4526821.671050121
2025-04-04,6196954.812703216,5855497.650796935,2480747.1525357007,1106563.6634265948,6158305.204899231,4450815.083850504
2025-04-07,5889985.204808319,5563281.78695111,2356795.211114192,1062870.668980794,5932441.646685692,4307312.628346366
2025-04-08,6002095.178605926,5697969.109100768,2412518.4754933305,1089048.3514432749,6062829.553682755,4383189.522257039
2025-04-09,5993112.958456695,5687420.938380858,2406161.223897983,1086082.1349072144,6011636.686033301,4359371.99723899
2025-04-11,6061353.574858367,5756985.62837567,2433834.8721330296,1101811.6366527583,6136331.929089448,4438487.156512727
2025-04-15,6199997.836996734,5895044.557765624,2492134.6131379735,1131878.704813769,6322059.611575629,4542555.195711747
2025-04-16,6256293.089209259,5948154.503917357,2514658.204614414,1142726.0472702351,6375999.863775842,4565272.524894081
2025-04-17,6284160.021444976,5989244.287257811,2529356.19295118,1151661.5303329793,6431995.052735788,4637607.314793133
2025-04-21,6404210.57369107,6105055.310939452,2577345.2077043816,1171110.494108614,6572303.388917279,4695952.4810240865
2025-04-22,6357834.494299591,6057516.989452025,2557241.7702196403,1170196.6333298055,6577807.503005147,4704383.989732053
2025-04-23,6408379.277083099,6106280.475101134,2577774.7567842766,1177590.1720413533,6645502.02791272,4735968.643898222
2025-04-24,6362748.7915408015,6062176.716869017,2559175.331743078,1173837.39196628,6628236.209453093,4721463.9947396
2025-04-25,6221730.986143768,5933475.364062926,2504913.2516725822,1147540.806105074,6486717.458714204,4668317.636553619
2025-04-28,6306804.780554473,6005956.836253783,2535626.8967455192,1170191.8647446004,6567712.526849698,4724539.097985399
2025-04-29,6312271.7185198665,6016183.506564757,2540064.4910982414,1181946.4435867635,6563841.541536115,4723806.254875764
2025-04-30,6313833.970083892,6015090.786128661,2539737.6969927116,1175360.6426376668,6516942.531578502,4718705.6455037305
2025-05-02,6281892.798086822,5990431.573726317,2529340.8063066765,1168290.472776827,6498855.548149665,4719746.177962059
2025-05-05,6409456.560988128,6104043.337192198,2576178.0306579457,1197280.5556167928,6601949.879105161,4750278.728156884
2025-05-06,6301097.841520965,6006432.761127135,2534131.8857344706,1182905.7213816745,6463628.220350131,4717424.677287454
2025-05-07,6258072.613959014,5984111.855632445,2522168.1554140914,1179208.5707041763,6516688.1693955455,4726850.493291017
2025-05-08,6203053.453444183,5941641.219028136,2502892.2440695027,1170294.4637553238,6415600.630921092,4687073.072939538
2025-05-09,6168680.082792938,5932065.742023131,2499036.225377486,1177335.8141886734,6383354.284806844,4641463.788688981
2025-05-12,6368476.205229461,6145477.114673277,2586961.158907892,1216702.2229529375,6669385.173743914,4820690.543896028
2025-05-13,6349179.772978485,6126207.684131285,2578903.987765314,1223052.7866736406,6647900.022244863,4764832.07615203
2025-05-14,6415994.254912078,6199096.171435973,2609636.582736017,1234489.4205542558,6709990.794436934,4784950.295189001
2025-05-15,6475258.792387664,6266405.22502484,2637957.9633512516,1259677.9103919023,6791652.459108149,4857027.410057468
2025-05-16,6558735.640776336,6345645.032764098,2671494.608370783,1281119.7200385088,6864033.950476851,4862957.895834921
2025-05-19,6532759.171042144,6317788.5442081895,2658141.327720272,1272108.47002325,6865095.959456008,4855011.445277429
2025-05-20,6441927.352980316,6235661.038188597,2623573.9123760336,1257841.185294246,6771935.100759649,4797415.77034274
2025-05-21,6491382.396612824,6275181.615207335,2640059.9154888266,1272299.2319403642,6830445.368162619,4827851.905119661
2025-05-22,6477837.402296723,6264263.805644652,2635622.5986553305,1268461.0722113603,6790537.869528076,4792238.258263446
2025-05-23,6528262.876959504,6317773.170245787,2658277.7259136313,1277512.1938696855,6844567.630031925,4836300.5976153305
2025-05-26,6579375.381689728,6368541.946902892,2679600.390342342,1287368.1984320635,6893589.174911065,4863519.744221623
2025-05-27,6591256.5323168645,6370723.704799315,2680459.702781307,1285335.7080603593,6877705.648910236,4833044.613329413
2025-05-28,6599970.973730744,6374835.419513365,2682306.5044780844,1293510.889441585,6869697.116189335,4821302.140731822
2025-05-29,6621106.907698334,6396322.930865904,2691609.1878276938,1298709.5382605547,6897259.50204289,4835734.8942982685
2025-05-30,6521166.459334076,6277006.13253369,2641210.193015682,1279219.7403326982,6867094.030333024,4821416.829479213
2025-06-02,6547407.767653168,6283870.517894408,2644128.9209209555,1273632.5349493974,6888515.979767729,4819356.267799242
2025-06-03,6520442.768629731,6251153.966479918,2630470.4412456625,1265568.2359229082,6843844.400240936,4788080.256577763
2025-06-04,6497497.399069489,6224942.411807677,2619597.3899673033,1266285.9843970293,6870693.320518868,4804528.182906446
2025-06-05,6536260.408667266,6263597.543155333,2634037.5882254015,1273994.7105728919,6917090.932476965,4829058.28097366
2025-06-06,6586875.976736724,6315839.114551207,2653253.267971676,1285632.3979660803,7011734.394972426,4880320.222743871
2025-06-09,6588140.1841952205,6299823.002421996,2645424.936390364,1286269.3407608801,7086310.829243985,4907040.049868339
2025-06-10,6618023.6671893,6331799.47956433,2658656.224598372,1289452.9760215925,7097886.225055375,4908478.421398634
2025-06-11,6538840.131270111,6266375.891421935,2631185.4189953445,1286687.0145652937,7080838.758687446,4912539.743467944
2025-06-12,6416120.485029876,6145492.552531859,2580362.112171614,1263714.0341118025,6961638.2806210965,4856286.989917147
2025-06-13,6360809.239203155,6094410.431438109,2557096.5394274686,1256543.3681575544,6919537.709560056,4822285.63893505
2025-06-16,6376897.270315826,6120191.98724713,2565181.12972127,1265644.9315447367,6978219.44965477,4865143.500892064
2025-06-17,6332279.761053741,6076428.183124205,2544816.627931127,1258189.2360911025,6936776.465793025,4844148.407582488
2025-06-18,6306532.821829498,6050122.6136509385,2532149.4420209317,1250610.973654867,6924262.541165631,4834838.092615761
2025-06-19,6251472.033682525,6012597.460742613,2514450.2260696813,1243805.2675704532,6835027.983017448,4820018.91833865
2025-06-20,6306171.649008453,6064093.761523863,2535086.0447486686,1252919.437818926,6946053.824284963,4882711.918346623
2025-06-23,6296349.277525604,6048766.549045226,2526955.200939556,1250482.9482223478,6958635.14562326,4861401.133648458
2025-06-24,6302460.678267181,6038152.940341612,2521645.682144653,1254205.5983734468,7000960.954434727,4880560.760298526
2025-06-25,6345358.221895111,6062372.34573712,2530780.260090842,1258579.7374115328,7036272.380694451,4916833.178088233
2025-06-26,6400122.384797943,6108609.499911925,2549993.196125998,1266159.0413055758,7096021.9930423545,4973668.348858545
2025-06-27,6403514.636506927,6112925.5173679795,2551627.6481523653,1268184.176425691,7131257.372624047,4999501.407416269
2025-06-30,6376790.951295746,6080441.798251769,2537995.6087236544,1269049.9875829176,7152513.043730813,4983491.54201959
2025-07-01,6408096.066865814,6109851.227328917,2548338.048306806,1278233.1438634351,7168106.768223853,4986609.524271348
2025-07-02,6404432.523042572,6096026.304965636,2542632.088895185,1275951.4382054762,7154933.536297645,4969772.358108978
2025-07-03,6396251.678468597,6106577.04898419,2545191.1595799886,1281054.4790685133,7143280.883291149,4957320.86335828
2025-07-04,6388540.685243499,6096733.17398419,2541221.4200780354,1279804.6314122633,7140805.1401296165,4970434.4712446565
2025-07-07,6382033.408052337,6084650.77542462,2536120.0791356526,1269441.4310643629,7130049.206539622,4972100.461535007
2025-07-08,6381835.020662201,6083208.324252745,2535609.6993749104,1272929.0306127027,7124517.735427438,4982134.122867109
2025-07-09,6368474.227510345,6075030.213412901,2532219.344821688,1271735.5210301832,7119766.369912688,4974062.587492357
2025-07-10,6342974.681032074,6056038.954501769,2524315.562167879,1264918.7389562086,7095016.636285439,4952706.264252801
2025-07-11,6274441.178468597,5990051.6599461045,2496921.464389559,1253385.778781648,7016776.451485604,4912653.526324327
2025-07-14,6274827.891786468,5990858.387851378,2496382.3079638593,1252673.793979402,7029466.063339693,4905615.4301853245
2025-07-15,6295059.187532318,6011550.050204894,2504101.3101724247,1258634.1460560947,7076481.667116809,4929407.554583413
2025-07-16,6294113.747011078,6016338.676791808,2504301.4749550507,1260201.548745073,7083624.326047718,4934151.794480374
2025-07-17,6305937.431947601,6017220.996616026,2502819.656221008,1258275.0720107988,7061300.062446765,4915846.989455826
2025-07-18,6267293.113008392,5978188.25992169,2486589.1743484493,1249325.980835746,7015262.227083086,4888884.298658616
2025-07-21,6306226.852083099,6012774.019809386,2501098.13263092,1257379.9577362067,7046143.381024419,4912114.129357423
2025-07-22,6326155.698793304,6032234.358432433,2509379.848573303,1259262.384799195,7008794.98114893,4904156.865354102
2025-07-23,6370858.35472287,6073462.759433409,2526494.3323837277,1268461.6280402974,7046351.299928148,4931327.738859988
2025-07-24,6379662.454866302,6076253.303867003,2526850.168176229,1270903.6575782266,7019239.58300337,4904098.451912051
2025-07-25,6326376.173860443,6032211.037387511,2506706.5391755407,1257500.2410743204,6907365.5997814955,4856544.59075655
2025-07-28,6313523.289628875,6020517.722079894,2501016.863880123,1251171.0455453126,6845917.438666716,4827163.996090821
2025-07-29,6351338.812959564,6064915.81625714,2517656.824039058,1259016.3530162813,6899944.430319644,4857554.350457008
2025-07-30,6307582.503358734,6014138.539340636,2496547.0836826125,1253546.5688095372,6888678.7062610155,4863699.028940011
2025-07-31,6293909.015916717,5990301.504062315,2484874.750543249,1244798.864250211,6845329.240923144,4845750.615110998
2025-08-01,6224689.082994354,5924445.366000792,2455879.8764070594,1228012.8179264024,6759090.5579911405,4802912.912455315
2025-08-04,6257341.718614471,5944368.708041808,2460646.11692776,1231228.6667806448,6859194.587185899,4837764.696378358
2025-08-05,6218230.442155731,5919569.092197081,2449422.5027395496,1226160.690070279,6851545.551509663,4824032.834500125
2025-08-06,6187593.638444793,5888488.439670226,2436637.4311453113,1216985.544283642,6795201.888269426,4805026.720025573
2025-08-07,6207991.052110565,5898842.776584288,2439247.6644746223,1224711.5998531329,6805367.666051444,4810480.54792078
2025-08-08,6164729.279313934,5854394.395297667,2419088.7723206338,1211597.940602234,6702235.582349472,4762747.0478092255
2025-08-11,6211413.862199676,5901651.278659483,2436122.853182139,1219507.1375175766,6776172.148928724,4808250.717240049
2025-08-12,6217374.86580075,5901355.264499327,2433059.6304658405,1221328.124346518,6757758.366670699,4794563.014535007
2025-08-13,6268273.987810028,5948832.555820128,2452663.8274262897,1237263.2694270844,6824419.059548743,4821059.448870435
2025-08-14,6267268.906816375,5958018.964999815,2455500.950661707,1235856.2205280517,6808783.925750306,4823149.942982618
2025-08-18,6421036.63508786,6084513.678500792,2504956.7315668752,1259696.3369239115,6898273.967850846,4874176.113179401
2025-08-19,6490429.224473846,6151661.226169249,2532157.401061504,1265032.4975989603,6937717.977537791,4897493.407544845
2025-08-20,6473333.781968963,6131988.413180968,2524319.9367060354,1268417.2948401712,6954724.188152549,4911971.392757568
2025-08-21,6448077.407945526,6120126.964511534,2519527.0172114065,1270055.0538733744,6935635.556850883,4915467.856362901
2025-08-22,6387267.103898895,6065835.391635558,2497191.5280756643,1263096.846872642,6907209.493444775,4875427.010030194
2025-08-25,6425949.6238268735,6096127.735080382,2509388.2050165823,1266235.3774207376,6924804.177438241,4893703.491291534
2025-08-26,6434629.480790985,6100893.864719054,2511133.476012676,1263886.4381202005,6801792.207021318,4840842.615234524
2025-08-28,6389015.371507538,6062607.134189269,2495458.654906719,1261433.8550818705,6722715.622450359,4795855.865805083
2025-08-29,6369517.454820526,6046838.263400694,2487270.1898913025,1257344.282204571,6691155.941074532,4781374.397452478
2025-09-01,6454387.915788543,6124774.071017882,2519532.0423082947,1279495.3001794245,6804451.385863781,4824959.487877085
2025-09-02,6456947.940532196,6127009.590304991,2519585.930291022,1275676.1010217096,6831570.062191176,4821824.827853073
2025-09-03,6490659.022807587,6155894.563876769,2530409.0521862237,1282094.6750138712,6880540.04872151,4849285.640971659
2025-09-04,6474823.049785126,6141609.388644835,2524705.2127086846,1288429.5291093301,6830932.457195028,4849259.759425947
2025-09-05,6511748.8268237,6176855.319003722,2539027.083924505,1294708.8215592813,6850613.607996063,4849536.134795896
2025-09-08,6538995.637370575,6204674.237094542,2548717.3943065135,1301532.221461625,6860782.806580105,4858121.003644207
2025-09-09,6541218.8409838565,6206769.837131163,2549565.4853709666,1310777.1295121622,6883654.249956086,4874755.046206958
2025-09-10,6520136.9581713565,6187357.857822081,2541731.602802607,1308998.969294877,6943045.325894458,4895313.80164627
2025-09-11,6539349.264293183,6206862.968112608,2549784.9068797557,1306841.4203141641,6941441.095150379,4903253.076617747
2025-09-12,6598579.822642792,6261894.025973937,2572140.6396678416,1308534.3666947794,7005664.792560116,4923543.718228626
2025-09-15,6566040.2826037295,6231435.079501769,2559589.9614451854,1298840.0310319376,7022180.230509736,4921284.429771754
2025-09-16,6617997.734721649,6281134.133517882,2579834.992206904,1311263.7587846231,7064486.834791383,4953748.883102957
2025-09-17,6632294.404033173,6295797.454806944,2585638.8017772166,1316478.7239030313,7105900.809090041,4970316.9137899885
2025-09-18,6675871.849040497,6338596.569705626,2600712.1057275953,1325593.0367082725,7114432.480364484,4987748.128733656
2025-09-19,6705341.237529267,6366864.679263731,2612139.9272607984,1325377.8370317589,7132485.603679347,4976986.941315019
2025-09-22,6686560.261241425,6349239.943240782,2605138.089187068,1316125.8354143272,7121121.935145676,4959570.078669253
2025-09-23,6707317.704204071,6366363.574435851,2610965.672976994,1312354.8696344302,7099073.3458110085,4950246.673900426
2025-09-24,6694188.046016205,6353701.7194096055,2605589.2624177765,1302726.779805939,7029923.357239877,4921577.333198547
2025-09-25,6669505.14840268,6329886.421435973,2594071.498119373,1297560.826403514,6987806.038331196,4888190.11034441
2025-09-26,6568117.8208727725,6234193.421878478,2553955.4280563216,1284577.691575328,6860813.726169323,4835574.799173114
2025-09-29,6601042.256236542,6269283.503329894,2567747.2019653497,1284994.4759076033,6867581.172610442,4840835.61586525
2025-09-30,6627181.059077729,6296904.536273619,2578346.279878049,1288135.334138194,6859151.003933069,4837013.440387796
2025-10-01,6622453.131801117,6292137.850726744,2576589.3210767796,1290398.2490597605,6932296.5919821905,4876709.942360941
2025-10-03,6618847.15822934,6304196.908008238,2579846.4990198305,1295859.85650386,6976010.8714794675,4889348.324783439
2025-10-06,6641439.415614594,6325967.7071110215,2588048.713317776,1306535.3515752712,7023192.657651725,4922115.271844493
2025-10-07,6646006.417598236,6330373.245013854,2588901.8770438163,1310764.1827062527,7035480.532631229,4928050.375460388
2025-10-08,6611635.2980151065,6293838.717349669,2570733.4721870343,1304701.7018258697,6985507.15305158,4911492.335891604
2025-10-09,6668858.037990081,6349453.726756712,2592617.788921377,1306949.962881599,7029200.857266898,4938175.336474178
2025-10-10,6696688.424205291,6377021.310260436,2603750.488910696,1316456.0634827954,7065144.957745761,4957065.058456396
2025-10-13,6703466.7849841,6382951.530994078,2606241.3353767605,1315492.6134705883,7055798.778595655,4946119.170922557
2025-10-14,6660727.113597381,6342030.661479613,2589494.7615623684,1315089.1265626294,6994777.700551469,4928364.032722154
2025-10-15,6702040.777751435,6387925.931773802,2606835.1719232867,1325173.854162727,7078404.7543369,4968654.855998713
2025-10-16,6721284.932185639,6407932.093104979,2614755.526568062,1329232.9498353344,7128186.887722023,5015489.6354376
2025-10-17,6732782.906352509,6408186.810252806,2614705.975298531,1329382.1632752758,7127872.226092408,5035126.807247631
2025-10-20,6730581.14751767,6410296.032222411,2615434.422106392,1344866.6695466381,7174831.25503069,5058356.170958261
2025-10-21,6723618.485927094,6405596.523341795,2613509.49736274,1344471.3040833813,7181130.10726837,5063297.8954020105
2025-10-23,6685887.236567963,6369838.666988036,2596950.0504762433,1339103.0780701977,7170456.639944848,5066018.569521266
2025-10-24,6654408.769404877,6345843.992824217,2587219.281463792,1333110.4294343335,7147085.616244175,5049420.582719707
2025-10-27,6699827.272456635,6392699.093806883,2606476.911316087,1343015.5617890698,7201299.996421971,5083555.693756927
2025-10-28,6682123.803248871,6376101.23031201,2598058.1531080743,1343193.315334908,7182642.754008741,5074398.872126621
2025-10-29,6698679.478053559,6393137.28197827,2603063.8806954203,1343371.001921283,7231212.76043261,5105318.025451792
2025-10-30,6663577.382869232,6367390.07192578,2590794.6507519237,1332862.7184587587,7208412.646215754,5074573.755197895
2025-10-31,6631357.181605805,6352376.318660399,2582945.752552723,1329610.6630261962,7170088.472675241,5045939.525442955
2025-11-03,6630013.533076752,6348437.983607909,2581764.8294265023,1324773.864930493,7214970.681002133,5060539.704077887
2025-11-04,6572753.282557953,6305895.833552977,2562519.201587503,1309481.6873617012,7167996.08558618,5029617.1819526935
2025-11-06,6508088.696437348,6249330.633296629,2539433.6310918974,1306201.0532369453,7106263.077059304,5004788.073402563
2025-11-07,6521249.680049408,6255941.129604002,2541194.793113855,1310957.2738500764,7134683.76335189,5004064.483797172
2025-11-10,6520922.824397553,6268236.083156249,2543423.2929018214,1313727.0534911812,7148021.287458953,5021319.6010379335
2025-11-11,6503416.45132016,6266725.89928784,2540326.399892626,1314714.6766902555,7182882.925933235,5042173.419343602
2025-11-12,6532914.013789643,6304187.493007323,2555428.567281542,1313487.4251012774,7225211.189876371,5072746.234490359
2025-11-13,6543364.044673432,6313252.914760252,2558953.7264612294,1314853.0396032305,7206793.695502556,5073767.881332229
2025-11-14,6570915.130488861,6342998.946559569,2569065.996630601,1315894.7037028312,7228023.813449514,5078008.363307933
2025-11-17,6587116.000117768,6357417.572246214,2572235.972907516,1318685.8145228506,7258156.8796206005,5099284.0243580025
2025-11-18,6558119.826899994,6317793.991130492,2554213.6364636957,1309619.112490921,7197020.834776753,5076260.498331597
2025-11-19,6607808.159968842,6378770.148196837,2579016.0886350214,1313306.810376449,7220525.095892142,5099461.161859856
2025-11-20,6581260.745601166,6341554.954562804,2562753.45685936,1320876.2280959175,7241600.13057298,5121425.105115744
2025-11-21,6543094.045436371,6308433.286273619,2549241.4288289645,1311237.3537978218,7163246.055559411,5090337.205347244
2025-11-24,6476458.319728363,6272120.808261534,2534532.3602407076,1299586.057433631,7116354.933201307,5064456.585176986
2025-11-25,6489766.5797686465,6294319.973369261,2542613.069071745,1304694.457915442,7119884.605726519,5054270.094550412
2025-11-26,6574208.459987152,6378202.543277403,2576495.886599516,1325600.2616258021,7228115.903659256,5119066.609248801
2025-11-27,6593382.717372406,6397755.827296874,2584577.7723645917,1328532.3708787318,7231998.53362975,5119263.557863431
2025-11-28,6608590.3137164,6405671.578342101,2587822.1603116742,1332562.6133103725,7219763.603562513,5117952.857284721
2025-12-01,6601249.284541596,6392630.273852965,2582606.7729367963,1331446.1188035365,7221775.573614073,5114452.429999456
2025-12-02,6624698.386561859,6421388.102809569,2594202.5405530683,1323320.454557931,7205172.6294450285,5090112.742174125
2025-12-03,6564044.450618256,6359903.961238524,2569238.449641203,1315423.8987593849,7142410.596641115,5073459.094875094
2025-12-04,6577469.8563189395,6374055.909396788,2575067.7436856977,1320271.8381008771,7136425.3509749,5083147.447892963
2025-12-05,6555798.031581391,6361025.859210631,2567146.7097420422,1321402.7625800185,7139155.925483315,5109869.894982441
2025-12-08,6477060.535090912,6288491.603320738,2536100.630361113,1303435.3894070846,7003539.8990153605,5055974.51066481
2025-12-09,6454415.041102875,6266880.23913922,2527566.521877475,1305744.2736539107,7033389.317015253,5040954.682404571
2025-12-10,6451363.007533539,6268733.43735089,2527207.554028839,1307676.185346943,6975679.991999721,5025958.815856565
2025-12-11,6484753.072383393,6291871.611011168,2535675.809707867,1307818.0054630341,7041990.763476879,5053318.292279318
2025-12-12,6499915.371638764,6306085.278766295,2540509.5085758823,1321075.2182621064,7112261.698830228,5084392.37170876
2025-12-15,6490552.570552338,6296410.700015685,2535031.0748853297,1323420.7061161103,7111192.659578135,5082476.657625544
2025-12-16,6441966.948970307,6256094.7503315415,2516373.7462138096,1314876.3186344209,7058772.448004647,5051644.933475998
2025-12-17,6448506.243312348,6260864.786273619,2517694.538996911,1313879.0439457002,7018040.543615631,5041668.969015852
2025-12-18,6428167.588771332,6242319.746913573,2509539.1546661616,1322249.135528952,7026473.475648225,5038172.528688676
2025-12-19,6445255.748378266,6259462.069835326,2515943.0193359614,1322848.0618928005,7104978.277600209,5069387.18589345
2025-12-22,6507097.266139496,6320947.329623839,2537222.9264455843,1337969.2729539287,7169151.653549139,5108610.0954750795
2025-12-23,6513945.619639862,6327369.094768187,2541663.0823522615,1337197.0073870467,7172898.92342206,5112377.238369317
2025-12-24,6504293.783137787,6319431.916919371,2536538.503923859,1339021.6055620955,7157822.895746361,5104923.19863777
2025-12-26,6491249.138926972,6315411.210109374,2530199.1901039737,1348959.1232317733,7137050.850491714,5088582.4225421585
2025-12-29,6501102.906199921,6316422.374332091,2534123.0101189273,1354901.130555992,7105657.031196877,5068268.313304623
2025-12-30,6528112.550715912,6336437.704166075,2544791.4648461,1376732.1757830428,7089228.355163581,5068037.034848431
2025-12-31,6565509.852809418,6372829.820499083,2559422.671236481,1383201.4334734725,7147862.738603521,5107555.461689361
2026-01-01,6599236.2564196475,6402907.093013426,2572474.252787079,1396318.0113848494,7158601.903765572,5114000.176932975
2026-01-02,6652858.2960619815,6459151.519343993,2595602.8057045597,1413335.7673357772,7230615.145175994,5152616.886860389
2026-01-05,6655920.224849213,6458967.383350035,2596670.8111748355,1420178.5977495955,7232046.252255323,5139721.200952574
2026-01-06,6692418.71279477,6494368.60606732,2610680.3033623355,1421205.351259117,7229628.736050401,5130209.0930021675
2026-01-07,6697479.3660082705,6518421.113078734,2610917.2591499942,1418275.4529131697,7242633.76465826,5125005.960732681
2026-01-08,6612006.635219086,6440358.531497618,2577139.6712059635,1387431.9959124373,7106047.117488585,5063867.189793282
2026-01-09,6573798.332850922,6405465.365970274,2563325.4829125064,1389758.1667803572,7045233.533957443,5023705.327651589
2026-01-12,6568667.153026093,6390248.594783446,2560104.3846230167,1400931.9177276352,7077085.199543408,5043642.816695575
2026-01-13,6582698.634120453,6417399.044192931,2567253.4811483924,1395001.9499300523,7062580.7476168275,5031986.174984775
2026-01-14,6611449.102717865,6436228.671481749,2579440.5006686146,1413993.9261791676,7091587.794457641,5024190.223693596
2026-01-15,6611449.102717865,6436228.671481749,2579440.5006686146,1413993.9261791676,7091587.794457641,5024190.223693596
2026-01-16,6609802.805110443,6423006.54545941,2574188.194133181,1412783.0587313983,7098455.46297727,5032238.295954202
2026-01-19,6624339.924205292,6423721.288333556,2575795.480663823,1408714.7096000747,7071507.8107786635,5012404.893313075
2026-01-20,6519549.048167694,6338964.932910582,2539952.779090744,1379300.6283317641,6909333.895123713,4935582.4032338485
2026-01-21,6493619.972255219,6321299.388156554,2526778.3968512053,1374165.9912808412,6882649.81165695,4920303.677814769
2026-01-22,6539439.718974579,6355440.851367613,2544724.275225686,1388270.817368086,6951530.36896102,4950663.805137633
2026-01-23,6524640.791499604,6344104.23573651,2537270.9844389427,1375772.8485025784,6823972.836183743,4895184.019936815
2026-01-27,6535246.86185788,6359376.857471129,2547134.171308441,1391548.164429403,6875494.393476482,4921170.115633763
2026-01-28,6571183.144374359,6402591.713351866,2565534.047529144,1425764.7931552962,6999154.268395651,4966609.527771334
2026-01-29,6559169.945384491,6382662.7526127305,2563159.4107377175,1468344.1832648916,7044474.719123014,4981478.826283195
2026-01-30,6484169.060603607,6318525.083591124,2528372.6944242856,1427100.4047985044,7008638.426569757,4958627.90190302
2026-02-02,6379050.290889252,6273586.980884215,2505002.3605468203,1371911.85130119,6906392.914143025,4911317.457116065
2026-02-03,6477508.329326142,6346122.921252867,2534673.0081885583,1405949.2774537175,7103085.3462825725,5037194.678577017
2026-02-04,6417439.860728729,6349755.796680113,2536201.245150202,1424852.5187562078,7156769.340431194,5050456.785007455
2026-02-05,6374549.275508392,6320330.013568541,2526274.428377741,1420578.4317505925,7121480.414246089,5025108.653903417
2026-02-06,6370200.795176972,6321253.953570982,2524279.4980859607,1414474.0412171453,7116644.952354826,5035302.497644864
2026-02-09,6420724.668696869,6357839.642383238,2544012.5370263904,1444355.5298340886,7209575.086248535,5072249.029194417
2026-02-10,6461040.699550141,6400086.573291441,2567680.9578790516,1465559.9580872625,7228407.835057407,5084514.009517543
2026-02-11,6468643.420161713,6417383.737842223,2570950.9852194684,1467901.6768372625,7247921.348780799,5092159.312957931
2026-02-12,6418722.082393158,6358201.137622496,2549092.1301627057,1468768.1566041082,7213259.419741954,5064488.416785386
2026-02-13,6283697.48232602,6217417.454517027,2498446.2055411236,1427568.016284284,7090239.212585177,4996355.70404877
2026-02-16,6322612.761027802,6278509.107684752,2521873.4976553814,1411212.7678101629,7131875.927265526,5039035.945989526
2026-02-17,6316218.410075653,6271266.13038983,2515473.466283311,1399177.9210999578,7147607.980128355,5050428.274334128
2026-02-18,6376709.125834931,6319941.690631529,2538333.030975487,1422053.8660258907,7204061.413053816,5072139.843006782
2026-02-19,6262877.623912323,6205534.679645201,2491171.5942747695,1395810.4736156124,7089239.064344547,4996655.281526804
2026-02-20,6340427.7920794375,6252996.66945233,2510172.5538237197,1407104.4232816556,7133150.2168758,5021089.723482143
2026-02-23,6362627.756190766,6298995.554889342,2524887.6442763368,1410595.290360497,7121299.007531419,5047489.565004653
2026-02-24,6347698.325206269,6330428.775485655,2538118.2666976014,1416770.1114642653,7090541.091491134,5000863.848396161
2026-02-25,6442749.401942719,6414320.193256041,2575721.7176558534,1432447.7350604567,7136880.771131794,5017730.471052716
2026-02-26,6471040.141902436,6444240.560825011,2588057.146198944,1440735.4030597243,7160477.031545251,5022725.278391931
2026-02-27,6411464.562922943,6394323.448413512,2565808.9272810975,1445741.8913714918,7074529.318018263,4959609.560460957
2026-03-02,6318391.683589447,6283716.573749205,2520901.873799042,1418190.661909822,6958232.319032888,4895590.8056608485
2026-03-04,6098211.637904633,6072938.902652403,2431203.992298805,1379864.0243976149,6809698.13988558,4810271.238346456
2026-03-05,6171000.76911496,6139582.346103331,2460158.313022514,1384102.0469195875,6908948.486491511,4868028.714743828
2026-03-06,6139264.218043793,6112226.116626402,2446904.31692055,1369136.878706697,6859638.6119242525,4813657.787137364
2026-03-09,6060998.516170014,6005449.903491637,2397978.1323216762,1322168.0323321852,6720215.515791014,4727576.436373506
2026-03-10,6123993.018092621,6076406.306628844,2425925.928668999,1343269.1950300843,6833784.844348591,4779650.177602652
2026-03-11,6105332.304835785,6079077.382007262,2424392.144273702,1334507.7691343308,6734074.552743851,4706199.5775915105
2026-03-12,6114738.351466645,6115649.156543395,2438029.654816835,1340282.2469575105,6694915.800814565,4668232.317765737
2026-03-13,6006689.513148773,5994963.950488707,2389095.8992674947,1315293.6443574128,6523745.482996044,4567546.443016551
2026-03-16,5977737.935206879,5970936.143970152,2378785.0779538183,1324225.147958487,6537558.261011129,4606974.682397331
2026-03-17,6009551.206202973,5994623.567157408,2387290.105472411,1344715.9636323152,6611757.082595666,4641863.051976668
2026-03-18,6034460.652431,6017407.444324156,2394671.0386667093,1346132.281311161,6718285.248298524,4681773.859172018
2026-03-19,5920375.363063324,5925118.704166075,2357145.770214592,1321625.9556131102,6491845.144151682,4529577.096702564
2026-03-20,5925124.930568207,5923141.218967101,2355521.961191651,1319413.0240991157,6546535.732816194,4551538.295558529
2026-03-23,5803238.87508725,5841487.913592955,2323192.143061158,1288410.5836013393,6303121.338745764,4423755.508426709
2026-03-24,5825528.692042816,5870790.231235167,2333981.9225405836,1294875.1943478233,6440057.515479077,4500521.66396767
2026-03-25,5862312.044276703,5887521.482379576,2340604.0390109206,1302984.0531106966,6579016.605005699,4580122.532133445
2026-03-27,5834181.325831879,5884891.638766905,2337912.775441105,1284915.9615463442,6438079.460655466,4482150.59584513
2026-03-30,5790344.856410492,5853321.107898375,2325438.397129948,1282530.914183063,6271559.027478937,4381732.503461101
2026-04-01,5830365.182948578,5885021.8435398545,2336291.740721988,1295700.9028561353,6455889.489762339,4457781.0746946465
2026-04-02,5866056.7658953555,5922933.43507733,2349504.0346483905,1308089.308518893,6455461.931225159,4463762.344950049
2026-04-06,5899323.079860199,5957548.994083067,2362295.2397108274,1311117.1064917902,6556815.96330687,4516439.649219141
2026-04-07,5934332.170924652,5994131.418979308,2375980.75320016,1315575.6093680686,6584038.2315767305,4545282.633635047
2026-04-08,5970057.235255707,6011251.032092711,2381116.5873535816,1328561.3072135276,6867563.710505439,4724627.156124098
2026-04-09,6020952.070826996,6061440.492068907,2397551.516416096,1352157.6025321311,6885149.860060442,4690057.091541499
2026-04-10,6055275.810298432,6092835.122424742,2409949.001081013,1355135.4344718284,6986573.127393416,4751940.3964946885
2026-04-13,6041310.621852387,6108408.283099791,2416155.491254353,1354455.2004020042,6924422.4304254055,4711640.417695129
2026-04-15,6135488.613460053,6210383.673633238,2456521.459149861,1378070.088725315,7078267.94421016,4792811.875052265
2026-04-16,6214074.505733002,6278922.8784061875,2483736.4054999584,1408207.6790268286,7144005.857723024,4796326.180732501
2026-04-17,6302008.501704682,6352417.310474059,2512755.5520453686,1415472.241709934,7221604.711566839,4834047.512193015
2026-04-20,6302217.93481015,6365534.55554547,2517937.8019690746,1397969.5880539282,7204157.8205651445,4836680.960339169
2026-04-21,6322774.113795746,6389909.717319151,2527595.9670691723,1399074.1930954321,7246521.79504866,4877061.716968238
2026-04-22,6330136.554042328,6408520.945636412,2534941.7066474194,1378943.5701095923,7245673.352429919,4851338.20161359
2026-04-23,6294261.460963715,6365748.917346617,2518031.616895222,1381414.9751694067,7188688.138638102,4806280.854236898
2026-04-24,6159280.206264008,6254519.27302899,2474071.4673285717,1356062.2992050513,7124122.153029259,4755876.983225331
2026-04-27,6245002.137965668,6354395.751193663,2512118.09153236,1376944.9950572178,7212878.301184865,4798918.797538345
2026-04-28,6307460.109401215,6434685.689349791,2543996.867121349,1394017.9570017979,7200440.292480444,4780238.285463751
2026-04-29,6309332.158717621,6436589.270465514,2543766.646848483,1406143.0481266312,7230964.748553104,4809134.146012282
2026-04-30,6285335.123927582,6407447.2110172715,2530842.095904835,1378072.6243147007,7102065.7229801025,4769095.674600791
2026-05-01,6285335.123927582,6407447.2110172715,2530842.095904835,1378072.6243147007,7102065.7229801025,4769095.674600791
2026-05-04,6326257.589168061,6428851.493686339,2539340.869357594,1385611.3116010777,7151409.422909253,4796838.199690444
2026-05-05,6360875.1981158145,6461486.942874571,2552250.2425570567,1387117.7042097203,7158329.571310369,4787057.301700567
2026-05-06,6337319.517909516,6435685.468616148,2542039.8166384776,1384823.9225935093,7289370.2425400745,4848747.6264272565
2026-05-07,6351508.629054535,6442038.108997008,2544587.891467579,1396772.9209655507,7329378.449323419,4850024.739378482
2026-05-08,6304836.355128754,6368862.588382384,2515617.2087130626,1379039.6473740113,7311515.49211927,4821068.321202379
2026-05-11,6230860.519923676,6300963.298602721,2488954.673236378,1362534.8737387252,7201377.672911357,4747511.512663946
2026-05-12,6120427.305110443,6195244.818957945,2445433.9335508277,1338374.9863080583,7027431.57993564,4655251.284722441
2026-05-13,6178305.839747895,6240414.537707945,2463321.2870969702,1347947.1877240739,7101985.732449444,4667849.589933089
2026-05-14,6268686.737229584,6332154.92794171,2498843.1847749865,1364019.4361371598,7162456.112796721,4722464.99868589
2026-05-15,6197262.054002045,6276479.8016599715,2475068.732089213,1357528.8905511184,7114839.594856652,4709212.012503899
2026-05-18,6158556.458970306,6249233.1747068465,2464278.639346293,1365884.98299879,7083616.634176978,4701899.67077843
2026-05-19,6156426.443528412,6242271.599801451,2461030.1379791205,1369963.6208057876,7115636.698826143,4701363.501989463
2026-05-20,6176351.267319916,6264138.779443175,2468813.6748231933,1377089.9850874476,7148079.255658644,4712604.972817784
2026-05-21,6180598.426194428,6248376.2352537215,2460802.925809848,1379355.328593307,7169294.17326579,4713666.388856585
2026-05-22,6169863.667405365,6232032.882974058,2454365.4712962983,1380019.053202682,7188940.556389285,4729174.907168473
2026-05-25,6276201.400559662,6329754.067117125,2493098.948957431,1383732.0991621546,7282859.558304069,4794368.771186789
2026-05-26,6352388.721116303,6405876.787789732,2522416.44063441,1392885.8155928187,7290009.799709831,4776763.862016843
2026-05-27,6426572.361985443,6437284.544808775,2533629.114331716,1381726.1188647493,7346257.715879027,4788361.366893861
2026-05-28,6426572.361985443,6437284.544808775,2533629.114331716,1381726.1188647493,7346257.715879027,4788361.366893861
2026-05-29,6334168.143113373,6341385.000100523,2494013.6200017408,1373714.7349536165,7249820.490702226,4719441.720120986
2026-06-01,6235211.862290619,6230930.95351544,2450704.742880769,1353346.8216845735,7160990.096039219,4678089.79927497
2026-06-02,6271359.186936615,6268157.941811949,2464525.2853452708,1349221.6391597115,7191407.794087498,4696884.651077552
2026-06-03,6229384.851853607,6217947.753747374,2442455.7636255114,1344826.1683262466,7154199.3318599695,4680915.286728106
2026-06-04,6237397.161179779,6209641.978707701,2439093.857329735,1356498.9815955842,7177161.499512866,4684589.429405907
2026-06-05,6253370.478501556,6243329.99900189,2450799.0601868457,1342553.3672767365,7150109.978526791,4680412.140089202
2026-06-08,6148020.11088681,6131263.688973814,2406526.339042992,1323910.5796790803,7025181.803972011,4625463.689802763
2026-06-09,6189926.328599213,6196430.497430235,2431877.68848452,1328087.1927438532,7106462.727073878,4656969.930459843
2026-06-10,6064288.050217865,6065996.358209044,2379523.143606585,1306464.935667133,7013683.476610186,4642568.641523473
2026-06-11,5995640.35975766,5977253.802758604,2344553.8430694756,1294271.0048647919,6953259.253450974,4624100.999071312
2026-06-12,6097998.179826019,6117534.4972623885,2396202.288492876,1310172.9996871746,7121945.2874882575,4721265.547090432
2026-06-15,6169676.057877777,6177153.8359464705,2418044.707705606,1318655.151038821,7223989.369760939,4779861.898040693
2026-06-16,6144929.575425385,6157357.292275816,2408440.81749997,1325420.0758141626,7255404.106104314,4803241.733944158
2026-06-17,6081993.539109467,6107040.211404234,2388528.9250439154,1336764.28476802,7317084.325459827,4824666.4151764065
2026-06-18,6159808.816041229,6201206.862985045,2425258.206049775,1343035.0607689966,7350014.971907632,4842241.109774925
2026-06-19,6153704.34526181,6199422.594491392,2424493.798762177,1346984.9356164087,7329770.211898998,4821361.938401226
2026-06-22,6207585.587922333,6255436.97065106,2446519.1090038763,1352628.9593590845,7356751.567783905,4844932.279893443
2026-06-23,6151637.5799877625,6191414.356820494,2419644.529405337,1340431.542366897,7243789.435985739,4788219.867743772
2026-06-24,6137392.946900604,6185361.184304625,2417202.6207139306,1332381.6358727564,7254866.888227923,4820499.545056683
2026-06-25,6191629.448411224,6230033.12790814,2434731.2377793603,1334934.831276809,7231641.445276115,4827779.22741172
2026-06-26,6191629.448411224,6230033.12790814,2434731.2377793603,1334934.831276809,7231641.445276115,4827779.22741172
2026-06-29,6102398.645463226,6158953.520394713,2406948.5151841454,1317698.8395568859,7188065.517537505,4801316.993328361
2026-06-30,6099241.634942291,6151834.066872984,2404313.733384829,1313354.2040491342,7188631.810569799,4790335.864287386
2026-07-01,6181020.359437225,6227626.013528258,2433879.5320908837,1309049.7636555734,7210781.105795832,4819029.105177222
2026-07-02,6193175.8621075135,6226570.563485533,2433288.9320542626,1308827.6658692448,7255729.600008058,4850727.194815952
2026-07-03,6224581.938370941,6244316.564416319,2440131.6127488427,1307947.1676545232,7263296.409507124,4865868.600784811
2026-07-06,6201752.142922638,6249514.440591246,2439425.6452366686,1306929.1918328004,7292050.381461455,4897081.845605439
2026-07-07,6177940.218644379,6220059.537576109,2427896.7439915515,1302784.5004265504,7250970.733015857,4886927.399524592
2026-07-08,6058803.370553253,6114093.653848082,2385226.143443786,1273949.916483985,7117591.824167968,4785714.793860802
2026-07-09,6069279.689973114,6133325.5787138045,2392549.2334096064,1281779.712629955,7164386.949578115,4806314.93553249
2026-07-10,6162049.109940765,6205441.15903607,2421070.1062123408,1286108.5214678457,7248044.945031957,4858118.011809559
2026-07-13,6172092.762635468,6189263.8169950545,2414684.8093373408,1289657.8906881704,7245766.738096889,4855316.138345625
2026-07-14,6164112.288888214,6188499.7232450545,2412806.772129267,1272708.0642002316,7205060.598781934,4826043.156300023
2026-07-15,6181702.551896332,6194456.039407164,2414132.7985671903,1277688.464346716,7236094.279091115,4834407.416816184
2026-07-16,6186619.332497833,6188622.144631773,2411899.4806960966,1287364.063475129,7230449.01847409,4830336.815954826
2026-07-17,6175536.454247711,6192557.243203551,2413439.339094534,1285815.0707688301,7233216.0026182765,4873188.523891732
2026-07-20,6183179.297715424,6205054.793801695,2417888.2151963264,1284317.2892746895,7258191.092796259,4865220.212031028
2026-07-21,6192821.644601105,6223773.6180662215,2424258.0650358037,1280085.6858037915,7272026.706870218,4860757.464385306
2026-07-22,6159537.750436066,6159381.506768614,2398761.971560462,1285745.7321905103,7217965.940133744,4823417.699720151
2026-07-23,6117951.284501312,6104844.44721356,2377141.187273963,1276251.4238203727,7166418.528725965,4797114.510573569
2026-07-24,6120853.128884552,6097590.8931669295,2371546.0289143855,1286214.5249375992,7135907.358680268,4782170.022498638
2026-07-27,6190395.044060944,6157253.463281065,2393866.983310484,1295788.4462327652,7208744.900192953,4830231.6869802335
2026-07-28,6236286.385262726,6199331.430993468,2410197.3792455425,1318754.6463131045,7181220.667095711,4822180.882081192
2026-07-29,6306837.630875824,6275570.62325421,2439984.456607603,1326061.8201760242,7265456.452182515,4872264.81256978
2026-07-30,6337738.119187592,6308169.14882794,2452366.1207764638,1334223.5143288563,7263950.341253603,4884093.942172144
2026-07-31,6416819.93032193,6321814.316537291,2456876.511273282,1325191.0666359852,7318908.55183389,4908363.121551019
2026-08-03,6542779.066613434,6425234.405267149,2496451.4448828576,1352161.3924470567,7405185.472899718,4987290.144622182
2026-08-04,6484386.217423676,6373915.399728209,2476524.023190963,1345349.0147920274,7412666.3962973915,4956248.219506672
2026-08-05,6503352.064591644,6395253.284783751,2483820.2053687647,1346328.3011994981,7449192.563215329,4961106.299780456
2026-08-06,6498183.605439423,6391971.931619078,2482612.8486793116,1338013.0057283067,7438191.67611275,4963621.1384226745
2026-08-07,6497896.14541745,6393266.32398358,2483039.8928687647,1340949.854513707,7451662.824273087,4955962.944209814
2026-08-10,6489035.688187836,6373874.379861265,2475498.7674415186,1347276.1986909532,7453440.882396823,4958993.3757598065
2026-08-11,6511960.761964081,6397096.420022398,2484459.5275123194,1344799.897421422,7439133.130593903,4939108.586162717
2026-08-12,6528159.586472748,6397041.775262266,2483658.280684895,1349485.7499604844,7455243.165119305,4934392.878835336
2026-08-13,6502061.904298065,6363925.063058287,2467838.1406744076,1354990.09590775,7453730.333472493,4927841.475655581
2026-08-14,6489175.344163178,6343126.39820233,2459179.5957376184,1348143.8443818712,7420356.276663278,4920268.785373793
2026-08-17,6475374.413880585,6326069.412637144,2452607.49377839,1344090.1113496446,7422575.769159576,4907200.104662724
2026-08-18,6456061.213792084,6299321.198159605,2442360.3187600793,1331201.9510102891,7390646.684641637,4883318.777014311
2026-08-19,6444188.927949188,6282636.33884564,2435973.334568185,1336179.7895523298,7354754.664372883,4865653.788679307
2026-08-20,6470585.158860443,6287357.027779967,2437801.9915811243,1346288.189271568,7386794.845879731,4894448.56566535
2026-08-21,6459615.15927243,6280321.270532042,2432609.579506643,1345552.5053915917,7392245.876824555,4895240.665335425
