symbol,qty,entry_date,entry_price,exit_date,exit_price,gross_pnl,charges,dividends,net_pnl,holding_days,exit_reason
ICICIBANK,470,2011-01-04,208.82987003326411,2011-01-06,194.82988082885743,-6579.994926071144,226.87925816369406,0.0,-6806.874184234838,2,bear_cross
JSWSTEEL,823,2011-01-04,120.36516494750974,2011-01-10,103.04175304412841,-14257.167996482833,220.94058592041554,0.0,-14478.108582403249,6,bear_cross
MARUTI,68,2011-01-04,1430.5674999999999,2011-01-10,1345.6275,-5775.919999999988,225.77460031156,0.0,-6001.694600311548,6,bear_cross
PNB,397,2011-01-05,244.0084938812256,2011-01-10,233.3950457382202,-4213.538912773143,226.48944049033997,0.0,-4440.028353263483,5,bear_cross
M&M,248,2011-01-04,394.53386276245124,2011-01-11,363.83812500000005,-7612.542965087894,225.1280929782632,0.0,-7837.6710580661575,7,bear_cross
ABREL,52,2011-01-06,438.1927561187744,2011-01-11,390.57111282348643,-2476.325451354975,63.46566322937003,0.0,-2539.791114584345,5,bear_cross
JSWENERGY,930,2011-01-10,95.53825305938719,2011-01-11,94.2138719558716,-1231.6744262695001,211.7380797951135,0.0,-1443.4125060646136,1,bear_cross
HDFCBANK,820,2011-01-04,119.6233094406128,2011-01-12,108.1788719558716,-9384.438737487784,223.83881389211246,0.0,-9608.277551379897,8,bear_cross
SAIL,512,2011-01-05,188.57025611877438,2011-01-12,176.35800304412842,-6252.67357421873,223.65452366999887,0.0,-6476.328097888729,7,bear_cross
TITAN,530,2011-01-05,182.30463111877438,2011-01-12,166.34061355590822,-8460.929308319066,221.527152583344,0.0,-8682.45646090241,7,bear_cross
POWERGRID,1752,2011-01-05,55.488388767242434,2011-01-13,54.53832695960999,-1664.5082869720425,229.89978966497137,0.0,-1894.408076637014,8,bear_cross
LUPIN,198,2011-01-05,493.0294877624512,2011-01-17,459.8475,-6570.033576965332,225.7099960511501,0.0,-6795.7435730164825,12,bear_cross
BHARTIARTL,291,2011-01-19,311.7110807037353,2011-01-24,302.24517883300786,-2754.577444381692,214.29046372058167,0.0,-2968.8679081022738,5,bear_cross
LUPIN,196,2011-01-20,461.15,2011-01-24,458.70038108825685,-480.12530670165347,215.93243767087586,0.0,-696.0577443725293,4,bear_cross
LUPIN,191,2011-01-25,474.0321311187744,2011-01-28,439.89750000000004,-6519.714543685898,210.01119239052994,0.0,-6729.725736076428,3,bear_cross
JINDALSTEL,129,2011-01-27,697.74,2011-01-28,666.4297256469727,-4039.0253915405283,211.40179273418354,0.0,-4250.427184274712,1,bear_cross
SUZLON,1855,2011-01-19,49.20123332977295,2011-01-31,45.29216740608216,-7251.317288446415,210.87222191342215,0.0,-7462.189510359836,12,bear_cross
M&M,227,2011-01-25,396.51380638122555,2011-01-31,338.65125,-13134.800298538199,201.96616849629106,0.0,-13336.76646703449,6,bear_cross
POWERGRID,1630,2011-01-19,55.17823956489563,2011-02-02,53.893066864013676,-2094.83150243758,213.2675807526352,0.0,-2308.0990831902154,14,bear_cross
CENTRALBK,88,2011-01-28,146.84209613800047,2011-02-03,141.48545722961427,-471.3842239379858,43.60023624596337,0.0,-514.9844601839492,6,bear_cross
LICHSGFIN,1,2011-01-28,185.4123719406128,2011-02-03,172.96649391174319,-12.4458780288696,15.73959624149952,0.0,-28.18547427036912,6,bear_cross
TCS,150,2011-01-19,603.2292880249023,2011-02-08,564.585,-5796.64320373534,210.6372913729746,150.0,-5857.280495108314,20,bear_cross
BANKINDIA,192,2011-01-25,469.87176223754886,2011-02-08,433.9623628234864,-6894.604687499996,208.8997520663105,0.0,-7103.504439566306,14,bear_cross
TITAN,503,2011-01-25,179.698125,2011-02-09,160.98652439117433,-9411.935106239316,206.6726581225592,0.0,-9618.607764361876,15,bear_cross
UNIONBANK,258,2011-02-07,328.31874999999997,2011-02-09,318.950625,-2416.9762499999906,201.28806800124246,0.0,-2618.2643180012333,2,bear_cross
PETRONET,1393,2011-01-19,66.16499999999999,2011-02-11,59.550750761032106,-9213.649189882266,210.83783261866097,0.0,-9424.487022500927,23,bear_cross
IDEA,2174,2011-01-24,41.255515251159665,2011-02-11,38.97471053123474,-4958.469461116782,209.73830800321832,0.0,-5168.207769120001,18,bear_cross
IOC,1441,2011-02-18,55.12914404869079,2011-02-24,50.34050050735474,-6900.435343065248,184.92295192384972,0.0,-7085.358294989098,6,bear_cross
FEDERALBNK,2189,2011-02-18,38.896999235153196,2011-02-25,33.964874238967894,-10796.421616649624,193.57252727626326,0.0,-10989.994143925887,7,bear_cross
ADANIPOWER,213,2011-02-24,24.1602503824234,2011-02-25,23.55097560882568,-129.77552677631402,26.654549279292787,0.0,-156.43007605560683,1,bear_cross
UNIONBANK,244,2011-02-16,343.85749999999996,2011-02-28,317.55413108825684,-6418.022014465321,195.34636877282156,0.0,-6613.368383238143,12,bear_cross
ICICIBANK,437,2011-02-18,193.57363914489747,2011-02-28,180.96463691711426,-5510.133973541262,197.82433940070928,0.0,-5707.958312941972,10,bear_cross
AMBUJACEM,566,2011-02-25,124.20975152969359,2011-03-01,119.7,-2552.519365806571,169.10233477247493,0.0,-2721.621700579046,4,bear_cross
SBIN,304,2011-02-16,273.9180728149414,2011-03-03,268.3275,-1699.534135742193,198.8394225767051,0.0,-1898.3735583188982,15,bear_cross
HINDUNILVR,279,2011-03-03,287.7175,2011-03-17,269.67413108825684,-5034.099926376333,188.71033423596762,0.0,-5222.810260612301,14,bear_cross
HINDZINC,612,2011-03-04,132.33501739501952,2011-03-23,126.48300304412841,-3581.4327827453594,191.80996739161995,0.0,-3773.2427501369793,19,bear_cross
BANKINDIA,173,2011-03-03,461.15,2011-03-25,430.87013717651377,-5238.416268463115,187.39880083999873,0.0,-5425.815069303113,22,bear_cross
EXIDEIND,586,2011-02-28,135.43775611877442,2011-03-28,136.35824695587158,539.4076305389372,192.4751821211148,0.0,346.93244841782234,28,bear_cross
SIEMENS,171,2011-02-03,500.19692832946777,2011-04-19,485.9915402984619,-2429.1213533019986,203.1163609086587,0.0,-2632.237714210657,75,bear_cross
WELCORP,498,2011-02-10,169.12174694061278,2011-04-28,196.80675304412844,13787.1330395508,217.02237238113867,0.0,13570.11066716966,77,bear_cross
CENTRALBK,16,2011-03-17,148.37,2011-05-02,136.05899391174316,-196.97609741210954,20.417181517728093,0.0,-217.39327892983763,46,bear_cross
BANKBARODA,453,2011-02-16,185.42240673065186,2011-05-04,172.16850608825683,-6004.016991004946,195.987484739575,0.0,-6200.004475744521,77,bear_cross
LICHSGFIN,437,2011-02-16,193.08150611877437,2011-05-05,204.4875,4984.419326095605,208.23297914812815,0.0,4776.186346947477,78,bear_cross
BAJAJ-AUTO,62,2011-02-18,1354.628125,2011-05-05,1300.74,-3341.0637499999966,198.72912071769252,0.0,-3539.7928707176893,76,bear_cross
ABREL,218,2011-03-28,341.9527561187744,2011-05-05,335.16,-1480.8208338928143,179.65395734564936,0.0,-1660.4747912384637,38,bear_cross
APOLLOTYRE,1150,2011-04-25,73.5835015296936,2011-05-06,69.22650152206421,-5010.550008773805,198.4079011436708,0.0,-5208.957909917476,11,bear_cross
BALRAMCHIN,1010,2011-03-23,73.68374999999999,2011-05-09,72.31875000000001,-1378.6499999999805,179.48159633515002,0.0,-1558.1315963351306,47,bear_cross
IDEA,2008,2011-03-25,37.56821176528931,2011-05-10,39.305515966415406,3488.5068358611957,186.79207229730878,0.0,3301.7147635638867,46,bear_cross
ITC,567,2011-03-04,112.33136711120605,2011-05-11,118.8468525695801,3694.280254898083,160.874938891024,0.0,3533.405316007059,68,bear_cross
APOLLOTYRE,1090,2011-05-11,71.0772515296936,2011-05-19,65.98462652206422,-5550.961258316024,181.94693860686132,0.0,-5732.9081969228855,8,bear_cross
AUROPHARMA,812,2011-05-20,96.29012805938719,2011-05-24,87.78,-6910.223984222394,182.12396727652958,0.0,-7092.347951498924,4,bear_cross
BHARTIARTL,231,2011-05-23,334.38921669006345,2011-05-24,332.631516494751,-406.02874511717647,186.77195913701593,0.0,-592.8007042541924,1,bear_cross
FEDERALBNK,1780,2011-05-17,44.40072591781616,2011-05-26,42.11943597793579,-4060.696092987065,186.96162624754842,0.0,-4247.657719234614,9,bear_cross
GLENMARK,267,2011-05-23,292.6297438812256,2011-05-26,287.87850608825687,-1268.5804907226452,187.85329324105663,0.0,-1456.4337839637017,3,bear_cross
UNITDSPR,370,2011-05-16,212.54001949310305,2011-06-08,206.7418445205689,-2145.3247398376375,188.07321400688517,0.0,-2333.3979538445224,23,bear_cross
UPL,744,2011-05-10,106.8664984703064,2011-06-13,102.4432469558716,-3290.899126739488,188.81785543739687,0.0,-3479.716982176885,34,bear_cross
ADANIPORTS,527,2011-05-23,147.116875,2011-06-22,149.52524391174316,1269.2104164886493,189.14768045294534,0.0,1080.062736035704,30,bear_cross
SIEMENS,153,2011-05-26,506.0815984344482,2011-06-22,494.4817666625977,-1774.774261093129,185.76710974884605,0.0,-1960.5413708419753,27,bear_cross
CHAMBLFERT,32,2011-06-08,82.205,2011-06-22,76.20900152206421,-191.87195129394513,20.993452341215956,0.0,-212.86540363516107,14,bear_cross
CIPLA,241,2011-05-27,319.44661888122556,2011-06-24,315.7586128234863,-888.8094599151578,185.69873345560416,0.0,-1074.508193370762,28,bear_cross
LICHSGFIN,333,2011-05-30,223.55749999999998,2011-06-24,222.44250000000002,-371.2949999999841,180.580161433,0.0,-551.8751614329841,25,bear_cross
TITAN,390,2011-05-17,201.7029969406128,2011-06-30,213.465,4587.181193161013,195.11175602435344,0.0,4392.069437136659,44,bear_cross
DABUR,754,2011-05-20,104.25999999999999,2011-07-11,111.4207469558716,5399.203204727199,195.8381757362832,490.1,5693.465028990915,52,bear_cross
BHEL,10,2011-06-30,272.4260402679443,2011-07-18,257.8736890411377,-145.52351226806593,21.25000027023809,0.0,-166.77351253830403,18,bear_cross
AXISBANK,313,2011-06-24,250.82549694061277,2011-07-19,252.90614330291749,651.2423114013772,190.68198981262594,0.0,460.5603215887512,25,bear_cross
AXISBANK,313,2011-07-20,256.47959632873534,2011-07-21,251.23035060882572,-1643.0139103317122,192.23923809921155,0.0,-1835.2531484309236,1,bear_cross
OIL,452,2011-07-18,173.4993782043457,2011-07-25,170.2333993148804,-1476.2224580383229,188.28213934164447,0.0,-1664.5045973799674,7,bear_cross
HINDUNILVR,261,2011-05-12,298.745,2011-07-29,324.8857621765137,6822.738928070076,195.8919816057535,913.5,7540.346946464323,78,bear_cross
RELIANCE,381,2011-07-25,204.40593494415282,2011-07-29,191.52984775543214,-4905.789218902577,183.51608484179894,0.0,-5089.305303744376,4,bear_cross
INDUSINDBK,236,2011-06-28,271.2263627624512,2011-08-01,275.2601371765137,951.9707617187548,158.7365094953317,472.0,1265.234252223423,34,bear_cross
LT,106,2011-05-27,728.5724430847167,2011-08-02,779.3799797058106,5385.598881835947,192.7463443034946,0.0,5192.852537532453,67,bear_cross
ADANIENT,744,2011-06-13,99.41688297271727,2011-08-03,101.64251941680911,1655.873514404324,181.61861555386514,721.29684,2195.5517388504586,51,bear_cross
BPCL,1486,2011-06-27,54.87851904869079,2011-08-04,55.81843623161316,1396.7169338226445,198.22122268197842,0.0,1198.4957111406661,38,bear_cross
TATAPOWER,638,2011-06-27,122.37985555648802,2011-08-04,123.30965137481691,593.209732093828,189.66504456115027,769.600898,1173.1455855326778,38,bear_cross
ZEEL,555,2011-07-29,134.1345030593872,2011-08-04,126.33337652206421,-4329.625228214265,176.47376968191074,0.0,-4506.098997896175,6,bear_cross
GRASIM,239,2011-07-11,334.12791442871094,2011-08-09,319.34767066955567,-3532.478258438109,189.34124451970342,0.0,-3721.819502957813,29,bear_cross
MPHASIS,170,2011-08-01,455.5359938812256,2011-08-09,400.49625000000003,-9356.756459808343,177.9251754632652,0.0,-9534.681635271607,8,bear_cross
GAIL,922,2011-06-28,86.4562709236145,2011-08-10,84.14540199279786,-2130.6211542129413,190.47541183296474,0.0,-2321.096566045906,43,bear_cross
HINDPETRO,1302,2011-08-12,58.4568892288208,2011-08-17,55.86738962173462,-3371.528488426209,181.17473252485024,0.0,-3552.7032209510594,5,bear_cross
IOC,1399,2011-08-12,54.21854039192199,2011-08-17,53.64056402206421,-808.5889414310336,183.2570219223452,0.0,-991.8459633533788,5,bear_cross
ONGC,398,2011-08-10,193.41566768646243,2011-08-19,181.77775405883787,-4631.889623794574,181.7996222987656,199.0,-4614.689246093339,9,bear_cross
M&M,200,2011-08-17,364.2834375,2011-08-25,351.46913108825686,-2562.8612823486264,174.77370495877386,0.0,-2737.6349873074005,8,bear_cross
ONGC,403,2011-08-25,188.135838432312,2011-09-02,180.87999492645264,-2924.104932861322,180.98896500065047,0.0,-3105.0938978619724,8,bear_cross
OIL,443,2011-08-05,174.03403671264647,2011-09-05,172.9000405883789,-502.3602830505265,186.34535331422592,0.0,-688.7056363647524,31,bear_cross
BPCL,1344,2011-08-05,57.47666539192199,2011-09-06,56.101060724258424,-1848.812673339833,185.28572808380687,1568.0004479999998,-466.0979534236401,32,bear_cross
ASIANPAINT,230,2011-08-17,327.3212673950195,2011-09-15,312.95564025878906,-3304.094241333002,179.40481802727476,0.0,-3483.499059360277,29,bear_cross
JUBLFOOD,813,2011-08-19,91.22749999999999,2011-09-19,90.16900915145874,-860.5530598640396,179.45701895386867,0.0,-1040.0100788179084,31,bear_cross
LICHSGFIN,352,2011-09-06,217.5425,2011-09-19,209.47500000000002,-2839.7599999999884,182.75890584496003,0.0,-3022.5189058449487,13,bear_cross
DABUR,688,2011-08-30,111.17725152969359,2011-09-21,105.43574695587161,-3950.155146789525,181.41784188102275,0.0,-4131.572988670548,22,bear_cross
GODREJIND,372,2011-09-15,204.34652164459226,2011-09-27,192.06459457397463,-4568.876870269757,179.7235445084122,0.0,-4748.600414778169,12,bear_cross
BHARATFORG,520,2011-09-20,145.4126280593872,2011-09-28,137.15625,-4293.316590881345,179.11428273491205,0.0,-4472.4308736162575,8,bear_cross
APOLLOTYRE,1294,2011-09-27,60.15,2011-09-28,57.4061242389679,-3550.575234775538,184.82285163719246,0.0,-3735.39808641273,1,bear_cross
HEROMOTOCO,40,2011-08-12,1861.6926739501953,2011-09-29,1945.125,3337.2930419921886,184.47877587818022,1400.0,4552.814266114008,48,bear_cross
BAJAJ-AUTO,51,2011-08-17,1468.6625,2011-09-29,1501.2375000000002,1661.325000000014,183.7058641744,0.0,1477.619135825614,43,bear_cross
FEDERALBNK,1755,2011-09-28,37.57369954109192,2011-09-30,36.81772484779358,-1326.7355867385895,160.6718394709986,0.0,-1487.407426209588,2,bear_cross
ADANIENT,828,2011-09-19,92.96323568344116,2011-10-03,79.74075365066528,-10948.215123138421,175.2339540124497,0.0,-11123.44907715087,14,bear_cross
FEDERALBNK,1980,2011-10-03,36.47596081733703,2011-10-05,35.19678734779358,-2532.7634696960336,173.39376354908018,0.0,-2706.1572332451137,2,bear_cross
ICICIBANK,458,2011-10-03,156.7545412826538,2011-10-05,145.27227687835693,-5258.877097167967,169.6116274472011,0.0,-5428.488724615168,2,bear_cross
UNIONBANK,5,2011-09-28,253.8329969406128,2011-10-10,230.3726219558716,-117.3018749237059,18.04196381909009,0.0,-135.34383874279598,12,bear_cross
CIPLA,254,2011-09-29,288.3691188812256,2011-10-11,284.78625,-910.0486958312971,177.3539473562123,0.0,-1087.4026431875095,12,bear_cross
ADANIPORTS,487,2011-09-05,156.1895030593872,2011-10-12,154.861875,-646.5548649215638,183.89800079523457,0.0,-830.4528657167983,37,bear_cross
IOC,1329,2011-10-05,53.625394048690794,2011-10-14,51.379560470581055,-2984.712825307843,170.80187343162473,0.0,-3155.514698739468,9,bear_cross
BPCL,1275,2011-10-11,55.7264702796936,2011-10-18,52.534997463226325,-4069.127840995776,169.1943351027637,0.0,-4238.32217609854,7,bear_cross
BIOCON,1234,2011-09-21,56.0731676864624,2011-11-14,56.40030996322633,403.69356952668886,169.703078463206,0.0,233.99049106348292,54,bear_cross
WOCKPHARMA,172,2011-10-11,373.35164474487306,2011-11-16,368.45509368896484,-842.2067816162137,157.33589137658907,0.0,-999.5426729928027,36,bear_cross
AXISBANK,326,2011-10-18,220.54999999999998,2011-11-16,201.19574695587158,-6309.486492385858,168.75692628747993,0.0,-6478.243418673337,29,bear_cross
LICHSGFIN,308,2011-10-05,220.04874999999998,2011-11-18,220.44750000000002,122.81500000001085,166.25407569007,0.0,-43.43907569005914,44,bear_cross
NTPC,489,2011-10-12,146.65740093231202,2011-11-18,137.07313007354736,-4686.708449935916,170.03141667498204,0.0,-4856.739866610898,37,bear_cross
HCLTECH,715,2011-09-30,103.006875,2011-11-21,99.25125,-2685.2718749999963,176.4114989267312,715.0,-2146.683373926727,52,bear_cross
GRASIM,181,2011-09-05,331.0418493652344,2011-11-22,353.24026588439943,4017.913389968874,152.81577155179787,721.132598,4586.230216417076,78,bear_cross
AMBUJACEM,575,2011-08-16,131.7786219406128,2011-11-23,145.13625000000002,7680.636134147654,191.8879671856213,0.0,7488.748166962033,99,bear_cross
ACC,10,2011-07-21,983.4525,2011-11-24,1126.67625,1432.2375,38.705781010224996,110.0,1503.531718989775,126,bear_cross
BANKINDIA,218,2011-10-14,325.86261276245114,2011-11-28,332.1675,1374.4654177856564,174.81218383830878,0.0,1199.6532339473476,45,bear_cross
LUPIN,146,2011-12-01,481.2,2011-12-08,449.47350608825684,-4632.0681111144995,166.83927677152116,0.0,-4798.907387886021,7,bear_cross
RECLTD,962,2011-11-29,71.89804687499999,2011-12-14,66.56441883087159,-5130.950178451524,163.89829273960143,0.0,-5294.848471191125,15,bear_cross
COALINDIA,211,2011-12-05,336.58937499999996,2011-12-14,304.78611282348635,-6710.488319244372,166.38544415548347,0.0,-6876.873763399855,9,bear_cross
BAJAJ-AUTO,5,2011-12-08,1728.2097744750977,2011-12-14,1655.8500000000001,-361.7988723754877,34.18937690285188,0.0,-395.98824927833954,6,bear_cross
BANKINDIA,207,2011-12-02,332.83,2011-12-15,317.00548782348636,-3275.67402053832,165.22202095476945,0.0,-3440.8960414930893,13,bear_cross
DIVISLAB,183,2011-12-02,380.97505638122556,2011-12-15,365.63361282348643,-2807.48417106626,167.53791059221663,0.0,-2975.0220816584765,13,bear_cross
CHAMBLFERT,765,2011-12-05,92.63100152969359,2011-12-15,78.30375000000001,-10960.347420215592,161.62589111227354,0.0,-11121.973311327867,10,bear_cross
SUNTV,261,2011-12-02,264.7602561187744,2011-12-19,266.33250000000004,410.3556529998898,169.50561389488405,0.0,240.85003910500578,17,bear_cross
ZEEL,586,2011-11-28,119.84887805938719,2011-12-20,117.4057469558716,-1431.6748266601317,170.10652809130778,0.0,-1601.7813547514395,22,bear_cross
ULTRACEMCO,59,2011-12-02,1165.40625,2011-12-20,1146.0775762939454,-1140.3917486572207,167.1327295402175,0.0,-1307.5244781974382,18,bear_cross
INFY,193,2011-12-19,337.090625,2011-12-21,339.02531250000004,373.3946875000101,160.47027253356816,0.0,212.92441496644193,2,bear_cross
HCLTECH,647,2011-12-15,103.44546874999999,2011-12-22,96.75750000000001,-4327.115781249988,159.7559521085809,0.0,-4486.871733358568,7,bear_cross
IOC,1444,2011-12-26,45.6471661567688,2011-12-29,41.911624746322644,-5394.121796684245,156.39149390098052,0.0,-5550.513290585225,3,bear_cross
MARUTI,3,2011-12-29,956.385,2012-01-02,920.6925,-107.07749999999999,21.612247632895,0.0,-128.68974763289498,4,bear_cross
AMBUJACEM,412,2011-12-27,160.7007530593872,2012-01-06,152.11875,-3535.785260467528,158.9738882480907,0.0,-3694.7591487156187,10,bear_cross
HINDUNILVR,165,2011-12-20,397.5915061187744,2012-01-11,395.8578810882569,-286.04813003539476,160.99670034894777,0.0,-447.04483038434256,22,bear_cross
TCS,122,2011-12-02,568.8435502624511,2012-01-12,549.12375,-2405.8156320190396,167.24372715152322,0.0,-2573.059359170563,41,bear_cross
DABUR,655,2011-12-22,100.04950305938719,2012-01-13,96.508125,-2319.602628898606,158.73095474053247,0.0,-2478.3335836391384,22,bear_cross
INFY,190,2011-12-27,346.4890625,2012-01-17,330.421875,-3052.7656249999977,158.63891720659376,0.0,-3211.4045422065915,21,bear_cross
BHEL,373,2012-01-12,175.93875,2012-02-06,178.5525,974.9287500000038,162.35502649966753,0.0,812.5737235003363,25,bear_cross
DIVISLAB,176,2011-12-20,371.70193138122556,2012-02-08,386.3317378234864,2574.8459338379034,163.55733807622147,0.0,2411.288595761682,50,bear_cross
COALINDIA,13,2012-01-06,316.6897438812256,2012-02-08,325.43437500000005,113.68020454406803,24.61740937830565,0.0,89.06279516576238,33,bear_cross
DRREDDY,205,2011-12-19,321.86264755249016,2012-02-14,323.78850608825684,394.80099983216917,162.5467644544748,0.0,232.25423537769439,57,bear_cross
BHEL,405,2012-02-09,174.76916156768797,2012-02-14,174.86175304412842,37.49954795838093,172.85445604977036,0.0,-135.35490809138946,5,bear_cross
ITC,27,2012-02-14,130.38289890289306,2012-02-16,130.3089093017578,-1.9977192306518248,23.170018382080276,0.0,-25.1677376127321,2,bear_cross
IGL,1847,2012-02-23,34.99226127624512,2012-02-24,34.249161586761474,-1372.5051264762878,157.70732650825124,0.0,-1530.2124529845391,1,bear_cross
TECHM,411,2012-01-02,144.86124999999998,2012-02-28,147.63,1137.9562500000047,148.9813210961725,0.0,988.9749289038322,57,bear_cross
ADANIENT,1202,2012-01-17,55.147943983078,2012-02-28,53.67269099235535,-1773.2540948486273,160.97837223623293,0.0,-1934.2324670848602,42,bear_cross
ADANIPORTS,444,2012-01-11,136.34,2012-03-01,147.63,5012.759999999997,155.21917272808,133.2,4990.740827271917,50,bear_cross
BIOCON,1424,2012-02-08,46.282080783844,2012-03-02,45.868375253677364,-589.1166749572924,161.3566013138198,0.0,-750.4732762711121,23,bear_cross
CANBK,804,2012-01-13,80.54213891983032,2012-03-06,94.42211317062379,11159.499297637947,170.98658973666787,0.0,10988.51270790128,53,bear_cross
GRASIM,175,2011-12-23,373.1094942474365,2012-03-07,410.9515830230713,6622.365535736091,167.4773157612007,0.0,6454.888219974891,75,bear_cross
GLENMARK,6,2012-02-24,312.6296311187744,2012-03-09,296.2575,-98.23278671264643,19.41134564687932,0.0,-117.64413235952574,14,bear_cross
WIPRO,821,2012-03-09,83.36416357040405,2012-03-16,80.44215888977051,-2398.965842800132,165.12183304711164,0.0,-2564.0876758472436,7,bear_cross
BHEL,382,2012-02-17,193.4825,2012-03-20,173.565,-7608.484999999996,171.88346774587,692.693206,-7087.675261745866,32,bear_cross
INFY,175,2012-02-06,351.5141059875488,2012-03-23,353.2396875,301.97676467895747,152.51251271235338,0.0,149.4642519666041,46,bear_cross
TMPV,359,2011-12-26,184.48620365142824,2012-03-28,268.34202049255373,30104.23824596405,193.92083336060534,0.0,29910.317412603446,93,bear_cross
AUROPHARMA,1147,2012-03-06,59.899375,2012-04-11,56.35875,-4061.0968749999984,163.9817747267913,0.0,-4225.07864972679,36,bear_cross
EXIDEIND,492,2012-03-12,140.75099388122558,2012-04-13,141.54524391174317,390.77101501465347,169.81248229344993,0.0,220.95853272120354,32,bear_cross
GMRAIRPORT,75,2012-03-16,26.583114871978758,2012-04-13,26.097857065200806,-36.39433550834639,19.737926770319387,0.0,-56.13226227866577,28,bear_cross
COALINDIA,210,2012-03-06,327.8175,2012-04-17,342.14250000000004,3008.2500000000095,171.6205612396,1995.0,4831.62943876041,42,bear_cross
APOLLOHOSP,80,2012-03-15,654.1813627624512,2012-04-17,603.4376371765137,-4059.4980468749964,127.56309605320396,0.0,-4187.0611429282,33,bear_cross
YESBANK,934,2012-03-12,74.185,2012-04-24,71.97960365295411,-2059.840188140862,167.35764088726154,0.0,-2227.197829028124,43,bear_cross
BANKINDIA,185,2012-04-11,361.9526127624512,2012-04-25,347.9778810882569,-2585.3253597259536,161.63412347634028,0.0,-2746.959483202294,14,bear_cross
AXISBANK,285,2012-04-18,244.60999999999999,2012-04-25,222.24300304412844,-6374.59413242339,163.82716784565918,0.0,-6538.421300269049,7,bear_cross
LICHSGFIN,258,2012-03-26,268.16875,2012-04-26,259.35,-2275.237499999991,166.908918646525,0.0,-2442.146418646516,31,bear_cross
BAJAJ-AUTO,30,2012-04-24,1669.5635244750977,2012-04-27,1605.9750000000001,-1907.6557342529259,124.79493541578634,0.0,-2032.4506696687122,3,bear_cross
SIEMENS,39,2012-04-17,470.185135269165,2012-05-02,452.9382721710205,-672.6276608276355,55.439079744461445,0.0,-728.066740572097,15,bear_cross
JUBLFOOD,647,2012-03-13,106.76625,2012-05-09,107.20132621765137,281.49431282043713,169.3170616132508,0.0,112.17725120718636,57,bear_cross
HEROMOTOCO,33,2012-03-30,2050.1124999999997,2012-05-09,1880.2875000000001,-5604.224999999987,160.0429347742,0.0,-5764.267934774187,40,bear_cross
AUROPHARMA,1082,2012-04-17,63.959499235153196,2012-05-11,56.458498477935784,-8116.082819309239,160.88661303492484,0.0,-8276.969432344164,24,bear_cross
SUNTV,224,2012-05-10,294.98562499999997,2012-05-11,292.76625,-497.1399999999903,161.83267704652,0.0,-658.9726770465103,1,bear_cross
SUNTV,220,2012-05-14,296.79011276245114,2012-05-16,282.79125,-3079.749807739254,157.41153402910845,0.0,-3237.1613417683625,2,bear_cross
TITAN,275,2012-05-07,238.595,2012-05-21,228.6269969558716,-2741.200837135312,158.4742420678508,0.0,-2899.675079203163,14,bear_cross
HINDUNILVR,161,2012-03-20,396.0877561187744,2012-05-28,419.44875,3761.1200148773255,161.1183561215996,0.0,3600.001658755726,69,bear_cross
VEDL,334,2012-05-21,196.48999999999998,2012-05-29,187.82925304412842,-2892.6894832611006,158.34831207384804,0.0,-3051.0377953349484,8,bear_cross
IOC,1510,2012-05-08,44.277080783844,2012-06-01,42.49349847793579,-2693.2092819213995,161.29340131750598,0.0,-2854.5026832389053,24,bear_cross
APOLLOTYRE,749,2012-05-31,85.6135015296936,2012-06-05,81.545625,-3046.8395207405006,154.8441756285419,0.0,-3201.6836963690425,5,bear_cross
HAVELLS,550,2012-05-29,120.60075305938719,2012-06-07,112.40827743530272,-4505.861593246456,158.2382935865553,0.0,-4664.099886833012,9,bear_cross
TCS,112,2012-04-30,603.505,2012-06-11,614.95875,1282.8200000000015,167.05154376364,896.0,2011.7684562363615,42,bear_cross
GRAVITA,423,2012-04-17,165.4125,2012-06-20,175.0113719558716,4060.3228373336874,175.221158697237,0.0,3885.1016786364503,64,bear_cross
ADANIPORTS,507,2012-06-05,125.0117469406128,2012-06-20,115.71000000000001,-4715.985698890683,151.458318950417,0.0,-4867.4440178411005,15,bear_cross
CHAMBLFERT,709,2012-05-31,73.43312499999999,2012-06-22,70.87237804412842,-1815.5695917129397,129.28931967966693,0.0,-1944.8589113926066,22,bear_cross
JUBLFOOD,568,2012-05-21,114.2098155593872,2012-06-25,113.71001523971559,-283.88658157347277,159.37166347996504,0.0,-443.2582450534378,35,bear_cross
AXISBANK,290,2012-06-11,212.55005428314206,2012-07-02,203.73937500000002,-2555.0969921111905,149.82566134703978,928.0,-1776.9226534582303,21,bear_cross
ADANIPORTS,546,2012-07-02,121.7536219406128,2012-07-16,117.85462652206421,-2128.8514985275324,161.03140653108704,0.0,-2289.8829050586196,14,bear_cross
BANKBARODA,412,2012-06-07,145.36249999999998,2012-07-24,136.05899391174316,-3833.0445083618115,144.60612118095838,1400.8,-2576.8506295427705,47,bear_cross
TATAPOWER,705,2012-06-22,90.06770160675049,2012-07-24,93.61329586029053,2499.643948745732,159.20365649001056,850.421055,3190.8613472557217,32,bear_cross
SUNTV,24,2012-06-20,271.0759938812256,2012-07-25,286.2825,364.95614685058626,30.192842674852734,0.0,334.76330417573354,35,bear_cross
BPCL,1114,2012-05-14,58.896874999999994,2012-07-26,60.847500000000004,2172.9962500000106,163.56668367615248,1021.167038,3030.5966043238577,73,bear_cross
GAIL,63,2012-06-01,60.525968093872066,2012-07-26,65.2365319633484,296.76552377700887,24.131377042951826,0.0,272.634146734057,55,bear_cross
GMRAIRPORT,3195,2012-07-26,20.86774360656738,2012-07-27,20.58733014106751,-895.9210222720818,162.74421256823075,0.0,-1058.6652348403127,1,bear_cross
TATAPOWER,9,2012-07-26,92.87325145721437,2012-07-27,91.25491825103761,-14.564998855590815,17.18451990168647,0.0,-31.749518757277286,1,bear_cross
PETRONET,925,2012-06-25,69.423125,2012-07-31,74.064375,4293.156249999999,162.66314251187504,0.0,4130.493107488124,36,bear_cross
BIOCON,1757,2012-06-20,36.5244176864624,2012-08-03,40.21587398529053,6485.888717041023,164.84225444296777,1464.166081,7785.212543598055,44,bear_cross
TITAN,289,2012-07-23,228.06875,2012-08-13,216.95625,-3211.5124999999953,158.64987420085,0.0,-3370.162374200845,21,bear_cross
ADANIPORTS,545,2012-08-03,118.79625,2012-08-27,109.72500000000001,-4943.831249999996,154.2543705907375,0.0,-5098.085620590733,24,bear_cross
ZEEL,509,2012-05-25,127.3175,2012-09-04,160.89675304412842,17091.839799461366,177.24924558029,763.5,17678.090553881077,102,bear_cross
BAJAJ-AUTO,42,2012-07-26,1568.9125,2012-09-05,1637.895,2897.265000000003,164.94812508649,0.0,2732.316874913513,41,bear_cross
AMBUJACEM,364,2012-07-27,180.95125,2012-09-05,178.801875,-782.3724999999971,161.068396593325,509.59999999999997,-433.84089659332216,40,bear_cross
SUNPHARMA,29,2012-07-31,323.93281249999995,2012-09-10,331.3695121765137,215.66429061889846,36.46373007394254,61.625,240.82556054495592,41,bear_cross
POWERGRID,1018,2012-07-30,64.53908866882324,2012-09-20,65.08689022064209,557.6619797515892,162.0904329241385,750.13875,1145.7102968274507,52,bear_cross
WOCKPHARMA,86,2012-05-24,740.2343376159668,2012-09-25,1149.3647479248048,35185.215286560066,193.47322584361382,0.0,34991.74206071645,124,bear_cross
HCLTECH,316,2012-07-26,128.5831531906128,2012-10-15,145.72227516174317,5415.9625428772,111.35772817811116,0.0,5304.604814699089,81,bear_cross
UPL,868,2012-09-06,80.6010015296936,2012-10-17,82.12750253677369,1325.0028741455142,172.36612739211944,0.0,1152.6367467533948,41,bear_cross
POWERGRID,1105,2012-10-19,67.66876529693603,2012-10-25,66.09685592651367,-1736.959854316709,179.8961279942493,0.0,-1916.855982310958,6,bear_cross
EXIDEIND,515,2012-08-28,135.588125,2012-10-29,138.6525,1578.1531250000064,172.33110061290625,0.0,1405.8220243871003,62,bear_cross
JUBLFOOD,567,2012-09-05,123.27742622375487,2012-10-29,126.48300304412842,1817.5620571518034,172.73612789116942,0.0,1644.825929260634,54,bear_cross
BHEL,390,2012-09-25,167.68482925415037,2012-10-30,150.5892428970337,-6667.278679275502,153.91954102805562,0.0,-6821.198220303558,35,bear_cross
ZEEL,407,2012-09-06,171.62799694061277,2012-10-31,177.60487804412844,2432.590609130876,173.27247513513757,0.0,2259.3181339957387,55,bear_cross
BANKINDIA,8,2012-09-20,290.72499999999997,2012-10-31,272.2676371765137,-147.65890258789022,20.361285518101905,0.0,-168.02018810599213,41,bear_cross
NTPC,515,2012-10-29,141.4778125,2012-10-31,138.11218242645265,-1733.2994878768857,175.64405522811086,0.0,-1908.9435431049965,2,bear_cross
HINDUNILVR,139,2012-07-25,474.83411888122555,2012-11-02,540.0963871765136,9071.455293045045,171.59269590153315,1737.5,10637.36259714351,100,bear_cross
ZYDUSLIFE,359,2012-10-29,172.44001949310302,2012-11-16,166.90170730590822,-1988.254075202935,151.00651154166775,0.0,-2139.2605867446027,18,bear_cross
JSWSTEEL,933,2012-11-02,77.00202255249023,2012-11-19,73.05191310882569,-3685.4521109390203,171.3536070719137,0.0,-3856.805718010934,17,bear_cross
TCS,108,2012-10-31,656.1863627624512,2012-11-20,635.90625,-2190.2521783447246,170.73607901257964,0.0,-2360.988257357304,20,bear_cross
AMBUJACEM,347,2012-11-05,207.21674694061278,2012-11-20,201.34538108825683,-2037.3639507675148,173.19977831576028,0.0,-2210.563729083275,15,bear_cross
HEROMOTOCO,37,2012-11-02,1925.0506249999999,2012-11-21,1819.0908993530275,-3920.509848937979,169.73924161063013,0.0,-4090.2490905486093,19,bear_cross
KOTAKBANK,64,2012-11-16,64.0597515296936,2012-11-21,62.388635673522955,-106.95141479492122,24.350385811481225,0.0,-131.30180060640245,5,bear_cross
IFCI,1974,2012-11-19,29.1727503824234,2012-11-21,27.880125761032104,-2551.6410026264143,140.81318154845033,0.0,-2692.4541841748646,2,bear_cross
ABREL,220,2012-08-13,321.8025,2012-11-22,382.5911128234864,13373.494821167009,186.7227577670476,0.0,13186.772063399962,101,bear_cross
HCLTECH,506,2012-10-17,150.124375,2012-12-13,155.11125,2523.358750000013,186.96099406960752,506.0,2842.3977559304058,57,bear_cross
SIEMENS,5,2012-12-13,405.0712489318848,2012-12-18,393.47749443054204,-57.96877250671372,19.785899724982123,0.0,-77.75467223169585,5,bear_cross
COALINDIA,198,2012-11-26,357.8925,2012-12-19,351.66861282348634,-1232.329660949701,171.71779250033282,0.0,-1404.0474534500338,23,bear_cross
BHARATFORG,564,2012-12-18,133.3074436187744,2012-12-27,127.18125,-3455.1732009887664,179.02895873259325,0.0,-3634.2021597213597,9,bear_cross
CGPOWER,1803,2012-12-20,40.28885597229004,2012-12-28,39.344906988143926,-1701.9400184154383,175.18653702411655,0.0,-1877.1265554395547,8,bear_cross
KOTAKBANK,1119,2012-11-22,63.3078765296936,2013-01-01,65.13176067352295,2040.9263569450384,175.0663193303695,0.0,1865.860037614669,40,bear_cross
ACC,1,2012-12-27,1423.2492010498047,2013-01-11,1378.545,-44.704201049804624,18.460085495091743,0.0,-63.16428654489637,15,bear_cross
ASIANPAINT,174,2012-11-27,408.1428125,2013-01-16,428.7254878234864,3581.3855062866332,177.0544895042273,0.0,3404.331016782406,50,bear_cross
BAJAJ-AUTO,42,2012-09-11,1704.25,2013-01-18,2059.8375,14934.675000000003,190.08202719505,0.0,14744.592972804952,129,bear_cross
GLENMARK,152,2012-11-05,430.0725,2013-01-23,485.5829878234864,8437.594149169934,169.5314405441538,0.0,8268.062708625781,79,bear_cross
CGPOWER,1871,2013-01-02,41.38290813446045,2013-01-23,38.89564690589905,-4653.665758638382,182.77371485587906,0.0,-4836.439473494261,21,bear_cross
DABUR,604,2013-01-23,129.47286888122557,2013-01-25,127.92937500000001,-932.270304260237,188.3567437790104,0.0,-1120.6270480392475,2,bear_cross
CANBK,755,2012-11-29,85.56383237838745,2013-01-29,94.01462614059447,6380.349290466305,165.68341062230132,0.0,6214.665879844004,61,bear_cross
NTPC,577,2013-01-21,137.509588432312,2013-02-05,128.13718242645265,-5407.878265380843,186.2531655192225,0.0,-5594.131430900066,15,bear_cross
IDEA,1378,2012-11-02,52.58945112228393,2013-02-07,67.06297096252442,19944.51033985139,197.25881727353698,0.0,19747.251522577855,97,bear_cross
HINDPETRO,1799,2013-01-02,43.196608476638794,2013-02-08,47.303666582107546,7388.597531738285,195.89667029474225,0.0,7192.700861443543,37,bear_cross
PNB,440,2013-02-08,176.44,2013-02-11,172.66725608825683,-1660.0073211669917,186.33806332817744,0.0,-1846.3453844951691,3,bear_cross
CESC,82,2013-01-16,28.669110236167906,2013-02-14,26.976908125877387,-138.76057304382263,20.426286148546332,0.0,-159.18685919236896,29,bear_cross
SUNTV,184,2012-11-20,369.32099388122555,2013-02-19,443.88750000000005,13720.237125854508,180.76069565893764,920.0,14459.47643019557,91,bear_cross
ZEEL,360,2012-11-23,197.1416188812256,2013-02-19,224.73675304412842,9934.248298645012,183.54294296959995,0.0,9750.705355675413,88,bear_cross
GRASIM,163,2013-02-20,472.7291075134277,2013-02-25,466.2155731201172,-1061.7061061096151,185.671122471947,0.0,-1247.3772285815621,5,bear_cross
ITC,418,2013-01-24,188.5596706390381,2013-02-26,187.6192234039307,-393.10694427489284,190.28729240204746,0.0,-583.3942366769403,33,bear_cross
DABUR,591,2013-01-29,135.98911888122558,2013-02-27,128.72737804412841,-4291.688834724424,189.6949583745428,0.0,-4481.383793098967,29,bear_cross
APOLLOHOSP,82,2013-02-05,819.9948872375488,2013-02-27,804.9825000000001,-1231.0157534789976,163.6583630065555,0.0,-1394.674116485553,22,bear_cross
HAVELLS,564,2013-02-07,131.4778688812256,2013-02-27,128.61765243530274,-1613.1620755004844,178.6441327815601,0.0,-1791.8062082820445,20,bear_cross
INDUSINDBK,173,2013-02-14,447.66636276245123,2013-02-27,421.14451217651373,-4588.2801513671875,182.88350542684483,0.0,-4771.163656794032,13,bear_cross
ASIANPAINT,154,2013-01-25,442.9847048950195,2013-02-28,436.90500000000003,-936.274553832997,166.14458699930864,0.0,-1102.4191408323056,34,bear_cross
GRASIM,10,2013-02-27,473.25504676818844,2013-03-01,450.8238510131836,-224.31195755004808,25.6363325004701,0.0,-249.94829005051818,2,bear_cross
BIOCON,1622,2013-02-13,47.4266051864624,2013-03-04,45.83512576103211,-2581.3796280479355,183.80784599398964,0.0,-2765.1874740419253,19,bear_cross
EXIDEIND,578,2013-02-20,133.6833811187744,2013-03-04,127.33087652206422,-3671.74765689849,183.4398926671215,0.0,-3855.1875495656113,12,bear_cross
AMBUJACEM,376,2013-02-27,198.0438780593872,2013-03-04,191.12100608825682,-2602.999861145022,178.30914138488004,0.0,-2781.309002529902,5,bear_cross
GLENMARK,64,2013-02-25,514.2825,2013-03-06,493.91211891174316,-1303.7043896484392,87.21516939691236,0.0,-1390.9195590453514,9,bear_cross
COLPAL,112,2013-03-11,679.7451127624512,2013-03-14,649.6468368530274,-3371.0069018554677,181.22106660128225,0.0,-3552.2279684567497,3,bear_cross
APOLLOHOSP,89,2013-03-01,827.0123872375488,2013-03-19,802.2892378234864,-2200.360297851553,176.81262343629936,0.0,-2377.172921287852,18,bear_cross
APOLLOTYRE,834,2013-03-07,85.86412652969359,2013-03-20,84.68775152206422,-981.0967563628984,173.64250792506766,0.0,-1154.739264287966,13,bear_cross
TMPV,247,2013-03-08,303.41038192749016,2013-03-20,277.91507377624515,-6297.341113357518,175.53977202826144,0.0,-6472.88088538578,12,bear_cross
IDEA,1039,2013-02-28,71.35843980789184,2013-03-21,65.10821434020997,-6493.984260921466,173.5538203639391,0.0,-6667.538081285405,21,bear_cross
PETRONET,961,2013-03-19,73.50830944061279,2013-03-21,71.6703734779358,-1766.2564601325912,170.67169930512395,0.0,-1936.928159437715,2,bear_cross
ADANIENT,432,2013-03-14,35.34139472007751,2013-03-25,30.968247542381288,-1889.1995807647677,47.34741133794206,0.0,-1936.5469921027097,11,bear_cross
EXIDEIND,584,2013-03-05,126.315,2013-03-26,124.936875,-804.8249999999983,178.62491233956996,0.0,-983.4499123395683,21,bear_cross
UNITDSPR,192,2013-04-02,376.6593012237549,2013-04-04,360.4964939117432,-3103.259003906245,173.01591807844477,0.0,-3276.27492198469,2,bear_cross
EXIDEIND,560,2013-04-03,130.82625,2013-04-08,118.40324695587161,-6956.881704711892,171.11862329064166,0.0,-7128.000328002533,5,bear_cross
HCLTECH,366,2013-01-11,163.90875,2013-04-10,185.03625000000002,7732.66500000001,156.82972539622,183.0,7758.83527460379,89,bear_cross
INFY,197,2013-04-03,369.5340190124512,2013-04-10,349.49906250000004,-3946.8864329528815,173.2077891548406,0.0,-4120.094222107722,7,bear_cross
WIPRO,951,2013-02-26,78.37359172821044,2013-04-11,76.19655103683472,-2070.3656974983123,179.01473870260327,0.0,-2249.3804362009155,44,bear_cross
CUMMINSIND,138,2013-04-04,496.23749999999995,2013-04-16,478.8,-2406.3749999999923,165.20046212605,0.0,-2571.575462126042,12,bear_cross
GLENMARK,144,2013-04-16,490.22249999999997,2013-04-25,473.8125,-2363.0399999999954,169.94258582224,0.0,-2532.9825858222357,9,bear_cross
GODREJIND,244,2013-03-28,296.50280570983887,2013-05-24,287.05035095214845,-2306.3989608764623,173.905099922761,0.0,-2480.3040607992234,57,bear_cross
AUROPHARMA,795,2013-04-10,79.4731890296936,2013-05-24,85.85980945587158,5077.3632388114975,161.17354627018938,0.0,4916.189692541308,44,bear_cross
COLPAL,1,2013-04-10,660.6474999999999,2013-05-27,730.0702743530273,69.42277435302742,16.881836088420478,0.0,52.540938264606936,47,bear_cross
TATACONSUM,536,2013-04-09,133.83374999999998,2013-05-29,145.08637195587158,6031.405368347179,181.19366020823554,0.0,5850.211708138943,50,bear_cross
MARUTI,49,2013-04-11,1417.5349999999999,2013-05-31,1621.0372256469727,9971.60905670167,180.21830210765665,0.0,9791.390754594015,50,bear_cross
ACC,60,2013-04-25,1227.06,2013-06-06,1193.01,-2042.9999999999973,177.0192483052,0.0,-2220.0192483051974,42,bear_cross
POWERGRID,1183,2013-06-03,63.91879026412963,2013-06-10,62.281421470642094,-1937.007282695759,181.56176299174328,0.0,-2118.5690456875022,7,bear_cross
DABUR,555,2013-03-11,135.83875,2013-06-11,149.27586891174317,7457.600996017459,190.80626300994948,0.0,7266.794733007509,92,bear_cross
HCLTECH,407,2013-05-30,186.9537218093872,2013-06-11,188.57737804412844,660.8280875396877,185.31185869954004,0.0,475.5162288401476,12,bear_cross
SUNTV,95,2013-06-06,431.57624999999996,2013-06-13,388.02750000000003,-4137.131249999993,102.2648371103875,0.0,-4239.396087110381,7,bear_cross
COALINDIA,242,2013-05-28,328.82,2013-06-17,302.2425,-6431.7549999999965,185.70582777775002,0.0,-6617.460827777746,20,bear_cross
JSWSTEEL,1076,2013-05-30,70.24517469406128,2013-06-17,68.46839939117432,-1911.8102259063696,181.516439579937,0.0,-2093.3266654863064,18,bear_cross
DRREDDY,4,2013-04-04,367.8673872375489,2013-06-26,420.3464939117432,209.9164266967773,18.83151167069278,0.0,191.08491502608453,83,bear_cross
RELIANCE,396,2013-06-20,187.42557109832762,2013-06-26,184.56409046173096,-1133.1463320922803,179.29118443202879,0.0,-1312.437516524309,6,bear_cross
APOLLOHOSP,75,2013-06-21,972.425,2013-06-26,942.6375,-2234.062499999993,175.28208084062499,0.0,-2409.344580840618,5,bear_cross
HINDUNILVR,154,2013-03-21,470.0221311187744,2013-06-27,587.1284756469727,18034.377057342535,195.08844611265738,0.0,17839.28861122988,98,bear_cross
INFY,259,2013-05-27,293.38161888122556,2013-06-27,301.8684375,2198.086022262586,186.67451471100304,874.125,2885.536507551583,31,bear_cross
APOLLOHOSP,70,2013-07-01,1056.635,2013-07-09,963.585,-6513.499999999996,173.1398519524,0.0,-6686.639851952396,8,bear_cross
M&MFIN,459,2013-06-19,164.23524780273436,2013-07-24,160.3752481842041,-1771.739824905386,181.21716698693837,980.2541699999999,-972.7028218923247,35,bear_cross
DIVISLAB,150,2013-07-01,498.24249999999995,2013-07-25,478.87482467651375,-2905.151298522929,178.6005625485045,1125.0,-1958.7518610714337,24,bear_cross
GRASIM,16,2013-07-09,435.48776832580563,2013-07-26,417.131346359253,-293.70275146484255,30.53736560860542,0.0,-324.24011707344795,17,bear_cross
NTPC,546,2013-07-24,118.838018283844,2013-07-26,118.03750253677369,-437.0815979003875,159.24473695507564,0.0,-596.3263348554632,2,bear_cross
COALINDIA,249,2013-07-26,296.63974388122557,2013-07-29,280.6964939117432,-3969.869242401116,175.55358163282307,0.0,-4145.422824033939,3,bear_cross
BANKBARODA,630,2013-07-25,117.29249999999999,2013-08-02,103.74997713088992,-8531.789407539345,170.88994022918223,0.0,-8702.679347768528,8,bear_cross
DRREDDY,168,2013-07-01,444.6889365386963,2013-08-05,447.8375914764405,528.9740295410252,182.09944025488304,504.0,850.8745892861422,35,bear_cross
RELIANCE,267,2013-07-01,197.53129302978513,2013-08-05,196.09007389068603,-384.8055101394608,132.27928808083294,0.0,-517.0847982202938,35,bear_cross
LUPIN,124,2013-03-11,606.763125,2013-08-13,823.7354878234863,26904.572990112312,210.64276677291042,496.0,27189.9302233394,155,bear_cross
SUNTV,195,2013-08-02,410.0225,2013-08-21,381.045,-5650.612499999993,187.36150145147502,438.75,-5399.224001451468,19,bear_cross
CGPOWER,2617,2013-08-16,31.084936223030088,2013-08-21,29.461162347793582,-4249.416231493935,191.918480203534,0.0,-4441.334711697469,5,bear_cross
GODREJCP,278,2013-08-13,286.04667686462403,2013-08-22,270.9874898529053,-4186.453989257808,187.91616954391355,0.0,-4374.370158801721,9,bear_cross
DABUR,474,2013-08-14,170.62549694061278,2013-08-23,145.73475608825683,-11798.211164016719,183.03544051831597,0.0,-11981.246604535036,9,bear_cross
CIPLA,101,2013-08-16,421.04999999999995,2013-08-23,401.7929878234864,-1944.9582298278706,107.93475501522718,0.0,-2052.892984843098,7,bear_cross
MRF,5,2013-08-14,14235.5,2013-08-26,13171.987500000001,-5317.5624999999945,168.180084887125,0.0,-5485.74258488712,12,bear_cross
PETRONET,45,2013-08-21,65.413125,2013-09-04,60.79762576103211,-207.69746575355484,21.673469148429966,0.0,-229.3709349019848,14,bear_cross
RECLTD,1092,2013-08-26,71.522109375,2013-09-04,61.739014863967896,-10683.139206047057,178.01983323428277,614.25,-10246.90903928134,9,bear_cross
TECHM,307,2013-06-17,241.97843749999998,2013-09-18,328.925625,26692.786562500012,208.30671210447065,0.0,26484.47985039554,93,bear_cross
INFY,239,2013-07-01,309.39656249999996,2013-09-20,374.0625,15455.15906250001,195.8887299594831,0.0,15259.270332540527,81,bear_cross
IOC,2211,2013-08-28,33.1493323135376,2013-09-30,34.68806402206421,3402.135807552339,181.93292856604594,0.0,3220.202878986293,33,bear_cross
SHRIRAMFIN,702,2013-09-20,117.01931966781616,2013-10-14,111.77047925949097,-3684.685966644286,194.28036728350037,0.0,-3878.9663339277868,24,bear_cross
CIPLA,164,2013-09-05,425.56125,2013-10-17,423.8377439117432,-282.6549984741125,170.32095122919299,0.0,-452.97594970330545,42,bear_cross
PNB,849,2013-10-14,98.24499999999999,2013-10-17,94.26375,-3380.08124999999,197.4050634748225,0.0,-3577.486313474813,3,bear_cross
HINDALCO,733,2013-08-23,104.56075305938718,2013-10-21,115.3109984779358,7879.929891796135,194.0310238426951,1026.2,8712.09886795344,59,bear_cross
HCLTECH,389,2013-06-13,191.70306861877438,2013-10-29,265.6093064117432,28749.526501464872,211.07471012722914,194.5,28732.95179133764,138,bear_cross
WIPRO,1177,2013-06-18,63.55224890708923,2013-10-31,88.85856513977052,29785.53420586588,212.6578475550493,1103.4375,30676.31385831083,135,bear_cross
APOLLOHOSP,93,2013-10-17,896.5858505249023,2013-10-31,887.7750000000001,-819.4090988159053,200.00029129728864,0.0,-1019.4093901131939,14,bear_cross
APOLLOHOSP,92,2013-11-01,913.9792622375488,2013-11-05,896.8023628234864,-1580.2747460937412,200.77636029146046,0.0,-1781.0511063852018,4,bear_cross
ONGC,440,2013-10-21,189.80666156768797,2013-11-13,176.88999492645266,-5683.333322143536,195.24909677933002,0.0,-5878.582418922866,23,bear_cross
RELIANCE,69,2013-10-17,199.36453903198242,2013-11-14,194.0949825668335,-363.5993960952757,45.56765450297917,0.0,-409.1670505982549,28,bear_cross
OIL,528,2013-11-05,158.7459117126465,2013-11-18,153.94754058837893,-2533.5399536132722,199.1906297767187,0.0,-2732.730583389991,13,bear_cross
VEDL,489,2013-08-23,157.59299694061278,2013-11-19,188.02875,14883.083246040353,202.23043251485723,733.5,15414.352813525496,88,bear_cross
WOCKPHARMA,195,2013-11-14,437.94886177062983,2013-11-20,428.59227676391606,-1824.5340763091854,203.44622459749192,0.0,-2027.9803009066773,6,bear_cross
DRREDDY,39,2013-09-04,442.50349388122555,2013-11-27,481.5331402587891,1522.1562087249786,55.31409022979475,0.0,1466.842118495184,84,bear_cross
CANBK,41,2013-09-18,43.48885261535644,2013-11-27,45.35793199539185,76.63225458145175,19.38643412845626,0.0,57.24582045299549,70,bear_cross
WOCKPHARMA,186,2013-11-21,451.90336929321285,2013-11-29,389.9720587921143,-11519.223753204331,190.394295388062,0.0,-11709.618048592394,8,bear_cross
GODREJCP,295,2013-11-14,282.036676864624,2013-12-10,272.73311485290526,-2744.5507934570237,197.59896856248162,98.333235,-2843.8165270195054,26,bear_cross
OIL,11,2013-11-29,160.4000458908081,2013-12-18,151.95254058837892,-92.9225583267208,19.169060996339134,0.0,-112.09161932305993,19,bear_cross
BATAINDIA,189,2013-09-30,427.14019973754887,2013-12-19,501.14399391174317,13986.717098922722,209.4578595877807,0.0,13777.25923933494,80,bear_cross
HINDALCO,684,2013-11-20,124.41024847030639,2013-12-19,118.20375,-4245.244953689567,200.2599163978607,0.0,-4445.504870087429,29,bear_cross
ONGC,258,2013-11-28,193.74982925415037,2013-12-19,187.26400405883788,-1673.3429003906215,124.81675587670424,859.999914,-938.1597422673258,21,bear_cross
JUBLFOOD,705,2013-11-01,119.70351127624511,2013-12-24,127.67002286911011,5616.390672969827,208.92053225479836,0.0,5407.470140715029,53,bear_cross
ADANIPORTS,546,2013-11-19,154.4351280593872,2014-01-02,155.3107469558716,478.0879174804731,203.43563414004328,0.0,274.6522833404298,44,bear_cross
PFC,16,2013-12-24,64.9620030593872,2014-01-09,62.08440167427063,-46.04162216186512,17.604688048128526,0.0,-63.64631020999364,16,bear_cross
BHEL,856,2013-11-27,99.31433231353759,2014-01-10,108.66100101470948,8000.748408203141,212.77811927065352,0.0,7787.970288932487,44,bear_cross
SAIL,1646,2013-08-26,47.61875,2014-01-13,68.47837652206421,34334.94525531769,225.34107175308807,0.0,34109.6041835646,140,bear_cross
BHARTIARTL,288,2014-01-02,305.3865319061279,2014-01-17,284.0853089904785,-6134.752199707033,204.65092605657398,0.0,-6339.403125763607,15,bear_cross
COALINDIA,239,2013-12-10,290.975625,2014-01-22,262.24274391174316,-6867.158580093379,162.93645735365214,6931.0,-99.09503744703125,43,bear_cross
HAVELLS,329,2013-12-24,158.41505428314207,2014-01-27,150.17362804412844,-2711.4292326354857,128.48112886916812,0.0,-2839.910361504654,34,bear_cross
BIOCON,1496,2013-10-29,55.438249235153194,2014-01-28,70.14087398529053,21995.12662620545,222.67404084019535,0.0,21772.452585365256,91,bear_cross
OIL,541,2014-01-14,160.6673751449585,2014-01-29,151.6200304412842,-4894.613484687796,203.64529359227794,0.0,-5098.258778280074,15,bear_cross
ONGC,168,2014-01-17,189.8400853729248,2014-01-29,183.37374492645264,-1086.3451950073204,85.16924697977112,0.0,-1171.5144419870915,12,bear_cross
FEDERALBNK,1919,2014-01-22,41.60375,2014-01-30,38.40375,-6140.799999999992,186.593139423355,0.0,-6327.393139423347,8,bear_cross
TCS,78,2013-12-18,1022.55,2014-02-04,1084.2825,4815.135000000006,197.78380776661004,156.0,4773.3511922333955,48,bear_cross
ITC,416,2014-01-14,209.79675876617432,2014-02-10,206.54122123718264,-1354.3036120605393,208.1065094360881,0.0,-1562.4101214966274,27,bear_cross
MRF,4,2014-02-05,19955.765,2014-02-13,19002.375,-3813.5599999999977,188.97509173936,0.0,-4002.5350917393575,8,bear_cross
CIPLA,215,2013-12-24,407.015,2014-02-14,383.73826217651373,-5004.498632049545,204.83765217081998,0.0,-5209.336284220365,52,bear_cross
CESC,2082,2014-02-10,40.319453668594356,2014-02-17,37.969158811569216,-4893.313892326342,197.0257182760201,0.0,-5090.339610602362,7,bear_cross
DRREDDY,172,2013-12-23,504.6584938812256,2014-02-18,529.4530792236328,4264.668678894044,212.88067984678366,0.0,4051.78799904726,57,bear_cross
HINDUNILVR,123,2014-01-27,564.8085244750977,2014-02-18,558.6,-763.6485104370106,169.108698756784,0.0,-932.7572091937947,22,bear_cross
TATACOMM,434,2014-02-14,182.378423538208,2014-02-18,173.3553660964966,-3916.0069297027544,187.37635498442202,0.0,-4103.3832846871765,4,bear_cross
ACC,80,2014-02-13,1039.6426739501953,2014-02-20,1020.4425000000001,-1536.0139160156177,198.78728968476048,0.0,-1734.8012057003782,7,bear_cross
GLENMARK,151,2014-01-30,550.0717622375488,2014-02-21,535.6575,-2176.553597869864,197.87677511882225,0.0,-2374.430372988686,22,bear_cross
INFY,177,2014-02-21,468.16749999999996,2014-03-14,416.45625,-9152.891249999991,190.2052226456725,0.0,-9343.096472645664,21,bear_cross
BHARTIARTL,319,2014-03-18,268.7943334960937,2014-03-20,268.8471936035156,16.86237426758828,206.12487105166093,0.0,-189.26249678407265,2,bear_cross
GAIL,1336,2014-01-13,64.99022590637206,2014-03-24,66.34002090454102,1803.3261175537307,210.3844033985281,1127.25,2720.1917141552026,70,bear_cross
LUPIN,87,2014-02-20,946.3599999999999,2014-03-24,949.7197256469728,292.2961312866464,198.81938809621352,0.0,93.47674319043287,32,bear_cross
BATAINDIA,159,2014-02-17,511.275,2014-04-15,535.15875,3797.5162500000124,200.1405962355475,0.0,3597.375653764465,57,bear_cross
TITAN,371,2014-02-10,225.5625,2014-04-25,254.3625,10684.800000000005,212.60494778305002,0.0,10472.195052216955,74,bear_cross
DABUR,491,2014-02-05,170.32474388122557,2014-04-28,177.555,3550.055754318247,205.082651375048,0.0,3344.973102943199,82,bear_cross
TATAPOWER,1099,2014-02-20,74.05674283981323,2014-05-02,78.75262195587159,5160.771148548142,201.7676157900034,0.0,4959.003532758139,71,bear_cross
BHEL,697,2014-04-29,125.1788353729248,2014-05-02,120.96349594116211,-2938.0915839385925,206.4060705956168,0.0,-3144.4976545342097,3,bear_cross
IOC,1961,2014-04-29,44.60289404869079,2014-05-02,44.255748224258426,-680.7529617118719,209.2298015188581,0.0,-889.98276323073,3,bear_cross
TATACOMM,481,2014-03-25,178.61259323120117,2014-05-05,172.79794052124024,-2796.8479534912117,203.57804416324205,0.0,-3000.425997654454,41,bear_cross
VOLTAS,87,2014-02-10,119.2975,2014-05-06,155.11125,3115.7962500000012,41.6634080571175,0.0,3074.1328419428837,85,bear_cross
EXIDEIND,15,2014-02-18,107.518125,2014-05-07,115.71000000000001,122.87812500000015,19.05558872490625,0.0,103.8225362750939,78,bear_cross
ADANIPORTS,525,2014-02-18,152.38,2014-05-08,189.57487804412844,19527.310973167434,213.58159716142978,0.0,19313.729376006002,79,bear_cross
CIPLA,219,2014-03-24,398.995,2014-05-08,390.02250000000004,-1964.9774999999931,207.705381754495,0.0,-2172.682881754488,45,bear_cross
M&MFIN,565,2014-05-05,149.56592975616454,2014-05-08,144.3194799041748,-2964.244166374194,200.27205786799806,0.0,-3164.516224242192,3,bear_cross
GLENMARK,154,2014-03-20,545.8612499999999,2014-05-15,563.6872256469727,2745.200249633808,205.21144074776157,0.0,2539.9888088860466,56,bear_cross
SUNPHARMA,138,2014-04-15,633.5799999999999,2014-05-19,611.4675000000001,-3051.524999999978,206.69863105633002,0.0,-3258.223631056308,34,bear_cross
DRREDDY,155,2014-05-05,551.375,2014-05-19,480.795,-10939.899999999998,194.13026815810002,0.0,-11134.030268158098,14,bear_cross
INFY,4,2014-05-19,400.749375,2014-05-20,380.1721875,-82.30874999999992,18.8209804828675,0.0,-101.12973048286742,1,bear_cross
IDEA,971,2014-05-19,87.64908010482787,2014-05-29,81.25746019363403,-6206.2629337692215,198.24923177013324,0.0,-6404.512165539355,10,bear_cross
IOC,1802,2014-05-09,46.758270578384405,2014-06-20,55.02874746322633,14903.399346485152,218.25998329306967,0.0,14685.139363192082,42,bear_cross
BHARTIARTL,308,2014-05-20,307.19352836608886,2014-06-20,302.1552857208252,-1551.7787347412088,224.23211268512125,0.0,-1776.01084742633,31,bear_cross
AMBUJACEM,12,2014-05-15,222.85575305938718,2014-06-24,220.94625000000002,-22.914036712645952,21.265974684936815,0.0,-44.18001139758277,40,bear_cross
OIL,511,2014-05-12,165.44595439910887,2014-06-25,199.5000456619263,17401.640635299704,221.48458634588332,0.0,17180.156048953817,44,bear_cross
PFC,1071,2014-05-08,79.19749999999999,2014-07-11,120.73740091323853,44489.23387807848,250.2031144647919,0.0,44239.030763613686,64,bear_cross
INDUSINDBK,172,2014-06-24,572.2269877624511,2014-07-11,534.8096493530273,-6435.782206420892,227.6362456091795,0.0,-6663.418452030072,17,bear_cross
AXISBANK,198,2014-06-25,387.7669877624512,2014-07-14,362.6510975646973,-4972.946259155275,180.99734793347017,0.0,-5153.943607088745,19,bear_cross
BAJAJ-AUTO,32,2014-05-29,1959.8373260498047,2014-07-15,2125.17375,5290.765566406248,160.35729917657585,1600.0,6730.408267229672,47,bear_cross
TITAN,312,2014-05-07,279.19624999999996,2014-07-16,324.68625000000003,14192.880000000021,223.86543908404002,655.2,14624.214560915982,70,bear_cross
ABREL,221,2014-05-08,382.00261276245124,2014-07-17,563.6872256469727,40152.29944747924,244.81859967667293,1215.5,41122.98084780257,70,bear_cross
AUROPHARMA,276,2014-07-21,366.4638627624512,2014-07-28,345.5090625,-5783.524872436519,234.36657964169535,0.0,-6017.891452078215,7,bear_cross
DLF,459,2014-07-18,219.9986219406128,2014-07-30,192.06862804412842,-12819.867198486329,226.70070135040194,0.0,-13046.56789983673,12,bear_cross
ZEEL,337,2014-06-24,290.1736372375488,2014-08-04,289.32486282348634,-286.0369775390495,232.60432682396333,674.0,155.35869563698714,41,bear_cross
TMPV,4,2014-06-25,437.4604306030273,2014-08-04,436.51221611022953,-3.792857971191097,19.22913412850667,7.915104,-15.106888099697766,40,bear_cross
RELIANCE,409,2014-07-30,230.07125659942625,2014-08-05,224.6143486404419,-2231.875355224597,222.3775437630683,0.0,-2454.2528989876655,6,bear_cross
ADANIPORTS,411,2014-05-12,207.01624999999999,2014-08-06,265.18538108825686,23907.512877273577,229.43698679110582,411.0,24089.075890482472,86,bear_cross
INDUSINDBK,185,2014-08-07,549.620625,2014-08-08,543.3382621765137,-1162.23712234497,240.3527621961441,0.0,-1402.589884541114,1,bear_cross
AXISBANK,255,2014-07-21,403.80698776245123,2014-08-11,373.065,-7839.206879425064,236.29819092277057,0.0,-8075.505070347835,21,bear_cross
BPCL,948,2014-08-08,95.73875,2014-08-11,95.11993394851685,-586.637616806027,216.6561010485197,0.0,-803.2937178545468,3,bear_cross
PNB,11,2014-08-04,192.09904510498046,2014-08-12,184.03875000000002,-88.66324615478484,19.949247084578666,0.0,-108.6124932393635,8,bear_cross
TATASTEEL,1901,2014-07-21,53.868680343627936,2014-08-14,50.71093288421631,-6002.877920341497,236.94303037469123,0.0,-6239.820950716188,24,bear_cross
BANKBARODA,441,2014-07-28,173.2320030593872,2014-09-05,173.9939176940918,336.0043539047266,185.65378281580448,0.0,150.35057108892212,39,bear_cross
COALINDIA,204,2014-09-05,378.945,2014-09-17,343.14000000000004,-7304.21999999999,179.75116054804,0.0,-7483.971160548031,12,bear_cross
BPCL,992,2014-08-18,103.090419216156,2014-09-23,112.0691234779358,8906.874627685573,252.10199252308612,2810.6663360000002,11465.438971162488,36,bear_cross
ADANIENT,1379,2014-08-12,74.0171773147583,2014-09-25,74.15255578994751,186.68691728592546,242.61953575230075,0.0,-55.93261846637529,44,bear_cross
UNITDSPR,234,2014-09-22,470.17249999999996,2014-09-26,468.1666463470459,-469.36975479124646,259.627701296541,0.0,-728.9974560877874,4,bear_cross
BHARATFORG,360,2014-05-13,224.1088780593872,2014-09-29,408.9251371765138,66533.85328216557,263.85866223474034,450.0,66719.99461993082,139,bear_cross
AMBUJACEM,515,2014-09-25,212.63025611877438,2014-09-29,212.76675304412842,70.29591655732958,259.0400332743153,0.0,-188.7441167169857,4,bear_cross
IDEA,1223,2014-07-21,84.20356763839722,2014-10-08,99.24116632461548,18390.98319324493,263.53219905790127,294.97292400000003,18422.423918187033,79,bear_cross
UNITDSPR,229,2014-09-30,476.9894877624512,2014-10-09,463.6379878234864,-3057.493486022931,255.18567131337466,0.0,-3312.6791573363057,9,bear_cross
WOCKPHARMA,188,2014-07-21,543.4853910827636,2014-10-14,712.7265962219238,31817.346566162123,275.66823637407356,0.0,31541.67832978805,85,bear_cross
SUNPHARMA,136,2014-10-09,801.49875,2014-10-14,795.50625,-814.9799999999932,257.00756388808,0.0,-1071.9875638880733,5,bear_cross
MARUTI,34,2014-08-04,2596.475,2014-10-16,2948.7098474121094,11975.984812011724,224.17069558168984,408.0,12159.814116430034,73,bear_cross
IFCI,3126,2014-09-26,34.4860015296936,2014-10-16,33.31650152206421,-3655.857023849489,251.38933571860383,0.0,-3907.246359568093,20,bear_cross
TITAN,293,2014-08-11,342.8048872375488,2014-10-20,384.0375,12081.1555393982,251.33725629143532,0.0,11829.818283106764,70,bear_cross
ASIANPAINT,166,2014-10-14,665.5597744750976,2014-10-21,650.37,-2521.502562866198,258.5279100252027,0.0,-2780.0304728914007,7,bear_cross
TVSMOTOR,20,2014-08-11,171.82849388122557,2014-11-21,233.41500000000002,1231.730122375489,24.26352612191061,0.0,1207.4665962535782,102,bear_cross
UNIONBANK,507,2014-10-17,210.52499999999998,2014-11-25,213.465,1490.5800000000133,254.35425960957997,0.0,1236.2257403904334,39,bear_cross
NTPC,913,2014-10-09,120.46708078384398,2014-11-26,116.45812500000001,-3660.1766306495474,256.24207293201056,0.0,-3916.418703581558,48,bear_cross
BHARTIARTL,22,2014-11-25,366.73486328125,2014-11-28,347.0156016540528,-433.823755798339,32.84010337501492,0.0,-466.6638591733539,3,bear_cross
BPCL,943,2014-10-21,116.9165625,2014-12-09,115.23618902206421,-1584.5921896934483,258.9868156424301,0.0,-1843.5790053358783,49,bear_cross
SAIL,1398,2014-10-20,78.2451280593872,2014-12-10,79.05187500000001,1127.83222297671,259.8748383026991,0.0,867.9573846740108,51,bear_cross
HCLTECH,265,2014-11-21,415.03499999999997,2014-12-10,390.271875,-6562.228124999985,253.2266400010563,0.0,-6815.454765001041,19,bear_cross
FEDERALBNK,1664,2014-10-10,65.413125,2014-12-11,70.22400152206421,8005.298532714862,265.8098354109096,0.0,7739.488697303952,62,bear_cross
BHEL,718,2014-10-16,151.4443323135376,2014-12-15,162.85849594116212,8195.369484634413,265.7613760013156,0.0,7929.608108633098,60,bear_cross
PFC,1046,2014-10-21,104.88155275344849,2014-12-15,109.4257469558716,4753.227135734577,264.3464834031264,0.0,4488.880652331451,55,bear_cross
BIOCON,1541,2014-11-28,76.5993536567688,2014-12-17,70.84743902206421,-8863.700452079775,268.7606713900651,0.0,-9132.46112346984,19,bear_cross
HINDPETRO,1680,2014-08-06,61.93964973449707,2014-12-18,81.44033620834351,32761.153276062025,280.8374646640843,3857.77728,36338.09309139794,134,bear_cross
CIPLA,143,2014-11-28,643.605,2014-12-18,607.4775000000001,-5166.232499999992,214.74223760528503,0.0,-5380.974737605277,20,bear_cross
SBIN,351,2014-10-21,258.645,2014-12-24,305.235,16353.090000000011,234.28300509328,0.0,16118.80699490673,64,bear_cross
HINDPETRO,1313,2014-12-24,84.02434873580933,2014-12-30,81.26300050735475,-3625.650223960863,257.0288208029341,0.0,-3882.679044763797,6,bear_cross
MARUTI,32,2014-12-24,3408.5,2015-01-02,3351.6000000000004,-1820.7999999999884,256.1157856192,0.0,-2076.9157856191882,9,bear_cross
ICICIBANK,342,2014-12-26,322.7594457244873,2015-01-12,310.8119345855713,-4086.0488095092765,256.68415653144854,0.0,-4342.732966040725,17,bear_cross
FEDERALBNK,1489,2014-12-26,74.0847515296936,2015-01-22,72.36862804412843,-2555.3078700065485,258.113003527806,0.0,-2813.4208735343545,27,bear_cross
BANKINDIA,379,2014-12-23,291.72749999999996,2015-01-30,281.7438871765137,-3783.789260101301,257.4003957135053,0.0,-4041.1896558148064,38,bear_cross
UNIONBANK,484,2014-12-23,229.4722438812256,2015-02-02,206.6819969558716,-11030.479511871341,250.9946936687842,0.0,-11281.474205540124,41,bear_cross
MOTHERSON,3170,2014-12-26,34.86440183639526,2015-02-06,35.36882246017456,1599.0133773803918,262.88539053541115,0.0,1336.1279868449808,42,bear_cross
ADANIPORTS,379,2014-12-30,294.53448776245114,2015-02-09,295.9582621765137,539.6105029297116,264.2523791699612,0.0,275.35812375975047,41,bear_cross
TVSMOTOR,47,2014-12-09,243.6576280593872,2015-02-10,292.2176371765137,2282.320428504944,43.18603640196248,35.25,2274.3843921029816,63,bear_cross
YESBANK,757,2014-12-22,145.56299694061278,2015-02-10,157.54515243530275,9070.491709480313,269.90446140089017,0.0,8800.587248079422,50,bear_cross
IOC,1829,2015-01-30,58.479165391921995,2015-02-10,53.00881224632264,-10005.275903301219,242.92278410984295,0.0,-10248.198687411063,11,bear_cross
BHARTIARTL,337,2015-01-22,337.3256165313721,2015-02-13,318.067645111084,-6489.936368637081,261.5211098854328,0.0,-6751.457478522514,22,bear_cross
YESBANK,662,2015-02-13,168.82099388122558,2015-02-24,161.99399391174316,-4519.473979797359,259.2953427282511,0.0,-4778.769322525611,11,bear_cross
NMDC,3173,2015-02-03,36.47336416244506,2015-02-26,34.98802863121033,-4712.969640607804,267.92819526448193,4495.084390999999,-485.8134448722867,23,bear_cross
EICHERMOT,75,2014-12-23,1482.9982989501952,2015-03-02,1650.8625000000002,12589.81507873537,275.8551805628692,0.0,12313.959898172501,69,bear_cross
RPOWER,123,2015-02-24,62.6061257648468,2015-03-10,58.254001522064215,-535.3112818622582,31.916948628970662,0.0,-567.2282304912288,14,bear_cross
HINDALCO,728,2015-02-11,149.9238780593872,2015-03-11,138.50288108825686,-8314.485794982884,249.54068104831865,0.0,-8564.026476031202,28,bear_cross
JSWENERGY,978,2015-02-16,114.6860015296936,2015-03-11,110.3234984779358,-4266.527984619127,260.4552652712927,0.0,-4526.98324989042,23,bear_cross
ADANIPORTS,322,2015-03-02,335.33625,2015-03-11,318.1027439117432,-5549.1889604187,249.8145944745979,0.0,-5799.003554893297,9,bear_cross
VEDL,435,2015-02-06,208.01874999999998,2015-03-12,194.1633689117432,-6027.090773391705,210.40659575201377,0.0,-6237.497369143718,34,bear_cross
EICHERMOT,18,2015-03-11,1606.0049999999999,2015-03-12,1609.9650000000001,71.28000000000475,79.72901182876001,0.0,-8.449011828755253,1,bear_cross
ICICIBANK,7,2015-03-11,304.03091743469236,2015-03-12,306.09648834228517,14.4589963531497,20.089881283928726,0.0,-5.630884930779025,1,bear_cross
M&M,162,2015-02-26,635.08375,2015-03-23,584.7594131469726,-8152.542570190435,235.77909899923907,0.0,-8388.321669189674,25,bear_cross
BPCL,763,2015-03-25,123.641669216156,2015-03-26,123.50712398529053,-102.6580111503536,225.11913709422316,0.0,-327.7771482445768,1,bear_cross
BOSCHLTD,5,2015-01-02,19463.5375,2015-03-30,25474.155000000002,30053.08750000002,263.03081225327503,0.0,29790.056687746746,87,bear_cross
GLENMARK,146,2015-02-12,756.9877255249023,2015-03-30,781.0425,3511.9970733642645,264.87005167356483,0.0,3247.1270216906996,46,bear_cross
BIOCON,1489,2015-02-16,75.2877484703064,2015-03-30,71.16331300735474,-6141.284404335011,258.3781121370685,0.0,-6399.662516472079,42,bear_cross
MARUTI,30,2015-04-06,3655.115,2015-04-13,3651.8475000000003,-98.02499999998417,259.19661967824993,0.0,-357.2216196782341,7,bear_cross
INDUSTOWER,281,2015-03-13,389.02011276245116,2015-04-20,372.0675,-4763.684186248778,253.6026742904669,0.0,-5017.286860539245,38,bear_cross
HINDPETRO,1279,2015-01-12,88.33139228820801,2015-04-23,96.49888607025147,10446.224547233593,277.52700445168404,0.0,10168.697542781909,101,bear_cross
UPL,323,2015-03-30,293.8661646270752,2015-04-23,287.87850608825687,-1934.0137080383183,224.5100637095813,0.0,-2158.5237717478994,24,bear_cross
ASHOKLEY,2956,2015-04-06,37.56868597030639,2015-04-24,35.11200076103211,-7261.961478614782,254.87852411490144,0.0,-7516.840002729684,18,bear_cross
ADANIPORTS,59,2015-04-13,321.30125,2015-04-28,306.2325,-889.056249999998,56.592945432197496,0.0,-945.6491954321956,15,bear_cross
BHARTIARTL,305,2015-03-13,360.4554710388183,2015-04-29,354.20762901306153,-1905.591817855814,257.95655313161416,0.0,-2163.5483709874284,47,bear_cross
BPCL,802,2015-04-01,135.4962363052368,2015-04-30,125.69331047058107,-7861.946519393902,248.94979880345633,0.0,-8110.896318197359,29,bear_cross
IDEA,1039,2015-03-13,105.39046651840209,2015-05-04,107.0000180053711,1672.323994960802,260.69333855128934,0.0,1411.6306564095128,52,bear_cross
BANKBARODA,596,2015-04-20,177.94375,2015-05-05,170.17350608825686,-4631.0653713989095,246.48697363101854,0.0,-4877.552345029928,15,bear_cross
APOLLOTYRE,607,2015-05-06,175.4375,2015-05-07,164.83687500000002,-6434.5793749999875,245.58621008564876,0.0,-6680.165585085636,1,bear_cross
SAMMAANCAP,203,2015-04-30,529.9132151794433,2015-05-13,494.1047209167481,-7269.124335327138,247.12729465801658,1628.5618160000001,-5887.689813985155,13,bear_cross
ICICIBANK,353,2015-05-04,303.25624999999997,2015-05-13,283.9701191711426,-6808.004182586656,246.4422504714345,0.0,-7054.44643305809,9,bear_cross
MARUTI,28,2015-05-04,3806.4925,2015-05-13,3610.9500000000003,-5475.189999999988,246.78445041634,0.0,-5721.974450416328,9,bear_cross
AUROPHARMA,163,2015-03-16,576.4375,2015-05-14,662.83875,14083.403750000001,238.9920135124225,0.0,13844.411736487578,59,bear_cross
YESBANK,633,2015-05-04,169.82349388122557,2015-05-14,167.46030487060548,-1495.898643722517,252.95159046620967,0.0,-1748.8502341887265,10,bear_cross
M&MFIN,687,2015-03-10,161.36249851226805,2015-05-26,161.13547359466554,-155.9661183929217,261.81204004151476,0.0,-417.7781584344365,77,bear_cross
GLENMARK,116,2015-05-18,908.265,2015-05-28,862.8375000000001,-5269.589999999987,244.27668477334004,0.0,-5513.8666847733275,10,bear_cross
ADANIPORTS,307,2015-05-05,350.4740061187744,2015-06-03,310.2225,-12357.212378463737,241.90035750715214,337.70000000000005,-12261.41273597089,29,bear_cross
CGPOWER,1766,2015-05-18,59.339235620498656,2015-06-03,57.50542370796204,-3238.511837539667,245.12527277313183,0.0,-3483.6371103127985,16,bear_cross
ACC,59,2015-05-26,1502.6472744750977,2015-06-03,1476.3000000000002,-1554.489194030752,210.9707171763273,0.0,-1765.4599112070794,8,bear_cross
ACC,70,2015-06-05,1461.645,2015-06-08,1430.9137500000002,-2151.1874999999873,240.74031868217503,0.0,-2391.927818682162,3,bear_cross
AUROPHARMA,154,2015-05-15,681.950625,2015-06-09,643.88625,-5861.913749999989,242.90945332602251,77.0,-6027.823203326011,25,bear_cross
AXISBANK,186,2015-05-18,564.7082377624512,2015-06-09,550.6698628234864,-2611.137738647454,246.31594752343307,0.0,-2857.4536861708875,22,bear_cross
ASIANPAINT,135,2015-06-04,765.8097744750976,2015-06-09,742.9379878234864,-3087.6911979675065,242.14748538096256,0.0,-3329.838683348469,5,bear_cross
UNITDSPR,145,2015-06-08,726.7924304199219,2015-06-09,706.2200152587891,-2983.0001983642514,246.70701319878975,0.0,-3229.7072115630413,1,bear_cross
HCLTECH,226,2015-05-15,463.65625,2015-06-10,456.35625000000005,-1649.7999999999897,246.75833306695,0.0,-1896.55833306694,26,bear_cross
UPL,340,2015-04-29,317.45832313537596,2015-06-16,341.14500000000004,8053.470133972186,263.8316477537006,0.0,7789.638486218485,48,bear_cross
IDEA,965,2015-06-09,106.38784969329834,2015-06-18,103.06044399261475,-3210.9465011596594,240.4176557230498,0.0,-3451.3641568827093,9,bear_cross
INDUSTOWER,270,2015-04-30,399.89724388122556,2015-07-02,446.88,12685.344152069098,268.71782261296823,0.0,12416.626329456129,63,bear_cross
SHRIRAMFIN,604,2015-06-19,171.32878887176514,2015-07-24,171.05742965698244,-163.90096572875427,245.39927279287838,706.2112960000001,296.9110574783674,35,bear_cross
BIOCON,1357,2015-06-12,74.9870030593872,2015-07-27,77.43924797058106,3327.6963444900657,245.18317478196383,0.0,3082.513169708102,45,bear_cross
MOTHERSON,2629,2015-06-18,39.49838297843933,2015-07-29,40.63175139427185,2979.6255652236982,249.4583379762879,1038.6179980000002,3768.7852252474104,41,bear_cross
TVSMOTOR,445,2015-06-18,231.326875,2015-07-29,234.8114939117432,1550.6554157257292,245.9718285352189,0.0,1304.6835871905103,41,bear_cross
EXIDEIND,491,2015-07-02,151.82862194061278,2015-07-29,140.6475,-5489.93087284087,175.4996715310665,343.7,-5321.730544371937,27,bear_cross
EICHERMOT,53,2015-06-18,1938.4490277099608,2015-07-30,1934.5515243530274,-206.56767791746938,243.69799233810738,0.0,-450.26567025557677,42,bear_cross
GLENMARK,110,2015-06-17,941.3475,2015-07-31,967.6747256469728,2895.994821167009,248.71965596214758,0.0,2647.2751652048614,44,bear_cross
ABREL,154,2015-06-22,669.7702255249023,2015-07-31,700.7437500000001,4769.922769165053,249.76572308880685,847.0,5367.157046076246,39,bear_cross
NTPC,933,2015-07-24,115.203955783844,2015-08-04,112.34343750000001,-2668.86355882644,251.70586960680814,0.0,-2920.569428433248,11,bear_cross
COALINDIA,275,2015-05-28,383.9073872375488,2015-08-12,393.81298782348637,2724.040161132834,253.04942016145515,0.0,2470.9907409713787,76,bear_cross
INDUSTOWER,221,2015-08-05,484.2075,2015-08-13,435.9075,-10674.29999999999,242.34323221849,0.0,-10916.643232218481,8,bear_cross
EICHERMOT,40,2015-08-12,2013.030034790039,2015-08-13,1982.082423706055,-1237.9044433593663,193.2003256134842,0.0,-1431.1047689728505,1,bear_cross
SIEMENS,120,2015-08-04,874.7267736816406,2015-08-18,844.16146774292,-3667.836712646472,245.06727892426403,0.0,-3912.903991570736,14,bear_cross
ITC,490,2015-08-04,213.30410144805907,2015-08-19,201.06632583618162,-5996.510049819952,241.6543315251775,0.0,-6238.164381345129,15,bear_cross
BIOCON,1327,2015-08-19,80.032919216156,2015-08-25,69.79175050735473,-13590.030876579283,237.52485059053885,0.0,-13827.555727169822,6,bear_cross
HCLTECH,216,2015-08-17,489.42051223754885,2015-08-26,454.90986282348643,-7454.300273437481,242.80248796373934,0.0,-7697.102761401221,9,bear_cross
BANKINDIA,600,2015-08-20,175.4375,2015-08-26,139.65,-21472.499999999996,227.253572815,0.0,-21699.753572814996,6,bear_cross
BRITANNIA,6,2015-05-07,1125.3062499999999,2015-08-27,1461.3375,2016.1875000000014,32.453174101675,48.0,2031.7343258983265,112,bear_cross
PNB,691,2015-08-03,151.3775,2015-08-28,148.02899391174319,-2313.8177069854573,245.659088292097,0.0,-2559.4767952775546,25,bear_cross
UNIONBANK,560,2015-08-04,188.2695030593872,2015-08-28,185.1360060882568,-1754.758303833023,248.08358300576816,0.0,-2002.8418868387914,24,bear_cross
TECHM,208,2015-07-27,512.2774999999999,2015-08-31,515.1090243530274,588.9570654297149,253.01298249405914,0.0,335.9440829356558,35,bear_cross
BHARATFORG,186,2015-07-30,558.89375,2015-08-31,585.03375,4862.040000000019,251.66254450909003,0.0,4610.377455490929,32,bear_cross
M&MFIN,590,2015-08-31,163.92963031768798,2015-09-01,152.68185287475586,-6636.18869132995,223.63601715943219,0.0,-6859.824708489383,1,bear_cross
ADANIPORTS,315,2015-08-04,333.080625,2015-09-08,322.8408689117432,-3225.5231678008913,245.42198092484688,0.0,-3470.945148725738,35,bear_cross
HCLTECH,201,2015-09-07,471.17499999999995,2015-09-08,457.8525,-2677.8224999999866,223.265445485665,0.0,-2901.0879454856513,1,bear_cross
SUNPHARMA,117,2015-08-18,909.4178994750974,2015-09-09,854.5083993530274,-6424.4115142822,245.39948807335244,0.0,-6669.811002355553,22,bear_cross
TATASTEEL,4242,2015-09-18,22.349771957397458,2015-09-22,21.668088955879213,-2891.699292440394,223.26951508138768,0.0,-3114.9688075217814,4,bear_cross
ACC,67,2015-09-18,1389.465,2015-09-24,1339.7422256469727,-3331.4258816528263,219.00095197567805,0.0,-3550.4268336285045,6,bear_cross
TATAELXSI,97,2015-09-11,979.9437499999999,2015-09-29,920.19375,-5795.749999999989,220.805943765025,0.0,-6016.555943765014,18,bear_cross
BANKBARODA,85,2015-09-22,194.0338780593872,2015-10-14,173.565,-1739.8546350479128,50.22862088908371,0.0,-1790.0832559369965,22,bear_cross
WIPRO,855,2015-09-18,109.15348218917846,2015-10-20,108.29112419128418,-737.3160881996082,222.2084142151165,0.0,-959.5245024147248,32,bear_cross
ADANIPORTS,294,2015-10-16,331.2761372375488,2015-10-26,314.5117378234863,-4928.733427734373,226.91287724895295,0.0,-5155.646304983326,10,bear_cross
DLF,759,2015-09-11,126.315,2015-10-27,128.52788108825683,1679.5767459869385,230.3819929787673,0.0,1449.1947530081713,46,bear_cross
APOLLOHOSP,68,2015-09-16,1378.4375,2015-10-27,1416.45,2584.850000000003,226.56151070410002,0.0,2358.288489295903,41,bear_cross
MRF,2,2015-09-29,40801.75,2015-11-02,39788.28,-2026.9400000000023,194.78968632436,0.0,-2221.7296863243623,34,bear_cross
SHRIRAMFIN,553,2015-09-16,169.5119564819336,2015-11-03,183.6631958770752,7825.635385513306,232.01248701598325,0.0,7593.622898497322,48,bear_cross
HINDUNILVR,116,2015-10-29,813.0274999999999,2015-11-06,804.6832621765137,-967.9315875243988,224.16052920979263,0.0,-1192.0921167341914,8,bear_cross
ADANIENT,2034,2015-09-24,43.701078481674195,2015-11-09,41.145900878906254,-5197.231244029992,207.70743601184188,0.0,-5404.938680041834,46,bear_cross
INFY,25,2015-10-26,578.4425,2015-11-10,562.340625,-402.54687499999875,47.095540839343755,0.0,-449.6424158393425,15,bear_cross
AMBUJACEM,449,2015-11-09,203.8082530593872,2015-11-13,194.761875,-4061.8237486648504,214.71857582258963,0.0,-4276.54232448744,4,bear_cross
YESBANK,614,2015-09-18,154.9865061187744,2015-11-18,148.75717987060548,-3824.806316375715,223.08904791034328,0.0,-4047.895364286059,61,bear_cross
HCLTECH,216,2015-11-06,439.84687499999995,2015-11-19,423.9375,-3436.42499999999,223.14757890955,0.0,-3659.5725789095404,13,bear_cross
COALINDIA,258,2015-11-10,337.4415061187744,2015-11-19,334.66125,-717.3060786437924,208.2877916948481,0.0,-925.5938703386405,9,bear_cross
UNITDSPR,119,2015-11-03,679.6549220275879,2015-12-01,624.6345121765137,-6547.428772277829,188.48808484700535,0.0,-6735.916857124835,28,bear_cross
NTPC,874,2015-09-18,106.80801828384399,2015-12-07,108.06250253677369,1096.4192370605579,224.164094811619,0.0,872.2551422489389,80,bear_cross
DIVISLAB,82,2015-11-02,1161.8975,2015-12-09,1127.175,-2847.2450000000067,224.35653801667002,0.0,-3071.601538016677,37,bear_cross
TVSMOTOR,402,2015-09-16,232.68025611877437,2015-12-10,271.36986282348636,15553.22189529422,239.5782757559109,0.0,15313.64361953831,85,bear_cross
KOTAKBANK,84,2015-11-18,134.54553173065185,2015-12-10,133.54530487060546,-84.0190562438961,40.39727326435999,0.0,-124.4163295082561,22,bear_cross
MARUTI,21,2015-10-21,4500.2225,2015-12-11,4508.450625,172.79062500001146,225.77438346518875,0.0,-52.9837584651773,51,bear_cross
ABREL,163,2015-11-20,580.7482377624511,2015-12-14,530.6700000000001,-8162.752755279524,217.47698199665547,0.0,-8380.229737276179,24,bear_cross
CONCOR,172,2015-12-01,454.26882629394527,2015-12-14,420.6417743682862,-5783.852931213363,183.17378685196746,0.0,-5967.02671806533,13,bear_cross
DLF,629,2015-12-07,117.79374999999999,2015-12-14,107.23125,-6643.812499999991,173.28903767185,0.0,-6817.1015376718415,7,bear_cross
M&M,146,2015-11-17,641.09875,2015-12-16,626.0559375,-2196.250624999995,221.30492848313125,0.0,-2417.5555534831265,29,bear_cross
WOCKPHARMA,63,2015-11-20,1489.0631057739256,2015-12-16,1454.2344525146484,-2194.2051553344627,221.77550279506033,0.0,-2415.980658129523,26,bear_cross
TECHM,164,2015-12-15,549.37,2015-12-16,521.2436128234864,-4612.727496948233,211.00290364246092,0.0,-4823.7304005906935,1,bear_cross
MRF,2,2015-12-14,39197.75,2015-12-17,38742.9,-909.6999999999971,188.8115209078,0.0,-1098.5115209077971,3,bear_cross
MRF,2,2015-12-18,39237.85,2015-12-21,38889.5325,-696.6349999999948,189.21098573959,0.0,-885.8459857395848,3,bear_cross
COLPAL,97,2015-10-29,987.1617622375488,2016-01-04,976.4527743530273,-1038.7718247985902,227.29855732934584,679.0,-587.070382127936,67,bear_cross
INTELLECT,345,2015-12-18,256.2807361602783,2016-01-08,238.4633369064331,-6147.002742576592,205.67394019932087,0.0,-6352.676682775913,21,bear_cross
BAJAJ-AUTO,35,2015-12-18,2496.475625,2016-01-11,2354.0001525878906,-4986.641534423829,204.563440639602,0.0,-5191.204975063431,24,bear_cross
APOLLOTYRE,476,2016-01-04,159.54786888122558,2016-01-11,148.5776219558716,-5221.8375364685,178.88570472105795,0.0,-5400.7232411895575,7,bear_cross
ZEEL,217,2015-12-16,411.025,2016-01-15,419.3489939117432,1806.3066788482809,215.65025083557725,0.0,1590.6564280127036,30,bear_cross
KOTAKBANK,637,2015-12-17,139.72845489501952,2016-01-15,135.54030487060547,-2667.851565551754,210.59625379202637,0.0,-2878.4478193437803,29,bear_cross
AUROPHARMA,18,2015-12-21,832.9772744750976,2016-01-15,841.6904878234864,156.83784027099773,48.860625564155015,0.0,107.97721470684273,25,bear_cross
CHENNPETRO,458,2015-12-14,197.49249999999998,2016-01-18,196.50750000000002,-451.1299999999802,216.109722262,0.0,-667.2397222619802,35,bear_cross
LICHSGFIN,184,2015-12-18,485.21,2016-01-19,464.83500000000004,-3748.9999999999895,210.07895452168003,0.0,-3959.0789545216694,32,bear_cross
TVSMOTOR,301,2016-01-13,294.4342622375488,2016-01-19,275.2601371765137,-5771.411643371569,206.52602776370736,0.0,-5977.937671135277,6,bear_cross
SUNPHARMA,112,2015-12-17,793.0276127624511,2016-01-22,777.0525,-1789.212629394522,211.08964319397884,0.0,-2000.302272588501,36,bear_cross
BPCL,555,2016-01-18,155.47938869476317,2016-01-25,146.89018547058106,-4767.0077894210735,202.37606491223713,0.0,-4969.38385433331,7,bear_cross
RELIANCE,395,2015-12-17,224.58300659179687,2016-01-27,229.8586208724976,2083.867640876785,214.8655291781474,0.0,1869.0021116986377,41,bear_cross
JSWSTEEL,767,2016-01-27,110.77624999999999,2016-02-05,101.37093750000001,-7213.874687499984,196.88828846754438,0.0,-7410.762975967529,9,bear_cross
GAIL,1234,2016-02-01,69.17253059387207,2016-02-08,63.534548349380486,-6957.270089702612,198.0299974166693,0.0,-7155.300087119281,7,bear_cross
HCLTECH,197,2016-02-01,433.98224388122554,2016-02-12,405.9825,-5515.949544601429,199.82691492958702,0.0,-5715.776459531016,11,bear_cross
TVSMOTOR,292,2016-02-01,294.23375,2016-02-12,275.70899391174316,-5409.228777770992,200.8759487296277,292.0,-5318.10472650062,11,bear_cross
HAVELLS,280,2016-02-02,305.86275611877437,2016-02-12,270.3225,-9951.271713256827,195.55288746355143,840.0,-9306.824600720378,10,bear_cross
INFY,151,2016-01-18,571.3748872375488,2016-02-15,546.7546875,-3717.650160369865,203.43474496706793,0.0,-3921.0849053369325,28,bear_cross
ASIANPAINT,13,2016-02-05,891.2225,2016-02-16,852.9123628234863,-498.03178329467744,40.5997715045294,0.0,-538.6315547992068,11,bear_cross
AMBUJACEM,406,2016-02-16,199.3972438812256,2016-02-17,193.51500000000001,-2388.191015777584,192.97275697836045,0.0,-2581.1637727559446,1,bear_cross
TITAN,234,2016-02-01,365.41125,2016-02-19,332.1675,-7779.037499999995,197.505271964065,0.0,-7976.54277196406,18,bear_cross
BAJAJ-AUTO,33,2016-02-18,2375.9751739501953,2016-03-01,2199.5873474121095,-5820.798275756833,183.7427055412541,0.0,-6004.540981298087,12,bear_cross
APOLLOHOSP,56,2016-02-02,1510.6672744750977,2016-03-11,1400.49,-6169.927370605468,197.15251842070114,0.0,-6367.0798890261685,38,bear_cross
SUNPHARMA,103,2016-01-28,819.0424999999999,2016-03-18,822.9873628234864,406.3208708191054,203.44972470784296,0.0,202.87114611126242,50,bear_cross
BHARTIARTL,274,2016-02-15,296.84833290100096,2016-04-11,306.9649477386475,2771.952465515147,199.17393502121104,0.0,2572.778530493936,56,bear_cross
ONGC,554,2016-03-18,142.85625,2016-04-11,138.71899898529054,-2292.0370621490347,189.03910479785418,0.0,-2481.076166946889,24,bear_cross
APOLLOTYRE,514,2016-02-16,158.59549694061278,2016-04-12,168.2782469558716,4976.933507843033,201.86551535870888,0.0,4775.067992484323,56,bear_cross
ULTRACEMCO,30,2016-02-01,2867.1499999999996,2016-05-05,3191.7007012939453,9736.52103881837,216.8068171187964,0.0,9519.714221699573,94,bear_cross
HINDUNILVR,96,2016-02-19,833.9296005249023,2016-05-05,856.8525000000001,2200.598349609387,195.73522584216374,0.0,2004.863123767223,76,bear_cross
PIDILITIND,275,2016-04-12,304.76,2016-05-06,293.76375,-3023.968749999993,198.6621855829375,0.0,-3222.6309355829308,24,bear_cross
MARICO,330,2016-02-08,227.6176280593872,2016-05-11,248.0782469558716,6752.004235839859,189.45869171124593,330.0,6892.545544128613,93,bear_cross
JSWSTEEL,47,2016-02-19,105.26249999999999,2016-05-12,128.5677743911743,1095.347896385193,27.483216317847376,0.0,1067.8646800673457,83,bear_cross
BANKBARODA,576,2016-02-19,137.091875,2016-05-18,139.65,1473.4800000000105,192.55069858792004,0.0,1280.9293014120904,89,bear_cross
AUROPHARMA,97,2016-03-11,724.7072744750976,2016-05-23,774.0600000000001,4787.214375915537,176.70301666859166,0.0,4610.511359246945,73,bear_cross
ACC,58,2016-05-11,1460.6425,2016-05-23,1389.766875,-4110.786249999994,199.55543345871249,0.0,-4310.341683458706,12,bear_cross
ZYDUSLIFE,260,2016-05-12,336.84,2016-05-23,322.8907621765137,-3626.8018341064308,206.423009277287,0.0,-3833.2248433837176,11,bear_cross
M&M,134,2016-04-12,620.04625,2016-05-24,634.2853125,1908.034375000006,202.17057554120123,0.0,1705.8637994588048,42,bear_cross
UNITDSPR,164,2016-05-09,520.0569097900391,2016-05-26,500.54548782348644,-3199.873202514632,201.77316432821473,0.0,-3401.6463668428464,17,bear_cross
INDUSTOWER,30,2016-05-18,385.9625,2016-06-08,374.0126371765137,-358.49588470458855,40.728914264732154,0.0,-399.22479896932066,21,bear_cross
APOLLOHOSP,58,2016-05-23,1338.3374999999999,2016-06-16,1316.7,-1254.9749999999894,186.73594254805,0.0,-1441.7109425480394,24,bear_cross
DRREDDY,137,2016-05-24,606.5124999999999,2016-06-21,614.2604878234864,1061.4743318176481,201.3057313172236,0.0,860.1686005004245,28,bear_cross
ZEEL,191,2016-04-12,391.726875,2016-06-24,438.90000000000003,9010.066875000006,191.14716001102374,0.0,8818.919714988982,73,bear_cross
BOSCHLTD,4,2016-05-16,20701.724858398436,2016-06-28,20755.081860351565,213.42800781251572,199.79119503852533,340.0,353.6368127739904,43,bear_cross
BHEL,1042,2016-06-20,80.8014984703064,2016-06-29,79.99949695587159,-835.6855780410683,201.79146020536427,0.0,-1037.4770382464326,9,bear_cross
BHARATFORG,223,2016-06-27,375.38613723754884,2016-07-14,369.07500000000005,-1407.3836039733806,200.12145076035966,0.0,-1607.5050547337403,17,bear_cross
DRREDDY,124,2016-06-28,649.62,2016-07-29,591.7170121765137,-7179.970490112306,187.10646959229456,496.0,-6871.0769597046,31,bear_cross
GAIL,75,2016-06-21,73.11988199234008,2016-08-02,71.05320688247681,-155.00063323974516,27.38005073020895,0.0,-182.3806839699541,42,bear_cross
LT,86,2016-05-27,985.123353729248,2016-08-04,994.8399797058106,835.6298339843809,204.6943136652629,0.0,630.9355203191179,69,bear_cross
IDEA,1268,2016-07-14,64.52786071777344,2016-08-04,63.30383385658264,-1552.0660599899263,195.76694839047494,0.0,-1747.8330083804012,21,bear_cross
GODREJCP,179,2016-05-13,478.86082313537594,2016-08-05,530.3375202941895,9214.32879142763,215.60117968402147,59.666607,9058.394218743608,84,bear_cross
M&MFIN,444,2016-08-08,204.14801330566405,2016-08-10,203.008190574646,-506.08129257201745,216.47576993229688,0.0,-722.5570625043143,2,bear_cross
ACC,56,2016-05-27,1512.7724999999998,2016-08-19,1685.775,9688.140000000016,213.86606159596002,616.0,10090.273938404056,84,bear_cross
HINDPETRO,617,2016-05-30,139.31037433624266,2016-08-26,173.21772583007814,20920.83587169649,228.276005860284,1462.51829,22155.078155836207,88,bear_cross
ACC,55,2016-08-22,1696.8816494750977,2016-08-29,1633.9050000000002,-3463.715721130361,219.38506662686456,0.0,-3683.1007877572256,7,bear_cross
HCLTECH,218,2016-07-29,375.43625,2016-09-01,389.6733689117432,3103.6919227600197,200.64975480605278,654.0,3557.0421679539672,34,bear_cross
CESC,2010,2016-03-01,39.779460353851306,2016-09-20,57.67461636543274,35969.263583278684,230.54338956190776,2010.0,37748.72019371678,203,bear_cross
TATAPOWER,890,2016-08-11,74.38549694061278,2016-09-20,77.20650152206422,2510.6940774917753,165.23404323545478,1157.0,3502.460034256321,40,bear_cross
KOTAKBANK,583,2016-08-08,155.78849388122558,2016-09-28,156.20850608825685,244.86711669923466,217.66189112436194,0.0,27.205225574872728,51,bear_cross
IDBI,68,2016-08-26,73.03212347030639,2016-09-28,70.62300304412842,-163.82018898010153,26.21887859142182,0.0,-190.03906757152336,33,bear_cross
ADANIPORTS,328,2016-06-08,207.51749999999998,2016-10-03,260.0482621765137,17230.08999389649,184.64807388108818,0.0,17045.441920015404,117,bear_cross
INFY,182,2016-09-20,527.9666494750976,2016-10-03,516.455625,-2095.0064544677525,226.94865753215876,0.0,-2321.955111999911,13,bear_cross
CIPLA,170,2016-06-29,500.0469877624512,2016-10-10,568.824375,11692.155830383304,216.5963042307929,340.0,11815.55952615251,103,bear_cross
BRITANNIA,1,2016-10-10,1699.2375,2016-10-14,1672.8075000000001,-26.429999999999836,19.09306534027,0.0,-45.52306534026984,4,bear_cross
BHARATFORG,222,2016-08-08,408.5688627624512,2016-10-21,445.88250000000005,8283.627466735845,225.7290225672131,0.0,8057.8984441686325,74,bear_cross
AUROPHARMA,115,2016-08-29,794.4812499999999,2016-10-21,825.8801371765137,3610.8720252990834,222.3566534634024,0.0,3388.515371835681,53,bear_cross
HAVELLS,231,2016-10-04,436.83937499999996,2016-10-24,412.3664939117432,-5653.235531387314,233.9808462455731,0.0,-5887.216377632887,20,bear_cross
UNITDSPR,173,2016-10-03,484.2075,2016-10-27,464.03701217651377,-3489.4943934631146,198.08780115202498,0.0,-3687.5821946151395,24,bear_cross
CEATLTD,103,2016-09-01,898.9918749999999,2016-11-01,1208.97,31927.746875000008,254.47109104906372,0.0,31673.275783950943,61,bear_cross
BHEL,1033,2016-10-27,92.89833078384399,2016-11-03,91.23800050735473,-1715.1211756134073,227.06252770611667,0.0,-1942.183703319524,7,bear_cross
JUBLFOOD,920,2016-10-17,104.66100152969359,2016-11-04,96.1091234779358,-7867.727807617173,221.4009399304693,0.0,-8089.128747547643,18,bear_cross
LT,3,2016-10-21,1005.173353729248,2016-11-04,948.8884959411622,-168.85457336425736,21.873794470835705,0.0,-190.72836783509305,14,bear_cross
SAMMAANCAP,132,2016-10-03,738.9296313476563,2016-11-07,707.6802836608887,-4124.91389465332,228.06608502527837,1058.966304,-3294.0136756785982,35,bear_cross
ONGC,589,2016-08-11,152.88125,2016-11-10,181.54500000000002,16882.948750000014,233.1922436406175,3043.1668630000004,19692.9233693594,91,bear_cross
ABREL,98,2016-11-03,998.4899999999999,2016-11-15,812.9625000000001,-18181.69499999998,214.18054883707003,0.0,-18395.87554883705,12,bear_cross
INDUSINDBK,79,2016-11-08,1220.9447744750976,2016-11-15,1195.9027743530273,-1978.3180096435497,227.88111528845752,0.0,-2206.199124932007,7,bear_cross
INDUSTOWER,252,2016-11-11,379.49636276245116,2016-11-15,358.1523628234863,-5378.687984619137,222.52574839385233,0.0,-5601.213733012989,4,bear_cross
ADANIPORTS,348,2016-10-24,286.11349388122557,2016-11-17,266.33250000000004,-6883.785870666483,229.71767885806463,0.0,-7113.503549524547,24,bear_cross
ASHOKLEY,2049,2016-10-24,43.8092507648468,2016-11-18,39.55087652206421,-8725.408823461536,205.99880215318814,0.0,-8931.407625614724,25,bear_cross
ITC,391,2016-11-08,247.6052318572998,2016-11-18,220.91682849884035,-10435.165713157647,219.90665709784702,0.0,-10655.072370255493,10,bear_cross
INDUSTOWER,251,2016-11-17,361.8022438812256,2016-11-21,352.1175,-2430.870714187622,214.8586355631607,0.0,-2645.7293497507826,4,bear_cross
BHARATFORG,201,2016-11-21,455.5359938812256,2016-11-22,427.97736282348643,-5539.284842605569,213.30338373796627,0.0,-5752.588226343535,1,bear_cross
VEDL,454,2016-10-04,180.34974388122558,2016-11-23,210.0735060882568,13494.588041992178,211.5042671725712,794.5,14077.583774819606,50,bear_cross
PNB,200,2016-11-15,157.39249999999998,2016-11-24,135.46050304412842,-4386.399391174314,80.82326749519942,0.0,-4467.222658669512,9,bear_cross
CANBK,1448,2016-11-18,63.57563409805297,2016-11-28,58.89254550933838,-6781.112276458726,213.1159045614184,0.0,-6994.228181020145,10,bear_cross
SBIN,2,2016-11-15,275.8378688812256,2016-11-29,253.61437500000002,-44.4469877624511,16.521265229696063,0.0,-60.968252992147164,14,bear_cross
HINDPETRO,443,2016-11-24,200.7896168899536,2016-12-07,195.7759959411621,-2221.0340803146337,210.93246898442908,0.0,-2431.9665492990625,13,bear_cross
UNIONBANK,509,2016-11-18,151.32737194061278,2016-12-09,142.14375,-4674.463567771898,181.85823453617877,0.0,-4856.321802308077,21,bear_cross
BANKBARODA,527,2016-11-16,177.7432530593872,2016-12-13,158.10375000000002,-10350.018112297044,213.00251397576523,0.0,-10563.02062627281,27,bear_cross
GAIL,121,2016-12-07,81.20253824234008,2016-12-15,78.02012855529786,-385.07157213210905,36.80043060359479,0.0,-421.8720027357038,8,bear_cross
RECLTD,881,2016-11-28,104.5858094406128,2016-12-20,96.8821875,-6786.890929679882,213.29363460048373,0.0,-7000.1845642803655,22,bear_cross
EICHERMOT,35,2016-12-09,2355.8199310302734,2016-12-20,2169.5625,-6519.01008605957,192.02111565649767,0.0,-6711.031201716068,11,bear_cross
HINDALCO,593,2016-11-04,164.41,2016-12-22,168.2782469558716,2293.8704448318576,234.62801012825122,0.0,2059.2424347036062,48,bear_cross
PFC,882,2016-11-24,101.1321972465515,2016-12-23,99.35099847793579,-1571.0173139190558,212.16032836251287,0.0,-1783.1776422815688,29,bear_cross
ADANIPORTS,261,2016-12-13,282.1034938812256,2016-12-26,261.345,-5417.966902999868,173.5300778569635,0.0,-5591.496980856831,13,bear_cross
DLF,767,2016-12-26,112.58075305938719,2016-12-27,103.24125000000001,-7163.39884654997,200.01991201425153,0.0,-7363.418758564221,1,bear_cross
BEL,2567,2016-09-22,38.24689475059509,2016-12-28,41.71363463401796,8899.121280746502,243.0035518980852,0.0,8656.117728848416,97,bear_cross
BHARATFORG,202,2016-11-23,439.3205686187744,2016-12-28,453.8625,2937.47013900757,215.8232950748216,0.0,2721.6468439327487,35,bear_cross
ONGC,483,2016-11-29,189.97375,2016-12-29,189.525,-216.74624999999506,219.25793554462751,0.0,-436.00418554462254,30,bear_cross
TVSMOTOR,217,2016-12-15,377.1405122375489,2016-12-29,352.51649391174317,-5343.411976699838,191.87419435165705,0.0,-5535.286171051495,14,bear_cross
NTPC,635,2016-11-01,126.73270578384398,2016-12-30,135.66,5668.831827259069,200.26322248452163,0.0,5468.568604774547,59,bear_cross
TMPV,171,2016-12-21,474.68375,2017-02-13,511.4182621765137,6281.601582183844,202.446610819022,0.0,6079.154971364821,54,bear_cross
NTPC,630,2017-01-02,137.885525932312,2017-02-16,140.896875,1897.1499126434412,210.57281951620269,1370.25,3056.827093127238,45,bear_cross
IDFCFIRSTB,140,2017-02-13,62.906875,2017-02-17,62.34375,-78.83749999999992,34.852049358025,0.0,-113.68954935802492,4,bear_cross
ITC,378,2016-12-30,229.21583663940427,2017-03-01,252.03728816986083,8626.508678512579,217.05488227349701,0.0,8409.453796239082,61,bear_cross
ASHOKLEY,2179,2016-12-30,40.0498757648468,2017-03-02,44.737873477935786,10215.147016820893,220.09365971823792,0.0,9995.053357102654,62,bear_cross
ADANIPORTS,311,2017-03-02,304.509375,2017-03-03,292.26750000000004,-3807.2231249999804,222.08543459827376,0.0,-4029.3085595982543,1,bear_cross
IOC,879,2016-12-21,101.503125,2017-03-08,126.15050050735474,21665.043070964814,236.31594637453983,3955.5,25384.227124590274,77,bear_cross
APOLLOTYRE,10,2017-03-02,187.3672438812256,2017-03-09,179.45024391174317,-79.16999969482418,19.426437493235365,0.0,-98.59643718805954,7,bear_cross
GAIL,1078,2016-12-26,80.82660074234008,2017-03-20,93.21639478683473,13356.197979965233,223.0460624899308,1718.063578,14851.2154954753,84,bear_cross
HCLTECH,202,2017-02-20,422.05249999999995,2017-04-11,416.45625,-1130.442499999988,203.842740427105,0.0,-1334.2852404270932,50,bear_cross
WIPRO,1082,2017-02-17,90.60096044540404,2017-04-19,93.04806970596314,2647.772219924949,236.1856673269015,0.0,2411.586552598047,61,bear_cross
ADANIPORTS,328,2017-03-14,306.4141188812256,2017-04-20,326.63138717651367,6631.2640008544895,245.8214423013622,0.0,6385.442558553127,37,bear_cross
INDUSINDBK,78,2017-01-02,1112.7248260498047,2017-05-11,1434.405,25091.05356811523,234.4666860819786,0.0,24856.586882033247,129,bear_cross
BPCL,421,2017-04-11,235.21991462707513,2017-05-23,230.8214939117432,-1851.7351211547398,233.73675621814738,0.0,-2085.471877372887,42,bear_cross
ABREL,107,2016-12-28,804.005,2017-05-25,1038.3975,25079.997500000005,232.755456896905,0.0,24847.2420431031,148,bear_cross
EXIDEIND,480,2017-01-02,181.4525,2017-05-25,224.0385060882568,20441.282922363276,230.3208052777572,0.0,20210.962117085517,143,bear_cross
BAJFINANCE,896,2017-03-14,111.4779969406128,2017-05-25,122.69250000000001,10048.194741210942,247.98781396887767,0.0,9800.206927242065,72,bear_cross
JUBLFOOD,1065,2017-05-23,103.2575,2017-05-25,97.20138719558716,-6449.760136699668,253.30985935647692,0.0,-6703.069996056144,2,bear_cross
ULTRACEMCO,26,2017-04-25,4175.412499999999,2017-05-29,4154.587500000001,-541.4499999999716,256.30550023,0.0,-797.7555002299716,34,bear_cross
ASIANPAINT,98,2017-04-27,1107.6622744750975,2017-05-29,1122.1875,1423.4721014404404,258.322069878417,0.0,1165.1500315620233,32,bear_cross
CONCOR,222,2017-05-29,486.7738975524902,2017-05-30,474.7700914764404,-2664.844948883052,252.99712456162328,0.0,-2917.8420734446754,1,bear_cross
DLF,56,2017-03-20,147.96900611877442,2017-05-31,178.45274391174317,1707.0893164062502,35.546325044078614,0.0,1671.5429913621715,72,bear_cross
HCLTECH,176,2017-05-11,429.97224388122555,2017-06-19,418.700625,-1983.8049230956967,181.64489265223338,528.0,-1637.4498157479302,39,bear_cross
HINDALCO,541,2017-05-29,198.7957530593872,2017-06-27,188.9264939117432,-5339.269198875412,249.07620883043018,0.0,-5588.345407705842,29,bear_cross
AXISBANK,192,2017-05-31,515.285,2017-06-28,492.5654878234864,-4362.146337890601,230.92583548883425,0.0,-4593.072173379435,28,bear_cross
M&M,156,2017-05-30,683.7049999999999,2017-06-29,678.3000000000001,-843.179999999978,251.75923380868,0.0,-1094.939233808658,30,bear_cross
NTPC,113,2017-06-19,134.585625,2017-06-29,132.16875000000002,-273.10687499999733,48.89200891784125,0.0,-321.99888391783855,10,bear_cross
UPL,188,2017-05-30,566.078353729248,2017-06-30,548.2925202941894,-3343.736685791002,248.64175539135053,841.5761719999999,-2750.8022691823526,31,bear_cross
ASIANPAINT,91,2017-05-31,1161.8975,2017-06-30,1097.2000762939454,-5887.4655572509755,244.46762647618448,696.15,-5435.78318372716,30,bear_cross
PETRONET,306,2017-06-28,215.98862194061277,2017-06-30,212.76675304412842,-985.8918823242118,161.36065770074876,0.0,-1147.2525400249606,2,bear_cross
CEATLTD,84,2017-03-03,1149.8674999999998,2017-07-03,1790.5125,53814.180000000015,286.05923025952,0.0,53528.1207697405,122,bear_cross
JINDALSTEL,858,2017-05-29,127.3175,2017-07-03,123.1413719558716,-3583.117861862159,254.65778858437702,0.0,-3837.775650446536,35,bear_cross
INDUSINDBK,71,2017-05-30,1487.7099999999998,2017-07-05,1501.2375000000002,960.4525000000265,251.337508483135,0.0,709.1149915168915,36,bear_cross
HDFCBANK,286,2017-01-02,303.1183940124512,2017-07-07,414.1744626617432,31762.035633697513,241.16321829862565,786.5,32307.372415398888,186,bear_cross
JSWENERGY,237,2017-06-30,64.9620030593872,2017-07-18,62.24400152206421,-644.1663643455488,48.924931764912785,0.0,-693.0912961104616,18,bear_cross
CEATLTD,53,2017-07-05,1854.6751739501951,2017-07-25,1845.375,-492.9092193603419,233.52274292302377,0.0,-726.4319622833657,20,bear_cross
SUNPHARMA,189,2017-07-03,557.39,2017-08-02,535.6575,-4107.442499999992,245.455539074365,0.0,-4352.898039074357,30,bear_cross
IDFCFIRSTB,1678,2017-07-07,65.36299694061279,2017-08-03,58.503376522064215,-11510.443062324506,247.41439485964418,1258.5,-10499.357457184151,27,bear_cross
INDUSTOWER,265,2017-07-04,400.7994877624512,2017-08-07,405.48375000000004,1241.329492950449,252.92919280541872,1060.0,2048.4003001450305,34,bear_cross
AXISBANK,213,2017-07-18,510.2725,2017-08-07,507.7275,-542.0849999999913,256.588098979,0.0,-798.6730989789913,20,bear_cross
JINDALSTEL,821,2017-07-04,129.3225,2017-08-11,120.6975,-7081.124999999988,244.21068158152002,0.0,-7325.335681581509,38,bear_cross
ESCORTS,157,2017-08-03,699.6447744750976,2017-08-11,567.5775,-20734.562092590328,238.21260100612432,0.0,-20972.774693596453,8,bear_cross
IDEA,1894,2017-06-29,50.745795555114746,2017-08-16,51.57533217430116,1571.1423567390668,230.80223768940715,0.0,1340.3401190496597,48,bear_cross
PFC,965,2017-08-07,103.6585015296936,2017-08-17,94.52310213088991,-8815.660419845555,228.74353535808552,0.0,-9044.403955203641,10,bear_cross
HAVELLS,180,2017-08-03,477.19,2017-08-18,466.83000000000004,-1864.7999999999922,204.5038921816,0.0,-2069.3038921815923,15,bear_cross
INFY,202,2017-08-18,510.22238723754884,2017-08-21,460.845,-9974.232221984861,234.29274738605815,0.0,-10208.52496937092,3,bear_cross
MFSL,169,2017-08-24,604.1064755249023,2017-08-28,600.495,-610.3393637084869,241.84677407036367,0.0,-852.1861377788505,4,bear_cross
APOLLOTYRE,101,2017-07-25,254.4345030593872,2017-08-29,248.87625000000003,-561.3835589981041,71.93057982527071,0.0,-633.3141388233748,35,bear_cross
POWERGRID,891,2017-07-03,118.42034309387206,2017-08-30,121.67321165084842,2898.30588426593,253.09225323436584,0.0,2645.2136310315645,58,bear_cross
MFSL,171,2017-08-31,601.5,2017-09-06,600.99375,-86.56875000000389,244.08656853733748,0.0,-330.6553185373414,6,bear_cross
BHARTIARTL,306,2017-06-30,345.5475666809082,2017-09-07,361.9390454864502,5015.792514495859,255.78959536357343,275.784642,5035.787561132285,69,bear_cross
ICICIBANK,343,2017-08-31,301.65224388122556,2017-09-08,294.06298782348637,-2603.114827804543,242.8335125397065,0.0,-2845.9483403442496,8,bear_cross
IOC,766,2017-08-08,144.025838432312,2017-09-18,139.93263210296632,-3135.396048278799,257.5370181863093,255.333078,-3137.599988465108,41,bear_cross
AMBUJACEM,438,2017-06-28,241.4020030593872,2017-09-26,262.34250000000003,9171.93765998842,260.09346723508384,700.8000000000001,9612.644192753336,90,bear_cross
AUROPHARMA,92,2017-09-01,731.3237499999999,2017-09-27,709.72125,-1987.4299999999862,162.96755084284,0.0,-2150.397550842826,26,bear_cross
PETRONET,472,2017-08-16,219.74799694061278,2017-09-29,226.4325,3155.0854440307703,249.37295139892518,1180.0,4085.712492631845,44,bear_cross
HAVELLS,216,2017-08-23,476.1875,2017-09-29,470.82000000000005,-1159.3799999999892,242.97362770972,0.0,-1402.3536277097091,37,bear_cross
ASIANPAINT,88,2017-09-01,1177.1354510498047,2017-09-29,1127.175,-4396.519692382819,241.24267087865348,0.0,-4637.762363261472,28,bear_cross
ADANIPORTS,254,2017-09-18,407.91724388122555,2017-09-29,373.46399391174316,-8751.125492248526,236.77648142283323,0.0,-8987.901973671358,11,bear_cross
TATACONSUM,493,2017-10-05,205.46237194061277,2017-10-24,203.49,-972.3793667220907,239.68901707716202,0.0,-1212.0683837992528,19,bear_cross
DRREDDY,228,2017-09-08,446.9144877624512,2017-11-13,469.7626524353028,5209.3815454101705,247.44480677078585,0.0,4961.936738639384,66,bear_cross
ESCORTS,153,2017-10-05,660.6474999999999,2017-11-13,700.245,6058.417500000012,246.50696098781498,0.0,5811.910539012197,39,bear_cross
COALINDIA,389,2017-09-07,259.34676223754883,2017-11-14,273.66413108825685,5569.4564829254205,245.56992741036424,0.0,5323.886555515056,68,bear_cross
HINDZINC,323,2017-10-05,314.78499999999997,2017-11-14,312.16763717651367,-845.408191986076,240.67196333984447,646.0,-440.0801553259205,40,bear_cross
PFC,813,2017-10-24,106.58579969406128,2017-11-15,99.67019817352296,-5622.384036197652,202.2967317781557,3902.3999999999996,-1922.280767975808,22,bear_cross
GAIL,1068,2017-08-24,96.87912128448487,2017-11-20,110.72253044128419,14784.760979461678,260.8722038794928,720.9000000000001,15244.788775582185,88,bear_cross
PETRONET,428,2017-10-05,236.58999999999997,2017-11-20,254.3625,7606.630000000016,248.51678362401998,0.0,7358.113216375995,46,bear_cross
ASIANPAINT,89,2017-11-16,1185.9575,2017-11-20,1170.0675,-1414.2099999999887,248.70228055735,0.0,-1662.9122805573386,4,bear_cross
RELIANCE,249,2017-11-23,426.68594192504884,2017-12-06,414.98133934020996,-2914.4460436248814,248.69124114037908,0.0,-3163.1372847652606,13,bear_cross
BAJAJ-AUTO,1,2017-09-06,2945.345,2017-12-07,3102.8732775878907,157.5282775878909,22.056259680479343,0.0,135.47201790741155,92,bear_cross
GAIL,904,2017-11-23,117.79378059387206,2017-12-07,113.72749614715578,-3675.9211398315183,248.4369683519267,0.0,-3924.358108183445,14,bear_cross
NTPC,699,2017-11-23,151.96228656768798,2017-12-07,147.13125,-3376.894560813904,248.15996489480278,0.0,-3625.0545257087065,14,bear_cross
HDFCBANK,228,2017-11-23,465.91187499999995,2017-12-08,452.36625000000004,-3088.402499999981,248.47319605697498,0.0,-3336.8756960569563,15,bear_cross
BAJAJFINSV,205,2017-11-24,515.3952603149414,2017-12-08,507.7275,-1571.8908645629879,248.77411076357728,0.0,-1820.6649753265651,14,bear_cross
JUBLFOOD,718,2017-10-05,142.25474388122558,2017-12-12,168.07875,18541.636393280045,261.81506881731093,0.0,18279.821324462737,68,bear_cross
BEL,1719,2017-12-13,60.48416539192199,2017-12-18,59.76687246322633,-1233.0265444278448,245.3796277628417,0.0,-1478.4061721906864,5,bear_cross
MANAPPURAM,1024,2017-11-23,103.5582530593872,2017-12-19,102.14400152206422,-1448.1935742187343,249.76482286103885,0.0,-1697.9583970797732,26,bear_cross
RELIANCE,228,2017-12-13,420.22378189086913,2017-12-26,421.7532769775391,348.72487976074945,228.86328136366402,0.0,119.86159839708543,13,bear_cross
BHARTIARTL,218,2017-12-12,481.66138618469233,2018-01-15,458.3123155975342,-5090.097388000468,243.66961738773762,0.0,-5333.767005388206,34,bear_cross
GAIL,846,2017-12-08,124.56065559387207,2018-01-18,117.23121946334841,-6200.702966423017,243.3542924723892,1617.9750000000001,-4826.082258895406,41,bear_cross
APOLLOTYRE,416,2017-11-24,253.6325,2018-01-24,264.13798782348636,4370.282934570327,254.61616364746087,0.0,4115.666770922866,61,bear_cross
SHRIRAMFIN,488,2017-10-04,208.91562465667724,2018-01-25,276.08281288146975,32777.587853698744,276.16508480210587,475.484264,32976.90703289664,113,bear_cross
ACC,60,2017-12-26,1725.9541494750977,2018-01-31,1723.7797256469728,-130.46542968749236,245.60006457256907,0.0,-376.0654942600614,36,bear_cross
DRREDDY,207,2017-12-19,482.10224388122555,2018-02-01,443.88750000000005,-7910.451983413679,229.15912913436733,0.0,-8139.611112548047,44,bear_cross
CANBK,1456,2018-01-25,77.13235244750976,2018-02-01,68.22900152206421,-12963.278947448722,251.74867234462488,0.0,-13215.027619793345,7,bear_cross
BANKBARODA,662,2018-01-24,173.58286888122558,2018-02-02,149.82449695587158,-15728.042214584348,254.68091792740864,0.0,-15982.723132511755,9,bear_cross
CIPLA,134,2018-01-24,623.5048872375488,2018-02-02,584.5350000000001,-5221.96488983153,195.80497708625532,0.0,-5417.769866917785,9,bear_cross
SUNTV,115,2017-12-12,907.4630122375488,2018-02-05,945.2808993530273,4349.057018280024,252.02921675106404,0.0,4097.02780152896,55,bear_cross
HEG,264,2017-12-13,393.7819877624512,2018-02-07,463.2389939117432,18336.649623413086,265.6505457632737,0.0,18070.999077649813,56,bear_cross
BRITANNIA,44,2018-02-06,2255.625,2018-02-07,2301.6813262939454,2026.4783569335978,238.24930977635307,0.0,1788.2290471572446,1,bear_cross
AXISBANK,12,2017-12-18,539.2948872375488,2018-02-08,561.3929878234864,265.1772070312509,30.013053265614406,0.0,235.16415376563646,52,bear_cross
PETRONET,424,2018-02-01,253.13125,2018-02-08,246.38250000000002,-2861.4699999999884,251.15533750498,0.0,-3112.6253375049682,7,bear_cross
KOTAKBANK,470,2018-01-15,205.5125,2018-02-14,209.47500000000002,1862.375000000016,232.16857678975003,0.0,1630.206423210266,30,bear_cross
HCLTECH,238,2017-12-12,441.60125,2018-02-15,470.82000000000005,6954.062500000014,256.384369093045,238.0,6935.678130906969,65,bear_cross
IOC,793,2018-01-31,140.9849146270752,2018-02-15,125.9509959411621,-11921.897517929083,251.7084413793802,5022.333068999999,-7151.2728903084635,15,bear_cross
JUBLFOOD,499,2018-02-15,204.76062499999998,2018-02-16,202.29300304412843,-1231.3433559799037,241.38399093256885,0.0,-1472.7273469124725,1,bear_cross
EICHERMOT,35,2018-02-16,2847.1,2018-02-20,2705.2200000000003,-4965.799999999988,231.88762786720002,0.0,-5197.687627867188,4,bear_cross
SUNPHARMA,174,2018-02-19,576.4375,2018-02-21,558.6498628234864,-3095.0488687133684,235.27809943480358,0.0,-3330.326968148172,2,bear_cross
APOLLOTYRE,373,2018-02-16,273.6825,2018-02-22,259.35,-5346.022499999994,236.91076128323502,0.0,-5582.933261283229,6,bear_cross
HEG,182,2018-02-16,567.415,2018-02-22,504.93451217651375,-11371.448783874492,233.2984803812759,0.0,-11604.747264255768,6,bear_cross
PETRONET,408,2018-02-16,250.625,2018-02-22,242.3925,-3358.859999999995,239.35364954284,0.0,-3598.213649542835,6,bear_cross
CIPLA,168,2018-02-16,612.8282377624512,2018-02-23,590.3204878234864,-3781.30198974609,240.47309433656824,0.0,-4021.775084082658,7,bear_cross
BALKRISIND,89,2018-02-19,1132.825,2018-02-23,1078.8959756469726,-4799.683167419443,234.6694960811201,133.5,-4900.852663500563,4,bear_cross
BAJAJFINSV,196,2018-02-15,521.3,2018-02-26,503.8372560882569,-3422.6978067016425,239.10899389674086,0.0,-3661.8068005983832,11,bear_cross
VEDL,288,2018-02-27,344.35875,2018-03-07,311.81850608825687,-9371.590246582018,226.26429808849434,0.0,-9597.854544670512,8,bear_cross
BAJAJFINSV,190,2018-02-27,522.1019877624511,2018-03-08,485.1790015411377,-7015.367382049548,228.76218162923084,0.0,-7244.129563678779,9,bear_cross
AUROPHARMA,13,2018-03-07,608.01625,2018-03-08,595.5075,-162.61374999999953,32.7566875596025,0.0,-195.370437559602,1,bear_cross
APOLLOTYRE,372,2018-02-28,265.7627561187744,2018-03-09,262.6417378234863,-1161.0188058471663,234.088798980099,0.0,-1395.1076048272653,9,bear_cross
HEG,167,2018-03-08,529.3199999999999,2018-03-09,524.2859756469727,-840.6820669555482,211.1333318489279,0.0,-1051.815398804476,1,bear_cross
NCC,788,2018-02-26,127.11700305938719,2018-03-13,123.69000000000001,-2700.478410797094,235.39391733649097,0.0,-2935.872328133585,15,bear_cross
TCS,65,2018-02-27,1524.30125,2018-03-14,1442.8587881469728,-5293.76002044677,230.28166291220344,0.0,-5524.041683358973,15,bear_cross
BHARATFORG,131,2018-02-14,786.9625,2018-03-15,736.1550000000001,-6655.782499999986,237.795764674855,0.0,-6893.57826467484,29,bear_cross
IOC,701,2018-03-14,136.34,2018-03-21,115.9759959411621,-14275.166845245372,213.1657947878214,0.0,-14488.332640033193,7,bear_cross
KOTAKBANK,456,2018-02-26,216.7404969406128,2018-03-22,209.6944512176514,-3212.996849670396,231.89314525679484,0.0,-3444.889994927191,24,bear_cross
HEROMOTOCO,25,2018-03-13,3704.1873260498046,2018-03-22,3464.5169512939456,-5991.759368896475,215.15212321123852,0.0,-6206.9114921077135,9,bear_cross
ASIANPAINT,83,2018-03-15,1134.9803994750976,2018-03-22,1099.74375,-2924.6419064330894,221.89075397732512,0.0,-3146.5326604104143,7,bear_cross
INDUSTOWER,272,2018-03-21,346.66448776245113,2018-03-22,336.5564939117432,-2749.37432739256,222.27140353510623,0.0,-2971.645730927666,1,bear_cross
M&MFIN,304,2018-03-22,275.81376091003415,2018-03-26,259.6899073791503,-4901.651473388682,196.79966192308132,0.0,-5098.451135311763,4,bear_cross
BRITANNIA,42,2018-02-16,2406.50125,2018-03-27,2431.40625,1046.0100000000084,241.29367712868998,0.0,804.7163228713184,39,bear_cross
FORTIS,644,2018-02-21,151.87875,2018-03-27,151.62,-166.63499999999487,232.77580446217002,0.0,-399.4108044621649,34,bear_cross
INFY,168,2018-02-23,583.2043749999999,2018-04-03,565.9316006469727,-2901.8260913085724,230.3130036499399,0.0,-3132.139094958512,39,bear_cross
INDUSTOWER,270,2018-03-27,347.5667622375488,2018-04-06,337.15500000000003,-2811.175804138168,221.2067592790885,0.0,-3032.3825634172563,10,bear_cross
HCLTECH,192,2018-03-28,481.97693138122554,2018-05-08,463.93725608825685,-3463.6176562499895,217.62996990844476,0.0,-3681.2476261584343,41,bear_cross
NTPC,13,2018-03-14,141.43603656768798,2018-05-10,142.47624492645264,13.522708663940563,19.444720227151226,0.0,-5.922011563210663,57,bear_cross
SHRIRAMFIN,366,2018-03-13,265.1005211639404,2018-05-11,290.03953285217284,9127.678277893068,240.67547658475058,0.0,8887.00280130832,59,bear_cross
BIOCON,313,2018-04-06,305.010625,2018-05-11,313.6638871765137,2708.4710612487856,230.54886060017333,0.0,2477.922200648612,35,bear_cross
M&MFIN,347,2018-03-27,271.38239151000977,2018-05-16,291.7406526947022,7064.316631088271,232.17842048238901,0.0,6832.138210605882,50,bear_cross
JUBLFOOD,453,2018-03-14,205.21174694061278,2018-05-17,247.38000000000002,19102.21863590242,241.9773296080977,0.0,18860.24130629432,64,bear_cross
ZEEL,159,2018-03-28,585.96125,2018-05-17,578.5500000000001,-1178.3887499999812,221.39845810548252,0.0,-1399.7872081054638,50,bear_cross
JUBLPHARMA,6,2018-05-11,635.705968170166,2018-05-22,585.3759100341797,-301.98034881591775,23.512681372995893,0.0,-325.4930301889136,11,bear_cross
GAIL,794,2018-05-08,114.75283384323119,2018-05-23,108.89374746322632,-4652.114585723865,213.22483294021347,0.0,-4865.339418664079,15,bear_cross
TATASTEEL,8,2018-05-11,59.8492507648468,2018-05-24,54.25402439117432,-44.76181098937985,16.358790479049873,0.0,-61.120601468429726,13,bear_cross
BPCL,500,2018-05-23,197.3922438812256,2018-05-24,187.53,-4931.1219406127975,229.8047409590153,0.0,-5160.926681571813,1,bear_cross
BIOCON,306,2018-05-17,322.30375,2018-06-07,303.24,-5833.507499999991,228.710251015825,0.0,-6062.217751015815,21,bear_cross
RADICO,274,2018-03-28,338.84499999999997,2018-06-11,399.09975608825687,16509.80316818239,239.0267685318514,0.0,16270.776399650538,75,bear_cross
AXISBANK,173,2018-05-29,548.3675,2018-06-11,538.4504878234864,-1715.643106536852,224.62270638035,0.0,-1940.265812917202,13,bear_cross
ASIANPAINT,71,2018-04-03,1147.9126739501953,2018-06-19,1269.8175,8655.24264953614,205.6451829849949,429.55,8879.147466551143,77,bear_cross
HEG,140,2018-05-10,641.1890019226074,2018-06-20,632.4150000000001,-1228.3602691650276,213.77918969096817,0.0,-1442.1394588559958,41,bear_cross
IGL,716,2018-06-12,139.2723155593872,2018-06-20,126.10894054412842,-9424.976510925297,227.41845156751398,0.0,-9652.39496249281,8,bear_cross
WIPRO,993,2018-06-19,99.98060565948487,2018-06-21,97.63033533096313,-2333.8184362220786,233.79986763117304,0.0,-2567.6183038532517,2,bear_cross
BAJAJ-AUTO,32,2018-06-08,2895.22,2018-06-28,2753.1000000000004,-4547.839999999982,216.74428985344002,0.0,-4764.584289853422,20,bear_cross
SBIN,373,2018-05-24,264.5096311187744,2018-06-29,257.604375,-2575.660532302847,232.1726014427021,0.0,-2807.8331337455493,36,bear_cross
ICICIBANK,326,2018-06-25,300.5494877624512,2018-06-29,271.32,-9528.813010559086,223.43990308145592,0.0,-9752.252913640541,4,bear_cross
TVSMOTOR,166,2018-06-22,581.1492622375488,2018-07-02,562.2408993530274,-3138.7882388305443,226.71314574957051,0.0,-3365.501384580115,10,bear_cross
BAJAJFINSV,172,2018-05-21,574.9337499999999,2018-07-03,576.3355792236329,241.11462646486643,235.59868882744237,0.0,5.515937637424059,43,bear_cross
BHARTIARTL,220,2018-06-28,337.6418347930908,2018-07-05,328.13649559020996,-2091.17462463379,178.43231616228806,0.0,-2269.6069407960777,7,bear_cross
LUPIN,4,2018-06-11,813.0274999999999,2018-07-18,817.95,19.69000000000051,22.59575987746,0.0,-2.9057598774594897,37,bear_cross
INDUSTOWER,268,2018-07-05,297.4417622375488,2018-07-23,286.2825,-2990.6822796630713,189.58698477548563,3752.0,571.730735561443,18,bear_cross
JUBLFOOD,383,2018-05-24,258.14375,2018-08-02,278.3025,7720.8012499999995,243.3146683152325,0.0,7477.486581684767,70,bear_cross
HDFCBANK,188,2018-06-22,515.5230815124512,2018-08-08,532.6276181030273,3215.65287902831,234.3010219394866,0.0,2981.3518570888236,47,bear_cross
BRITANNIA,37,2018-03-28,2488.6059020996095,2018-08-09,3152.1000000000004,24549.281622314462,245.66474219837409,462.5,24766.116880116086,134,bear_cross
HCLTECH,206,2018-07-02,464.65875,2018-08-10,479.4483689117432,3046.661495819103,231.45896767416173,206.0,3021.2025281449414,39,bear_cross
APOLLOTYRE,262,2018-07-18,277.6423872375488,2018-08-14,261.44475608825684,-4243.779361114495,172.77543191480697,0.0,-4416.554793029302,27,bear_cross
IDEA,3091,2018-08-09,33.27642690658569,2018-08-17,30.554249882698056,-8414.249180836681,235.44946435578856,0.0,-8649.69864519247,8,bear_cross
GRAPHITE,108,2018-07-03,890.2199999999999,2018-08-29,1001.49,12017.16000000001,241.70846486008003,1296.0,13071.451535139931,57,bear_cross
HEG,132,2018-07-04,733.7197396850586,2018-08-30,835.9050000000001,13488.454361572278,244.80828304186292,1320.0,14563.646078530415,57,bear_cross
SAMMAANCAP,5,2018-07-23,1074.1242929077148,2018-08-30,1138.654895324707,322.6530120849611,27.623345252418005,44.569289999999995,339.5989568325431,38,bear_cross
BEML,270,2018-08-29,344.8957336425781,2018-08-31,346.3258630371094,386.13493652345653,222.91918377829813,0.0,163.2157527451584,2,bear_cross
BEL,2000,2018-08-02,39.0975,2018-09-05,36.37550050735474,-5443.99898529052,183.6615371286657,266.666,-5360.994522419186,34,bear_cross
BEML,288,2018-09-04,354.60515785217285,2018-09-05,327.6339404296875,-7767.710617675773,234.49351580896507,0.0,-8002.204133484738,1,bear_cross
BAJFINANCE,481,2018-05-18,207.507480506897,2018-09-07,269.1653963470459,29657.457519111616,268.1677532141181,192.4,29581.6897658975,112,bear_cross
HEG,120,2018-09-03,865.9594877624511,2018-09-10,821.94,-5282.338531494124,241.05171749992735,0.0,-5523.390248994051,7,bear_cross
ULTRACEMCO,25,2018-07-02,3807.495,2018-09-11,4144.363125,8421.703125,235.85073950059376,262.5,8448.352385499406,71,bear_cross
DABUR,215,2018-09-17,469.16999999999996,2018-09-19,469.52326217651375,75.95136795046585,239.83902730341998,0.0,-163.88765935295413,2,bear_cross
DLF,481,2018-09-17,207.51749999999998,2018-09-19,201.19574695587158,-3040.7632142257603,234.25714504199289,0.0,-3275.0203592677535,2,bear_cross
ASHOKLEY,1610,2018-08-10,64.66125,2018-09-21,63.29137576103211,-2205.4975247383004,244.66519478020132,0.0,-2450.1627195185015,42,bear_cross
EICHERMOT,35,2018-08-14,2852.7140979003907,2018-09-25,2579.5350000000003,-9561.268426513663,227.5574222819529,0.0,-9788.825848795615,42,bear_cross
DABUR,212,2018-09-21,466.16249999999997,2018-09-25,429.0746189117432,-7862.630790710437,227.05353151933224,0.0,-8089.68432222977,4,bear_cross
GRASIM,94,2018-09-18,1064.931813354492,2018-09-28,1024.349456176758,-3814.741574707009,234.09423349003592,0.0,-4048.835808197045,10,bear_cross
BAJAJ-AUTO,37,2018-09-03,2771.9125,2018-10-03,2728.1625000000004,-1618.7499999999832,241.83911417665,0.0,-1860.589114176633,30,bear_cross
DRREDDY,223,2018-08-08,453.7315061187744,2018-10-05,470.0220121765137,3632.7828508758685,244.2198785350161,0.0,3388.5629723408524,58,bear_cross
UBL,68,2018-09-28,1433.5749999999998,2018-10-05,1223.9325000000001,-14255.68999999998,217.43263233706,0.0,-14473.122632337041,7,bear_cross
CIPLA,126,2018-08-17,651.6751127624511,2018-10-08,635.0084756469727,-2099.996276550287,195.84313224561114,0.0,-2295.839408795898,52,bear_cross
ONGC,561,2018-09-21,177.7432530593872,2018-10-08,148.6275,-16333.93746631622,220.23990109345866,0.0,-16554.17736740968,17,bear_cross
GAIL,759,2018-09-24,130.325,2018-10-08,109.7416209411621,-15622.78470565796,219.20383494974214,0.0,-15841.988540607701,14,bear_cross
BPCL,533,2018-09-26,185.8634938812256,2018-10-08,136.15875,-26492.628488693244,208.2579279656103,0.0,-26700.886416658854,12,bear_cross
ZEEL,188,2018-10-17,475.185,2018-10-25,432.7154878234864,-7984.268289184558,205.81016273255017,0.0,-8190.078451917108,8,bear_cross
DRREDDY,172,2018-10-23,506.2524652099609,2018-10-25,481.1142073059083,-4323.780359497054,204.58093256851262,0.0,-4528.361292065566,2,bear_cross
COALINDIA,314,2018-10-23,275.18625,2018-11-05,261.29513717651366,-4361.809426574701,203.05766149780487,0.0,-4564.867088072506,13,bear_cross
COFORGE,361,2018-10-26,234.78549694061277,2018-11-15,227.72925304412843,-2547.304046630849,201.2670578562182,0.0,-2748.571104487067,20,bear_cross
ADANIENT,560,2018-10-17,160.50025611877442,2018-11-22,161.49524391174316,557.1931640624962,215.8844571885862,0.0,341.30870687390995,36,bear_cross
ONGC,558,2018-11-16,158.39499999999998,2018-11-26,152.6175,-3223.844999999986,208.63425983485,0.0,-3432.4792598348363,10,bear_cross
GRAPHITE,85,2018-10-19,1026.56,2018-11-27,934.6575,-7811.712499999993,201.367838153425,1700.0,-6313.080338153418,39,bear_cross
HCLTECH,171,2018-11-27,500.5983811187744,2018-11-29,520.3458993530273,3376.825618057252,209.29221497653577,0.0,3167.533403080716,2,bear_cross
BEL,3159,2018-10-22,28.036581931114195,2018-12-03,27.9798742389679,-179.13959949015225,212.20033496580226,0.0,-391.3399344559545,42,bear_cross
IDBI,1499,2018-10-11,58.144999999999996,2018-12-05,59.650499238967896,2256.7433592128823,211.5943380175676,0.0,2045.1490211953148,55,bear_cross
HEG,93,2018-10-17,964.3849304199218,2018-12-05,807.975,-14546.123529052727,199.78825459523839,558.0,-14187.911783647965,49,bear_cross
HCLTECH,174,2018-11-30,510.2725,2018-12-11,469.32375,-7125.082499999993,205.483703004985,0.0,-7330.566203004978,11,bear_cross
LUPIN,94,2018-12-03,888.7663627624511,2018-12-11,800.9925000000001,-8250.743099670395,192.65040809654727,0.0,-8443.393507766943,8,bear_cross
MOTHERSON,57,2018-12-05,45.19347050666809,2018-12-11,40.730164260864264,-254.4084560108182,20.807252745061874,0.0,-275.2157087558801,6,bear_cross
APOLLOHOSP,78,2018-10-16,1134.6295489501952,2018-12-14,1224.93,7043.435181884783,219.54522193089898,0.0,6823.889959953884,59,bear_cross
INFY,127,2018-12-05,684.7075,2018-12-27,651.1181250000001,-4265.850624999988,204.37945470275127,0.0,-4470.23007970274,22,bear_cross
BIOCON,272,2018-12-17,326.31374999999997,2018-12-28,305.6090625,-5631.674999999994,206.96606168502998,0.0,-5838.641061685024,11,bear_cross
ITC,298,2018-12-28,269.469785003662,2018-12-31,271.6316578674316,644.2381134033373,194.66518065571637,0.0,449.5729327476209,3,bear_cross
TVSMOTOR,151,2018-12-13,580.4976127624511,2019-01-04,535.6575,-6770.857027130116,203.33207857654645,0.0,-6974.189105706662,22,bear_cross
APOLLOTYRE,47,2018-11-05,221.05124999999998,2019-01-08,229.425,393.5662500000014,38.8627692490525,0.0,354.7034807509489,64,bear_cross
DABUR,182,2018-11-22,396.1880122375489,2019-01-08,421.29413108825685,4569.3136308288485,180.50301296307234,0.0,4388.810617865776,47,bear_cross
GODREJCP,118,2018-11-27,741.8499999999999,2019-01-14,781.9901371765137,4736.536186828629,215.00997135903316,0.0,4521.526215469596,48,bear_cross
INDIGO,98,2018-10-29,871.1724999999999,2019-01-16,1078.9957012939453,20366.673726806654,226.41162266709156,0.0,20140.26210413956,79,bear_cross
FEDERALBNK,1083,2018-10-17,83.2075,2019-01-21,90.2238719558716,7598.730828208949,223.70906013623892,0.0,7375.02176807271,96,bear_cross
WOCKPHARMA,188,2019-01-16,471.12540733337397,2019-01-21,452.1321869659424,-3570.7254290771307,208.69081444667637,0.0,-3779.4162435238068,5,bear_cross
SUNPHARMA,196,2019-01-09,451.62624999999997,2019-01-22,409.9725,-8164.134999999989,203.80804346713,0.0,-8367.943043467118,13,bear_cross
BEL,2215,2018-12-27,30.158540391921992,2019-01-23,28.395498604774478,-3905.1375585317446,159.90882475060232,0.0,-4065.046383282347,27,bear_cross
BANKBARODA,793,2018-12-17,111.9792469406128,2019-01-24,111.72,-205.58282390594843,212.68901561412287,0.0,-418.2718395200713,38,bear_cross
BHEL,1202,2019-01-23,71.428125,2019-01-28,66.33375000000001,-6123.438749999982,200.0023157643925,0.0,-6323.441065764375,5,bear_cross
BPCL,477,2019-01-24,179.02143444061278,2019-01-28,178.05375,-461.5854781722919,204.84501843695966,0.0,-666.4304966092516,4,bear_cross
TMPV,461,2019-01-08,176.5402561187744,2019-01-30,173.86425304412842,-1233.6374174118016,195.12667095786506,0.0,-1428.7640883696665,22,bear_cross
SRF,19,2019-01-28,415.43599388122556,2019-02-04,390.7007926940919,-469.9688225555397,32.41352422762661,0.0,-502.38234678316627,7,bear_cross
YESBANK,458,2018-12-31,183.65799694061278,2019-02-06,178.45274391174317,-2384.00588722228,200.00768608272315,0.0,-2584.013573305003,37,bear_cross
APOLLOHOSP,70,2018-12-17,1249.115,2019-02-11,1296.75,3334.4499999999994,213.33240133330003,0.0,3121.1175986666995,56,bear_cross
AUROPHARMA,1,2019-01-14,771.8748872375488,2019-02-12,768.075,-3.7998872375487736,17.05333448580519,0.0,-20.85322172335396,29,bear_cross
DRREDDY,162,2019-01-23,529.2898956298828,2019-02-19,515.4980030822754,-2234.2865927123994,203.78856050973056,0.0,-2438.0751532221298,27,bear_cross
MARUTI,12,2019-02-12,7210.982499999999,2019-02-19,6837.8625,-4477.439999999988,203.21204165284,0.0,-4680.652041652827,7,bear_cross
ASIANPAINT,60,2019-02-01,1415.9310244750975,2019-02-20,1376.5500000000002,-2362.861468505839,201.89957340087267,0.0,-2564.761041906712,19,bear_cross
DABUR,200,2019-01-28,431.826875,2019-02-21,424.935,-1378.374999999994,206.05678818925,0.0,-1584.4317881892441,24,bear_cross
BAJFINANCE,306,2019-02-06,262.5547438812256,2019-02-21,260.3475,-675.416627655023,193.38461186019737,0.0,-868.8012395152205,15,bear_cross
JUBLFOOD,318,2019-02-04,269.47198776245114,2019-03-06,257.3350609588623,-3859.54272354125,201.98488204934787,0.0,-4061.527605590598,30,bear_cross
WIPRO,664,2019-01-21,127.81878059387206,2019-03-08,130.22362804412842,1596.8187069702199,205.82005988289063,249.0,1639.9986470873291,46,bear_cross
TECHM,119,2019-01-22,715.785,2019-03-18,802.9376371765137,10371.163824005134,215.6050674109859,0.0,10155.55875659415,55,bear_cross
DMART,54,2019-02-11,1473.675,2019-04-08,1445.3775,-1528.0649999999946,190.80186670201,0.0,-1718.8668667020047,56,bear_cross
BPCL,387,2019-03-06,182.8559938812256,2019-04-09,172.816875,-3885.1390070343036,168.7489545438541,0.0,-4053.8879615781575,34,bear_cross
ASIANPAINT,59,2019-03-18,1449.615,2019-04-16,1439.143125,-617.8406249999973,204.98117842400126,0.0,-822.8218034239986,29,bear_cross
NCC,1002,2019-02-22,85.1122515296936,2019-04-18,105.735,20663.993967247017,226.5144273929671,0.0,20437.47953985405,55,bear_cross
YESBANK,41,2019-02-19,215.63775611877438,2019-04-24,232.41750000000002,687.9694991302513,35.723595852325744,0.0,652.2459032779255,64,bear_cross
JINDALSTEL,563,2019-02-21,150.32487194061278,2019-04-30,175.06125,13926.580847435005,218.0798165030756,0.0,13708.50103093193,68,bear_cross
PFC,961,2019-02-22,88.22,2019-04-30,91.69019817352297,3334.8604447555776,207.4178752035921,0.0,3127.4425695519853,67,bear_cross
BANKBARODA,701,2019-03-08,115.9391265296936,2019-04-30,122.69250000000001,4734.114802684796,201.06907384191328,0.0,4533.045728842882,53,bear_cross
RECLTD,880,2019-02-21,96.0144390296936,2019-05-02,110.64769054412841,12877.261332702627,216.6793351614607,7260.0,19920.581997541165,70,bear_cross
TITAN,85,2019-01-04,936.3349999999999,2019-05-10,1105.23,14356.075000000008,207.30247258315,0.0,14148.772527416859,126,bear_cross
HINDUNILVR,48,2019-04-18,1742.8964239501952,2019-05-10,1704.6775762939453,-1834.5046874999935,199.5624840107105,0.0,-2034.067171510704,22,bear_cross
BAJAJ-AUTO,19,2019-04-16,3052.6124999999997,2019-05-15,2929.906875,-2331.4068749999924,141.95967402508376,0.0,-2473.366549025076,29,bear_cross
LUPIN,116,2019-04-08,789.9699999999999,2019-05-16,764.1348628234864,-2996.8759124755675,216.10505228138234,0.0,-3212.9809647569496,38,bear_cross
HDFCBANK,154,2019-05-03,592.5276127624511,2019-05-16,568.7121684265137,-3667.5784277343596,214.547663787207,0.0,-3882.1260915215667,13,bear_cross
BPCL,460,2019-05-07,194.71056861877437,2019-05-16,177.555,-7891.561564636209,206.42267509481846,0.0,-8097.9842397310285,9,bear_cross
WIPRO,643,2019-04-11,142.104375,2019-05-23,142.44300304412843,217.7378323745786,218.8538810915899,0.0,-1.1160487170112958,42,bear_cross
BPCL,468,2019-05-20,195.48749999999998,2019-06-18,189.00131858825682,-3035.532900695799,215.73485393342077,0.0,-3251.26775462922,29,bear_cross
JINDALSTEL,577,2019-06-18,155.638125,2019-06-20,145.8344969558716,-5656.693381462088,209.26694517278844,0.0,-5865.960326634877,2,bear_cross
HINDPETRO,467,2019-05-02,194.98624999999998,2019-06-24,192.68375507354736,-1075.2651306533755,216.81273220781435,2926.533489,1634.45562613881,53,bear_cross
ADANIENT,29,2019-05-23,169.92374999999998,2019-06-25,146.13375000000002,-689.909999999999,25.587686771005,0.0,-715.4976867710039,33,bear_cross
HINDUNILVR,45,2019-05-21,1777.3322744750976,2019-06-26,1748.6175,-1292.16485137939,191.939858180967,585.0,-899.1047095603572,36,bear_cross
SHRIRAMFIN,415,2019-06-26,219.38680568695068,2019-07-02,205.5896419143677,-5725.822965621941,211.9591720431344,0.0,-5937.782137665075,6,bear_cross
TITAN,75,2019-05-15,1162.8999999999999,2019-07-10,1100.2425,-4699.312499999985,204.50744562662499,0.0,-4903.81994562661,56,bear_cross
BAJAJFINSV,110,2019-05-20,807.6139755249023,2019-07-10,780.0350152587891,-3033.685629272452,209.83965537878498,0.0,-3243.525284651237,51,bear_cross
SRF,168,2019-05-15,519.295,2019-07-11,550.62,5262.600000000008,214.89552240232,0.0,5047.704477597687,57,bear_cross
HDFCBANK,149,2019-05-20,603.505,2019-07-11,599.2481250000001,-634.2743749999885,214.74208970066877,558.75,-290.26646470065725,52,bear_cross
BAJFINANCE,264,2019-05-21,342.6595051574707,2019-07-12,346.1325,916.8706384277398,217.55235355446706,158.4,857.7182848732726,52,bear_cross
HINDALCO,383,2019-06-27,210.1741188812256,2019-07-12,198.5025,-4470.23003150941,189.79255292428445,0.0,-4660.022584433695,15,bear_cross
UNIONBANK,1119,2019-06-26,76.0897515296936,2019-07-19,75.11175304412842,-1094.380305347437,203.63503726658482,0.0,-1298.0153426140218,23,bear_cross
CANBK,1664,2019-06-24,54.3355007648468,2019-07-23,53.067000761032105,-2110.7840063476506,214.30502015550445,0.0,-2325.089026503155,29,bear_cross
INDUSINDBK,56,2019-07-12,1553.875,2019-07-23,1422.1357012939454,-7377.400727539056,201.2831060248466,0.0,-7578.683833563902,11,bear_cross
LTF,776,2019-07-12,111.61298475265502,2019-07-23,100.29396291732789,-8783.560944213856,198.92257765392145,721.768464,-8260.715057867776,11,bear_cross
ADANIPORTS,205,2019-07-19,415.5863627624512,2019-07-23,407.9775,-1559.8168663024894,203.26514964059876,0.0,-1763.0820159430882,4,bear_cross
SBIN,275,2019-05-20,332.83,2019-07-25,340.8457621765137,2204.3345985412684,221.2599388775343,0.0,1983.074659663734,66,bear_cross
SAMMAANCAP,133,2019-07-10,615.7002069091797,2019-07-25,548.610083770752,-8922.986377410878,188.26892915578114,0.0,-9111.255306566658,15,bear_cross
HINDPETRO,1,2019-07-23,196.02217380523683,2019-07-25,185.40200202941895,-10.62017177581788,15.765095054626713,0.0,-26.385266830444593,2,bear_cross
HINDALCO,17,2019-07-23,202.5551280593872,2019-07-26,196.258125,-107.04905200958206,22.88994702380799,0.0,-129.93899903339005,3,bear_cross
ACC,53,2019-07-17,1620.04,2019-08-01,1550.8132012939454,-3669.0203314208898,202.56081121550199,0.0,-3871.5811426363916,15,bear_cross
DRREDDY,163,2019-07-12,530.9239755249023,2019-08-05,503.33850608825685,-4496.431518173206,203.21195815364598,652.0,-4047.6434763268526,24,bear_cross
INDIGO,52,2019-07-29,1577.935,2019-08-08,1493.2575000000002,-4403.229999999989,193.32371638606,0.0,-4596.553716386049,10,bear_cross
LUPIN,105,2019-08-08,787.7644877624512,2019-08-16,732.1650000000001,-5837.946215057363,193.30960755133643,0.0,-6031.255822608699,8,bear_cross
UNITDSPR,138,2019-08-08,604.0563627624512,2019-08-22,575.6572256469727,-3919.0809219360226,196.73415648503317,0.0,-4115.815078421056,14,bear_cross
ACC,51,2019-08-16,1593.975,2019-08-22,1479.4421493530274,-5841.175382995599,190.14135970332802,0.0,-6031.316742698928,6,bear_cross
SUNPHARMA,201,2019-07-16,421.8519877624512,2019-08-23,413.96250000000003,-1585.787040252682,202.3417092938683,552.75,-1235.3787495465504,38,bear_cross
BHARTIARTL,230,2019-08-08,360.1531118011474,2019-09-04,328.9833416748047,-7169.047129058824,192.1955694377145,0.0,-7361.242698496539,27,bear_cross
TITAN,74,2019-08-27,1110.77,2019-09-09,1062.3375,-3584.004999999992,194.49475917672999,0.0,-3778.499759176722,13,bear_cross
ASIANPAINT,59,2019-07-23,1412.5225,2019-09-11,1541.1375,7588.285000000001,208.62535587664001,0.0,7379.6596441233605,50,bear_cross
ICICIGI,70,2019-07-31,1152.875,2019-09-12,1132.5116006469727,-1425.4379547119083,193.40635152815418,0.0,-1618.8443062400625,43,bear_cross
TCS,37,2019-08-05,2205.3996520996093,2019-09-12,2149.6125,-2064.124627685537,194.74285032561158,0.0,-2258.8674780111487,38,bear_cross
PIDILITIND,134,2019-07-29,620.9986372375488,2019-09-20,648.375,3668.432610168462,204.28075349509032,0.0,3464.1518566733716,53,bear_cross
BIOCON,316,2019-09-09,237.54237194061278,2019-09-25,224.3876219558716,-4156.900995178215,178.02953576040875,0.0,-4334.930530938624,16,bear_cross
LUPIN,101,2019-09-11,768.9174999999999,2019-09-26,731.1675,-3812.7499999999886,184.16501525551,0.0,-3996.9150152554985,15,bear_cross
DABUR,6,2019-07-02,404.0075,2019-10-07,424.0871189117432,120.4777134704591,20.858028707360535,9.0,108.61968476309855,97,bear_cross
SAIL,2362,2019-09-25,34.085,2019-10-07,31.271625380516053,-6645.190851221086,187.56311674103816,0.0,-6832.753967962124,12,bear_cross
BEL,2384,2019-08-29,34.502705783844,2019-10-10,34.94574949264526,1056.2162017822097,199.4364137481375,0.0,856.7797880340722,42,bear_cross
ACC,49,2019-09-23,1659.1374999999998,2019-10-10,1456.1505487060547,-9946.360613403313,185.89376778434172,0.0,-10132.254381187655,17,bear_cross
ITC,337,2019-09-26,238.724259109497,2019-10-16,237.62967189788822,-368.87589031216453,193.9436189107533,0.0,-562.8195092229179,20,bear_cross
BAJAJFINSV,16,2019-09-12,737.33875,2019-10-30,817.6357850646973,1284.7525610351568,42.919851600373235,0.0,1241.8327094347835,48,bear_cross
ADANIPORTS,215,2019-09-12,375.9375,2019-10-31,398.25187500000004,4797.590625000009,200.14095546866878,0.0,4597.44966953134,49,bear_cross
VOLTAS,136,2019-08-08,604.00625,2019-11-11,693.2625,12138.850000000002,210.68976384130002,0.0,11928.160236158701,95,bear_cross
HEROMOTOCO,20,2019-10-30,2723.7925,2019-11-11,2628.4125000000004,-1907.599999999993,134.55956910460003,0.0,-2042.1595691045932,12,bear_cross
DIVISLAB,42,2019-09-04,1652.12,2019-11-14,1664.3287500000001,512.7675000000099,170.249516941585,0.0,342.5179830584249,71,bear_cross
ONGC,589,2019-10-15,137.3425,2019-11-19,134.6625,-1578.520000000004,193.67800548367,0.0,-1772.198005483674,35,bear_cross
SAMMAANCAP,425,2019-11-14,198.82916156768798,2019-11-21,186.27845226287843,-5334.0514545440565,197.80836247418296,2651.8725,-2879.9873170182395,7,bear_cross
HCLTECH,148,2019-10-16,545.8612499999999,2019-11-27,553.11375,1073.370000000008,196.19044205979998,148.0,1025.179557940208,42,bear_cross
BPCL,321,2019-11-20,265.1111372375488,2019-11-27,245.88375000000002,-6171.9913032531595,198.2701422566356,0.0,-6370.2614455097955,7,bear_cross
DABUR,179,2019-11-28,468.16749999999996,2019-11-29,465.58312500000005,-462.6031249999837,201.30374903229625,0.0,-663.90687403228,1,bear_cross
VOLTAS,115,2019-11-15,717.79,2019-12-04,686.0804878234864,-3646.5939002990654,195.20599923846635,0.0,-3841.799899537532,19,bear_cross
TECHM,118,2019-08-23,685.9606249999999,2019-12-09,757.5513871765137,8447.709936828622,204.18744971797062,0.0,8243.522487110651,108,bear_cross
AXISBANK,116,2019-10-15,684.3064755249023,2019-12-09,711.6663871765137,3173.7497515869172,195.23704501215383,0.0,2978.5127065747633,55,bear_cross
ACC,56,2019-12-05,1516.6822744750975,2019-12-09,1480.2900000000002,-2037.967370605451,202.18844419054113,0.0,-2240.155814795992,4,bear_cross
PVRINOX,48,2019-11-28,1745.3764855957031,2019-12-12,1700.4304083251955,-2157.4117089843676,199.49234653284446,0.0,-2356.904055517212,14,bear_cross
APOLLOHOSP,52,2019-12-09,1469.665,2019-12-12,1391.5125,-4063.9299999999957,181.14992768938004,0.0,-4245.079927689376,3,bear_cross
ADANIENT,503,2019-10-17,160.1995030593872,2020-01-02,207.48000000000002,23782.08996112824,219.2878125488966,0.0,23562.802148579343,77,bear_cross
TITAN,70,2019-12-16,1191.5214239501952,2020-01-06,1159.095,-2269.849676513661,198.54902568479042,0.0,-2468.3987021984517,21,bear_cross
KOTAKBANK,228,2019-11-29,322.805,2020-01-08,330.1126524353028,1666.1447552490317,180.8136083524439,0.0,1485.3311468965878,40,bear_cross
BIOCON,338,2019-10-10,233.58249999999998,2020-01-10,282.2925,16463.98000000001,208.07070799449997,0.0,16255.909292005512,92,bear_cross
AUROPHARMA,184,2019-12-12,449.2202561187744,2020-01-13,458.85,1771.872874145517,201.07338497880238,0.0,1570.7994891667147,32,bear_cross
JSWSTEEL,70,2019-10-31,236.28924694061277,2020-01-28,260.14798782348635,1670.1118618011503,53.87152471061438,0.0,1616.240337090536,89,bear_cross
TATASTEEL,1989,2019-12-13,43.132564029693604,2020-01-29,45.16679878234864,4046.092923030871,210.40555285648682,0.0,3835.6873701743843,47,bear_cross
ADANIPORTS,221,2020-01-06,388.96999999999997,2020-02-03,363.09000000000003,-5719.479999999987,200.65668945556,0.0,-5920.136689455547,28,bear_cross
SAMMAANCAP,121,2020-01-29,290.2458999633789,2020-02-04,231.18089893341065,-7146.865124626161,86.0606491424304,0.0,-7232.925773768591,6,bear_cross
SUNPHARMA,186,2020-01-08,444.0573872375489,2020-02-05,428.42625000000004,-2907.391526184085,196.08147649593016,0.0,-3103.4730026800153,28,bear_cross
FEDERALBNK,833,2020-01-02,88.7713780593872,2020-02-07,92.7675,3328.7695765304584,183.31047495814028,0.0,3145.459101572318,36,bear_cross
ACC,56,2020-01-10,1498.7375,2020-02-07,1487.2725,-642.0399999999954,201.40085764336004,0.0,-843.4408576433555,28,bear_cross
MUTHOOTFIN,43,2020-02-05,772.9275,2020-02-10,760.095,-551.7974999999992,88.711152179305,0.0,-640.5086521793042,5,bear_cross
BHARATFORG,171,2020-02-11,493.43051223754884,2020-02-13,481.4932621765138,-2041.269760436995,200.94448584237813,0.0,-2242.214246279373,2,bear_cross
BATAINDIA,48,2019-12-12,1722.1446005249022,2020-02-19,1795.749375,3533.0291748046984,202.9146883673019,0.0,3330.114486437397,69,bear_cross
GAIL,986,2020-02-14,86.88333078384399,2020-02-19,79.80000000000001,-6984.164152870161,198.68747605370297,4206.933662,-2975.917966923864,5,bear_cross
BAJAJ-AUTO,25,2020-02-04,3278.1749999999997,2020-02-20,3083.2725,-4872.562499999993,192.61825137962498,0.0,-5065.1807513796175,16,bear_cross
BAJAJFINSV,88,2020-02-11,966.7608505249024,2020-02-26,943.13625,-2078.9648461914067,202.45904983603677,0.0,-2281.4238960274433,15,bear_cross
INDIGO,14,2020-02-19,1478.6875,2020-02-27,1376.5500000000002,-1429.9249999999975,59.91381094495001,0.0,-1489.8388109449475,8,bear_cross
ASIANPAINT,44,2020-02-04,1874.675,2020-03-02,1810.5622256469726,-2820.962071533204,195.92869220961904,0.0,-3016.890763742823,27,bear_cross
AXISBANK,114,2020-02-28,720.6972744750976,2020-03-02,707.5267378234863,-1501.4411782836899,196.5718135996234,0.0,-1698.0129918833134,3,bear_cross
HDFCAMC,47,2020-02-07,1676.6812499999999,2020-03-03,1524.18,-7167.558749999991,183.2284581106225,0.0,-7350.787208110613,25,bear_cross
VOLTAS,117,2020-02-24,723.1032377624512,2020-03-03,675.3075,-5592.101318206785,197.76466553157667,0.0,-5789.865983738362,8,bear_cross
BHARTIARTL,213,2019-11-18,389.67387321472165,2020-03-05,511.8824308776856,26030.422782211317,227.0047030395107,0.0,25803.418079171806,108,bear_cross
BAJFINANCE,202,2020-01-29,425.5512152099609,2020-03-05,429.9225,882.9995275879007,207.50386195108496,202.0,877.4956656368158,36,bear_cross
DABUR,177,2020-01-14,482.15238723754885,2020-03-12,476.30625000000003,-1034.7662910461406,204.13414704206093,0.0,-1238.9004380882016,58,bear_cross
HAVELLS,130,2020-02-27,648.6175,2020-03-13,531.16875,-15268.337499999987,187.09729473077502,0.0,-15455.434794730761,15,bear_cross
POWERGRID,755,2020-03-09,104.26629468917847,2020-03-13,91.34608228683472,-9754.760363769532,180.3598953031788,0.0,-9935.120259072712,4,bear_cross
BIOCON,264,2020-03-11,303.7575,2020-03-16,269.325,-9090.18,184.32187213468,0.0,-9274.50187213468,5,bear_cross
MFSL,151,2020-02-24,556.2872744750977,2020-03-16,399.9975,-23599.755945739747,177.74029674197703,0.0,-23777.496242481724,21,bear_cross
DIVISLAB,25,2019-11-21,1767.9589239501952,2020-03-17,1887.2700000000002,2982.7769012451254,116.76875639180014,400.0,3266.008144853325,117,bear_cross
ASIANPAINT,42,2020-03-12,1869.6123260498046,2020-03-17,1694.7525,-7344.112694091789,182.42168283690074,0.0,-7526.53437692869,5,bear_cross
YESBANK,1223,2020-03-19,61.8041265296936,2020-03-30,27.580874619483954,-41855.03708618639,140.08496715401847,0.0,-41995.12205334041,11,bear_cross
HINDUNILVR,30,2020-04-01,2298.9329510498046,2020-05-06,2044.8250762939454,-7623.236242675777,160.87241748316126,0.0,-7784.108660158939,35,bear_cross
DABUR,109,2020-04-13,487.11474388122554,2020-05-11,448.875,-4168.132083053583,129.1434760727103,0.0,-4297.275559126294,28,bear_cross
BAJAJFINSV,129,2020-05-07,468.9694877624512,2020-05-12,451.6679878234864,-2231.8934921264604,147.61921407690738,0.0,-2379.512706203368,5,bear_cross
NESTLEIND,92,2020-04-07,780.696875,2020-05-18,819.9948628234864,3615.4148797607522,178.88580046810307,0.0,3436.5290792926494,41,bear_cross
DRREDDY,112,2020-04-03,618.5425,2020-05-19,738.1799542236329,13399.39487304688,183.3683796067881,0.0,13216.026493440091,46,bear_cross
BIOCON,221,2020-04-09,334.835,2020-05-19,333.165,-369.06999999999096,179.589953218,0.0,-548.659953217991,40,bear_cross
TECHM,134,2020-05-14,533.7310244750977,2020-05-19,508.725,-3350.807279663087,170.98231161851567,0.0,-3521.7895912816025,5,bear_cross
SUNPHARMA,166,2020-04-09,455.5359938812256,2020-05-20,438.80024391174317,-2778.1344949340805,180.69594957888205,0.0,-2958.8304445129625,41,bear_cross
IGL,333,2020-04-09,221.05124999999998,2020-05-21,228.3776219558716,2439.68186130525,181.6394993148042,0.0,2258.042361990446,42,bear_cross
NTPC,790,2020-05-20,90.1247515296936,2020-05-21,91.91962652206422,1417.9512439727923,175.2143878014266,0.0,1242.7368561713656,1,bear_cross
WIPRO,780,2020-05-20,92.73124999999999,2020-05-22,94.28868902206422,1214.8024372100995,177.52172960167638,0.0,1037.280707608423,2,bear_cross
YESBANK,98,2020-05-11,27.318125,2020-05-27,27.381375761032107,6.19857458114663,21.302644285576932,0.0,-15.104069704430302,16,bear_cross
DLF,246,2020-05-18,138.84625,2020-05-27,137.15625,-415.73999999999944,90.89978240569,0.0,-506.63978240568946,9,bear_cross
DMART,31,2020-04-09,2398.6315270996092,2020-06-02,2303.3273474121097,-2954.4295703124853,177.70668739433603,0.0,-3132.1362577068217,54,bear_cross
COALINDIA,29,2020-06-02,149.52286888122558,2020-06-22,136.906875,-365.86382255554133,24.607598591177887,0.0,-390.4714211467192,20,bear_cross
ITC,400,2020-05-27,185.82459377288816,2020-06-23,178.07817913055422,-3098.5658569335783,177.4954436370407,0.0,-3276.061300570619,27,bear_cross
CIPLA,154,2020-04-07,480.1975,2020-07-02,628.4250000000001,22827.03500000001,203.54667376819003,0.0,22623.48832623182,86,bear_cross
UNITDSPR,132,2020-05-19,554.3323872375488,2020-07-02,598.9987500000001,5895.959884643569,184.25016997923493,0.0,5711.709714664335,44,bear_cross
COALINDIA,43,2020-06-23,145.3123719406128,2020-07-03,134.06399391174318,-483.6802552413932,28.73981368133441,0.0,-512.4200689227276,10,bear_cross
DLF,537,2020-05-28,137.1921311187744,2020-07-06,152.6175,8283.423089218151,187.84001050849386,0.0,8095.583078709658,39,bear_cross
LUPIN,102,2020-04-09,735.2335244750976,2020-07-07,873.3611128234863,14089.014011535648,196.8031772112092,0.0,13892.21083432444,89,bear_cross
INDUSTOWER,358,2020-07-08,222.05374999999998,2020-07-09,218.80163108825684,-1164.258570404044,190.99416063042142,0.0,-1355.2527310344651,1,bear_cross
ZYDUSLIFE,61,2020-07-09,362.0027561187744,2020-07-13,357.0052439117432,-304.8482446289036,64.15242122854599,0.0,-369.0006658574496,4,bear_cross
ASHOKLEY,3038,2020-07-09,26.315624999999997,2020-07-16,24.613311738967898,-5171.627687015517,187.84167536514894,0.0,-5359.469362380666,7,bear_cross
SUNPHARMA,160,2020-07-14,501.25,2020-07-27,483.63788108825685,-2817.9390258789044,190.8465755469191,0.0,-3008.7856014258236,13,bear_cross
BHARTIARTL,141,2020-07-07,569.7504138183593,2020-07-28,546.8368789672852,-3230.8084140014525,190.71818559765973,0.0,-3421.526599599112,21,bear_cross
GAIL,172,2020-07-27,66.96700305938721,2020-07-28,65.23650152206422,-297.6462644195549,40.657326605230125,0.0,-338.303591024785,1,bear_cross
GODREJCP,129,2020-05-20,557.39,2020-07-29,665.3325,13924.582499999999,189.756792360715,0.0,13734.825707639284,70,bear_cross
ONGC,1064,2020-07-29,79.99950305938721,2020-07-30,79.80000000000001,-212.271255187978,204.49460960843777,0.0,-416.76586479641577,1,bear_cross
RBLBANK,417,2020-07-28,178.69562499999998,2020-07-31,168.57750000000001,-4219.258124999985,176.74717554898373,0.0,-4396.005300548969,3,bear_cross
BIOCON,210,2020-05-28,355.68698776245117,2020-08-03,410.7704878234864,11567.5350128174,193.5209327372353,0.0,11374.014080080166,67,bear_cross
JUBLFOOD,237,2020-07-31,354.885,2020-08-03,343.1599390411377,-2778.839447250362,199.58113565332582,0.0,-2978.420582903688,3,bear_cross
HDFCLIFE,131,2020-06-22,526.2623872375488,2020-08-14,598.5,9463.127271881114,178.53647354060476,0.0,9284.59079834051,53,bear_cross
BPCL,412,2020-07-17,202.75562499999998,2020-08-19,201.9438719558716,-334.44225418089275,200.8434243966692,0.0,-535.285678577562,33,bear_cross
WIPRO,785,2020-05-26,94.73625,2020-08-27,136.15875,32516.6625,214.52770225795,0.0,32302.134797742052,93,bear_cross
ESCORTS,65,2020-08-19,1172.3235244750977,2020-08-28,1162.0375762939454,-668.5866317748935,184.17936815041887,0.0,-852.7659999253124,9,bear_cross
APOLLOHOSP,56,2020-07-08,1430.5674999999999,2020-09-02,1683.4807012939455,14163.139272460952,208.2665751454466,0.0,13954.872697315506,56,bear_cross
HCLTECH,134,2020-07-08,596.2368749999999,2020-09-04,693.4121493530274,13021.486763305682,206.6015723790689,268.0,13082.885190926612,58,bear_cross
TORNTPHARM,53,2020-08-04,1382.94875,2020-09-07,1388.2207012939455,279.4134185791088,178.70031679931947,0.0,100.71310177978931,34,bear_cross
SUNPHARMA,165,2020-07-31,515.535625,2020-09-08,510.72,-794.5781249999925,203.76572429869375,165.0,-833.3438492986862,39,bear_cross
SAMMAANCAP,440,2020-08-28,198.82916156768798,2020-09-08,172.76326789855958,-11468.993214416496,198.0792996519267,0.0,-11667.072514068423,11,bear_cross
GLENMARK,184,2020-08-04,455.08488723754886,2020-09-11,469.6229878234864,2675.010507812513,204.41108248950093,0.0,2470.599425323012,38,bear_cross
CHOLAFIN,19,2020-08-14,226.91588111877437,2020-09-15,233.91375000000002,132.95950874328747,25.069991322896172,0.0,107.88951742039131,32,bear_cross
EICHERMOT,27,2020-05-28,1515.78,2020-09-16,2149.6125,17113.477500000005,124.14641364008502,0.0,16989.33108635992,111,bear_cross
BANDHANBNK,268,2020-09-03,321.05062499999997,2020-09-22,274.3125,-12525.817499999992,193.77195364340497,0.0,-12719.589453643397,19,bear_cross
BPCL,393,2020-09-14,213.48237194061278,2020-09-22,201.0211814117432,-4897.247877845739,196.91811582063744,0.0,-5094.165993666376,8,bear_cross
TMPV,732,2020-08-04,113.23237194061281,2020-09-25,123.3907469558716,7435.93051116944,207.46006052144935,0.0,7228.47045064799,52,bear_cross
DABUR,170,2020-09-16,508.2675,2020-09-28,493.71263717651374,-2474.326679992662,205.00905630191554,0.0,-2679.3357362945776,12,bear_cross
BAJAJ-AUTO,19,2020-09-22,2991.6604510498046,2020-09-28,2969.4576525878906,-421.85317077636546,141.3641263465169,0.0,-563.2172971228824,6,bear_cross
IGL,83,2020-09-16,210.52499999999998,2020-09-30,195.01125000000002,-1287.6412499999965,52.87961258430249,116.19999999999999,-1224.320862584299,14,bear_cross
ESCORTS,69,2020-09-03,1221.0449999999998,2020-10-19,1175.8031250000001,-3121.68937499998,199.54663494149878,0.0,-3321.2360099414786,46,bear_cross
BIOCON,199,2020-09-07,422.0023872375489,2020-10-22,440.146875,3610.7530647277786,205.92213594966137,0.0,3404.8309287781176,45,bear_cross
MANAPPURAM,504,2020-10-05,166.76588111877442,2020-11-02,155.8094969558716,-5522.017618103022,196.6068834767001,0.0,-5718.624501579722,28,bear_cross
M&MFIN,606,2020-10-22,131.7786219406128,2020-11-02,123.09150152206422,-5264.394973640436,187.5473766867604,0.0,-5451.9423503271955,11,bear_cross
TCS,37,2020-09-04,2280.6875,2020-11-03,2597.4900000000002,11721.692500000008,215.241888104905,444.0,11950.450611895103,60,bear_cross
HCLTECH,113,2020-09-09,713.8802255249024,2020-11-03,825.9300000000001,12661.62451568604,207.94741527340733,678.0,13131.677100412633,55,bear_cross
TITAN,70,2020-10-05,1204.0024999999998,2020-11-03,1175.055,-2026.3249999999834,200.74542298915,0.0,-2227.0704229891335,29,bear_cross
WIPRO,584,2020-09-09,140.24974388122558,2020-11-04,168.57750000000001,16543.409573364268,214.72735125124984,0.0,16328.682222113017,56,bear_cross
ZYDUSLIFE,4,2020-09-22,398.89474388122557,2020-11-14,426.93,112.14102447509777,19.006199023332123,0.0,93.13482545176564,53,bear_cross
DABUR,164,2020-10-01,517.039375,2020-11-17,520.8945121765137,632.2424969482504,204.64761873927907,287.0,714.5948782089713,47,bear_cross
WIPRO,492,2020-11-05,174.4099436187744,2020-11-18,174.4378125,13.711489562995553,206.26465743886897,0.0,-192.5531678758734,13,bear_cross
ACC,59,2020-10-06,1426.7579510498047,2020-12-11,1638.5932012939454,12498.279764404304,215.5876148421417,0.0,12282.692149562163,66,bear_cross
HINDPETRO,676,2020-11-02,125.646669216156,2020-12-28,142.57600101470948,11444.228295822151,216.18149808357856,0.0,11228.046797738574,56,bear_cross
DIVISLAB,26,2020-11-05,3218.9271520996094,2021-01-19,3567.0600000000004,9051.454045410166,210.9292343684757,0.0,8840.52481104169,75,bear_cross
BIOCON,212,2020-11-19,423.2053688812256,2021-01-20,450.47100608825684,5780.315087890627,220.94563878216022,0.0,5559.369449108467,62,bear_cross
MUTHOOTFIN,80,2020-12-14,1175.9325,2021-01-21,1211.9625,2882.400000000016,227.6285180296,0.0,2654.771481970416,38,bear_cross
TATACONSUM,170,2020-11-03,499.0444877624512,2021-01-25,586.3304878234864,14838.620010375978,219.48130146480236,0.0,14619.138708911176,83,bear_cross
HINDUNILVR,39,2021-01-28,2373.8196520996094,2021-01-29,2309.3123474121094,-2515.7848828124993,218.70090513311544,0.0,-2734.485787945615,1,bear_cross
HDFCLIFE,142,2020-12-30,680.6975,2021-02-01,676.6042378234864,-581.2432290649278,229.78521801124867,0.0,-811.0284470761765,33,bear_cross
ITC,386,2021-01-19,213.33628620147704,2021-02-01,195.9436208724976,-6713.568816986061,191.58369144436725,0.0,-6905.1525084304285,13,bear_cross
RELIANCE,103,2021-01-21,963.2447579956055,2021-02-01,855.9675109863282,-11049.556441955561,224.6100889919257,0.0,-11274.166530947488,11,bear_cross
AUROPHARMA,102,2020-11-14,864.155,2021-02-04,919.4954878234864,5644.7297579956185,217.2992827330432,127.5,5554.930475262575,82,bear_cross
MARICO,227,2020-11-04,370.92499999999995,2021-02-09,412.46625,9429.863750000011,212.4517120131325,681.0,9898.412037986878,97,bear_cross
ZEEL,403,2021-02-03,245.61249999999998,2021-02-12,215.4101219558716,-12171.558351783737,222.92913218855944,0.0,-12394.487483972296,9,bear_cross
COALINDIA,646,2021-02-09,141.85375,2021-02-16,131.96925304412844,-6385.385033493025,212.59202296221412,0.0,-6597.977056455238,7,bear_cross
IOC,769,2021-02-04,68.7046661567688,2021-02-17,63.54075076103211,-3971.0509393215125,128.76587656913193,3845.0,-254.81681589064465,13,bear_cross
ITC,466,2021-02-03,213.8189351272583,2021-02-23,199.7856610107422,-6539.505738296508,230.2353081474859,2330.0,-4439.741046443994,20,bear_cross
RBLBANK,273,2021-02-17,258.2440061187744,2021-03-01,238.4025,-5416.731170425409,166.57126188474015,0.0,-5583.302432310149,12,bear_cross
LT,67,2020-10-19,901.2475,2021-03-05,1449.9659756469728,36764.13786834718,187.82145615844058,1206.0,37782.31641218874,137,bear_cross
HDFCBANK,125,2021-02-03,791.47375,2021-03-12,798.0,815.7812500000006,236.2963334490625,0.0,579.484916550938,37,bear_cross
BAJAJFINSV,104,2021-01-28,904.255,2021-03-15,994.4077743530273,9375.888532714842,234.29353002540958,0.0,9141.595002689433,46,bear_cross
BHARATFORG,27,2021-03-05,642.4019877624511,2021-03-15,617.4525,-673.6361695861797,53.23020437819365,0.0,-726.8663739643733,10,bear_cross
SBIN,411,2020-11-04,204.00875,2021-03-16,384.63600608825686,74237.80225227357,278.8998797914771,0.0,73958.90237248209,132,bear_cross
APOLLOHOSP,8,2020-11-17,2289.71,2021-03-16,2994.4950000000003,5638.2800000000025,61.94257977784,0.0,5576.337420222162,119,bear_cross
NESTLEIND,116,2021-03-16,843.854375,2021-03-18,821.3365319824219,-2612.0697900390614,230.41063453868475,0.0,-2842.4804245777464,2,bear_cross
MUTHOOTFIN,73,2021-02-12,1278.0872744750975,2021-03-19,1233.2092987060548,-3276.0922311401155,219.51714734972467,0.0,-3495.6093784898403,35,bear_cross
ASIANPAINT,40,2021-03-18,2475.0222229003907,2021-03-22,2384.025,-3639.888916015625,231.82232307021047,0.0,-3871.7112390858356,4,bear_cross
LTF,1019,2021-02-17,98.89662652969359,2021-03-24,99.55050304412842,666.3001682090893,240.23812688287464,0.0,426.0620413262146,35,bear_cross
APOLLOHOSP,32,2021-03-17,3087.7,2021-03-24,2950.4554724121094,-4391.824882812492,230.609558912421,0.0,-4622.434441724914,7,bear_cross
BANDHANBNK,293,2021-03-02,342.35375,2021-04-06,337.15500000000003,-1523.2337499999887,236.9298984231325,0.0,-1760.1636484231212,35,bear_cross
EICHERMOT,36,2021-03-23,2685.6974999999998,2021-04-06,2528.463048706055,-5660.440246582015,224.57401827487433,0.0,-5885.01426485689,14,bear_cross
ITC,447,2021-03-23,217.19756938934324,2021-04-13,198.82514717102052,-8212.472731590258,222.82135167387673,0.0,-8435.294083264134,21,bear_cross
SBILIFE,109,2021-04-15,897.2375,2021-04-20,914.7075000000001,1904.2300000000155,234.89959812403,0.0,1669.3304018759854,5,bear_cross
SHRIRAMFIN,345,2021-03-25,282.08345489501954,2021-04-22,262.96094512939453,-6597.265869140629,225.0119729346632,414.0,-6408.277842075292,28,bear_cross
AMBUJACEM,354,2021-02-03,276.7902561187744,2021-04-26,296.2575,6891.4043339538675,240.4846084912972,354.0,7004.919725462571,82,bear_cross
ACC,44,2021-03-24,1913.7724999999998,2021-04-26,1813.4550000000002,-4413.969999999985,198.10341806206,616.0,-3996.0734180620448,33,bear_cross
TCS,31,2021-03-18,3133.7648260498045,2021-04-27,3098.235,-1101.4246075439346,230.33054079896533,0.0,-1331.7551483429,40,bear_cross
TITAN,5,2021-03-18,1489.3139755249022,2021-04-27,1481.2875000000001,-40.13237762451013,31.865584453235613,0.0,-71.99796207774574,40,bear_cross
HINDUNILVR,44,2021-03-16,2226.9034729003906,2021-05-03,2337.1425,4850.517192382809,238.36738468990148,0.0,4612.149807692908,48,bear_cross
CHOLAFIN,154,2021-04-28,566.0114755249023,2021-05-17,529.3732621765137,-5642.284855651845,203.414104761406,0.0,-5845.6989604132505,19,bear_cross
SAIL,1377,2021-02-24,71.5785015296936,2021-06-07,124.88699695587161,73405.79820184712,310.7770879824369,0.0,73095.02111386468,103,bear_cross
SUNPHARMA,160,2021-04-07,622.5525,2021-06-07,672.2651371765137,7954.021948242189,245.20151371403813,0.0,7708.820434528151,61,bear_cross
HINDALCO,283,2021-04-07,351.2759938812256,2021-06-14,391.96763717651373,11515.735052566544,248.4575147971251,0.0,11267.27753776942,68,bear_cross
VEDL,342,2021-04-26,230.17400611877437,2021-06-15,273.36486282348636,14771.2729930115,205.79991791877205,0.0,14565.473075092728,50,bear_cross
ASHOKLEY,1768,2021-05-17,56.7164382648468,2021-06-22,59.301375761032105,4570.169493255618,243.17339446295847,0.0,4326.99609879266,36,bear_cross
JSWSTEEL,155,2021-06-14,734.4816494750976,2021-06-22,674.3100000000001,-9326.605668640117,258.9474793871773,0.0,-9585.553148027295,8,bear_cross
BHARTIARTL,208,2021-06-23,529.4054180908203,2021-06-24,523.8276516723633,-1160.1754150390389,259.1245526863486,0.0,-1419.2999677253874,1,bear_cross
SAIL,821,2021-06-15,138.29487194061278,2021-06-25,126.6326219558716,-9574.707237472508,258.0124956724242,0.0,-9832.719733144933,10,bear_cross
BHARTIARTL,208,2021-06-28,528.4213967895507,2021-06-30,515.9946830749512,-2584.756452636693,257.1913171914,0.0,-2841.9477698280934,2,bear_cross
BAJAJ-AUTO,26,2021-04-28,3819.575173950195,2021-07-01,4130.6475,8087.880477294925,244.67416946399715,0.0,7843.206307830928,64,bear_cross
ADANIPOWER,3825,2021-06-07,22.566275229454043,2021-07-02,20.43877477169037,-8137.689250946051,198.93479106108788,0.0,-8336.62404200714,25,bear_cross
HDFCLIFE,2,2021-06-07,684.0057377624512,2021-07-06,676.9034756469727,-14.204524230957077,18.36883248822117,4.04,-28.53335671917825,29,bear_cross
AUROPHARMA,108,2021-07-06,1004.505,2021-07-13,939.7447256469728,-6994.1096301269345,249.44642473552852,0.0,-7243.5560548624635,7,bear_cross
ESCORTS,89,2021-07-01,1238.9396005249023,2021-07-22,1171.56375,-5996.4506967163015,254.43953052507015,667.5,-5583.390227241372,21,bear_cross
AXISBANK,6,2021-05-03,707.765,2021-07-28,732.9629878234864,151.1879269409185,24.94470765361607,0.0,126.24321928730242,86,bear_cross
ASHOKLEY,1407,2021-07-13,63.2828125,2021-07-29,61.246501522064214,-2865.089545955648,210.4625903402446,0.0,-3075.5521362958925,16,bear_cross
ASIANPAINT,31,2021-07-22,3137.825,2021-08-03,3012.4500000000003,-3886.624999999986,227.72118403615002,0.0,-4114.346184036136,12,bear_cross
BEL,1945,2021-06-24,56.457457313537596,2021-08-09,54.862500000000004,-3102.1919748306154,256.4278269048158,0.0,-3358.6198017354313,46,bear_cross
FEDERALBNK,958,2021-08-03,86.26512805938721,2021-08-12,84.98699695587159,-1224.4495971679632,197.93264566156319,0.0,-1422.3822428295266,9,bear_cross
NATIONALUM,1412,2021-06-30,78.195,2021-08-16,83.24137195587159,7125.477201690688,268.3764869699771,0.0,6857.100714720711,47,bear_cross
SAIL,62,2021-07-29,135.588125,2021-08-23,121.69500000000001,-861.373749999999,33.1492071320725,0.0,-894.5229571320715,25,bear_cross
AMBUJACEM,327,2021-04-27,304.7098872375488,2021-08-24,391.71826217651375,28451.738605041537,266.5365682011335,0.0,28185.202036840405,119,bear_cross
JINDALSTEL,255,2021-07-28,421.1502561187744,2021-08-24,369.02513717651374,-13291.905330276468,240.48083428105048,0.0,-13532.386164557518,27,bear_cross
BHARATFORG,142,2021-08-18,816.53625,2021-08-24,725.431875,-12936.82125,259.8820939500925,0.0,-13196.703343950094,6,bear_cross
GAIL,1131,2021-08-13,100.91833078384398,2021-08-26,96.3584984779358,-5157.17033798216,263.92691894479117,0.0,-5421.097256926952,13,bear_cross
IOC,1613,2021-08-25,71.1775,2021-08-26,70.4234984779358,-1216.2044550895553,269.50742723875334,0.0,-1485.7118823283085,1,bear_cross
ADANIENT,60,2021-08-09,1550.5667010498046,2021-09-21,1416.45,-8047.002062988272,213.97515597560465,0.0,-8260.977218963877,43,bear_cross
APOLLOHOSP,31,2021-06-28,3456.4697229003905,2021-09-29,4408.95,29526.88859008789,284.3612262161981,93.0,29335.52736387169,93,bear_cross
AXISBANK,147,2021-08-31,786.8622744750976,2021-10-05,772.4640243530274,-2116.5427679443164,270.48551853140316,0.0,-2387.0282864757196,35,bear_cross
ASIANPAINT,26,2021-08-24,3100.532048950195,2021-10-06,3253.8450000000003,3986.1367272949346,198.82586578882965,0.0,3787.3108615061046,43,bear_cross
CHOLAFIN,217,2021-08-30,527.3149999999999,2021-10-06,559.2982621765137,6940.367892303492,277.11933182594294,0.0,6663.248560477549,37,bear_cross
HDFCLIFE,161,2021-08-27,702.1008505249023,2021-10-07,728.1750000000001,4197.938065490744,271.1837921275079,0.0,3926.754273363236,41,bear_cross
SBILIFE,107,2021-04-23,898.5908505249023,2021-10-14,1189.9675762939453,31177.3096572876,261.5974687874951,0.0,30915.712188500103,174,bear_cross
DEEPAKNTR,57,2021-07-02,1902.745,2021-10-27,2491.755,33573.570000000014,291.464667769,313.5,33595.60533223101,117,bear_cross
BEL,1446,2021-08-31,61.453249235153194,2021-10-27,68.64462398529054,10398.727888698597,223.8276081879253,578.4,10753.300280510672,57,bear_cross
BAJAJFINSV,99,2021-04-22,972.425,2021-11-02,1760.5875,78028.08750000001,310.46962424192503,29.7,77747.31787575808,194,bear_cross
POWERGRID,37,2021-09-21,132.36759986877442,2021-11-02,141.13378429412842,324.34882373809796,26.572723326011012,0.0,297.776100412087,42,bear_cross
SBICARD,105,2021-10-08,1145.8574999999998,2021-11-08,1123.1850000000002,-2380.6124999999656,280.548677519275,0.0,-2661.1611775192405,31,bear_cross
M&M,101,2021-09-29,802.0,2021-11-09,861.84,6043.840000000003,201.82413750304,0.0,5842.015862496963,41,bear_cross
MARICO,216,2021-10-06,565.4601127624511,2021-11-10,563.5875,-404.4843566894433,286.6575534908392,648.0,-43.14191018028248,35,bear_cross
JINDALSTEL,286,2021-10-05,419.49613723754885,2021-11-11,401.94263717651376,-5020.301017456037,277.0557210654922,0.0,-5297.356738521528,37,bear_cross
DIVISLAB,22,2021-11-02,5243.075,2021-11-11,4887.75,-7817.149999999996,263.8572775789,0.0,-8081.007277578896,9,bear_cross
TATASTEEL,106,2021-11-02,137.3425,2021-11-12,133.66500000000002,-389.81499999999795,47.325095243769994,0.0,-437.1400952437679,10,bear_cross
SAMMAANCAP,549,2021-11-12,209.99935138702392,2021-11-18,195.0811127471924,-8190.113013267502,263.3413108693373,0.0,-8453.454324136837,6,bear_cross
BHARATFORG,109,2021-10-14,808.015,2021-11-23,733.1625,-8158.922499999996,202.823164876585,0.0,-8361.745664876582,40,bear_cross
DLF,265,2021-11-09,443.4558811187744,2021-11-23,398.8503810882569,-11820.457508087145,264.52796739102536,0.0,-12084.985475478172,14,bear_cross
AUBANK,200,2021-10-07,612.5525869750976,2021-11-26,593.0137500000001,-3907.767395019505,283.8489278844505,0.0,-4191.616322903956,50,bear_cross
INDIGO,54,2021-11-02,2170.5128479003906,2021-11-29,1865.325,-16480.14378662109,259.00848358369666,0.0,-16739.152270204788,27,bear_cross
BEL,1604,2021-11-10,73.8174146270752,2021-11-29,65.25312246322632,-13737.124630813596,264.5137357587992,0.0,-14001.638366572395,19,bear_cross
M&M,42,2021-11-11,921.2473872375488,2021-11-29,843.0870121765137,-3282.7357525634743,98.01776440185543,0.0,-3380.7535169653297,18,bear_cross
ASIANPAINT,37,2021-11-22,3249.1025,2021-12-08,3024.320152587891,-8316.946854248039,274.17171198723196,0.0,-8591.118566235271,16,bear_cross
CIPLA,119,2021-11-30,967.4124999999999,2021-12-09,897.75,-8289.837499999989,262.865074573525,0.0,-8552.702574573515,9,bear_cross
APOLLOHOSP,26,2021-11-09,4465.134999999999,2021-12-20,4768.05,7875.790000000023,281.79662597085996,0.0,7593.993374029163,41,bear_cross
VOLTAS,59,2021-12-07,1233.075,2021-12-20,1177.5487500000002,-3276.0487499999936,173.7996507275575,0.0,-3449.848400727551,13,bear_cross
ADANIENT,70,2021-11-11,1654.125,2021-12-21,1617.0472256469727,-2595.4442047119096,270.25567107436666,0.0,-2865.699875786276,40,bear_cross
ADANIPORTS,141,2021-12-09,768.6167622375488,2021-12-22,725.1825,-6124.2309754943735,250.1006052804779,0.0,-6374.331580774852,13,bear_cross
AXISBANK,154,2021-12-20,682.6523872375487,2021-12-22,668.325,-2206.4176345824985,246.94212544240906,0.0,-2453.3597600249077,2,bear_cross
SAMMAANCAP,516,2021-12-02,225.28014915466306,2021-12-23,200.06039360046387,-13013.393865966786,260.4621123908423,0.0,-13273.855978357627,21,bear_cross
LAURUSLABS,224,2021-12-03,520.6985244750977,2021-12-23,499.7475,-4693.0294824218745,269.9656399988846,0.0,-4962.995122420759,20,bear_cross
POWERGRID,779,2021-11-24,152.02911888122557,2022-01-03,153.66487804412841,1274.256387901315,280.14792728268503,4089.75,5083.8584606186305,40,bear_cross
ESCORTS,77,2021-10-28,1553.875,2022-01-18,1861.1355487060548,23659.06225036622,306.07919361340345,0.0,23352.983056752815,82,bear_cross
WIPRO,6,2021-12-20,334.6094313812256,2022-01-18,323.63888717651366,-65.82326522827157,19.738373019213363,0.0,-85.56163824748492,29,bear_cross
DRREDDY,114,2021-12-28,949.7484548950193,2022-01-19,936.6525,-1492.9388580322006,254.6745568462806,0.0,-1747.6134148784813,22,bear_cross
LTM,15,2021-12-23,7218.0,2022-01-20,6932.425305175781,-4283.6204223632785,251.77654171211782,0.0,-4535.396964075396,28,bear_cross
COFORGE,95,2021-12-27,1134.2285244750976,2022-01-21,1047.375,-8251.084825134274,246.50757213537338,0.0,-8497.592397269647,25,bear_cross
DIVISLAB,24,2022-01-19,4561.375,2022-01-21,4317.4790551757815,-5853.502675781245,252.82438527912848,0.0,-6106.327061060373,2,bear_cross
HCLTECH,2,2021-12-08,1160.2935244750977,2022-01-24,1159.59375,-1.399548950195367,20.501418013070754,20.0,-1.9009669632661215,47,bear_cross
HINDUNILVR,47,2022-01-04,2374.8723260498045,2022-01-24,2333.052652587891,-1965.524652709943,261.6322420569161,0.0,-2227.156894766859,20,bear_cross
ESCORTS,57,2022-01-24,1874.3742010498047,2022-01-25,1845.375,-1652.9544598388677,251.32263737983948,0.0,-1904.2770972187072,1,bear_cross
SUNPHARMA,135,2021-12-23,803.8546005249023,2022-01-28,813.96,1364.2289291382008,258.1926830793677,0.0,1106.036246058833,36,bear_cross
TCS,31,2021-12-03,3655.5660760498045,2022-01-31,3739.6275,2605.9041424560637,270.1647460492528,217.0,2552.7393964068106,59,bear_cross
UPL,143,2021-12-24,760.8974999999999,2022-02-02,784.6334756469727,3394.244517517103,260.9393157220493,0.0,3133.305201795053,40,bear_cross
IRCTC,124,2022-02-07,860.8968749999999,2022-02-09,856.8525000000001,-501.50249999997914,252.321116882035,0.0,-753.8236168820141,2,bear_cross
TATACHEM,110,2022-02-04,972.425,2022-02-14,892.7625,-8762.874999999989,244.23024989875,0.0,-9007.10524989874,10,bear_cross
POWERGRID,672,2022-01-21,160.8260655593872,2022-02-15,151.12125,-6521.636055908189,249.02123072836173,0.0,-6770.65728663655,25,bear_cross
SHRIRAMFIN,419,2022-02-02,258.8455122375488,2022-02-15,233.6144969558716,-10571.795403022748,245.66756616070262,0.0,-10817.46296918345,13,bear_cross
RBLBANK,693,2022-02-03,154.28474388122558,2022-02-15,135.16125,-13252.58125968933,239.46709556119765,0.0,-13492.048355250528,12,bear_cross
JSWSTEEL,157,2022-02-14,657.9407377624511,2022-02-15,634.2603506469727,-3717.8207771301127,241.29883885893304,0.0,-3959.119615989046,1,bear_cross
BHARTIARTL,141,2022-02-17,726.2611372375488,2022-02-18,710.2698628234864,-2254.769692382805,240.82791194212803,0.0,-2495.597604324933,1,bear_cross
SHRIRAMFIN,395,2022-02-18,254.4345030593872,2022-02-21,248.17800304412845,-2471.317506027207,236.37346996146408,0.0,-2707.690975988671,3,bear_cross
CIPLA,113,2022-02-02,947.86375,2022-02-22,890.9670121765137,-6429.331374053954,246.9666799828132,0.0,-6676.298054036768,20,bear_cross
ITC,479,2022-02-03,224.09962341308594,2022-02-22,206.50921222686767,-8425.806958198547,245.4186128305172,2514.75,-6156.475571029065,19,bear_cross
AUROPHARMA,147,2022-02-16,694.6823872375488,2022-02-23,638.4000000000001,-8273.510923919664,233.9510536897278,220.5,-8286.961977609391,7,bear_cross
SUNPHARMA,120,2022-02-02,892.2249999999999,2022-02-24,828.5234756469727,-7644.18292236327,245.61382517524277,840.0,-7049.796747538513,22,bear_cross
FEDERALBNK,990,2022-02-23,99.6986219406128,2022-02-24,96.75750000000001,-2911.7107212066603,231.91195739972517,0.0,-3143.6226786063858,1,bear_cross
SHRIRAMFIN,366,2022-02-23,244.20900611877437,2022-02-24,227.43,-6141.1162394714165,207.8239697660058,0.0,-6348.940209237423,1,bear_cross
JINDALSTEL,255,2022-02-04,419.74676223754886,2022-02-25,382.49138717651374,-9500.120640563957,243.61821441150275,0.0,-9743.73885497546,21,bear_cross
INDIGO,9,2022-02-09,2195.475,2022-02-25,1895.25,-2702.024999999999,56.497575184149994,0.0,-2758.522575184149,16,bear_cross
DIVISLAB,22,2022-02-17,4476.814027099609,2022-02-25,4039.8250762939456,-9613.756917724597,224.48816141472076,0.0,-9838.245079139317,8,bear_cross
ESCORTS,52,2022-02-23,1866.6048260498046,2022-02-25,1806.4725,-3126.8809545898357,228.04408538160573,0.0,-3354.9250399714415,2,bear_cross
HDFCBANK,130,2022-02-23,764.4563627624511,2022-02-25,718.1750381469727,-6016.572200012193,230.19869151580724,0.0,-6246.770891528001,2,bear_cross
TITAN,39,2022-02-24,2408.0049999999997,2022-02-25,2417.4412500000003,368.01375000002554,224.65875805467252,0.0,143.35499194535302,1,bear_cross
EICHERMOT,36,2022-02-23,2740.7346520996093,2022-03-02,2568.363048706055,-6205.377722167956,228.41680025980992,0.0,-6433.7945224277655,7,bear_cross
INDUSINDBK,110,2022-02-03,969.7683505249024,2022-03-03,915.705,-5946.968557739261,246.50132811787097,0.0,-6193.469885857132,28,bear_cross
TITAN,37,2022-03-02,2556.375,2022-03-11,2471.8050000000003,-3129.0899999999892,222.52965298996003,0.0,-3351.6196529899494,9,bear_cross
DMART,21,2022-03-02,4310.700070800781,2022-03-14,4179.525000000001,-2754.6764868163864,213.88272424880472,0.0,-2968.559211065191,12,bear_cross
APOLLOHOSP,19,2022-03-02,4839.0675,2022-03-29,4674.185152587891,-3132.7646008300726,216.6443446199013,0.0,-3349.4089454499735,27,bear_cross
BEL,1314,2022-03-04,71.51166921615601,2022-03-31,69.89149898529053,-2128.9036833572445,222.1888885786078,657.0,-1694.092571935852,27,bear_cross
MPHASIS,30,2022-03-02,3103.74,2022-04-12,3101.72625,-60.41249999998854,222.43446761642502,0.0,-282.84696761641356,41,bear_cross
BSE,69,2022-03-11,297.965284576416,2022-04-20,285.6175101470947,-851.9964356231701,60.19738889462865,0.0,-912.1938245177987,40,bear_cross
DMART,22,2022-04-12,4185.387570800781,2022-04-20,4015.9350000000004,-3727.95655761717,216.330006327094,0.0,-3944.286563944264,8,bear_cross
TATASTEEL,722,2022-03-04,130.56560550689696,2022-04-25,124.6875,-4243.992175979603,220.66665156621127,0.0,-4464.658827545814,52,bear_cross
PVRINOX,57,2022-03-03,1699.2876739501953,2022-04-26,1735.65,2072.6525848388724,232.98413190944683,0.0,1839.6684529294257,54,bear_cross
ONGC,525,2022-04-20,177.34224388122558,2022-04-28,165.585,-6172.553037643428,216.07696139771605,0.0,-6388.629999041144,8,bear_cross
APOLLOHOSP,20,2022-04-21,4852.099999999999,2022-05-02,4428.900000000001,-8463.999999999978,222.45960172,0.0,-8686.459601719978,11,bear_cross
COALINDIA,511,2022-03-03,190.0740061187744,2022-05-04,188.27812500000002,-917.6952516937129,230.47911051699515,0.0,-1148.174362210708,62,bear_cross
GAIL,888,2022-03-04,106.265,2022-05-04,104.40499746322632,-1651.6822526550259,223.56718161684216,2959.9997040000003,1084.7502697281323,61,bear_cross
JINDALSTEL,211,2022-03-04,448.2177561187744,2022-05-04,536.3557621765137,18597.119278183003,245.0420142738146,211.0,18563.07726390919,61,bear_cross
DIVISLAB,21,2022-03-15,4376.012847900391,2022-05-06,4264.3125,-2345.707305908203,217.35847298602923,0.0,-2563.065778894232,52,bear_cross
AUBANK,138,2022-03-29,613.8307377624511,2022-05-11,636.8538871765137,3177.194619140635,207.09684356636433,0.0,2970.097775574271,43,bear_cross
HAVELLS,76,2022-03-31,1153.7772744750976,2022-05-11,1220.2417987060549,5051.303841552754,215.66750485709116,0.0,4835.636336695664,41,bear_cross
SHRIRAMFIN,384,2022-05-04,247.0159938812256,2022-05-12,223.44,-9053.18165039063,216.98080763028372,0.0,-9270.162458020914,8,bear_cross
BANDHANBNK,291,2022-05-23,320.7498872375488,2022-05-25,313.11524391174316,-2221.6812078094454,220.69520023923218,0.0,-2442.376408048677,2,bear_cross
GODREJCP,112,2022-05-18,829.0675,2022-05-26,757.9004878234864,-7970.705363769523,213.65730658611332,0.0,-8184.362670355636,8,bear_cross
ESCORTS,56,2022-05-23,1649.663923950195,2022-06-10,1556.1000000000001,-5239.579741210919,215.43518580139232,0.0,-5455.014927012311,18,bear_cross
KOTAKBANK,262,2022-05-05,361.1005122375488,2022-06-14,346.2521951293945,-3890.2590823364203,221.78997912847802,0.0,-4112.049061464898,40,bear_cross
CHOLAFIN,126,2022-06-10,668.16625,2022-06-14,598.5,-8777.947499999998,193.53828526118502,0.0,-8971.485785261182,4,bear_cross
ITC,346,2022-05-20,267.39432731628415,2022-06-16,256.4556122589112,-3784.795409851049,217.24975995128614,2162.5,-1839.5451698023353,27,bear_cross
HEROMOTOCO,38,2022-04-28,2546.1495489501954,2022-06-17,2511.705,-1308.8928601074267,229.24090136492873,0.0,-1538.1337614723554,50,bear_cross
BAJAJ-AUTO,24,2022-05-23,3845.5899999999997,2022-06-20,3611.199375,-5625.374999999989,214.84135692066997,0.0,-5840.21635692066,28,bear_cross
ASHOKLEY,1416,2022-05-23,68.67125,2022-06-21,67.28137195587159,-1968.067310485827,229.6356745775782,0.0,-2197.7029850634053,29,bear_cross
TATAELXSI,10,2022-05-23,8441.000070800781,2022-06-21,7282.7475,-11582.525708007806,191.12060083054274,425.0,-11348.64630883835,29,bear_cross
EICHERMOT,34,2022-05-19,2628.555,2022-06-23,2658.4373474121094,1015.9998120117243,215.22738832741982,0.0,800.7724236843044,35,bear_cross
DRREDDY,102,2022-05-26,865.3580122375488,2022-06-27,877.7700457763673,1266.027420959486,213.02979121473692,0.0,1052.9976297447492,32,bear_cross
DRREDDY,100,2022-06-28,868.0146005249023,2022-07-27,839.4860517883301,-2852.8548736572247,205.49736117923965,600.0,-2458.3522348364645,29,bear_cross
HEROMOTOCO,31,2022-06-28,2754.87,2022-08-04,2812.850152587891,1797.384730224624,207.20572057108342,1085.0,2675.1790096535406,37,bear_cross
ASHOKLEY,1250,2022-06-27,71.428125,2022-08-12,73.01699695587159,1986.0899448394953,216.04306867219117,625.0,2395.046876167304,46,bear_cross
PVRINOX,47,2022-06-28,1828.56,2022-08-22,1770.6124237060549,-2723.5360858154186,203.72009216719857,0.0,-2927.256177982617,55,bear_cross
APOLLOHOSP,22,2022-06-21,3859.5748260498044,2022-08-25,4204.462500000001,7587.528826904315,212.1215724638609,258.5,7633.9072544404535,65,bear_cross
MARUTI,2,2022-05-25,7859.599999999999,2022-08-26,8778.0,1836.800000000001,52.21777213119999,120.0,1904.582227868801,93,bear_cross
IOC,1324,2022-08-16,71.929375,2022-08-26,71.6703734779358,-342.9180152129954,226.86309652141995,0.0,-569.7811117344154,10,bear_cross
MPHASIS,41,2022-07-27,2192.0665979003907,2022-08-29,2069.8125,-5012.418013916017,210.09446642198196,0.0,-5222.512480337999,33,bear_cross
NAUKRI,111,2022-06-27,799.3834896850585,2022-09-07,826.9275,3057.3851449585054,215.9228055239954,111.0,2952.46233943451,72,bear_cross
NESTLEIND,100,2022-06-28,867.1624999999999,2022-09-09,966.07875,9891.625000000011,218.52898471974999,0.0,9673.096015280262,73,bear_cross
HEROMOTOCO,33,2022-09-01,2827.0499999999997,2022-09-19,2691.903277587891,-4459.841839599591,218.27194054834834,0.0,-4678.11378014794,18,bear_cross
IOC,1318,2022-09-13,73.23262805938721,2022-09-20,69.825,-4491.253782272339,225.4209439207929,0.0,-4716.674726193131,7,bear_cross
TATACONSUM,115,2022-08-24,807.0124999999999,2022-09-23,800.9925000000001,-692.2999999999848,221.09867965345,0.0,-913.3986796534349,30,bear_cross
SBICARD,6,2022-09-07,950.1694877624511,2022-09-27,898.8971493530274,-307.6340304565422,27.70454948144673,0.0,-335.3385799379889,20,bear_cross
ASHOKLEY,1216,2022-09-01,77.7689344406128,2022-09-29,75.38605945587159,-2897.5759814453077,222.72788771335013,0.0,-3120.3038691586576,28,bear_cross
SRF,36,2022-09-01,2520.936527099609,2022-09-29,2513.7000000000003,-260.51497558591655,216.9796943235006,0.0,-477.4946699094171,28,bear_cross
APOLLOHOSP,19,2022-09-02,4320.574304199218,2022-10-03,4374.0375,1015.800720214861,199.0306433805626,0.0,816.7700768342984,31,bear_cross
JUBLFOOD,160,2022-06-28,540.2973872375488,2022-10-04,620.445,12823.618041992195,220.97291600963024,192.0,12794.645125982564,98,bear_cross
ASIANPAINT,26,2022-09-28,3459.6274999999996,2022-10-07,3309.7050000000004,-3897.9849999999797,211.41874718887,0.0,-4109.40374718885,9,bear_cross
EICHERMOT,30,2022-06-27,2916.2725,2022-10-12,3416.487423706055,15006.447711181645,225.5525204923661,630.0,15410.895190689278,107,bear_cross
HINDUNILVR,35,2022-09-26,2675.17125,2022-10-12,2557.0413262939455,-4134.547329711902,219.36215425979788,0.0,-4353.9094839717,16,bear_cross
APOLLOHOSP,19,2022-10-07,4390.549097900391,2022-10-12,4269.3,-2303.7328601074205,198.5448737808887,0.0,-2502.2777338883093,5,bear_cross
DIVISLAB,24,2022-09-28,3659.125,2022-10-14,3536.9854724121096,-2931.348662109369,207.67976633783576,0.0,-3139.028428447205,16,bear_cross
JUBLFOOD,146,2022-10-06,641.349375,2022-10-14,613.9612500000001,-3998.666249999992,219.5165003513575,0.0,-4218.18275035135,8,bear_cross
SAIL,1062,2022-10-12,79.69874999999999,2022-10-17,77.50574695587159,-2328.969232864364,201.2321623228811,0.0,-2530.2013951872455,5,bear_cross
COALINDIA,389,2022-10-13,232.78049694061278,2022-11-21,228.4275,-1693.3158098983672,215.0436599301382,5835.0,3926.6405301714944,39,bear_cross
DRREDDY,106,2022-09-30,878.701284790039,2022-11-22,872.1342073059083,-696.1102133178624,221.84203834657018,0.0,-917.9522516644327,53,bear_cross
ITC,276,2022-10-20,334.96692077636715,2022-11-22,323.69118530273437,-3112.1029907226466,217.79729096998818,0.0,-3329.900281692635,33,bear_cross
SUNPHARMA,101,2022-09-26,920.2448872375488,2022-12-12,992.4127743530273,7288.956598663328,229.68616598373222,0.0,7059.270432679596,77,bear_cross
HCLTECH,98,2022-10-06,957.88875,2022-12-13,1029.5197256469728,7019.835613403338,231.4724133795283,980.0,7768.36320002381,68,bear_cross
PVRINOX,55,2022-11-25,1839.5874999999999,2022-12-22,1725.6750000000002,-6265.187499999983,233.940955874125,0.0,-6499.128455874108,27,bear_cross
CANBK,1848,2022-10-20,49.71397515296936,2022-12-23,61.10684832572937,21054.029623260503,241.57822786122404,0.0,20812.45139539928,64,bear_cross
DMART,24,2022-12-14,4099.32284790039,2022-12-26,3886.26,-5113.5083496093575,228.92055969025625,0.0,-5342.428909299614,12,bear_cross
NMDC,3180,2022-08-04,27.3550231218338,2022-12-27,39.06874746322633,37249.64340562825,247.51711573837107,0.0,37002.12628988988,145,bear_cross
BHEL,55,2022-10-07,63.909375,2022-12-27,77.4059984779358,742.3142912864689,23.93033024235383,0.0,718.383961044115,81,bear_cross
IDFCFIRSTB,1747,2022-11-28,58.195124235153195,2022-12-27,56.059500761032105,-3730.934209289544,237.6592056282126,0.0,-3968.5934149177565,29,bear_cross
HDFCLIFE,181,2022-11-24,553.2797744750976,2022-12-29,564.585,2046.245820007339,240.2635578624684,0.0,1805.9822621448707,35,bear_cross
CIPLA,91,2022-12-29,1088.715,2022-12-30,1092.2125762939454,318.27944274903916,236.0891288923645,0.0,82.19031385667468,1,bear_cross
SHREECEM,4,2022-12-29,24170.274999999998,2022-12-30,23341.5,-3315.0999999999913,226.99816682259998,0.0,-3542.0981668225913,1,bear_cross
DMART,24,2023-01-02,4085.1875,2023-01-06,3860.3250000000003,-5396.699999999993,227.8720111738,0.0,-5624.572011173794,4,bear_cross
HDFCBANK,121,2022-12-30,824.55625,2023-01-09,796.005,-3454.701249999998,233.7284715957175,0.0,-3688.4297215957154,10,bear_cross
TVSMOTOR,90,2022-12-30,1105.7575,2023-01-10,1023.684375,-7386.58124999999,229.0863462498625,0.0,-7615.667596249853,11,bear_cross
BHARATFORG,116,2022-12-13,876.1348872375488,2023-01-17,859.845,-1889.6269195556588,239.4909973422819,0.0,-2129.1179168979406,35,bear_cross
AXISBANK,111,2022-10-13,809.0174999999999,2023-01-18,919.5952743530273,12274.132953186041,227.8634736557429,0.0,12046.269479530298,97,bear_cross
BANDHANBNK,383,2023-01-10,247.81799694061277,2023-01-18,240.3476219558716,-2861.153619155868,223.53827972438097,0.0,-3084.691898880249,8,bear_cross
CANBK,1140,2023-01-03,67.5685015296936,2023-01-19,63.18165015220642,-5001.010570335388,181.52494447709066,0.0,-5182.535514812479,16,bear_cross
RBLBANK,737,2022-10-17,124.05937499999999,2023-01-24,166.5326219558716,31302.78300647738,251.23217034623016,0.0,31051.55083613115,99,bear_cross
INDUSINDBK,80,2022-12-30,1241.095,2023-01-25,1206.9750000000001,-2729.5999999999913,233.40454051360004,0.0,-2963.004540513591,26,bear_cross
BANKINDIA,1088,2023-01-03,92.5307530593872,2023-01-25,85.03687500000001,-8153.339328613258,230.8611972562714,0.0,-8384.20052586953,22,bear_cross
ADANIGREEN,44,2023-01-18,2171.5652770996094,2023-01-31,1132.1625000000001,-45733.722192382804,180.4738396353685,0.0,-45914.196032018175,13,bear_cross
HDFCLIFE,5,2023-01-06,609.52,2023-01-31,586.4801371765137,-115.1993141174313,22.000828591538696,0.0,-137.20014270897,25,bear_cross
BEL,940,2023-01-19,102.255,2023-01-31,90.07425304412841,-11449.902138519288,217.31006481848726,0.0,-11667.212203337775,12,bear_cross
HAL,69,2023-02-01,1290.71875,2023-02-02,1147.1499618530274,-9906.246382141107,203.20405345581352,0.0,-10109.45043559692,1,bear_cross
HINDALCO,212,2022-12-29,460.4482377624512,2023-02-03,466.580625,1300.0660943603482,233.86377849426995,0.0,1066.2023158660784,36,bear_cross
BPCL,518,2023-01-09,174.3598155593872,2023-02-03,165.56006858825685,-4558.2689310455125,211.55265002801303,0.0,-4769.8215810735255,25,bear_cross
BANDHANBNK,379,2023-01-25,247.61749999999998,2023-02-03,228.4275,-7273.009999999988,216.58693985832997,0.0,-7489.596939858318,9,bear_cross
DABUR,159,2023-01-31,560.7985244750977,2023-02-03,560.595,-32.36039154052662,213.68616374233758,0.0,-246.0465552828642,3,bear_cross
LT,43,2023-01-17,2145.249652099609,2023-02-06,2158.839375,584.3580847168055,221.17563484967627,0.0,363.18244986712926,20,bear_cross
PVRINOX,1,2023-02-03,1684.3503994750977,2023-02-07,1682.7825,-1.5678994750976472,19.08573643263413,0.0,-20.653635907731775,4,bear_cross
HINDUNILVR,33,2023-02-06,2637.5775,2023-02-14,2578.5375000000004,-1948.3199999999838,206.96656554877003,0.0,-2155.2865655487535,8,bear_cross
HDFCBANK,106,2023-02-07,831.7742622375488,2023-02-24,806.9276371765137,-2633.742256469717,208.76512413191278,0.0,-2842.50738060163,17,bear_cross
TATACHEM,5,2023-01-18,994.0288627624511,2023-02-28,973.5600000000001,-102.34431381225534,26.291464105886554,0.0,-128.63577791814188,41,bear_cross
BRITANNIA,21,2023-01-25,4394.96,2023-02-28,4379.025000000001,-334.6349999999893,220.33000234111,0.0,-554.9650023410993,34,bear_cross
BAJAJ-AUTO,26,2023-01-24,3635.0649999999996,2023-03-01,3660.8250000000003,669.7600000000175,226.30555509484,0.0,443.4544449051774,36,bear_cross
EICHERMOT,27,2023-02-01,3288.2,2023-03-01,3098.235,-5129.054999999991,207.54101166547,0.0,-5336.5960116654605,28,bear_cross
APOLLOTYRE,266,2023-02-06,331.0255122375488,2023-03-01,313.21500000000003,-4737.596255187975,206.32608471326773,0.0,-4943.922339901243,23,bear_cross
INDHOTEL,279,2023-02-07,315.536875,2023-03-01,311.22,-1204.408124999995,209.95139282263375,0.0,-1414.3595178226285,22,bear_cross
BAJAJFINSV,62,2023-02-15,1401.495,2023-03-02,1371.5625,-1855.8149999999932,206.73466580839,0.0,-2062.549665808383,15,bear_cross
DRREDDY,89,2023-02-03,877.1875,2023-03-03,880.3137194824219,278.2335339355493,189.31901872375596,0.0,88.91451521179334,28,bear_cross
BEL,889,2023-03-06,96.59087347030639,2023-03-15,93.26625,-2955.5902651023825,203.31687199567918,0.0,-3158.9071370980614,9,bear_cross
ICICIBANK,98,2023-03-06,873.9293749999999,2023-03-15,834.3588871765137,-3877.907806701652,201.86123411782586,0.0,-4079.769040819478,9,bear_cross
TVSMOTOR,68,2023-02-02,1020.8958505249024,2023-03-16,1032.3625762939453,779.7373522949179,170.59739525955948,0.0,609.1399570353584,42,bear_cross
FEDERALBNK,635,2023-03-06,135.73849388122557,2023-03-17,127.48050304412841,-5243.824181556693,201.66534541214503,0.0,-5445.489526968838,11,bear_cross
LT,9,2023-03-16,2190.3621520996094,2023-03-20,2185.6223474121093,-42.65824218750049,59.15404208663856,0.0,-101.81228427413905,4,bear_cross
COALINDIA,382,2023-03-06,223.50737194061279,2023-03-24,212.71687500000002,-4121.969831314078,201.01788314067633,0.0,-4322.9877144547545,18,bear_cross
ETERNAL,472,2023-03-24,52.631249999999994,2023-03-27,50.57325076103211,-971.3756407928431,69.60095754538766,0.0,-1040.9765983382308,3,bear_cross
INDHOTEL,269,2023-03-03,316.84011276245116,2023-03-28,305.73375000000004,-2987.6115830993494,201.8613390709867,0.0,-3189.4729221703365,25,bear_cross
ASIANPAINT,29,2023-03-03,2844.1426739501953,2023-03-29,2777.4888262939453,-1932.961582031251,196.83753382780927,0.0,-2129.7991158590603,26,bear_cross
ADANIPORTS,124,2023-03-06,691.7249999999999,2023-04-03,636.9536128234863,-6791.652009887686,199.12510146183044,0.0,-6990.777111349516,28,bear_cross
GAIL,837,2023-02-27,104.10962347030639,2023-04-05,105.485625,1151.713280353552,210.404366522746,3348.0,4289.308913830806,37,bear_cross
ATGL,78,2023-03-27,1030.1689755249022,2023-04-11,921.9892378234864,-8438.019540710431,185.35706720483944,0.0,-8623.37660791527,15,bear_cross
HINDPETRO,546,2023-03-16,155.721661567688,2023-04-12,153.615,-1150.2372159576366,203.30921304913142,0.0,-1353.546429006768,27,bear_cross
BPCL,382,2023-03-17,175.93875,2023-04-13,169.02637195587158,-2640.528412857055,162.12720532656164,0.0,-2802.6556181836168,27,bear_cross
COFORGE,98,2023-04-13,812.025,2023-04-24,767.0775,-4404.855,187.81746749527002,0.0,-4592.672467495269,11,bear_cross
ADANIENSOL,78,2023-03-20,988.5652255249023,2023-04-27,987.3753506469727,-92.81024047850747,186.79471666904587,0.0,-279.60495714755336,38,bear_cross
ATGL,85,2023-04-12,996.4849999999999,2023-05-10,844.4834756469727,-12920.129570007313,190.380881857997,0.0,-13110.510451865312,28,bear_cross
ADANIGREEN,113,2023-03-16,768.0653994750976,2023-05-11,902.1390243530274,15150.319611206065,224.1515587482628,0.0,14926.168052457802,56,bear_cross
POWERGRID,509,2023-03-01,166.5779123687744,2023-05-24,177.90413108825683,5765.045328216555,209.95840264561969,0.0,5555.086925570935,84,bear_cross
ASHOKLEY,1069,2023-04-27,70.7263780593872,2023-06-02,72.99206554412842,2422.0199211883655,186.06286235041293,0.0,2235.9570588379524,36,bear_cross
KOTAKBANK,220,2023-04-05,349.8725,2023-06-09,371.4689939117432,4751.228660583506,191.51707114326126,0.0,4559.711589440245,65,bear_cross
ICICIBANK,28,2023-03-28,857.6888627624511,2023-06-13,933.5602743530272,2124.399524536132,70.97336608907806,0.0,2053.426158447054,77,bear_cross
AWL,174,2023-05-24,500.24749999999995,2023-06-20,418.30163108825684,-14258.581190643301,194.20251785011948,0.0,-14452.783708493422,27,bear_cross
CANBK,1382,2023-06-02,62.215151376724236,2023-06-21,61.126798782348644,-1504.103285427069,205.07194946116635,3316.7999999999997,1607.6247651117644,19,bear_cross
GAIL,319,2023-06-20,108.1697515296936,2023-06-27,104.53800304412842,-1158.5277668952933,90.90783457910578,0.0,-1249.435601474399,7,bear_cross
HCLTECH,68,2023-05-11,1084.8553994750976,2023-07-13,1097.25,842.8328356933662,180.33911298990068,0.0,662.4937227034654,63,bear_cross
LTM,16,2023-05-10,4649.545070800781,2023-07-14,4912.6875,4210.278867187502,185.21758724742836,640.0,4665.061279940073,65,bear_cross
BRITANNIA,15,2023-04-24,4338.619304199218,2023-07-26,4887.75,8236.960437011727,168.6742565503297,0.0,8068.286180461397,93,bear_cross
TECHM,64,2023-06-21,1110.1183505249023,2023-07-31,1092.2625,-1142.774433593746,172.22197511669583,2048.0,733.0035912895582,40,bear_cross
HDFCLIFE,164,2023-03-29,492.52823776245117,2023-08-02,641.143125,24372.84150695802,220.33290034525902,311.59999999999997,24464.108606612757,126,bear_cross
KOTAKBANK,195,2023-07-14,374.95503898620603,2023-08-03,363.1099390411377,-2309.7944892883265,175.6136770264563,0.0,-2485.4081663147826,20,bear_cross
BANKBARODA,476,2023-04-05,169.92374999999998,2023-08-07,188.5275,8855.38500000001,204.47766701977,2618.0,11268.907332980238,124,bear_cross
HEROMOTOCO,31,2023-06-28,2857.125,2023-08-08,2997.4875,4351.237500000006,216.907545440425,1085.0,5219.32995455958,41,bear_cross
TVSMOTOR,25,2023-07-13,1342.3474999999999,2023-08-16,1330.665,-292.06249999999727,89.698783264375,0.0,-381.7612832643723,34,bear_cross
JSWSTEEL,114,2023-06-09,753.37875,2023-08-22,797.9002743530274,5075.4537762451255,211.68367972432935,387.59999999999997,5251.370096520796,74,bear_cross
COALINDIA,296,2023-08-02,241.75286888122557,2023-08-23,230.671875,-3279.974188842768,171.14232147817705,1184.0,-2267.116510320945,21,bear_cross
EICHERMOT,26,2023-08-07,3368.3498260498045,2023-08-23,3335.041402587891,-866.0190100097552,209.28415962593328,962.0,-113.30316963568839,16,bear_cross
DRREDDY,91,2023-06-13,942.3499999999999,2023-09-04,1114.2075,15639.032500000007,222.350220675895,728.0,16144.682279324112,83,bear_cross
ADANIENSOL,94,2023-07-26,841.9997744750976,2023-09-06,813.0123628234863,-2724.816695251462,188.60263182289813,0.0,-2913.4193270743604,42,bear_cross
CIPLA,91,2023-04-11,907.2624999999999,2023-09-18,1237.8475762939454,30083.24194274904,230.23098893150944,773.5,30626.51095381753,160,bear_cross
CUMMINSIND,47,2023-09-18,1757.3825,2023-09-20,1708.0192987060548,-2320.070460815423,196.6958916892573,0.0,-2516.76635250468,2,bear_cross
DIXON,18,2023-08-08,4718.7675,2023-09-25,4797.975,1425.7350000000079,205.78973610919002,54.0,1273.9452638908178,48,bear_cross
SONACOMS,70,2023-08-22,598.3922744750977,2023-09-28,592.515,-411.4092132568385,108.10492352087644,0.0,-519.514136777715,37,bear_cross
OLECTRA,78,2023-08-24,1213.0249999999999,2023-09-28,1208.97,-316.28999999998723,225.51457980765997,31.200000000000003,-510.6045798076472,35,bear_cross
CUMMINSIND,51,2023-09-28,1720.4403994750976,2023-09-29,1664.3786737060548,-2859.148014221184,207.5843814430454,0.0,-3066.7323956642294,1,bear_cross
HDFCLIFE,147,2023-09-06,645.10875,2023-10-03,632.8638871765137,-1799.9948350524862,224.45379073898255,0.0,-2024.4486257914689,27,bear_cross
M&M,58,2023-08-16,1562.9476739501952,2023-10-04,1527.9705487060548,-2028.6732641601388,214.91679712555663,0.0,-2243.5900612856954,49,bear_cross
ASIANPAINT,29,2023-09-25,3280.480798950195,2023-10-04,3157.0375762939457,-3579.853457031233,223.28137691550054,0.0,-3803.1348339467336,9,bear_cross
ADANIPORTS,115,2023-10-05,832.9271005249022,2023-10-10,798.5486128234863,-3953.5260856628292,224.34580228047292,0.0,-4177.871887943302,5,bear_cross
ADANIPOWER,1413,2023-07-31,52.129999999999995,2023-10-11,70.4234984779358,25848.713349323283,206.03457254914804,0.0,25642.678776774133,72,bear_cross
INFY,63,2023-10-12,1495.6297744750975,2023-10-17,1436.649375,-3715.7651669311463,221.1174323192326,0.0,-3936.882599250379,5,bear_cross
BANDHANBNK,395,2023-08-08,231.07625,2023-10-19,233.3651219558716,904.1044225692816,219.3479028490249,592.5,1277.2565197202566,72,bear_cross
FEDERALBNK,652,2023-08-23,136.8913780593872,2023-10-25,142.94175304412843,3944.844490051288,218.00394789624215,0.0,3726.840542155046,63,bear_cross
UPL,151,2023-10-12,630.7228994750976,2023-10-25,585.2332621765137,-6868.935232086175,220.10334656609803,0.0,-7089.038578652274,13,bear_cross
RBLBANK,420,2023-09-22,227.6176280593872,2023-10-26,224.3876219558716,-1356.6025634765488,226.6233530946198,0.0,-1583.2259165711685,34,bear_cross
ONGC,471,2023-10-19,186.465,2023-10-27,180.5475,-2787.1424999999954,207.842748919825,0.0,-2994.98524891982,8,bear_cross
CIPLA,78,2023-10-26,1157.6870489501953,2023-10-27,1149.1200000000001,-668.2298181152223,215.546385399729,0.0,-883.7762035149512,1,bear_cross
DLF,124,2023-09-04,505.76124999999996,2023-10-30,535.6575,3707.1350000000084,158.71354266055,0.0,3548.4214573394584,56,bear_cross
INDIGO,37,2023-10-10,2497.1271520996092,2023-10-30,2465.021951293945,-1187.892429809569,219.66629604609128,0.0,-1407.5587258556602,20,bear_cross
HINDUNILVR,37,2023-10-11,2524.6459729003905,2023-10-30,2464.8225,-2213.468497314439,220.86765278171214,0.0,-2434.336150096151,19,bear_cross
DRREDDY,81,2023-10-25,1122.8,2023-10-30,1076.0930639648439,-3783.2618188476445,213.75475349115658,0.0,-3997.016572338801,5,bear_cross
APLAPOLLO,16,2023-10-17,1726.2548260498047,2023-10-31,1614.9525,-1780.8372167968737,74.94202801912792,0.0,-1855.7792448160014,14,bear_cross
INDUSINDBK,62,2023-10-30,1443.6,2023-11-01,1440.2902743530274,-205.20299011229736,214.25491458523953,0.0,-419.4579046975369,2,bear_cross
DIXON,18,2023-09-29,5263.125,2023-11-06,5304.605152587891,746.6427465820398,226.8849175001607,0.0,519.757829081879,38,bear_cross
PAYTM,101,2023-10-09,919.7937499999999,2023-11-08,882.7875,-3737.631249999991,218.1457443404875,0.0,-3955.7769943404787,30,bear_cross
CIPLA,74,2023-11-03,1218.0375,2023-12-01,1210.4163262939453,-563.9668542480408,215.28786643890197,0.0,-779.2547206869427,28,bear_cross
ULTRACEMCO,10,2023-11-02,8406.463749999999,2024-01-16,9929.06531982422,15226.015698242209,218.16357432710066,0.0,15007.852123915109,75,bear_cross
ADANIPOWER,1209,2023-11-03,75.54840061187744,2024-01-24,104.29859756469729,34758.9881159592,254.60909763431852,0.0,34504.37901832488,82,bear_cross
INDUSINDBK,61,2023-11-03,1474.6775,2024-01-25,1486.275,707.447500000005,216.207602367115,0.0,491.23989763289,83,bear_cross
ICICIBANK,97,2024-01-24,1032.0235760498047,2024-01-25,995.9040243530272,-3503.5965145874097,234.4230162732042,0.0,-3738.019530860614,1,bear_cross
INDIGO,3,2023-11-06,2506.1998260498044,2024-01-29,2882.675152587891,1129.4259796142592,33.23914362998826,0.0,1096.186835984271,84,bear_cross
ADANIENT,39,2023-12-01,2375.9249999999997,2024-01-29,2921.6775000000002,21284.347500000018,243.57398139548502,0.0,21040.773518604536,59,bear_cross
TECHM,66,2024-01-16,1333.4252255249023,2024-02-16,1301.8372256469727,-2084.807991943356,208.9741569084436,0.0,-2293.7821488517993,31,bear_cross
PERSISTENT,30,2023-10-26,2927.2999999999997,2024-03-05,4219.425,38763.750000000015,250.93451186049998,480.0,38992.81548813952,131,bear_cross
HCLTECH,70,2023-11-03,1285.8064755249022,2024-03-13,1634.653125,24419.26546325685,240.92012985696104,840.0,25018.345333399888,131,bear_cross
COCHINSHIP,7,2024-03-05,886.7613627624511,2024-03-13,817.95,-481.6795393371573,28.650444002886182,0.0,-510.32998334004344,8,bear_cross
HDFCAMC,65,2023-11-08,1395.4549130249022,2024-03-15,1870.3125,30865.743153381354,249.1609214789661,0.0,30616.58223190239,128,bear_cross
ADANIPOWER,953,2024-01-30,115.2875,2024-03-15,106.95195121765137,-7943.777989578239,251.53691886879358,0.0,-8195.314908447031,45,bear_cross
CANBK,1172,2023-11-02,77.58347438812255,2024-03-18,109.72500000000001,37669.868017120374,256.71627882966317,0.0,37413.15173829071,137,bear_cross
DLF,156,2023-11-02,580.4475,2024-03-18,823.9848628234864,37991.82860046389,256.20925482681287,0.0,37735.619345637075,137,bear_cross
BANKBARODA,464,2024-01-30,235.58749999999998,2024-03-19,253.16550304412843,8156.193412475601,267.0012682144626,0.0,7889.192144261138,49,bear_cross
HCLTECH,68,2024-03-15,1681.1924999999999,2024-03-19,1637.4461737060549,-2974.75018798826,266.59690919155986,0.0,-3241.34709717982,4,bear_cross
DRREDDY,91,2024-01-25,1183.3710940551757,2024-03-20,1221.927515258789,3508.634329528815,258.5626954614038,0.0,3250.0716340674117,55,bear_cross
ICICIBANK,103,2024-01-30,1017.4873872375488,2024-04-22,1076.1030487060548,6037.4131312561185,254.76621795124265,0.0,5782.646913304876,83,bear_cross
KOTAKBANK,321,2024-03-20,351.1556987762451,2024-04-29,321.2149390411377,-9610.983874969477,256.15249507655733,0.0,-9867.136370046033,40,bear_cross
ADANIENSOL,25,2024-04-29,1075.5321005249023,2024-05-08,1015.5547256469727,-1499.4343719482401,73.60589587675989,0.0,-1573.040267825,9,bear_cross
TATAPOWER,288,2024-03-22,390.8747438812256,2024-05-14,412.06725608825684,6103.443515625002,272.1231212807271,0.0,5831.320394344275,53,bear_cross
ITC,281,2024-03-18,404.4701405334473,2024-05-17,415.32365158081063,3049.8366043090946,271.3673950587704,0.0,2778.469209250324,60,bear_cross
ETERNAL,667,2024-03-22,170.8761219406128,2024-05-23,186.03375,10110.137915611267,279.3998712213107,0.0,9830.738044389956,62,bear_cross
MARUTI,10,2024-05-16,12880.119999999999,2024-05-23,12534.634680175783,-3454.8531982421628,298.3143699374244,0.0,-3753.167568179587,7,bear_cross
HINDCOPPER,414,2024-03-22,274.4844877624512,2024-05-30,372.0675,40399.36706634521,310.07056801655926,0.0,40089.296498328644,69,bear_cross
HFCL,49,2024-05-23,103.1572515296936,2024-06-06,92.4682469558716,-523.7612241172775,26.04241602695715,0.0,-549.8036401442347,14,bear_cross
IRCON,78,2024-05-17,262.8555122375488,2024-06-11,255.36,-584.6499545288049,60.34820026486723,0.0,-644.9981547936721,25,bear_cross
HINDPETRO,400,2024-04-24,324.4090061187744,2024-06-12,352.1175,11083.397552490238,315.53760300978774,0.0,10767.85994948045,49,bear_cross
ADANIENT,35,2024-05-23,3164.5917010498047,2024-06-27,3169.0575000000003,156.30296325684867,261.9239053377611,44.111585000000005,-61.50935708091241,35,bear_cross
CANBK,1197,2024-06-07,119.74862194061281,2024-07-02,118.5030030441284,-1491.005819091829,332.6957723963348,3854.34,2030.6384085118364,25,bear_cross
POLYCAB,18,2024-02-20,4788.892570800781,2024-07-04,6758.0625,35445.05872558594,243.8898584403869,0.0,35201.168867145556,135,bear_cross
HAL,36,2024-03-22,3121.835173950195,2024-07-23,5032.3875,68779.88373779297,336.73053292184215,0.0,68443.15320487114,123,bear_cross
HINDALCO,209,2024-03-22,541.0492622375488,2024-07-23,670.6192378234864,27080.124897460966,295.0132583137797,0.0,26785.111639147188,123,bear_cross
ASIANPAINT,49,2024-07-04,2947.35,2024-07-26,2894.9444512939453,-2567.8718865966734,333.9837570594133,0.0,-2901.8556436560866,22,bear_cross
NESTLEIND,20,2024-06-12,1275.1799999999998,2024-07-29,1238.6955487060548,-729.6890258789017,71.32373154961907,112.5,-688.5127574285208,47,bear_cross
BHEL,426,2024-07-30,323.8075,2024-08-06,291.27000000000004,-13860.974999999986,307.85554714909,0.0,-14168.830547149077,7,bear_cross
COCHINSHIP,126,2024-03-22,900.245,2024-08-07,2302.279923706055,176656.40038696292,450.9667704462777,0.0,176205.43361651665,138,bear_cross
IOC,872,2024-07-26,178.78584632873535,2024-08-12,167.58,-9771.49799865721,352.0539789577136,0.0,-10123.551977614925,17,bear_cross
GAIL,709,2024-06-03,217.5425,2024-08-13,232.70676830291748,10751.466226768502,369.643371210037,0.0,10381.822855558465,71,bear_cross
TITAN,44,2024-07-29,3503.7374999999997,2024-08-13,3321.675,-8010.74999999998,350.0165182189,0.0,-8360.766518218881,15,bear_cross
INDUSTOWER,408,2024-06-28,374.935,2024-08-16,405.4338871765137,12443.54596801758,368.58624323425727,0.0,12074.959724783324,49,bear_cross
GAIL,656,2024-08-14,228.8707530593872,2024-08-19,233.41500000000002,2981.0259930420116,352.464059244586,0.0,2628.5619337974254,5,bear_cross
GMRAIRPORT,1601,2024-08-16,94.6360015296936,2024-08-19,97.15650152206422,4035.3204877853577,356.61251193423584,0.0,3678.707975851122,3,bear_cross
HDFCBANK,163,2024-08-19,820.8720747375488,2024-08-22,813.96,-1126.668182220451,311.8558125693377,0.0,-1438.5239947897885,3,bear_cross
ASHOKLEY,1226,2024-07-30,128.5204969406128,2024-09-06,125.6351219558716,-3537.4697312926996,362.22522282309035,0.0,-3899.69495411579,38,bear_cross
TMPV,141,2024-08-14,1059.6425,2024-09-09,1046.7266006469727,-1821.1418087768452,345.85899086983403,0.0,-2167.0007996466793,26,bear_cross
HAL,32,2024-09-09,4699.8203479003905,2024-09-12,4596.430319824219,-3308.4808984374977,346.5066967163704,0.0,-3654.987595153868,3,bear_cross
TECHM,1,2024-08-19,1591.8196005249022,2024-09-26,1605.9750000000001,14.155399475097965,18.896184245430874,0.0,-4.740784770332908,38,bear_cross
VBL,243,2024-09-12,637.08875,2024-10-03,598.4002743530274,-9401.299582214346,350.01589054940837,0.0,-9751.315472763754,21,bear_cross
DMART,28,2024-09-06,5306.2325,2024-10-04,4862.8125,-12415.760000000002,333.01016882356,0.0,-12748.770168823561,28,bear_cross
CDSL,78,2024-07-02,1226.0575,2024-10-07,1381.5375000000001,12127.440000000019,240.68537923845997,858.0,12744.75462076156,97,bear_cross
CUMMINSIND,39,2024-08-22,3848.5975,2024-10-07,3571.3992224121093,-10810.732825927731,338.0587110476156,0.0,-11148.791536975346,46,bear_cross
COALINDIA,254,2024-10-03,500.74875,2024-10-08,479.59798782348633,-5372.293592834464,292.74099470122195,0.0,-5665.034587535686,5,bear_cross
HINDUNILVR,41,2024-05-08,2372.315902099609,2024-10-09,2816.3414025878906,18205.045520019543,250.62225581080483,984.0,18938.423264208737,154,bear_cross
APOLLOHOSP,17,2024-06-11,6096.954374999999,2024-10-09,6941.6025,14359.01812500001,260.83394492517624,170.0,14268.184180074833,120,bear_cross
TITAN,43,2024-08-16,3418.5249999999996,2024-10-09,3509.2050000000004,3899.240000000032,346.42483899034005,0.0,3552.815161009692,54,bear_cross
INFY,78,2024-10-10,1962.7947744750975,2024-10-23,1840.6368750000001,-9528.316159057593,346.06951833427695,0.0,-9874.38567739187,13,bear_cross
KOTAKBANK,402,2024-10-15,383.3961024475098,2024-10-23,351.34943595886233,-12882.759928436284,344.8750158440172,0.0,-13227.6349442803,8,bear_cross
OFSS,13,2024-10-15,11864.537570800781,2024-10-23,10871.7525,-12906.205920410152,345.1037768465206,0.0,-13251.309697256673,8,bear_cross
APOLLOHOSP,21,2024-10-16,7102.81284790039,2024-10-23,6867.7875,-4935.53230590818,342.07073758567924,0.0,-5277.60304349386,7,bear_cross
BHARTIARTL,102,2024-08-19,1490.7175,2024-10-28,1654.0046493530274,16655.289234008796,370.9080476093161,0.0,16284.381186399482,70,bear_cross
SIEMENS,37,2024-09-26,4242.8467785644525,2024-10-28,3979.538913574219,-9742.391004638645,354.4960329205687,0.0,-10096.887037559214,32,bear_cross
CDSL,97,2024-10-15,1602.9975,2024-10-29,1481.0880487060547,-11825.21677551269,349.0101523408725,0.0,-12174.226927853562,14,bear_cross
DIXON,12,2024-08-19,12581.375,2024-11-01,14104.650000000001,18279.300000000017,370.1973844138,60.0,17969.10261558622,74,bear_cross
VBL,238,2024-10-31,607.0638627624511,2024-11-01,598.5,-2038.1993374633605,334.66906583850005,0.0,-2372.8684033018603,1,bear_cross
TECHM,92,2024-10-10,1677.1825,2024-11-06,1645.8250762939454,-2884.882980957017,355.6374542877373,1380.0,-1860.520435244754,27,bear_cross
VBL,235,2024-11-04,612.5274999999999,2024-11-06,590.52,-5171.762499999985,330.223037649475,0.0,-5501.98553764946,2,bear_cross
HDFCLIFE,158,2024-10-16,725.2586372375488,2024-11-07,706.9282621765137,-2896.199259643539,267.27859634915,0.0,-3163.4778559926885,22,bear_cross
IRFC,926,2024-11-05,153.3825,2024-11-14,140.63753047943115,-11801.84177604675,319.09163035281847,740.8000000000001,-11380.133406399567,9,bear_cross
CIPLA,91,2024-11-08,1579.0377255249023,2024-11-14,1493.2575000000002,-7806.000522766091,326.9306575199257,0.0,-8132.9311802860175,6,bear_cross
ICICIBANK,109,2024-10-30,1327.31,2024-11-19,1253.9074237060547,-8000.88081604003,328.9184967496352,0.0,-8329.799312789666,20,bear_cross
BANKBARODA,574,2024-10-31,252.07862194061278,2024-11-21,236.6069969558716,-8880.71274124143,328.04210502116246,0.0,-9208.754846262593,21,bear_cross
CDSL,91,2024-11-04,1560.3410760498045,2024-11-21,1501.2375000000002,-5378.425420532197,325.6637542562425,0.0,-5704.08917478844,17,bear_cross
APOLLOHOSP,19,2024-11-08,7408.524929199219,2024-11-21,6606.990930175782,-15229.145981445303,312.71012071482266,0.0,-15541.856102160125,13,bear_cross
SBIN,175,2024-10-31,822.05,2024-11-22,784.0350000000001,-6652.624999999978,328.49720021425003,0.0,-6981.1222002142285,22,bear_cross
BEL,499,2024-11-05,283.20625,2024-11-22,275.31,-3940.2287500000048,325.66263412740255,0.0,-4265.891384127407,17,bear_cross
EICHERMOT,28,2024-11-04,5014.956320800781,2024-12-06,4838.8725,-4930.346982421863,322.63060851416964,0.0,-5252.977590936032,32,bear_cross
DIVISLAB,22,2024-11-26,6164.522777099609,2024-12-16,5868.79125,-6506.093596191391,310.3184329395693,0.0,-6816.41202913096,20,bear_cross
HFCL,1059,2024-11-22,128.20972438812254,2024-12-17,126.1338719558716,-2198.3277257537457,315.13128442951233,0.0,-2513.4590101832578,25,bear_cross
GAIL,121,2024-12-06,209.39217010498047,2024-12-23,193.7144969558716,-1896.9984510421732,69.74088616832597,0.0,-1966.7393372104993,17,bear_cross
BAJAJFINSV,78,2024-12-16,1679.1875,2024-12-23,1579.0425,-7811.309999999999,298.63486715764,0.0,-8109.944867157638,7,bear_cross
PFC,282,2024-11-25,491.22499999999997,2024-12-24,457.1542378234864,-9607.954933776819,313.5657333693703,0.0,-9921.52066714619,29,bear_cross
LT,39,2024-11-07,3656.46847290039,2024-12-26,3648.855,-296.92544311521806,332.29521027284767,0.0,-629.2206533880658,49,bear_cross
M&M,44,2024-11-26,3061.13375,2024-12-26,2917.6875,-6311.634999999998,308.45194440781,0.0,-6620.086944407808,30,bear_cross
ETERNAL,502,2024-11-21,274.3842622375488,2024-12-27,274.2127439117432,-86.10219955441482,321.6982834786663,0.0,-407.80048303308115,36,bear_cross
HDFCBANK,151,2024-11-26,907.2624999999999,2024-12-27,895.1565243530274,-1828.002322692851,318.23538249207445,0.0,-2146.2377051849257,31,bear_cross
VBL,215,2024-11-22,627.5649999999999,2024-12-30,619.5971493530274,-1713.0878890991044,313.74887304302126,0.0,-2026.8367621421257,38,bear_cross
ADANIPORTS,111,2025-01-02,1226.8595489501952,2025-01-07,1160.1424237060548,-7405.600902099577,310.63542018746347,0.0,-7716.23632228704,5,bear_cross
POLYCAB,18,2025-01-02,7359.753402099609,2025-01-07,6992.375152587891,-6612.808491210932,303.21305114294347,0.0,-6916.021542353875,5,bear_cross
ADANIENSOL,167,2024-12-30,810.5713627624511,2025-01-09,773.7108993530273,-6155.697389373775,310.11664801403185,0.0,-6465.814037387807,10,bear_cross
ITC,292,2024-12-26,463.8857346343994,2025-01-10,448.82513717651375,-4397.69445770261,312.13890170409337,0.0,-4709.833359406703,15,bear_cross
VBL,210,2025-01-01,640.0962499999999,2025-01-10,598.5,-8735.212499999987,305.337739953775,0.0,-9040.550239953762,9,bear_cross
DIXON,8,2024-11-26,15760.3025,2025-01-13,16458.75,5587.580000000002,301.64627002252007,0.0,5285.933729977482,48,bear_cross
CIPLA,89,2024-12-30,1512.7724999999998,2025-01-14,1432.41,-7152.262499999975,307.461662571955,0.0,-7459.724162571931,15,bear_cross
VOLTAS,75,2025-01-01,1794.475,2025-01-14,1581.2369512939454,-15992.85365295409,298.1766311908035,0.0,-16291.030284144894,13,bear_cross
ADANIENT,53,2025-01-02,2572.1142010498047,2025-01-14,2235.8962500000002,-17819.551405639635,300.14482906738,0.0,-18119.696234707015,12,bear_cross
INDUSINDBK,134,2025-01-08,988.3647744750975,2025-01-14,942.7372256469728,-6114.0915429687175,303.6532633731268,0.0,-6417.744806341844,6,bear_cross
DMART,1,2025-01-07,3943.8349999999996,2025-01-16,3561.0750000000003,-382.7599999999993,23.71721391346,0.0,-406.4772139134593,9,bear_cross
AMBER,19,2024-12-24,6846.824374999999,2025-01-22,6536.318444824219,-5899.612673339822,298.6447500114587,0.0,-6198.2574233512805,29,bear_cross
HINDUNILVR,53,2025-01-10,2441.488402099609,2025-01-22,2336.6936737060546,-5554.120604858393,297.4663147869542,0.0,-5851.586919645347,12,bear_cross
DIVISLAB,3,2025-01-22,5853.146179199219,2025-01-23,5765.948902587891,-261.59182983398296,54.13507263788897,0.0,-315.7269024718719,1,bear_cross
TMPV,158,2025-01-20,781.9499999999999,2025-01-27,731.1176371765138,-8031.513326110814,281.8793553436127,0.0,-8313.392681454427,7,bear_cross
CHOLAFIN,94,2025-01-09,1283.1999999999998,2025-01-28,1201.9875,-7633.974999999988,275.77907182074995,0.0,-7909.754071820737,19,bear_cross
INDUSINDBK,123,2025-01-23,968.3648872375488,2025-01-28,935.0066006469729,-4103.069250640845,276.0783193860534,0.0,-4379.147570026898,5,bear_cross
NESTLEIND,1,2025-01-10,1138.8650869750975,2025-01-29,1075.4546493530274,-63.41043762207005,17.807978343431476,0.0,-81.21841596550153,19,bear_cross
ADANIPOWER,1118,2025-01-20,110.52562499999999,2025-01-29,100.3385213470459,-11389.181884002675,278.4395821292293,0.0,-11667.621466131905,9,bear_cross
ADANIENSOL,147,2025-01-22,827.0625,2025-01-30,750.0701371765138,-11317.877335052479,274.0873766336025,0.0,-11591.964711686082,8,bear_cross
BSE,61,2025-01-20,2028.391707458496,2025-01-31,1747.2874594116213,-17147.35913085936,272.83142965219497,0.0,-17420.190560511557,11,bear_cross
RELIANCE,94,2025-01-20,1319.29,2025-02-01,1261.9372256469728,-5391.1607891845515,285.65336645745515,0.0,-5676.814155642007,12,bear_cross
RVNL,263,2025-01-31,441.9521311187744,2025-02-10,394.11225608825686,-12581.887133026112,260.8849612431337,0.0,-12842.772094269245,10,bear_cross
COALINDIA,293,2025-02-01,396.88974388122557,2025-02-10,376.0575,-6103.847457199091,267.72831602993296,0.0,-6371.575773229024,9,bear_cross
DLF,151,2025-02-10,759.895,2025-02-11,727.2273628234864,-4932.813213653555,265.5068207010165,0.0,-5198.320034354572,1,bear_cross
HINDUNILVR,48,2025-01-30,2389.96,2025-02-12,2319.8857012939457,-3363.56633789061,267.0767771006343,0.0,-3630.6431149912446,13,bear_cross
INDHOTEL,5,2025-02-10,796.9373872375488,2025-02-12,744.135,-264.01193618774414,23.931291745200944,0.0,-287.9432279329451,2,bear_cross
NESTLEIND,15,2025-02-01,1159.39125,2025-02-13,1094.1328125,-978.8765624999985,53.015921066228124,106.875,-925.0174835662265,12,bear_cross
INDUSTOWER,327,2025-01-21,374.83474388122556,2025-02-17,333.414375,-13544.460624160756,273.98624072039973,0.0,-13818.446864881154,27,bear_cross
ADANIPORTS,99,2025-02-11,1147.0604510498047,2025-02-18,1080.1927743530273,-6619.899992980961,261.1198677937624,0.0,-6881.019860774723,7,bear_cross
AXISBANK,111,2025-02-12,1002.5,2025-02-19,989.1708993530273,-1479.5301718139735,261.37664385257915,0.0,-1740.9068156665526,7,bear_cross
HDFCLIFE,181,2025-01-31,639.5949999999999,2025-02-21,616.2554878234863,-4224.451703948963,268.5166606919531,0.0,-4492.968364640916,21,bear_cross
BHARTIARTL,77,2025-01-16,1623.0976739501953,2025-02-25,1593.0075000000002,-2316.9433941650223,290.99010204882194,0.0,-2607.933496213844,40,bear_cross
WIPRO,371,2025-01-27,318.59448776245114,2025-02-25,293.61413108825684,-9267.712326126084,268.69518308397977,2226.0,-7310.407509210063,29,bear_cross
ULTRACEMCO,9,2025-01-30,11573.711733398437,2025-02-27,10773.0,-7206.405600585933,239.60802633256935,0.0,-7446.013626918502,28,bear_cross
BSE,59,2025-02-27,1842.9124420166015,2025-03-03,1534.487540588379,-18197.069184265125,238.37014048675078,0.0,-18435.439324751875,4,bear_cross
SUZLON,2100,2025-02-28,51.338024082183836,2025-03-03,49.924874238967895,-2967.614670753475,252.11802800696864,0.0,-3219.732698760444,3,bear_cross
CIPLA,64,2025-02-12,1456.7828994750976,2025-03-04,1398.9438262939454,-3701.7006835937354,218.9281903740432,0.0,-3920.6288739677784,20,bear_cross
LODHA,91,2025-02-24,1199.9924999999998,2025-03-04,1118.0478506469726,-7456.963091125477,250.55205371329788,0.0,-7707.515144838775,8,bear_cross
SBILIFE,75,2025-02-20,1476.6825,2025-03-05,1387.6721493530274,-6675.7762985229365,254.8150805775045,0.0,-6930.591379100441,13,bear_cross
NMDC,1667,2025-02-25,66.22514755249023,2025-03-05,62.293875761032105,-6553.430076360691,254.15471678011332,0.0,-6807.584793140804,8,bear_cross
NTPC,344,2025-02-27,316.1383811187744,2025-03-05,312.76611282348637,-1160.0602935790898,256.08841809800555,0.0,-1416.1487116770954,6,bear_cross
ETERNAL,494,2025-02-25,224.76049694061277,2025-03-10,216.8664786529541,-3899.645034103382,258.3191110991536,0.0,-4157.964145202535,13,bear_cross
CGPOWER,167,2025-03-10,636.5875,2025-04-08,554.61,-13690.242499999993,237.657674300395,217.1,-13710.800174300388,29,bear_cross
CHOLAFIN,88,2025-01-30,1298.73875,2025-04-09,1471.3125,15186.490000000002,285.36611676105997,114.4,15015.523883238942,69,bear_cross
JSWENERGY,212,2025-03-07,499.2951127624512,2025-04-09,488.77500000000003,-2230.2639056396465,248.52391562673995,0.0,-2478.7878212663863,33,bear_cross
NTPC,324,2025-03-06,329.8225,2025-05-06,348.1275,5930.820000000002,259.24161835480004,0.0,5671.578381645202,61,bear_cross
ADANIPOWER,1034,2025-03-11,100.45049694061281,2025-05-12,108.7175228691101,8548.104810066197,255.28976423201112,0.0,8292.815045834186,62,bear_cross
AXISBANK,110,2025-02-20,1010.9210244750975,2025-06-05,1169.5687500000001,17451.24980773929,280.8460461515416,0.0,17170.403761587746,105,bear_cross
BPCL,340,2025-03-11,256.62998050689697,2025-06-10,320.39701217651367,21680.790767669678,231.95595889223873,0.0,21448.83480877744,91,bear_cross
TITAN,33,2025-04-11,3230.055,2025-06-13,3401.1757012939456,5646.983142700211,258.34496330791603,0.0,5388.638179392295,63,bear_cross
TATASTEEL,39,2025-05-12,145.97402561187744,2025-06-16,151.62996952056886,220.58181243896564,28.234658686629935,140.4,332.74715375233575,35,bear_cross
MAZDOCK,45,2025-03-10,2350.5617010498045,2025-06-17,3157.0875,36293.6609527588,288.3213661999785,135.0,36140.339586558825,99,bear_cross
CHOLAFIN,69,2025-06-13,1554.8774999999998,2025-06-18,1548.1200000000001,-466.2674999999799,253.548689614465,0.0,-719.816189614445,5,bear_cross
BAJAJFINSV,5,2025-06-17,2035.0749999999998,2025-06-18,1996.9950000000001,-190.3999999999985,37.7807743021,0.0,-228.1807743020985,1,bear_cross
RECLTD,295,2025-06-10,429.57124999999996,2025-06-19,390.2220121765138,-11608.025157928427,285.2337702502391,0.0,-11893.258928178666,9,bear_cross
ADANIPORTS,91,2025-03-11,1140.1432989501952,2025-06-20,1334.655,17700.56479553223,264.53368100565626,637.0,18073.031114526577,101,bear_cross
POLYCAB,21,2025-04-16,5271.1449999999995,2025-06-23,5985.498750000001,15001.428750000025,277.1760118383625,0.0,14724.252738161664,68,bear_cross
HEROMOTOCO,29,2025-04-16,3818.5224999999996,2025-06-27,4288.2525000000005,13622.170000000027,275.84106661885,0.0,13346.328933381177,72,bear_cross
MARUTI,9,2025-06-19,12781.875,2025-07-15,12449.7975,-2988.6974999999948,268.174927223815,0.0,-3256.8724272238096,26,bear_cross
INFY,76,2025-05-07,1503.75,2025-07-17,1594.005,6859.380000000008,276.71860138828,1672.0,8254.661398611728,71,bear_cross
BEL,383,2025-03-11,272.6298872375488,2025-07-18,403.239375,50023.433813018804,299.5433540924861,0.0,49723.89045892632,129,bear_cross
INDUSTOWER,303,2025-06-23,404.90974388122555,2025-07-23,395.30923782348634,-2908.953335494981,285.2791956585123,0.0,-3194.2325311534933,30,bear_cross
EICHERMOT,22,2025-06-23,5508.737499999999,2025-07-24,5426.400000000001,-1811.424999999972,283.09073332315,0.0,-2094.515733323122,31,bear_cross
DLF,146,2025-07-23,848.2152255249023,2025-07-28,816.9525000000001,-4564.357926635718,286.1243419010149,876.0,-3974.4822685367335,5,bear_cross
GODREJPROP,53,2025-07-24,2318.080798950195,2025-07-28,2219.4375,-5228.094844360336,283.25292389901256,0.0,-5511.347768259348,4,bear_cross
ASIANPAINT,6,2025-06-27,2288.7075,2025-07-29,2353.1025,386.3699999999999,46.292486019159995,0.0,340.0775139808399,32,bear_cross
ADANIGREEN,119,2025-07-16,1035.6827255249023,2025-08-01,986.3279878234864,-5873.2137864684855,283.4468161355554,0.0,-6156.660602604042,16,bear_cross
BANKBARODA,446,2025-07-17,250.6751280593872,2025-08-04,234.5721036529541,-7181.948885269159,256.62584785632384,0.0,-7438.574733125483,18,bear_cross
RECLTD,305,2025-07-21,402.0025,2025-08-04,388.8254878234864,-4018.9887138366435,283.95657273348354,1403.0,-2899.945286570127,14,bear_cross
MAXHEALTH,97,2025-07-29,1259.1399999999999,2025-08-05,1242.4859756469727,-1615.4403622436312,285.39506129852623,0.0,-1900.8354235421573,7,bear_cross
LUPIN,62,2025-07-30,1990.965,2025-08-05,1884.2775000000001,-6614.624999999985,283.10836339921,0.0,-6897.733363399196,6,bear_cross
APOLLOHOSP,16,2025-06-16,7028.02625,2025-08-07,7146.09,1889.020000000004,267.47627487916003,0.0,1621.543725120844,52,bear_cross
HDFCBANK,125,2025-06-24,984.95625,2025-08-08,991.0661128234864,763.732852935803,290.0501116034077,1687.5,2161.1827413323954,45,bear_cross
CIPLA,78,2025-07-29,1567.3085244750976,2025-08-11,1484.28,-6476.2249090576115,280.6049368324444,0.0,-6756.829845890056,13,bear_cross
KAYNES,19,2025-08-06,6340.8125,2025-08-14,6079.762500000001,-4959.949999999986,278.22971716555,0.0,-5238.179717165536,8,bear_cross
MAXHEALTH,94,2025-08-12,1271.1699999999998,2025-08-18,1213.0597256469728,-5462.365789184545,275.51605033986516,0.0,-5737.88183952441,6,bear_cross
JIOFIN,84,2025-08-04,330.6746311187744,2025-08-29,310.2225,-1717.9790139770487,75.35562480535043,42.0,-1751.3346387823992,25,bear_cross
LT,28,2025-08-05,3639.075,2025-09-03,3585.0150000000003,-1513.6799999999857,240.46491569512,0.0,-1754.1449156951057,29,bear_cross
ASIANPAINT,49,2025-08-04,2449.3079510498046,2025-09-18,2491.655152587891,2075.0128753662243,284.50586714534205,0.0,1790.5070082208822,45,bear_cross
CIPLA,77,2025-08-14,1566.40625,2025-09-23,1538.3444512939454,-2160.758500366201,281.4402916515441,0.0,-2442.1987920177453,40,bear_cross
APOLLOHOSP,14,2025-08-18,7869.625,2025-09-25,7629.8775000000005,-3356.464999999993,256.97608896721,140.0,-3473.441088967203,38,bear_cross
COFORGE,67,2025-08-29,1736.33,2025-09-26,1587.52125,-9970.186249999995,263.8183929004525,0.0,-10234.004642900449,28,bear_cross
GODREJPROP,46,2025-09-18,2095.225,2025-10-01,1975.0500000000002,-5528.049999999987,224.0333270059,0.0,-5752.083327005887,13,bear_cross
M&M,39,2025-06-24,3162.9878479003905,2025-10-03,3453.4448474121095,11327.82298095704,301.53663100203835,986.7,12012.986349955003,101,bear_cross
BAJAJFINSV,63,2025-10-08,2036.57875,2025-10-09,2008.5659756469724,-1764.8047842407295,298.96248597053494,0.0,-2063.7672702112645,1,bear_cross
ETERNAL,439,2025-06-05,248.61999999999998,2025-10-28,331.91812500000003,36567.87687500002,296.1010162715462,0.0,36271.77585872848,145,bear_cross
EICHERMOT,21,2025-08-08,5695.70375,2025-10-29,6989.981250000001,27179.82750000002,309.64578720781,0.0,26870.18171279221,82,bear_cross
DRREDDY,96,2025-10-28,1287.1097744750975,2025-10-31,1199.49375,-8411.138349609355,281.5176526799562,0.0,-8692.656002289312,3,bear_cross
MARUTI,9,2025-08-12,12651.55,2025-11-04,15567.9825,26247.89250000001,295.89560349425506,0.0,25951.996896505756,84,bear_cross
HEROMOTOCO,26,2025-08-05,4547.34,2025-11-07,5291.7375,19354.335,298.45969485709,0.0,19055.87530514291,94,bear_cross
POWERGRID,183,2025-10-09,285.7125,2025-11-07,269.52451217651367,-2962.4017716979947,128.59194416227984,0.0,-3090.9937158602743,29,bear_cross
EICHERMOT,18,2025-11-04,7067.625,2025-11-07,6789.48375,-5006.542499999994,293.18064717824495,0.0,-5299.723147178239,3,bear_cross
INFY,87,2025-10-29,1503.9504510498045,2025-11-10,1486.3747256469728,-1529.0881100463598,304.85632476849776,0.0,-1833.9444348148577,12,bear_cross
HDFCBANK,130,2025-10-08,978.4399999999999,2025-11-14,973.6098628234864,-627.9178329467572,297.678451198994,0.0,-925.5962841457513,37,bear_cross
BRITANNIA,20,2025-11-11,5964.875,2025-11-18,5803.455,-3228.4000000000015,277.4053480396,0.0,-3505.8053480396015,7,bear_cross
ONGC,513,2025-09-23,237.843125,2025-11-19,246.3326219558716,4355.111938362132,291.315169666306,3078.0,7141.796768695825,57,bear_cross
HAL,18,2025-11-18,4826.035,2025-11-20,4751.990152587891,-1332.8072534179537,207.22370820602072,0.0,-1540.0309616239745,2,bear_cross
RBLBANK,115,2025-09-03,271.3767622375488,2025-11-24,311.31975608825684,4593.444292831424,89.5379285419823,115.0,4618.906364289442,82,bear_cross
BDL,79,2025-11-17,1624.1502255249022,2025-11-26,1468.5194512939454,-12294.83116424559,288.0461523937148,0.0,-12582.877316639306,9,bear_cross
MAXHEALTH,4,2025-11-26,1161.1957989501952,2025-12-03,1115.2050000000002,-183.96319580078034,25.48292486831302,0.0,-209.44612066909335,7,bear_cross
CDSL,70,2025-12-03,1593.975,2025-12-04,1545.1275,-3419.32499999999,260.03340126805,0.0,-3679.3584012680394,1,bear_cross
GODREJCP,114,2025-11-10,1123.0004510498047,2025-12-05,1129.17,703.3285803222698,300.8946335523139,0.0,402.4339467699558,25,bear_cross
GRSE,46,2025-11-12,2812.0125,2025-12-05,2548.6125,-12116.399999999983,290.55553503249996,0.0,-12406.955535032483,23,bear_cross
PGEL,222,2025-11-20,582.5527255249023,2025-12-10,552.615,-6646.175066528299,296.1728234614061,0.0,-6942.3478899897045,20,bear_cross
HEROMOTOCO,19,2025-11-19,5865.6275,2025-12-19,5710.6875,-2943.8599999999924,260.23447251390996,0.0,-3204.0944725139025,30,bear_cross
SUNPHARMA,77,2025-10-03,1604.0,2025-12-22,1740.5377743530275,10513.408625183121,301.0287536842167,0.0,10212.379871498904,80,bear_cross
CHOLAFIN,73,2025-12-11,1749.2622744750975,2025-12-22,1643.88,-7692.906036682107,291.4592511762726,0.0,-7984.365287858379,11,bear_cross
KOTAKBANK,21,2025-12-04,430.29305122375484,2026-01-12,424.29658538818364,-125.92578254699521,35.31310785909477,0.0,-161.23889040608998,39,bear_cross
INFY,85,2025-11-11,1528.8125,2026-01-13,1613.9550000000002,7237.112500000013,311.96005756892504,0.0,6925.152442431088,63,bear_cross
BPCL,304,2025-12-19,364.8598872375489,2026-01-13,359.1,-1751.0057202148555,260.29387141501746,0.0,-2011.299591629873,25,bear_cross
HYUNDAI,59,2026-01-14,2305.75,2026-01-16,2294.25,-678.5,317.2978759,0.0,-995.7978759,2,bear_cross
ASIANPAINT,6,2026-01-13,2907.25,2026-01-21,2663.3250000000003,-1463.5499999999984,52.630212570699996,0.0,-1516.1802125706984,8,bear_cross
EICHERMOT,17,2025-11-25,7276.64625,2026-01-22,7157.0625,-2032.9237499999963,288.4469209490425,0.0,-2321.370670949039,58,bear_cross
PAYTM,78,2026-01-21,1297.235,2026-01-23,1258.7452743530273,-3002.198600463863,237.3416127546472,0.0,-3239.54021321851,2,bear_cross
PERSISTENT,18,2026-01-12,6433.0425,2026-01-27,6109.6875,-5820.389999999992,266.92347520084,396.0,-5691.313475200833,15,bear_cross
AUBANK,171,2025-09-26,751.37375,2026-01-28,962.5875000000001,36117.55125000002,338.6633367399925,0.0,35778.88791326002,124,bear_cross
BANKBARODA,446,2025-12-23,295.7375,2026-02-03,289.27500000000003,-2882.2749999999896,305.80022174845,0.0,-3188.0752217484396,42,bear_cross
HINDALCO,157,2025-12-08,827.8644877624512,2026-02-18,890.7675,9875.77292129517,314.7545130225866,0.0,9561.018408272585,72,bear_cross
HINDCOPPER,284,2025-12-05,363.8072438812256,2026-02-20,563.5875,56737.592737731924,304.0702921438607,284.0,56717.52244558806,77,bear_cross
ANGELONE,503,2026-01-19,277.19124999999997,2026-02-23,251.76899391174317,-12787.394812393171,312.27358480263945,1156.8999999999999,-11942.768397195812,35,bear_cross
BSE,49,2026-01-29,2835.872048950195,2026-02-23,2768.0625,-3322.667898559566,321.047870469507,0.0,-3643.715769029073,25,bear_cross
UPL,18,2026-02-23,716.536875,2026-02-24,643.3875,-1316.6887499999993,42.668936273582496,0.0,-1359.3576862735817,1,bear_cross
ASHOKLEY,928,2025-10-31,141.30237194061277,2026-03-10,191.02125,46139.118839111354,354.9414841243662,928.0,46712.17735498699,130,bear_cross
TATASTEEL,640,2025-12-22,169.46259326934813,2026-03-10,193.52496952056887,15399.920800781274,272.6103133145849,0.0,15127.31048746669,78,bear_cross
FEDERALBNK,73,2026-01-22,280.7501127624512,2026-03-10,276.556875,-306.1063566589369,60.619427479857464,0.0,-366.7257841387943,47,bear_cross
PNB,1064,2026-02-23,130.72599388122558,2026-03-10,116.70750000000001,-14915.677489624002,309.32095521060455,0.0,-15224.998444834608,15,bear_cross
CANBK,884,2026-02-24,156.3398719406128,2026-03-10,142.14375,-12549.371795501702,309.8001180871095,0.0,-12859.17191358881,14,bear_cross
BAJAJ-AUTO,15,2026-01-30,9520.7425,2026-03-11,9551.0625,454.79999999999563,333.53974469245,0.0,121.26025530754566,40,bear_cross
BANKBARODA,446,2026-02-23,311.72738723754884,2026-03-11,294.2625,-7789.339707946788,316.5758272581543,0.0,-8105.915535204942,16,bear_cross
NETWEB,38,2026-02-20,3535.8174999999997,2026-03-12,3206.9625,-12496.489999999983,301.30417603983994,0.0,-12797.794176039823,20,bear_cross
GVT&D,20,2026-02-03,3408.5,2026-03-19,3759.1785974121094,7013.571948242188,174.28135566053814,0.0,6839.290592581649,44,bear_cross
HINDALCO,137,2026-03-11,962.3498872375487,2026-03-20,882.7376371765138,-10906.878258361789,297.348657146996,0.0,-11204.226915508785,9,bear_cross
BDL,96,2026-03-12,1348.2622744750977,2026-03-23,1228.5209756469728,-11495.164687499986,291.37933557255053,0.0,-11786.544023072536,11,bear_cross
MAZDOCK,53,2026-03-12,2406.0,2026-03-24,2254.35,-8037.450000000004,290.7054777613,0.0,-8328.155477761304,12,bear_cross
PFC,305,2026-03-19,424.0575,2026-03-27,400.995,-7034.0625,295.79452683857494,991.25,-6338.607026838575,8,bear_cross
BSE,44,2026-03-18,2989.755798950195,2026-04-01,2803.47375,-8196.410153808583,299.5093563852332,0.0,-8495.919510193817,14,bear_cross
CHENNPETRO,164,2026-01-30,872.175,2026-04-15,952.6125000000001,13191.750000000018,347.25496720089996,1312.0,14156.49503279912,75,bear_cross
HCLTECH,78,2026-04-07,1394.4775,2026-04-27,1205.9775,-14703.0,242.07814108894,1872.0,-13073.078141088941,20,bear_cross
PERSISTENT,25,2026-04-02,4982.52534790039,2026-04-29,4812.9375,-4239.696197509761,288.0712683343503,0.0,-4527.767465844111,27,bear_cross
TECHM,90,2026-04-01,1416.1314755249023,2026-04-30,1456.0507012939454,3592.730319213881,302.62348701883025,0.0,3290.106832195051,29,bear_cross
WAAREEENER,41,2026-03-20,3187.95,2026-05-07,3231.9,1801.9500000000112,308.0055197731,0.0,1493.944480226911,48,bear_cross
NATIONALUM,318,2026-04-02,396.9398872375489,2026-05-08,402.19201217651374,1670.1757305908282,297.90373688467844,636.0,2008.2719937061497,36,bear_cross
ONGC,441,2026-04-01,290.72499999999997,2026-05-12,286.18274391174316,-2003.1349349212517,298.5044704964031,0.0,-2301.639405417655,41,bear_cross
GMDCLTD,221,2026-03-25,585.4599999999999,2026-05-18,646.38,13463.320000000016,317.16792275584,0.0,13146.152077244176,54,bear_cross
RELIANCE,83,2026-04-30,1412.5225,2026-05-19,1335.3532012939454,-6405.051792602535,269.5309125264534,0.0,-6674.582705128988,19,bear_cross
COALINDIA,248,2026-04-29,471.0246311187744,2026-05-27,427.9275,-10688.088517456044,264.1415432423984,0.0,-10952.230060698443,28,bear_cross
OIL,258,2026-05-15,525.31,2026-06-02,480.795,-11484.869999999983,304.95425281654,0.0,-11789.824252816523,18,bear_cross
BHARTIARTL,70,2026-05-20,1918.7849999999999,2026-06-02,1780.5375000000001,-9677.32499999998,304.12619752045,0.0,-9981.45119752043,13,bear_cross
HDFCLIFE,217,2026-05-11,620.5475,2026-06-03,579.9465243530274,-8810.411715393064,305.79055685567096,0.0,-9116.202272248735,23,bear_cross
BSE,44,2026-04-06,2858.528402099609,2026-06-09,3945.910548706055,47844.814450683625,344.8007823986354,0.0,47500.01366828499,64,bear_cross
HCLTECH,111,2026-06-04,1169.3160244750975,2026-06-10,1137.9480487060548,-3481.8453103637385,300.4953366418952,0.0,-3782.340647005634,6,bear_cross
TRENT,34,2026-05-27,2833.465902099609,2026-06-11,2741.13,-3139.420671386707,226.4167301387686,0.0,-3365.8374015254753,15,bear_cross
INDUSTOWER,310,2026-05-19,433.08,2026-06-12,415.95750000000004,-5307.974999999983,308.52516498475006,0.0,-5616.500164984734,24,bear_cross
COALINDIA,280,2026-06-03,473.07974388122557,2026-06-12,452.21663108825686,-5841.671582031238,303.98359237105694,0.0,-6145.6551744022945,9,bear_cross
INFY,104,2026-06-03,1245.2052255249023,2026-06-15,1127.175,-12275.143454589843,290.72183546324067,2600.0,-9965.865290053083,12,bear_cross
CIPLA,102,2026-04-27,1306.4579510498047,2026-06-16,1379.1434756469728,7413.923508911143,319.5068280847694,1326.0,8420.416680826373,50,bear_cross
CANBK,946,2026-06-10,137.85376949310302,2026-06-29,128.5378506088257,-8812.859264526347,296.33447662218583,3973.2000000000003,-5135.993741148533,19,bear_cross
COCHINSHIP,89,2026-06-29,1461.645,2026-06-30,1430.415,-2779.4700000000016,301.87435602604,0.0,-3081.3443560260416,1,bear_cross
GVT&D,34,2026-04-07,3731.305,2026-07-02,4837.875,37623.380000000005,336.62009290072,0.0,37286.75990709929,86,bear_cross
BANKBARODA,475,2026-06-10,274.0834938812256,2026-07-06,252.2677439117432,-10362.481235504138,294.23741673111726,0.0,-10656.718652235255,26,bear_cross
EICHERMOT,17,2026-06-15,7381.407499999999,2026-07-06,7321.650000000001,-1015.8774999999796,293.464270295365,0.0,-1309.3417702953445,21,bear_cross
KOTAKBANK,241,2026-06-12,398.744375,2026-07-08,377.55375000000004,-5106.940624999989,223.84066532821376,0.0,-5330.781290328203,26,bear_cross
AXISBANK,97,2026-06-11,1312.0720489501953,2026-07-13,1312.6102743530273,52.20786407470791,298.54818377022957,97.0,-149.34031969552163,32,bear_cross
COCHINSHIP,85,2026-07-01,1516.4817010498045,2026-07-13,1404.48,-9520.144589233385,292.24411321572336,0.0,-9812.388702449109,12,bear_cross
ASIANPAINT,46,2026-07-06,2730.81,2026-07-14,2597.4900000000002,-6132.719999999987,288.45266693080004,0.0,-6421.172666930786,8,bear_cross
EICHERMOT,16,2026-07-09,7436.544999999999,2026-07-16,7391.475,-721.1199999999808,279.31053865792,0.0,-1000.4305386579008,7,bear_cross
MARUTI,9,2026-06-16,13895.6525,2026-07-21,13486.2,-3685.0724999999948,289.754013546535,0.0,-3974.8265135465294,35,bear_cross
MCX,44,2026-07-21,2817.3257989501953,2026-07-23,2776.54125,-1794.5201538085857,289.27124482353327,0.0,-2083.791398632119,2,bear_cross
SBIN,1,2026-06-12,1020.545,2026-07-28,1015.455,-5.089999999999918,17.605240365999997,0.0,-22.695240365999915,46,bear_cross
KAYNES,38,2026-07-06,3347.8487499999997,2026-07-28,3175.0425,-6566.637499999986,291.56442563870496,0.0,-6858.201925638691,22,bear_cross
ADANIENT,3,2026-04-15,2192.4674999999997,2026-07-29,3010.255548706055,2453.3641461181655,32.51861869619786,3.9000000000000004,2424.745527421968,105,bear_cross
POWERGRID,431,2026-07-24,287.21625,2026-08-03,284.2875,-1262.2912499999911,289.4404222689475,0.0,-1551.7316722689386,10,bear_cross
ASIANPAINT,47,2026-07-29,2753.0654510498043,2026-08-19,2618.4375,-6327.513699340803,296.65329278042947,0.0,-6624.166992121232,21,bear_cross
NESTLEIND,88,2026-07-02,1462.6474999999998,2026-08-21,1461.3375,-115.27999999997519,301.58259029607996,616.0,199.13740970394485,50,bear_cross
