symbol,qty,entry_date,entry_price,exit_date,exit_price,gross_pnl,charges,dividends,net_pnl,holding_days,exit_reason
ICICIBANK,470,2011-01-04,208.82987003326411,2011-01-06,194.82988082885743,-6579.994926071144,226.87925816369406,0.0,-6806.874184234838,2,bear_cross
JSWSTEEL,823,2011-01-04,120.36516494750974,2011-01-10,103.04175304412841,-14257.167996482833,220.94058592041554,0.0,-14478.108582403249,6,bear_cross
MARUTI,68,2011-01-04,1430.5674999999999,2011-01-10,1345.6275,-5775.919999999988,225.77460031156,0.0,-6001.694600311548,6,bear_cross
CUMMINSIND,177,2011-01-05,545.8612499999999,2011-01-10,530.8125260925293,-2663.624131622299,227.5323830464052,0.0,-2891.156514668704,5,bear_cross
PNB,397,2011-01-05,244.0084938812256,2011-01-10,233.3950457382202,-4213.538912773143,226.48944049033997,0.0,-4440.028353263483,5,bear_cross
M&M,248,2011-01-04,394.53386276245124,2011-01-11,363.83812500000005,-7612.542965087894,225.1280929782632,0.0,-7837.6710580661575,7,bear_cross
ADANIPOWER,3727,2011-01-05,26.175275611877435,2011-01-11,24.967425684928894,-4501.656677737211,227.71205012232525,0.0,-4729.368727859536,6,bear_cross
ADANIENT,226,2011-01-06,100.80748918533325,2011-01-11,90.20620079040528,-2395.8911772537226,63.541250945614244,0.0,-2459.4324281993368,5,bear_cross
HDFCBANK,820,2011-01-04,119.6233094406128,2011-01-12,108.1788719558716,-9384.438737487784,223.83881389211246,0.0,-9608.277551379897,8,bear_cross
TITAN,530,2011-01-05,182.30463111877438,2011-01-12,166.34061355590822,-8460.929308319066,221.527152583344,0.0,-8682.45646090241,7,bear_cross
POWERGRID,1752,2011-01-05,55.488388767242434,2011-01-13,54.53832695960999,-1664.5082869720425,229.89978966497137,0.0,-1894.408076637014,8,bear_cross
TECHM,531,2011-01-20,173.4325,2011-01-21,173.315625,-62.06062499999638,220.16446745315125,0.0,-282.2250924531476,1,bear_cross
BHARTIARTL,295,2011-01-19,311.7110807037353,2011-01-24,302.24517883300786,-2792.441051864602,217.0251779985278,0.0,-3009.4662298631297,5,bear_cross
JINDALSTEL,131,2011-01-27,697.74,2011-01-28,666.4297256469727,-4101.645940246583,214.44151045099255,0.0,-4316.087450697576,1,bear_cross
M&M,230,2011-01-25,396.51380638122555,2011-01-31,338.65125,-13308.387967681876,204.43259363060326,0.0,-13512.82056131248,6,bear_cross
GODREJCP,669,2011-01-10,130.40853656768797,2011-02-01,128.01249492645263,-1602.951857986444,207.7770532767703,222.999777,-1587.7291342632143,22,bear_cross
POWERGRID,1652,2011-01-19,55.17823956489563,2011-02-02,53.893066864013676,-2123.105301856983,215.9389959529775,0.0,-2339.0442978099604,14,bear_cross
UNIONBANK,277,2011-01-28,322.70474388122557,2011-02-04,330.1725,2068.5684449005216,216.36014141650446,0.0,1852.2083034840173,7,bear_cross
TCS,152,2011-01-19,603.2292880249023,2011-02-08,564.585,-5873.9317797851445,213.24125525794756,152.0,-5935.173035043092,20,bear_cross
TITAN,510,2011-01-25,179.698125,2011-02-09,160.98652439117433,-9542.916310501096,209.3353392495133,0.0,-9752.251649750608,15,bear_cross
UNIONBANK,266,2011-02-07,328.31874999999997,2011-02-09,318.950625,-2491.9212499999903,207.0538995671725,0.0,-2698.9751495671626,2,bear_cross
IOC,1589,2011-02-18,55.12914404869079,2011-02-24,50.34050050735474,-7609.154587182984,202.3402155496164,0.0,-7811.4948027326,6,bear_cross
DIVISLAB,269,2011-02-08,327.2911936187744,2011-02-25,304.08788108825684,-6241.691070709225,204.7402421235331,0.0,-6446.4313128327585,17,bear_cross
ADANIPOWER,502,2011-02-24,24.1602503824234,2011-02-25,23.55097560882568,-305.85593634605465,42.006214733356714,0.0,-347.8621510794114,1,bear_cross
UNIONBANK,254,2011-02-16,343.85749999999996,2011-02-28,317.55413108825684,-6681.055703582752,202.72367896842903,0.0,-6883.779382551182,12,bear_cross
ICICIBANK,452,2011-02-18,193.57363914489747,2011-02-28,180.96463691711426,-5699.269006958009,204.08810391103114,0.0,-5903.357110869041,10,bear_cross
AMBUJACEM,627,2011-02-25,124.20975152969359,2011-03-01,119.7,-2827.61420911788,185.67389382039184,0.0,-3013.2881029382715,4,bear_cross
SBIN,317,2011-02-16,273.9180728149414,2011-03-03,268.3275,-1772.2115823364315,206.68643735794575,0.0,-1978.8980196943774,15,bear_cross
ADANIPORTS,588,2011-02-18,148.37,2011-03-08,131.17125000000001,-10112.864999999994,198.94492275853003,0.0,-10311.809922758524,18,bear_cross
HINDUNILVR,288,2011-03-03,287.7175,2011-03-17,269.67413108825684,-5196.490246582021,194.30292566293429,0.0,-5390.793172244956,14,bear_cross
MARUTI,62,2011-03-04,1328.3125,2011-03-21,1158.2969512939453,-10540.96401977539,187.6299672446009,0.0,-10728.59398701999,17,bear_cross
POWERGRID,1569,2011-02-18,55.60116925239563,2011-03-22,54.931091823577894,-1051.351485815025,208.33799276175432,0.0,-1259.689478576779,32,bear_cross
HINDZINC,631,2011-03-04,132.33501739501952,2011-03-23,126.48300304412841,-3692.621055412291,197.28861017011795,0.0,-3889.909665582409,19,bear_cross
SIEMENS,177,2011-02-03,500.19692832946777,2011-04-19,485.9915402984619,-2514.3536814880335,209.70500515106778,0.0,-2724.0586866391013,75,bear_cross
RELIANCE,357,2011-04-25,232.36279880523682,2011-04-26,230.06382556915284,-820.7334452819812,199.04455109882895,0.0,-1019.7779963808101,1,bear_cross
SHRIRAMFIN,546,2011-03-25,149.04823554992674,2011-05-03,145.76813495635986,-1790.9349240875194,194.53802281868786,0.0,-1985.4729469062072,39,bear_cross
BANKBARODA,473,2011-02-16,185.42240673065186,2011-05-04,172.16850608825683,-6269.095003852846,203.96309112984318,0.0,-6473.058094982689,77,bear_cross
BAJAJ-AUTO,64,2011-02-18,1354.628125,2011-05-05,1300.74,-3448.8399999999965,204.64489880536001,0.0,-3653.4848988053564,76,bear_cross
GAIL,872,2011-03-17,84.7739521408081,2011-05-05,83.93031909942627,-735.6480120849604,179.04135877935272,0.0,-914.6893708643131,49,bear_cross
BAJAJFINSV,1381,2011-04-26,51.46202869415283,2011-05-05,49.000341997146606,-3399.5893285655925,169.92854676866506,0.0,-3569.5178753342575,9,bear_cross
ICICIBANK,429,2011-03-24,190.73930046081543,2011-05-06,187.34863082885744,-1454.5972721099781,195.88103932862856,0.0,-1650.4783114386066,43,bear_cross
ITC,742,2011-03-04,112.33136711120605,2011-05-11,118.8468525695801,4834.490210113541,205.79312990677215,0.0,4628.697080206769,68,bear_cross
BHARTIARTL,241,2011-05-23,334.38921669006345,2011-05-24,332.631516494751,-423.605747070301,194.19325606935428,0.0,-617.7990031396553,1,bear_cross
COALINDIA,245,2011-03-03,338.84499999999997,2011-05-26,379.05,9850.22500000001,210.25595594064998,0.0,9639.969044059359,84,bear_cross
ITC,678,2011-05-23,120.31136562347412,2011-05-27,120.06349176406862,-168.05847667693013,196.64603037132855,0.0,-364.7045070482587,4,bear_cross
ABB,3,2011-03-08,650.7872785949706,2011-06-03,780.164938659668,388.13298019409206,20.086289523047537,6.0,374.04669067104453,87,bear_cross
UNITDSPR,382,2011-05-16,212.54001949310305,2011-06-08,206.7418445205689,-2214.9028395080477,193.67537229900034,0.0,-2408.578211807048,23,bear_cross
HINDZINC,39,2011-06-08,131.578125,2011-06-09,134.1138719558716,98.89413127899192,26.859320431216116,0.0,72.0348108477758,1,bear_cross
DLF,356,2011-06-03,236.28924694061277,2011-06-20,225.3851219558716,-3881.868494567858,198.46182446746448,0.0,-4080.3303190353226,17,bear_cross
ADANIPORTS,549,2011-05-23,147.116875,2011-06-22,149.52524391174316,1322.194532546999,196.40340904870396,0.0,1125.791123498295,30,bear_cross
SIEMENS,162,2011-05-26,506.0815984344482,2011-06-22,494.4817666625977,-1879.1727470397839,195.7922338517194,0.0,-2074.9649808915033,27,bear_cross
COALINDIA,210,2011-05-27,390.47375,2011-06-23,377.7033689117432,-2681.7800285339245,194.99134909156874,0.0,-2876.771377625493,27,bear_cross
CIPLA,255,2011-05-27,319.44661888122556,2011-06-24,315.7586128234863,-940.4415447235073,195.59509141568077,0.0,-1136.036636139188,28,bear_cross
DIVISLAB,256,2011-03-24,319.79749999999996,2011-06-27,375.55875000000003,14274.88000000002,212.2901109472,1280.0,15342.589889052819,95,bear_cross
TITAN,404,2011-05-17,201.7029969406128,2011-06-30,213.465,4751.849235992433,201.5651011124072,0.0,4550.284134880026,44,bear_cross
CIPLA,16,2011-06-30,332.4290061187744,2011-07-13,323.28975608825687,-146.2280004882805,27.021774866303417,0.0,-173.2497753545839,13,bear_cross
ICICIBANK,420,2011-06-29,198.659044342041,2011-07-18,191.7013691711426,-2922.223571777327,197.93965855279282,0.0,-3120.16323033012,19,bear_cross
AXISBANK,329,2011-06-24,250.82549694061277,2011-07-19,252.90614330291749,684.5326531982527,199.64515862093907,0.0,484.88749457731353,25,bear_cross
IOC,1518,2011-06-21,54.6947301864624,2011-07-25,54.38868902206421,-464.57048755644934,199.57662872919255,0.0,-664.1471162856418,34,bear_cross
NTPC,521,2011-06-09,146.949786567688,2011-07-28,148.17031757354738,635.8966540527397,186.33315590052763,0.0,449.56349815221205,49,bear_cross
HINDUNILVR,270,2011-05-12,298.745,2011-07-29,324.8857621765137,7058.0057876587,202.11791200595184,945.0,7800.887875652747,78,bear_cross
RELIANCE,414,2011-07-25,204.40593494415282,2011-07-29,191.52984775543214,-5330.700096130359,198.0825173871516,0.0,-5528.782613517511,4,bear_cross
LT,102,2011-05-27,728.5724430847167,2011-08-02,779.3799797058106,5182.3687353515725,186.051765273174,0.0,4996.316970078398,67,bear_cross
ADANIPOWER,3424,2011-07-19,22.796849770545958,2011-08-02,20.797875380516054,-6844.488311462391,181.9003324449269,0.0,-7026.388643907318,14,bear_cross
BPCL,1561,2011-06-27,54.87851904869079,2011-08-04,55.81843623161316,1467.2107225418224,207.45143244049012,0.0,1259.7592901013322,38,bear_cross
TATAPOWER,670,2011-06-27,122.37985555648802,2011-08-04,123.30965137481691,622.9631982803523,198.40862046390387,808.2015700000001,1232.7561478164484,38,bear_cross
DRREDDY,261,2011-07-14,318.73485244750975,2011-08-09,289.8834603881836,-7530.2133274841235,192.60976901862819,0.0,-7722.8230965027515,26,bear_cross
GAIL,971,2011-06-28,86.4562709236145,2011-08-10,84.14540199279786,-2243.8537318229564,199.78304217983595,0.0,-2443.636774002792,43,bear_cross
IOC,1475,2011-08-12,54.21854039192199,2011-08-17,53.64056402206421,-852.5151455402248,192.37903312041402,0.0,-1044.8941786606388,5,bear_cross
ONGC,417,2011-08-10,193.41566768646243,2011-08-19,181.77775405883787,-4853.00998271944,189.74618718237502,208.5,-4834.256169901815,9,bear_cross
TVSMOTOR,1541,2011-08-08,52.129999999999995,2011-08-23,51.870000000000005,-400.659999999986,193.648684684,0.0,-594.3086846839859,15,bear_cross
M&M,216,2011-08-17,364.2834375,2011-08-25,351.46913108825686,-2767.8901849365166,187.52840135547578,0.0,-2955.418586291992,8,bear_cross
COALINDIA,206,2011-08-01,392.47875,2011-08-29,362.5413871765137,-6167.096741638177,188.8196519831141,0.0,-6355.916393621292,28,bear_cross
ONGC,422,2011-08-25,188.135838432312,2011-09-02,180.87999492645264,-3061.96595947265,188.79871769298882,0.0,-3250.7646771656387,8,bear_cross
BPCL,1406,2011-08-05,57.47666539192199,2011-09-06,56.101060724258424,-1934.1001627349742,193.12548637338722,1640.3338019999999,-486.89184710836184,32,bear_cross
ASIANPAINT,242,2011-08-17,327.3212673950195,2011-09-15,312.95564025878906,-3476.4817669677673,187.96472157652386,0.0,-3664.4464885442912,29,bear_cross
NESTLEIND,359,2011-08-26,220.2968663024902,2011-09-19,208.228125,-4332.67812759398,186.79801481903638,0.0,-4519.4761424130165,24,bear_cross
SHRIRAMFIN,594,2011-09-07,135.78343627929686,2011-09-26,117.98103395462036,-10574.626980857845,183.81283387293274,0.0,-10758.439814730778,19,bear_cross
NTPC,408,2011-09-26,140.558849067688,2011-09-27,136.82375507354737,-1523.91834960937,141.3476197182934,0.0,-1665.2659693276632,1,bear_cross
BAJAJ-AUTO,54,2011-08-17,1468.6625,2011-09-29,1501.2375000000002,1759.0500000000147,193.60973853759998,0.0,1565.4402614624146,43,bear_cross
ADANIENT,874,2011-09-19,92.96323568344116,2011-10-03,79.74075365066528,-11556.449296646113,184.11695145758577,0.0,-11740.5662481037,14,bear_cross
DRREDDY,262,2011-09-20,304.55948776245117,2011-10-05,289.69396339416505,-3894.7673844909627,188.82749695571647,0.0,-4083.594881446679,15,bear_cross
ICICIBANK,490,2011-10-03,156.7545412826538,2011-10-05,145.27227687835693,-5626.309558105467,180.3904311116344,0.0,-5806.699989217102,2,bear_cross
ULTRACEMCO,8,2011-07-18,1002.2994877624511,2011-10-10,1098.2974237060548,767.9834875488295,33.976134101626116,48.0,782.0073534472034,84,bear_cross
TVSMOTOR,1483,2011-08-25,54.886874999999996,2011-10-11,59.052000761032104,6176.881503610616,202.84148051846216,0.0,5974.040023092154,47,bear_cross
CIPLA,193,2011-09-29,288.3691188812256,2011-10-11,284.78625,-691.4936940765367,138.44508598326365,0.0,-829.9387800598004,12,bear_cross
ADANIPORTS,504,2011-09-05,156.1895030593872,2011-10-12,154.861875,-669.124541931146,189.7819556484563,0.0,-858.9064975796023,37,bear_cross
DIVISLAB,189,2011-09-27,367.56661888122557,2011-10-12,364.11243141174316,-652.8414317321747,169.22063040959773,0.0,-822.0620621417725,15,bear_cross
IOC,1372,2011-10-05,53.625394048690794,2011-10-14,51.379560470581055,-3081.2836691665616,175.83186632670362,0.0,-3257.1155354932653,9,bear_cross
BPCL,1357,2011-10-11,55.7264702796936,2011-10-18,52.534997463226325,-4330.828611946093,179.08928057603947,0.0,-4509.917892522132,7,bear_cross
CGPOWER,1338,2011-10-13,57.88050067901611,2011-10-24,48.39924459457398,-12685.92064098357,174.4781348653219,1070.4,-11789.998775848891,11,bear_cross
M&M,207,2011-09-05,382.3033811187744,2011-11-16,380.67093750000004,-337.9158290862896,191.05394613181082,0.0,-528.9697752181004,72,bear_cross
ONGC,429,2011-10-07,179.71482925415037,2011-11-16,171.57000000000002,-3494.131750030501,183.24296979113677,0.0,-3677.3747198216374,40,bear_cross
AXISBANK,302,2011-10-18,220.54999999999998,2011-11-16,201.19574695587158,-5844.984419326776,157.4624286466839,0.0,-6002.4468479734605,29,bear_cross
GAIL,942,2011-10-25,81.76644449234009,2011-11-16,76.16851461410523,-5273.24994529723,181.23339769071535,0.0,-5454.4833429879445,22,bear_cross
NTPC,515,2011-10-12,146.65740093231202,2011-11-18,137.07313007354736,-4935.899492263797,178.25631817508335,0.0,-5114.15581043888,37,bear_cross
CANBK,34,2011-10-14,87.98204851150513,2011-11-21,84.06013595581055,-133.34502689361557,21.85694665767168,0.0,-155.20197355128724,38,bear_cross
GRASIM,237,2011-09-05,331.0418493652344,2011-11-22,353.24026588439943,5261.024715042117,195.3497119214149,944.245446,6009.920449120702,78,bear_cross
AMBUJACEM,606,2011-08-16,131.7786219406128,2011-11-23,145.13625000000002,8094.722603988658,201.40620541649827,0.0,7893.31639857216,99,bear_cross
POWERGRID,1214,2011-10-12,56.22146765708923,2011-11-24,53.80890432357789,-2928.8518868827623,164.15137730337676,0.0,-3093.003264186139,43,bear_cross
DRREDDY,226,2011-10-13,306.85522132873535,2011-11-24,303.63899391174317,-726.8673962402333,168.87505378244677,0.0,-895.7424500226801,42,bear_cross
RECLTD,988,2011-11-29,71.89804687499999,2011-12-14,66.56441883087159,-5269.624507598863,167.91338173256364,0.0,-5437.537889331426,15,bear_cross
COALINDIA,214,2011-12-05,336.58937499999996,2011-12-14,304.78611282348635,-6805.898105773913,168.53300971219647,0.0,-6974.431115486109,9,bear_cross
BAJAJ-AUTO,41,2011-12-08,1728.2097744750977,2011-12-14,1655.8500000000001,-2966.7507534789993,169.9048906033855,0.0,-3136.6556440823847,6,bear_cross
DIVISLAB,187,2011-12-02,380.97505638122556,2011-12-15,365.63361282348643,-2868.8499452972164,170.86464087838527,0.0,-3039.7145861756017,13,bear_cross
TMPV,380,2011-12-07,189.44550090789795,2011-12-16,173.1047734451294,-6209.476435852046,169.06088891963134,0.0,-6378.537324771678,9,bear_cross
HINDALCO,528,2011-12-07,138.2447438812256,2011-12-19,124.18875000000001,-7421.564769287103,170.03702656436016,0.0,-7591.601795851463,12,bear_cross
ULTRACEMCO,61,2011-12-02,1165.40625,2011-12-20,1146.0775762939454,-1179.0490960693298,172.27824579581807,0.0,-1351.327341865148,18,bear_cross
INFY,197,2011-12-19,337.090625,2011-12-21,339.02531250000004,381.1334375000103,163.47815382960064,0.0,217.65528367040963,2,bear_cross
HCLTECH,660,2011-12-15,103.44546874999999,2011-12-22,96.75750000000001,-4414.059374999988,162.65766366563122,0.0,-4576.717038665619,7,bear_cross
IOC,1486,2011-12-26,45.6471661567688,2011-12-29,41.911624746322644,-5551.014535922984,160.4940996792639,0.0,-5711.5086356022475,3,bear_cross
MARUTI,2,2011-12-29,956.385,2012-01-02,920.6925,-71.38499999999999,19.521498421929998,0.0,-90.90649842192998,4,bear_cross
HINDZINC,571,2011-12-05,125.81375,2012-01-04,119.74987804412841,-3462.4708868026783,171.5777301040206,0.0,-3634.0486169066985,30,bear_cross
AMBUJACEM,413,2011-12-27,160.7007530593872,2012-01-06,152.11875,-3544.3672635269154,159.32251419044047,0.0,-3703.689777717356,10,bear_cross
HINDUNILVR,168,2011-12-20,397.5915061187744,2012-01-11,395.8578810882569,-291.2490051269474,163.64500399165593,0.0,-454.8940091186033,22,bear_cross
TCS,125,2011-12-02,568.8435502624511,2012-01-12,549.12375,-2464.975032806393,170.9790647044295,0.0,-2635.954097510822,41,bear_cross
DIVISLAB,180,2011-12-20,371.70193138122556,2012-02-08,386.3317378234864,2633.3651596069467,166.92591394159012,0.0,2466.439245665357,50,bear_cross
COALINDIA,210,2012-01-06,316.6897438812256,2012-02-08,325.43437500000005,1836.3725349426375,165.20584380339895,0.0,1671.1666911392385,33,bear_cross
DRREDDY,209,2011-12-19,321.86264755249016,2012-02-14,323.78850608825684,402.5044339752359,165.4190915657816,0.0,237.0853424094543,57,bear_cross
ITC,567,2012-02-14,130.38289890289306,2012-02-16,130.3089093017578,-41.95210384368832,179.77038602368577,0.0,-221.72248986737412,2,bear_cross
COALINDIA,221,2012-02-13,335.8375,2012-02-21,324.1875,-2574.649999999995,177.79478395314996,0.0,-2752.4447839531454,8,bear_cross
APOLLOHOSP,111,2012-01-12,613.53,2012-02-23,586.3803506469727,-3013.6110781860257,163.72743039178334,0.0,-3177.338508577809,42,bear_cross
TECHM,419,2012-01-02,144.86124999999998,2012-02-28,147.63,1160.1062500000048,151.5826120177525,0.0,1008.5236379822522,57,bear_cross
ADANIPORTS,457,2012-01-11,136.34,2012-03-01,147.63,5159.529999999996,159.31473409173998,137.1,5137.315265908257,50,bear_cross
GRASIM,181,2011-12-23,373.1094942474365,2012-03-07,410.9515830230713,6849.4180683899,172.69345230158467,0.0,6676.724616088315,75,bear_cross
TATACONSUM,796,2011-12-07,91.22749999999999,2012-03-14,118.85212652206421,21989.202711563117,199.71110406527185,0.0,21789.491607497846,98,bear_cross
IOC,1535,2012-02-24,47.61875,2012-03-16,45.386250000000004,-3426.8874999999916,174.40707280855,0.0,-3601.294572808542,21,bear_cross
WIPRO,868,2012-03-09,83.36416357040405,2012-03-16,80.44215888977051,-2536.300062789908,173.69643250291466,0.0,-2709.996495292823,7,bear_cross
ONGC,372,2012-03-15,196.155838432312,2012-03-20,180.87999492645264,-5682.613784179686,171.78929148031733,372.0,-5482.403075660003,5,bear_cross
ICICIBANK,429,2012-03-19,168.9668195724487,2012-03-21,163.6081430053711,-2298.8722472763,174.22456207790154,0.0,-2473.096809354202,2,bear_cross
JINDALSTEL,124,2012-03-19,576.5878994750976,2012-03-21,584.5350000000001,985.4404650879042,175.42946189919184,0.0,810.0110031887123,2,bear_cross
ABB,91,2012-03-16,778.6147784423828,2012-03-22,769.4790129089356,-831.3546635436925,172.11425440740368,0.0,-1003.4689179510962,6,bear_cross
HCLTECH,31,2012-01-06,103.75874999999999,2012-03-27,119.7,494.1787500000003,23.008819075577502,15.5,486.66993092442283,81,bear_cross
TMPV,369,2011-12-26,184.48620365142824,2012-03-28,268.34202049255373,30942.796414375305,198.89522983304562,0.0,30743.901184542257,93,bear_cross
AMBUJACEM,412,2012-03-22,174.08411888122558,2012-04-13,163.59,-4323.5769790649365,170.4241232193636,0.0,-4494.0011022843,22,bear_cross
COALINDIA,219,2012-03-06,327.8175,2012-04-17,342.14250000000004,3137.17500000001,178.31829957844002,2080.5,5039.35670042157,42,bear_cross
APOLLOHOSP,111,2012-03-15,654.1813627624512,2012-04-17,603.4376371765137,-5632.553540039057,171.0495457738205,0.0,-5803.603085812877,33,bear_cross
AXISBANK,300,2012-04-18,244.60999999999999,2012-04-25,222.24300304412844,-6710.099086761463,171.64228194279912,0.0,-6881.741368704262,7,bear_cross
SHRIRAMFIN,633,2012-03-16,114.4601269721985,2012-04-27,112.77155611038211,-1068.8653555297733,175.42603578484977,0.0,-1244.291391314623,42,bear_cross
TECHM,418,2012-03-22,172.93124999999998,2012-05-02,177.555,1932.7275000000122,178.16614253801498,0.0,1754.5613574619972,41,bear_cross
SIEMENS,153,2012-04-17,470.185135269165,2012-05-02,452.9382721710205,-2638.7700540161086,172.651774382118,0.0,-2811.4218283982264,15,bear_cross
COALINDIA,208,2012-04-18,354.38374999999996,2012-05-08,326.2822560882569,-5845.110733642563,173.2711887320948,0.0,-6018.381922374658,20,bear_cross
CUMMINSIND,146,2012-04-02,496.23749999999995,2012-05-09,444.83513717651374,-7504.7449722289875,168.7436636854398,0.0,-7673.4886359144275,37,bear_cross
ITC,543,2012-02-23,134.40507526397704,2012-05-14,149.83924575805665,8380.754578285228,186.4053762833928,0.0,8194.349202001835,81,bear_cross
TITAN,302,2012-05-07,238.595,2012-05-21,228.6269969558716,-3010.3369193267795,172.52742219814888,0.0,-3182.8643415249285,14,bear_cross
VEDL,374,2012-05-21,196.48999999999998,2012-05-29,187.82925304412842,-3239.119361495963,175.4750560347879,0.0,-3414.594417530751,8,bear_cross
IOC,1652,2012-05-08,44.277080783844,2012-06-01,42.49349847793579,-2946.4779693603655,175.01882051425162,0.0,-3121.496789874617,24,bear_cross
TCS,120,2012-04-30,603.505,2012-06-11,614.95875,1374.4500000000016,177.8880826039,960.0,2156.5619173961018,42,bear_cross
HCLTECH,10,2012-06-01,126.565625,2012-06-13,121.30847179412841,-52.57153205871589,18.1013091900881,0.0,-70.67284124880399,12,bear_cross
APOLLOHOSP,114,2012-05-09,621.3996005249023,2012-06-19,623.5372256469727,243.689263916026,173.1974955414251,0.0,70.49176837460088,41,bear_cross
GODREJCP,319,2012-03-20,152.045838432312,2012-06-21,187.86249492645265,11425.51342163087,135.1021126569522,186.083227,11476.494535973918,93,bear_cross
ASIANPAINT,223,2012-04-02,325.25110244750977,2012-07-02,386.8304878234864,13732.20293884279,190.9536996516473,680.15,14221.399239191143,91,bear_cross
AXISBANK,326,2012-06-11,212.55005428314206,2012-07-02,203.73937500000002,-2872.2814463043037,166.52043310046543,1043.2,-1995.6018794047693,21,bear_cross
BAJAJ-AUTO,46,2012-06-13,1573.925,2012-07-12,1501.2375000000002,-3343.6249999999895,172.94891580985004,2070.0,-1446.57391580984,29,bear_cross
INFY,238,2012-05-31,301.7525,2012-07-13,276.556875,-5996.558750000002,168.89866873453752,0.0,-6165.45741873454,43,bear_cross
ADANIPORTS,496,2012-07-02,121.7536219406128,2012-07-16,117.85462652206421,-1933.9017276001027,147.68970263629888,0.0,-2081.5914302364017,14,bear_cross
HINDZINC,563,2012-06-21,122.10450305938718,2012-07-17,118.9019969558716,-1803.0109362792764,166.4138799775343,506.7,-1462.7248162568105,26,bear_cross
SIEMENS,12,2012-06-19,400.7460096740723,2012-07-19,404.22201965332033,41.7121197509764,26.082286778602285,0.0,15.629832972374118,30,bear_cross
SBIN,345,2012-05-31,208.51999999999998,2012-07-24,208.97625000000002,157.40625000001373,175.5549345809875,0.0,-18.14868458097378,54,bear_cross
MARUTI,1,2012-07-02,1182.95,2012-07-25,1092.2625,-90.6875,17.877761598775,0.0,-108.565261598775,23,bear_cross
BPCL,1226,2012-05-14,58.896874999999994,2012-07-26,60.847500000000004,2391.4662500000113,178.4691868823725,1123.833742,3336.830805117639,73,bear_cross
GAIL,1130,2012-06-01,60.525968093872066,2012-07-26,65.2365319633484,5322.937172508255,173.0266041037391,0.0,5149.910568404516,55,bear_cross
TATAPOWER,786,2012-07-26,92.87325145721437,2012-07-27,91.25491825103761,-1272.0099000549312,176.4280714139516,0.0,-1448.4379714688828,1,bear_cross
TITAN,323,2012-07-23,228.06875,2012-08-13,216.95625,-3589.3374999999946,175.50985940095,0.0,-3764.8473594009447,21,bear_cross
ADANIPORTS,449,2012-08-03,118.79625,2012-08-27,109.72500000000001,-4072.9912499999964,129.78505026649748,0.0,-4202.776300266493,24,bear_cross
BAJAJ-AUTO,46,2012-07-26,1568.9125,2012-09-05,1637.895,3173.1950000000033,179.19651795187,0.0,2993.9984820481336,41,bear_cross
AMBUJACEM,404,2012-07-27,180.95125,2012-09-05,178.801875,-868.3474999999968,177.08250610907498,565.5999999999999,-479.83000610907175,40,bear_cross
DIVISLAB,191,2012-03-27,373.7821311187744,2012-09-07,572.565,37967.52795631411,213.56238071048492,1241.5,38995.46557560362,164,bear_cross
RELIANCE,433,2012-08-02,170.05565547943115,2012-09-07,177.55273212432863,3246.234187240607,182.52968949294086,0.0,3063.704497747666,36,bear_cross
SUNPHARMA,228,2012-07-31,323.93281249999995,2012-09-10,331.3695121765137,1695.5675262451327,181.41622265030685,484.5,1998.6513035948258,41,bear_cross
DIVISLAB,133,2012-09-12,572.4275,2012-09-17,558.6,-1839.057499999998,182.813445675445,0.0,-2021.870945675443,5,bear_cross
POWERGRID,1134,2012-07-30,64.53908866882324,2012-09-20,65.08689022064209,621.2069597625758,178.81248618464934,835.6162499999999,1278.0107235779265,52,bear_cross
HCLTECH,568,2012-07-26,128.5831531906128,2012-10-15,145.72227516174317,9735.021279602055,187.928827864453,0.0,9547.092451737602,81,bear_cross
RELIANCE,421,2012-09-12,181.83420444488524,2012-10-16,191.2790267944336,3976.27020915986,189.7792599176254,0.0,3786.4909492422344,34,bear_cross
SIEMENS,189,2012-08-31,402.5114290618896,2012-10-17,406.9447185516358,837.8917135620293,185.46105056115323,0.0,652.430663000876,47,bear_cross
GAIL,1089,2012-09-12,69.92440559387207,2012-10-18,69.62241325378419,-328.86965835569924,184.4130957438897,0.0,-513.2827540995889,36,bear_cross
HINDZINC,27,2012-08-13,125.9641265296936,2012-10-25,131.47050304412844,148.6721658897405,23.060888904292092,43.2,168.81127698544844,73,bear_cross
POWERGRID,1182,2012-10-19,67.66876529693603,2012-10-25,66.09685592651367,-1857.9968758392306,191.36293510335076,0.0,-2049.3598109425816,6,bear_cross
NTPC,566,2012-10-29,141.4778125,2012-10-31,138.11218242645265,-1904.9466216278006,191.51882574584607,0.0,-2096.4654473736464,2,bear_cross
HINDUNILVR,154,2012-07-25,474.83411888122555,2012-11-02,540.0963871765136,10050.389317474366,188.45449761752587,1925.0,11786.93481985684,100,bear_cross
CANBK,958,2012-09-20,76.54428468704224,2012-11-02,80.52852081298829,3816.89820865632,182.44385719586495,0.0,3634.454351460455,43,bear_cross
ZYDUSLIFE,456,2012-10-29,172.44001949310302,2012-11-16,166.90170730590822,-2525.4703573608313,187.662922738163,0.0,-2713.1332800989944,18,bear_cross
JSWSTEEL,1039,2012-11-02,77.00202255249023,2012-11-19,73.05191310882569,-4104.1637119674615,189.07862566743654,0.0,-4293.242337634898,17,bear_cross
TCS,118,2012-10-31,656.1863627624512,2012-11-20,635.90625,-2393.053305969236,185.12460484707773,0.0,-2578.177910816314,20,bear_cross
AMBUJACEM,386,2012-11-05,207.21674694061278,2012-11-20,201.34538108825683,-2266.3472190093967,190.94194360196965,0.0,-2457.2891626113665,15,bear_cross
KOTAKBANK,17,2012-11-16,64.0597515296936,2012-11-21,62.388635673522955,-28.40896955490095,17.733383731174698,0.0,-46.14235328607565,5,bear_cross
ASIANPAINT,202,2012-11-06,397.98748260498047,2012-11-23,395.8079878234864,-440.25794586179666,193.74363384958437,0.0,-634.001579711381,17,bear_cross
INFY,208,2012-11-29,307.015625,2012-12-11,288.77625,-3793.789999999999,153.47912520225998,0.0,-3947.2691252022587,12,bear_cross
HCLTECH,544,2012-10-17,150.124375,2012-12-13,155.11125,2712.860000000014,199.84952722108,544.0,3057.0104727789344,57,bear_cross
ULTRACEMCO,2,2012-12-11,1965.9025,2012-12-13,1945.125,-41.554999999999836,24.04441753933,0.0,-65.59941753932983,2,bear_cross
TITAN,323,2012-09-11,235.58749999999998,2012-12-18,282.2426371765137,15069.609308013936,200.26984386093952,0.0,14869.339464152998,98,bear_cross
SIEMENS,143,2012-12-13,405.0712489318848,2012-12-18,393.47749443054204,-1657.9068936920123,142.49273213448873,0.0,-1800.399625826501,5,bear_cross
COALINDIA,220,2012-11-26,357.8925,2012-12-19,351.66861282348634,-1369.2551788330013,189.09310277814757,0.0,-1558.3482816111489,23,bear_cross
CGPOWER,2092,2012-12-20,40.28885597229004,2012-12-28,39.344906988143926,-1974.7412748336644,200.80808400135987,0.0,-2175.549358835024,8,bear_cross
KOTAKBANK,1250,2012-11-22,63.3078765296936,2013-01-01,65.13176067352295,2279.855179786683,193.76528968986764,0.0,2086.0898900968155,40,bear_cross
HCLTECH,523,2012-12-20,161.5779405593872,2013-01-01,155.83444358825685,-3003.8489159011756,200.23211210256798,0.0,-3204.081028003744,12,bear_cross
ULTRACEMCO,42,2012-12-14,1958.885,2013-01-14,1880.2875000000001,-3301.094999999994,194.95776013447002,0.0,-3496.052760134464,31,bear_cross
ADANIENT,2453,2012-09-17,29.210432472228998,2013-01-16,40.883283920288086,28633.504602088942,204.45944832634456,0.0,28429.0451537626,121,bear_cross
ASIANPAINT,193,2012-11-27,408.1428125,2013-01-16,428.7254878234864,3972.456337432875,194.71296824319464,0.0,3777.7433691896804,50,bear_cross
BAJAJ-AUTO,44,2012-09-11,1704.25,2013-01-18,2059.8375,15645.850000000004,198.40307610910003,0.0,15447.446923890904,129,bear_cross
CIPLA,189,2012-11-06,395.48625,2013-01-21,409.07475608825683,2568.2276506805447,184.3020976379969,0.0,2383.925553042548,76,bear_cross
GODREJCP,342,2013-01-18,246.4312073135376,2013-01-22,239.3667428970337,-2416.046830444337,200.33956118614708,0.0,-2616.386391630484,4,bear_cross
CGPOWER,2014,2013-01-02,41.38290813446045,2013-01-23,38.89564690589905,-5009.344114322662,195.57062625320168,0.0,-5204.914740575864,21,bear_cross
CANBK,939,2012-11-29,85.56383237838745,2013-01-29,94.01462614059447,7935.295342712398,202.32339413819994,0.0,7732.971948574199,61,bear_cross
NTPC,614,2013-01-21,137.509588432312,2013-02-05,128.13718242645265,-5754.657287597639,197.21293523189365,0.0,-5951.870222829532,15,bear_cross
BHARTIARTL,291,2013-01-03,291.83387489318847,2013-02-06,294.37890747070315,740.6044800567746,205.04748003007734,0.0,535.5570000266973,34,bear_cross
SHRIRAMFIN,539,2013-02-01,154.56707942962646,2013-02-12,146.6428652572632,-4271.151438903799,196.26185346204508,0.0,-4467.413292365844,11,bear_cross
AMBUJACEM,385,2013-02-06,203.5075,2013-02-12,188.02875,-5959.318749999997,183.47264928748749,0.0,-6142.791399287485,6,bear_cross
IOC,1842,2012-12-31,45.09579192161559,2013-02-20,52.77606199264527,14147.05747083666,214.82347421137692,0.0,13932.233996625284,51,bear_cross
ITC,442,2013-01-24,188.5596706390381,2013-02-26,187.6192234039307,-415.6776779174704,200.33211301843295,0.0,-616.0097909359034,33,bear_cross
PFC,982,2013-02-01,84.25010091781616,2013-02-27,79.72019817352296,-4448.364494895918,194.79194406655938,2356.7999999999997,-2286.3564389624776,26,bear_cross
APOLLOHOSP,70,2013-02-05,819.9948872375488,2013-02-27,804.9825000000001,-1050.8671066284126,141.95323671291322,0.0,-1192.8203433413257,22,bear_cross
ASIANPAINT,187,2013-01-25,442.9847048950195,2013-02-28,436.90500000000003,-1136.9048153686392,198.4598556420176,0.0,-1335.3646710106568,34,bear_cross
KOTAKBANK,1232,2013-01-29,66.96700305938721,2013-02-28,65.32627286911011,-2021.3795944213832,196.7974468374813,0.0,-2218.1770412588644,30,bear_cross
ADANIPORTS,575,2013-01-31,143.7083811187744,2013-03-01,139.20112804412844,-2591.6705179214346,196.49276067251827,0.0,-2788.1632785939532,29,bear_cross
HDFCBANK,479,2013-02-18,169.92374999999998,2013-03-01,155.859375,-6736.835624999992,189.43634898432626,0.0,-6926.271973984319,11,bear_cross
ULTRACEMCO,42,2013-02-18,1925.8025,2013-03-01,1865.325,-2540.0549999999985,192.65596919113003,0.0,-2732.7109691911282,11,bear_cross
GRASIM,47,2013-02-27,473.25504676818844,2013-03-01,450.8238510131836,-1054.266200485226,63.732762752209496,0.0,-1117.9989632374354,2,bear_cross
AMBUJACEM,397,2013-02-27,198.0438780593872,2013-03-04,191.12100608825682,-2748.38017253876,187.41114130265262,0.0,-2935.7913138414124,5,bear_cross
BAJAJFINSV,928,2013-02-28,85.41299694061279,2013-03-06,81.14163871765138,-3963.820430908189,187.57376349193228,0.0,-4151.394194400121,6,bear_cross
APOLLOHOSP,93,2013-03-01,827.0123872375488,2013-03-19,802.2892378234864,-2299.2528955078024,184.06981999523416,0.0,-2483.3227155030368,18,bear_cross
BHARTIARTL,270,2013-03-12,290.02684783935547,2013-03-19,278.6912656402588,-3060.607193756103,186.38381481025073,0.0,-3246.9910085663532,7,bear_cross
TMPV,258,2013-03-08,303.41038192749016,2013-03-20,277.91507377624515,-6577.789503021213,182.6741748311395,0.0,-6760.463677852353,12,bear_cross
DLF,273,2013-03-12,288.21875,2013-03-21,248.9760060882568,-10713.26908790589,179.2824720482169,0.0,-10892.551559954109,9,bear_cross
SBIN,338,2013-03-19,227.16650611877438,2013-03-21,212.0685060882568,-5103.124010314938,180.8721243911147,0.0,-5283.9961347060525,2,bear_cross
M&M,171,2013-03-12,458.64374999999995,2013-03-25,437.65312500000005,-3589.3968749999844,186.10407444746875,0.0,-3775.500949447453,13,bear_cross
NESTLEIND,323,2013-03-01,238.595,2013-03-28,229.42250381469725,-2962.7162678527875,183.72423354965193,0.0,-3146.440501402439,27,bear_cross
TECHM,34,2012-12-18,238.78296874999998,2013-04-01,263.40234375,837.0587500000006,34.27077505480375,0.0,802.7879749451969,104,bear_cross
SIEMENS,224,2013-03-20,333.1605973815918,2013-04-04,306.2625151062012,-6025.170429687496,175.12266372112805,0.0,-6200.293093408624,15,bear_cross
UNITDSPR,196,2013-04-02,376.6593012237549,2013-04-04,360.4964939117432,-3167.9102331542917,176.30083303841238,0.0,-3344.211066192704,2,bear_cross
INFY,200,2013-04-03,369.5340190124512,2013-04-10,349.49906250000004,-4006.991302490235,175.61186716227473,0.0,-4182.60316965251,7,bear_cross
WIPRO,1011,2013-02-26,78.37359172821044,2013-04-11,76.19655103683472,-2200.9881389808556,189.341220639676,0.0,-2390.3293596205317,44,bear_cross
ASIANPAINT,164,2013-03-12,477.2902561187744,2013-04-11,457.45350608825686,-3253.2270050048737,186.11358143021005,0.0,-3439.340586435084,30,bear_cross
HINDZINC,11,2013-04-04,120.7010015296936,2013-04-11,118.20375,-27.469766826629595,18.265410101843543,0.0,-45.73517692847314,7,bear_cross
CUMMINSIND,148,2013-04-04,496.23749999999995,2013-04-16,478.8,-2580.749999999992,176.0599159033,0.0,-2756.8099159032918,12,bear_cross
DIVISLAB,130,2013-04-10,515.7361372375487,2013-05-24,492.21638717651376,-3057.567507934548,161.33213422663056,0.0,-3218.8996421611782,44,bear_cross
GODREJCP,295,2013-02-20,250.95916156768797,2013-05-29,275.9749898529053,7379.669344139115,187.70511473451666,196.666765,7388.630994404599,98,bear_cross
PFC,924,2013-04-16,77.79399847030639,2013-05-29,77.805,10.165413436900678,175.27371336493258,0.0,-165.1082999280319,43,bear_cross
MARUTI,49,2013-04-11,1417.5349999999999,2013-05-31,1621.0372256469727,9971.60905670167,180.21830210765665,0.0,9791.390754594015,50,bear_cross
RECLTD,113,2013-04-16,82.70625,2013-06-05,82.66781250000001,-4.343437499998458,36.128155986551874,0.0,-40.47159348655033,50,bear_cross
HDFCBANK,453,2013-04-15,160.92630638122557,2013-06-07,170.01140625000002,4115.550240554826,181.79743874419313,0.0,3933.7528018106327,53,bear_cross
ADANIPORTS,522,2013-04-05,141.3525,2013-06-10,151.81949695587159,5463.772410964972,185.1681396378295,0.0,5278.604271327142,66,bear_cross
POWERGRID,1231,2013-06-03,63.91879026412963,2013-06-10,62.281421470642094,-2015.6009847831608,188.30617941068127,0.0,-2203.907164193842,7,bear_cross
HCLTECH,420,2013-05-30,186.9537218093872,2013-06-11,188.57737804412844,681.9356185913239,190.7409352673386,0.0,491.19468332398526,12,bear_cross
GODREJCP,180,2013-06-05,299.64724388122556,2013-06-14,257.3716209411621,-7609.612129211419,127.44432383118118,0.0,-7737.056453042601,9,bear_cross
JSWSTEEL,1112,2013-05-30,70.24517469406128,2013-06-17,68.46839939117432,-1975.7741368103002,187.07624610863374,0.0,-2162.850382918934,18,bear_cross
APOLLOHOSP,88,2013-04-04,837.0875,2013-06-19,989.5200000000001,13414.06000000001,193.14371005276,0.0,13220.91628994725,76,bear_cross
DRREDDY,193,2013-04-04,367.8673872375489,2013-06-26,420.3464939117432,10128.467588119505,183.80543811092662,0.0,9944.662150008578,83,bear_cross
RELIANCE,409,2013-06-20,187.42557109832762,2013-06-26,184.56409046173096,-1170.345580368037,184.6734202845954,0.0,-1355.0190006526325,6,bear_cross
APOLLOHOSP,78,2013-06-21,972.425,2013-06-26,942.6375,-2323.424999999993,181.67976407425,0.0,-2505.1047640742427,5,bear_cross
HINDUNILVR,159,2013-03-21,470.0221311187744,2013-06-27,587.1284756469727,18619.90877998353,200.92443462280858,0.0,18418.98434536072,98,bear_cross
INFY,265,2013-05-27,293.38161888122556,2013-06-27,301.8684375,2249.006933975233,190.6436540479375,894.375,2952.7382799272955,31,bear_cross
APOLLOHOSP,74,2013-07-01,1056.635,2013-07-09,963.585,-6885.699999999997,182.15698634968004,0.0,-7067.856986349677,8,bear_cross
DIVISLAB,157,2013-07-01,498.24249999999995,2013-07-25,478.87482467651375,-3040.725025787333,186.21938880076806,1177.5,-2049.444414588101,24,bear_cross
AMBUJACEM,414,2013-06-24,185.46249999999998,2013-07-30,170.323125,-6267.701249999989,179.6621960747425,579.5999999999999,-5867.763446074732,36,bear_cross
EICHERMOT,48,2013-07-09,363.8072438812256,2013-08-01,348.62625,-728.6877062988269,53.43538565130548,0.0,-782.1230919501324,23,bear_cross
BANKBARODA,588,2013-07-25,117.29249999999999,2013-08-02,103.74997713088992,-7963.003447036723,160.5199442139034,0.0,-8123.523391250626,8,bear_cross
DRREDDY,176,2013-07-01,444.6889365386963,2013-08-05,447.8375914764405,554.1632690429788,190.04036598130605,528.0,892.1229030616728,35,bear_cross
RELIANCE,396,2013-07-01,197.53129302978513,2013-08-05,196.09007389068603,-570.7227790832452,188.77804524348255,0.0,-759.5008243267278,35,bear_cross
BAJAJ-AUTO,35,2013-06-24,1834.5749999999998,2013-08-07,1810.1632012939453,-854.4129547119064,157.30908349580415,1575.0,563.2779617922895,44,bear_cross
CGPOWER,2694,2013-08-16,31.084936223030088,2013-08-21,29.461162347793582,-4374.4468198871455,197.1139494338252,0.0,-4571.56076932097,5,bear_cross
GODREJCP,287,2013-08-13,286.04667686462403,2013-08-22,270.9874898529053,-4321.986672363277,193.5031678385007,0.0,-4515.489840201778,9,bear_cross
CIPLA,198,2013-08-16,421.04999999999995,2013-08-23,401.7929878234864,-3812.8884109496867,196.86239101995034,0.0,-4009.750801969637,7,bear_cross
DIVISLAB,167,2013-08-16,496.36281249999996,2013-08-23,467.8773628234864,-4757.070095977763,194.82541518783833,0.0,-4951.895511165602,7,bear_cross
TMPV,106,2013-08-19,304.6997912597656,2013-08-28,286.2544940185547,-1955.2015075683594,85.16903593601504,0.0,-2040.3705435043744,9,bear_cross
RECLTD,1158,2013-08-26,71.522109375,2013-09-04,61.739014863967896,-11328.823443775176,187.85213084734386,651.375,-10865.30057462252,9,bear_cross
TECHM,320,2013-06-17,241.97843749999998,2013-09-18,328.925625,27823.100000000013,216.47794095580002,0.0,27606.622059044214,93,bear_cross
INFY,250,2013-07-01,309.39656249999996,2013-09-20,374.0625,16166.484375000011,204.19850414171873,0.0,15962.285870858292,81,bear_cross
IOC,2156,2013-08-28,33.1493323135376,2013-09-30,34.68806402206421,3317.505563583375,177.78882586539802,0.0,3139.716737717977,33,bear_cross
JINDALSTEL,371,2013-08-16,223.25674694061277,2013-10-04,239.49975608825682,6026.156393775941,205.86886226905824,593.6,6413.8875315068835,49,bear_cross
SHRIRAMFIN,750,2013-09-20,117.01931966781616,2013-10-14,111.77047925949097,-3936.630306243895,206.51560607211582,0.0,-4143.145912316011,24,bear_cross
PNB,901,2013-10-14,98.24499999999999,2013-10-17,94.26375,-3587.10624999999,208.5562805545525,0.0,-3795.662530554542,3,bear_cross
GODREJCP,301,2013-10-01,280.7,2013-10-18,272.3175,-2523.132499999998,200.698410454105,0.0,-2723.830910454103,17,bear_cross
HINDALCO,775,2013-08-23,104.56075305938718,2013-10-21,115.3109984779358,8331.440199375178,204.269800106533,1085.0,9212.170399268645,59,bear_cross
HCLTECH,403,2013-06-13,191.70306861877438,2013-10-29,265.6093064117432,29784.213830566438,218.1191469955613,201.5,29767.594683570875,138,bear_cross
WIPRO,1223,2013-06-18,63.55224890708923,2013-10-31,88.85856513977052,30949.624752569216,220.36950514853464,1146.5625,31875.817747420682,135,bear_cross
APOLLOHOSP,98,2013-10-17,896.5858505249023,2013-10-31,887.7750000000001,-863.4633514404163,209.92826394768048,0.0,-1073.3916153880969,14,bear_cross
TATAPOWER,1144,2013-10-30,77.58786460876465,2013-10-31,77.6821922492981,107.91082077026692,212.9274109308644,0.0,-105.01659016059747,1,bear_cross
APOLLOHOSP,99,2013-11-01,913.9792622375488,2013-11-05,896.8023628234864,-1700.513041992178,214.88564857450635,0.0,-1915.3986905666843,4,bear_cross
GODREJCP,309,2013-10-24,288.385823135376,2013-11-12,283.6225101470947,-1471.8637133789084,212.06878989447023,0.0,-1683.9325032733786,19,bear_cross
ONGC,464,2013-10-21,189.80666156768797,2013-11-13,176.88999492645266,-5993.333321533184,205.06232024002077,0.0,-6198.395641773204,23,bear_cross
SHRIRAMFIN,757,2013-11-01,120.14504203796386,2013-11-14,107.31909593582154,-9709.24119932174,207.61377429316724,442.551284,-9474.303689614908,13,bear_cross
ADANIPORTS,593,2013-11-06,152.38,2013-11-18,153.3157469558716,554.8979448318548,216.95264802543625,0.0,337.9452968064186,12,bear_cross
VEDL,473,2013-08-23,157.59299694061278,2013-11-19,188.02875,14396.111197090157,196.115408138093,709.5,14909.495788952063,88,bear_cross
BRITANNIA,201,2013-11-21,447.61625,2013-11-22,441.5184375,-1225.660312499995,214.23675552124564,0.0,-1439.8970680212406,1,bear_cross
DRREDDY,2,2013-09-04,442.50349388122555,2013-11-27,481.5331402587891,78.0592927551271,17.38995334511768,0.0,60.66933941000943,84,bear_cross
CANBK,1624,2013-09-18,43.48885261535644,2013-11-27,45.35793199539185,3035.3849131775037,175.61826889299908,0.0,2859.7666442845043,70,bear_cross
NTPC,726,2013-11-01,123.22395578384399,2013-12-02,122.3184375,-657.406274070736,213.69100117099674,0.0,-871.0972752417327,31,bear_cross
GODREJCP,310,2013-11-14,282.036676864624,2013-12-10,272.73311485290526,-2884.104223632805,206.8663737436247,103.33323,-2987.637367376429,26,bear_cross
DRREDDY,8,2013-12-02,501.0494877624512,2013-12-11,489.77250000000004,-90.21590209960914,24.16433678560849,0.0,-114.38023888521762,9,bear_cross
TMPV,119,2013-08-29,297.0624594116211,2013-12-13,359.3355242156983,7410.494711685186,101.67575848624051,0.0,7308.818953198946,106,bear_cross
HINDALCO,727,2013-11-20,124.41024847030639,2013-12-19,118.20375,-4512.124387912742,211.88499886146892,0.0,-4724.009386774212,29,bear_cross
ONGC,457,2013-11-28,193.74982925415037,2013-12-19,187.26400405883788,-2964.022114257806,209.2581295955575,1523.333181,-1649.947062853364,21,bear_cross
RELIANCE,445,2013-12-12,201.19776973724368,2013-12-19,197.09332729339602,-1826.4768875122086,212.6393114737057,0.0,-2039.1161989859143,7,bear_cross
JINDALSTEL,360,2013-11-22,245.71275611877437,2013-12-20,248.9760060882568,1174.76998901368,213.35800124702686,0.0,961.4119877666533,28,bear_cross
UNITDSPR,161,2013-11-28,536.3375,2014-01-01,523.0092073059083,-2145.8551237487663,205.22714409354228,0.0,-2351.0822678423087,34,bear_cross
ADANIPORTS,588,2013-11-19,154.4351280593872,2014-01-02,155.3107469558716,514.8639111328172,217.90452907389275,0.0,296.95938205892446,44,bear_cross
ADANIENT,3792,2013-10-07,22.74141941070556,2014-01-07,38.73515665054321,60648.25161346437,270.11455169839036,0.0,60378.13706176598,92,bear_cross
GODREJCP,312,2014-01-03,280.23215850830076,2014-01-07,276.2742581176758,-1234.8649218749865,208.5796708598303,0.0,-1443.4445927348168,4,bear_cross
HINDZINC,17,2013-12-13,130.6257530593872,2014-01-09,130.6725,0.7946979904179443,20.281326054027986,0.0,-19.48662806361004,27,bear_cross
PFC,1371,2013-12-24,64.9620030593872,2014-01-09,62.08440167427063,-3945.1914989948177,209.3954571240134,0.0,-4154.586956118831,16,bear_cross
RELIANCE,435,2013-12-24,205.43713199615473,2014-01-09,193.91256317138672,-5013.1874387740845,208.95995275401475,0.0,-5222.1473915280985,16,bear_cross
BHARTIARTL,293,2014-01-02,305.3865319061279,2014-01-17,284.0853089904785,-6241.25831428528,207.9375740783895,0.0,-6449.195888363669,15,bear_cross
COALINDIA,293,2013-12-10,290.975625,2014-01-22,262.24274391174316,-8418.734158859248,196.28461089799197,8497.0,-118.01876975724008,43,bear_cross
RELIANCE,8,2014-01-17,203.75284755706787,2014-01-27,195.1780377960205,-68.5984780883789,18.89532976947333,0.0,-87.49380785785223,10,bear_cross
ONGC,432,2014-01-17,189.8400853729248,2014-01-29,183.37374492645264,-2793.4590728759667,194.90092080512568,0.0,-2988.3599936810924,12,bear_cross
HINDZINC,612,2014-01-22,136.34,2014-01-30,126.6825,-5910.389999999999,194.84701721662003,0.0,-6105.237017216619,8,bear_cross
SUNPHARMA,144,2014-01-08,601.5,2014-02-06,586.3803506469727,-2177.229506835929,205.78564523823138,0.0,-2383.0151520741606,29,bear_cross
ITC,418,2014-01-14,209.79675876617432,2014-02-10,206.54122123718264,-1360.8146871185227,209.0332715006847,0.0,-1569.8479586192075,27,bear_cross
CIPLA,220,2013-12-24,407.015,2014-02-14,383.73826217651373,-5120.882321166977,209.24457431432745,0.0,-5330.126895481304,52,bear_cross
DRREDDY,176,2013-12-23,504.6584938812256,2014-02-18,529.4530792236328,4363.847020263673,217.47464914554604,0.0,4146.3723711181265,57,bear_cross
HINDUNILVR,149,2014-01-27,564.8085244750977,2014-02-18,558.6,-925.0701467895494,201.61265133951883,0.0,-1126.6827981290683,22,bear_cross
APOLLOHOSP,94,2014-02-07,952.6256249999999,2014-02-20,924.0341006469728,-2687.60328918455,211.7766788908852,0.0,-2899.379968075435,13,bear_cross
TATASTEEL,2373,2014-02-14,35.23431999206543,2014-02-28,33.357452659606935,-4453.8061799240095,196.7384428544437,0.0,-4650.544622778453,14,bear_cross
GAIL,1350,2014-01-13,64.99022590637206,2014-03-24,66.34002090454102,1822.2232475280962,212.42828187725516,1139.0625,2748.857465650841,70,bear_cross
DIVISLAB,161,2013-11-12,560.89875,2014-03-28,667.9758993530273,17239.421045837407,234.13525626486302,0.0,17005.285789572543,136,bear_cross
ZYDUSLIFE,379,2014-02-07,172.44001949310302,2014-04-17,194.57234756469725,8388.152339134213,169.4439903073094,0.0,8218.708348826904,69,bear_cross
TVSMOTOR,1114,2014-02-04,78.8466265296936,2014-04-21,88.528125,10785.189295921338,221.94529792786224,0.0,10563.243997993475,76,bear_cross
IOC,2485,2014-01-17,35.755830783844,2014-04-23,46.051247463226325,25584.110448265084,239.56286315738873,0.0,25344.547585107695,96,bear_cross
TITAN,12,2014-02-10,225.5625,2014-04-25,254.3625,345.60000000000014,21.7205373946,0.0,323.87946260540014,74,bear_cross
TATAPOWER,1131,2014-02-20,74.05674283981323,2014-05-02,78.75262195587159,5311.03928026201,207.19589941628192,0.0,5103.843380845728,71,bear_cross
IOC,2195,2014-04-29,44.60289404869079,2014-05-02,44.255748224258426,-761.9850846290458,232.36606544308694,0.0,-994.3511500721327,3,bear_cross
AMBUJACEM,543,2014-03-03,169.2721311187744,2014-05-06,203.98875,18851.1240525055,239.38934623700567,0.0,18611.734706268493,64,bear_cross
GAIL,1391,2014-04-21,70.48831949234008,2014-05-07,69.1641882133484,-1841.8666090774354,231.5703898898949,0.0,-2073.4369989673305,16,bear_cross
HCLTECH,271,2014-04-23,364.158125,2014-05-07,347.13,-4614.621874999997,230.11245587286624,0.0,-4844.734330872863,14,bear_cross
ADANIPORTS,553,2014-02-18,152.38,2014-05-08,189.57487804412844,20568.76755840303,224.15448234337265,0.0,20344.613076059657,79,bear_cross
CIPLA,196,2014-03-24,398.995,2014-05-08,390.02250000000004,-1758.6099999999938,187.50262476658003,0.0,-1946.1126247665736,45,bear_cross
ABB,28,2014-05-02,771.7888572692871,2014-05-08,738.1909130859375,-940.7424371337879,62.442451262594716,0.0,-1003.1848883963827,6,bear_cross
BHARTIARTL,314,2014-03-28,280.9917431640625,2014-05-09,276.89328163146973,-1286.9169212341237,210.30323852139998,0.0,-1497.2201597555236,42,bear_cross
DRREDDY,176,2014-05-05,551.375,2014-05-19,480.795,-12422.079999999998,218.35346577951998,0.0,-12640.433465779519,14,bear_cross
INFY,8,2014-05-19,400.749375,2014-05-20,380.1721875,-164.61749999999984,22.301960965735002,0.0,-186.91946096573486,1,bear_cross
MUTHOOTFIN,457,2014-04-21,179.19687499999998,2014-06-16,191.37038108825683,5563.292282333384,203.30785933660883,0.0,5359.984422996775,56,bear_cross
IOC,2068,2014-05-09,46.758270578384405,2014-06-20,55.02874746322633,17103.346197853105,248.21376551058165,0.0,16855.132432342525,42,bear_cross
BHARTIARTL,267,2014-05-20,307.19352836608886,2014-06-20,302.1552857208252,-1345.2107862853986,196.42504573677718,0.0,-1541.635832022176,31,bear_cross
CGPOWER,1614,2014-05-13,62.169872446060175,2014-06-26,70.15384958267212,12886.139098491683,251.9506311235428,0.0,12634.18846736814,44,bear_cross
PFC,1219,2014-05-08,79.19749999999999,2014-07-11,120.73740091323853,50637.13921323778,282.6585215056781,0.0,50354.4806917321,64,bear_cross
AXISBANK,289,2014-06-25,387.7669877624512,2014-07-14,362.6510975646973,-7258.492267150881,257.1327957210752,0.0,-7515.625062871956,19,bear_cross
BPCL,1155,2014-07-01,101.92919055938718,2014-07-14,94.54637449264528,-8527.152557086889,268.41702645872977,0.0,-8795.569583545619,13,bear_cross
HDFCBANK,485,2014-05-13,200.5,2014-07-15,204.67453125,2024.6476562500006,233.7866625364797,830.5625,2621.4234937135207,63,bear_cross
TITAN,355,2014-05-07,279.19624999999996,2014-07-16,324.68625000000003,16148.950000000023,252.60452203472497,745.5,16641.845477965297,70,bear_cross
CUMMINSIND,177,2014-07-22,657.5898872375487,2014-07-28,638.5496493530273,-3370.122105560286,270.79727048719906,1416.0,-2224.919376047485,6,bear_cross
DLF,530,2014-07-18,219.9986219406128,2014-07-30,192.06862804412842,-14802.89676513672,259.39484033924407,0.0,-15062.291605475964,12,bear_cross
TVSMOTOR,866,2014-05-06,100.8514984703064,2014-07-31,146.881875,39862.30607471467,251.0026858924923,0.0,39611.303388822176,86,bear_cross
RELIANCE,490,2014-07-30,230.07125659942625,2014-08-05,224.6143486404419,-2673.8848999023294,263.38008910489845,0.0,-2937.264989007228,6,bear_cross
ADANIPORTS,473,2014-05-12,207.01624999999999,2014-08-06,265.18538108825686,27513.999004745503,261.733855844752,473.0,27725.26514890075,86,bear_cross
AXISBANK,294,2014-07-21,403.80698776245123,2014-08-11,373.065,-9038.144402160662,270.091796593312,0.0,-9308.236198753973,21,bear_cross
BPCL,1144,2014-08-08,95.73875,2014-08-11,95.11993394851685,-707.9255628967246,258.27841729905754,0.0,-966.2039801957822,3,bear_cross
TATASTEEL,2193,2014-07-21,53.868680343627936,2014-08-14,50.71093288421631,-6924.940178489691,270.98200189989365,0.0,-7195.922180389584,24,bear_cross
ICICIBANK,434,2014-07-22,271.13978210449216,2014-08-14,264.4644401550293,-2897.0984060668757,274.13854048305717,0.0,-3171.236946549933,23,bear_cross
DIVISLAB,8,2014-06-16,679.945625,2014-08-18,733.1625,425.7350000000006,27.883669530189998,80.0,477.85133046981053,63,bear_cross
BANKBARODA,230,2014-07-28,173.2320030593872,2014-09-05,173.9939176940918,175.24036598205697,104.16578242094111,0.0,71.07458356111586,39,bear_cross
APOLLOHOSP,100,2014-08-18,1136.2835760498047,2014-09-22,1147.1749237060546,1089.134765624999,269.2716084805197,0.0,819.8631571444793,35,bear_cross
BPCL,1115,2014-08-18,103.090419216156,2014-09-23,112.0691234779358,10011.25525188449,281.4585702250414,3159.166295,12888.962976659448,36,bear_cross
CUMMINSIND,167,2014-08-11,663.655,2014-09-24,664.4846493530274,138.5514419555816,262.0605046098134,835.0,711.4909373457682,44,bear_cross
ICICIBANK,423,2014-08-18,270.9484174346924,2014-09-26,265.87907707214356,-2144.3309733581486,268.1037880594009,0.0,-2412.43476141755,39,bear_cross
UNITDSPR,88,2014-09-22,470.17249999999996,2014-09-26,468.1666463470459,-176.51512145995594,107.20887912006671,0.0,-283.7240005800227,4,bear_cross
AMBUJACEM,583,2014-09-25,212.63025611877438,2014-09-29,212.76675304412842,79.57770748140416,291.217901745487,0.0,-211.6401942640828,4,bear_cross
PIDILITIND,708,2014-06-25,157.89374999999998,2014-10-09,195.5349314117432,26649.9564395142,291.69583279539063,955.8000000000001,27314.06060671881,106,bear_cross
UNITDSPR,256,2014-09-30,476.9894877624512,2014-10-09,463.6379878234864,-3417.9839843749796,283.46441858613065,0.0,-3701.44840296111,9,bear_cross
ABB,108,2014-09-05,973.5643157958984,2014-10-10,977.8550825500489,463.40280944825054,249.74847469082496,0.0,213.65433475742557,35,bear_cross
SHREECEM,15,2014-08-05,7443.512570800781,2014-10-13,8289.225,12685.686437988294,276.9064485699141,330.0,12738.77998941838,69,bear_cross
SUNPHARMA,151,2014-10-09,801.49875,2014-10-14,795.50625,-904.8674999999924,283.66207461103,0.0,-1188.5295746110223,5,bear_cross
MARUTI,43,2014-08-04,2596.475,2014-10-16,2948.7098474121094,15146.098438720708,279.4494091180195,516.0,15382.64902960269,73,bear_cross
EICHERMOT,182,2014-02-20,491.92676223754887,2014-10-17,1097.7537423706056,110260.51038421631,328.913825637647,546.0,110477.59655857865,239,bear_cross
TITAN,60,2014-08-11,342.8048872375488,2014-10-20,384.0375,2473.9567657470716,63.66708319961133,0.0,2410.28968254746,70,bear_cross
ASIANPAINT,183,2014-10-14,665.5597744750976,2014-10-21,650.37,-2779.728728942857,283.43269599163915,0.0,-3063.1614249344957,7,bear_cross
COALINDIA,340,2014-10-22,357.8925,2014-11-14,344.13750000000005,-4676.699999999979,281.2111631212,0.0,-4957.911163121179,23,bear_cross
UNIONBANK,568,2014-10-17,210.52499999999998,2014-11-25,213.465,1669.9200000000149,283.11139932592,0.0,1386.8086006740948,39,bear_cross
NTPC,1016,2014-10-09,120.46708078384398,2014-11-26,116.45812500000001,-4073.0990763854766,283.4194152233546,0.0,-4356.518491608832,48,bear_cross
GAIL,1338,2014-10-22,90.9957131767273,2014-11-27,91.74822687149049,1006.8633235931359,287.26042454017613,0.0,719.6028990529597,36,bear_cross
CANBK,1588,2014-10-22,76.97331785202026,2014-11-28,75.01765142440796,-3105.5982870483326,284.06507774776475,0.0,-3389.6633647960975,37,bear_cross
BHARTIARTL,312,2014-11-25,366.73486328125,2014-11-28,347.0156016540528,-6152.409627685534,263.5232842274844,0.0,-6415.932911913018,3,bear_cross
GAIL,1398,2014-12-01,91.44684276580811,2014-12-02,88.89600030899048,-3566.077754631052,296.0664718810606,0.0,-3862.1442265121123,1,bear_cross
BPCL,1035,2014-10-21,116.9165625,2014-12-09,115.23618902206421,-1739.1865496635407,282.75723668071595,0.0,-2021.9437863442568,49,bear_cross
TATACONSUM,793,2014-12-01,162.2546311187744,2014-12-12,154.8119969558716,-5902.008891181925,295.4791585065523,0.0,-6197.488049688477,11,bear_cross
PFC,1149,2014-10-21,104.88155275344849,2014-12-15,109.4257469558716,5221.279138584157,288.86624228507856,0.0,4932.412896299078,55,bear_cross
M&M,193,2014-12-01,665.1336630249023,2014-12-16,618.5497256469727,-8990.699913940412,291.6138834997182,0.0,-9282.31379744013,15,bear_cross
HINDZINC,420,2014-12-09,173.2320030593872,2014-12-17,156.3082469558716,-7107.977563476558,169.83776988781983,0.0,-7277.815333364379,8,bear_cross
CIPLA,197,2014-11-28,643.605,2014-12-18,607.4775000000001,-7117.1174999999885,290.04098467301503,0.0,-7407.158484673004,20,bear_cross
DLF,52,2014-11-14,141.9540061187744,2014-12-19,136.15875,-301.353318176269,31.45006502518241,0.0,-332.8033832014514,35,bear_cross
CUMMINSIND,174,2014-10-21,689.7199999999999,2014-12-22,859.3961128234864,29523.643631286654,312.9705409243185,0.0,29210.673090362332,62,bear_cross
SBIN,468,2014-10-21,258.645,2014-12-24,305.235,21804.120000000014,307.26400679104006,0.0,21496.85599320897,64,bear_cross
MARUTI,35,2014-12-24,3408.5,2015-01-02,3351.6000000000004,-1991.4999999999873,278.688515521,0.0,-2270.1885155209875,9,bear_cross
ICICIBANK,380,2014-12-26,322.7594457244873,2015-01-12,310.8119345855713,-4540.054232788085,283.5001739238317,0.0,-4823.554406711917,17,bear_cross
UNIONBANK,537,2014-12-23,229.4722438812256,2015-02-02,206.6819969558716,-12238.362598915104,276.799856405242,0.0,-12515.162455320346,41,bear_cross
BANKBARODA,535,2014-12-29,216.10893234252927,2015-02-03,189.525,-14222.403803253157,257.8145270609057,0.0,-14480.218330314063,36,bear_cross
CANBK,1569,2014-12-03,81.2051999092102,2015-02-06,83.3324674987793,3337.682848033919,302.26796196547036,0.0,3035.414886068449,65,bear_cross
MOTHERSON,3522,2014-12-26,34.86440183639526,2015-02-06,35.36882246017456,1776.5694369507066,290.37308058855456,0.0,1486.196356362152,42,bear_cross
PFC,1041,2015-02-03,125.11200305938719,2015-02-09,112.21875,-13421.876434822067,291.1791287215913,0.0,-13713.055563543658,6,bear_cross
ASIANPAINT,149,2015-01-05,781.8497744750977,2015-02-10,799.8952743530274,2688.7794818115294,277.3102012740823,0.0,2411.469280537447,36,bear_cross
HINDUNILVR,4,2015-01-12,869.6687499999999,2015-02-18,899.745,120.30500000000029,23.20420301293,0.0,97.1007969870703,37,bear_cross
ULTRACEMCO,46,2014-12-26,2653.6175,2015-02-25,2987.7119512939453,15368.34475952149,302.8580157044562,0.0,15065.486743817033,61,bear_cross
AXISBANK,285,2014-10-22,428.0675,2015-02-26,551.2683993530273,35112.256315612794,323.19103295620465,0.0,34789.06528265659,127,bear_cross
EICHERMOT,83,2014-12-23,1482.9982989501952,2015-03-02,1650.8625000000002,13932.72868713381,303.64346648957525,0.0,13629.085220644232,69,bear_cross
ITC,539,2015-02-04,236.5040159225464,2015-03-05,222.19750854492187,-7711.207476539613,290.94973536716327,0.0,-8002.157211906776,29,bear_cross
HINDALCO,826,2015-02-11,149.9238780593872,2015-03-11,138.50288108825686,-9433.743498153657,281.0676958048231,0.0,-9714.811193958481,28,bear_cross
ADANIPORTS,361,2015-03-02,335.33625,2015-03-11,318.1027439117432,-6221.295697860716,278.2136913209001,0.0,-6499.509389181617,9,bear_cross
VEDL,335,2015-02-06,208.01874999999998,2015-03-12,194.1633689117432,-4641.552664566025,165.56370017683824,0.0,-4807.116364742863,34,bear_cross
EICHERMOT,76,2015-03-11,1606.0049999999999,2015-03-12,1609.9650000000001,300.96000000002005,287.20471661032,0.0,13.755283389700054,1,bear_cross
ICICIBANK,175,2015-03-11,304.03091743469236,2015-03-12,306.09648834228517,361.4749088287425,134.08703209821812,0.0,227.3878767305244,1,bear_cross
SHREECEM,13,2014-12-26,9273.125,2015-03-13,10889.7075,21015.572500000006,305.344158112435,0.0,20710.22834188757,77,bear_cross
ABB,99,2015-02-11,1251.426428222656,2015-03-13,1199.8602630615235,-5105.05035095213,285.67865506368366,0.0,-5390.729006015814,30,bear_cross
TECHM,170,2015-03-18,720.29625,2015-03-20,687.2276371765137,-5621.664179992675,281.9370877440405,0.0,-5903.601267736715,2,bear_cross
BANKBARODA,664,2015-03-19,184.9111219406128,2015-03-23,173.26574695587158,-7732.528989868163,280.4828367606241,0.0,-8013.011826628787,4,bear_cross
EICHERMOT,76,2015-03-18,1598.9875,2015-03-24,1585.5262500000001,-1023.0549999999876,284.64461652127,0.0,-1307.6996165212577,6,bear_cross
ASIANPAINT,134,2015-03-20,838.0899999999999,2015-03-25,811.7654878234864,-3527.48463165281,261.5359866149356,0.0,-3789.0206182677457,5,bear_cross
BPCL,968,2015-03-25,123.641669216156,2015-03-26,123.50712398529053,-130.23978347777495,281.4818148194076,0.0,-411.72159829718254,1,bear_cross
KOTAKBANK,892,2015-03-25,134.14452255249023,2015-03-26,131.14132621765137,-2678.8511306762643,278.77508217400305,0.0,-2957.6262128502676,1,bear_cross
NESTLEIND,342,2015-03-05,365.91249999999997,2015-03-27,344.0377439117432,-7481.166582183821,285.99658306554295,0.0,-7767.163165249364,22,bear_cross
MARUTI,32,2015-04-06,3655.115,2015-04-13,3651.8475000000003,-104.55999999998312,275.4537276568,0.0,-380.01372765678315,7,bear_cross
INDHOTEL,1123,2015-04-01,105.53224617004393,2015-04-21,94.27900108337403,-12637.394232330305,265.89839620800933,0.0,-12903.292628538315,20,bear_cross
BRITANNIA,125,2015-02-16,1019.5424999999999,2015-04-24,1082.2875000000001,7843.125000000029,307.01280349750004,0.0,7536.1121965025295,67,bear_cross
DIVISLAB,143,2015-02-26,876.435625,2015-04-24,892.7625,2334.7431250000122,296.59841941536627,0.0,2038.144705584646,57,bear_cross
DRREDDY,168,2015-02-18,665.0585244750977,2015-04-28,675.7065243530274,1788.8639794921883,265.7736494658635,0.0,1523.0903300263246,69,bear_cross
ADANIPORTS,303,2015-04-13,321.30125,2015-04-28,306.2325,-4565.831249999989,227.19834688060752,0.0,-4793.029596880597,15,bear_cross
IOC,167,2015-02-25,55.15420807838441,2015-04-29,58.51999746322633,562.0868272686015,36.41530549233827,0.0,525.6715217762633,63,bear_cross
BHARTIARTL,340,2015-03-13,360.4554710388183,2015-04-29,354.20762901306153,-2124.266288757301,285.79779693360274,0.0,-2410.0640856909035,47,bear_cross
BAJFINANCE,2815,2015-04-08,43.520027770996094,2015-04-29,40.66807545661926,-8028.245764970779,279.5706719450104,0.0,-8307.81643691579,21,bear_cross
ZYDUSLIFE,363,2015-03-18,348.1080902099609,2015-04-30,335.16,-4700.156746215795,291.59847466235715,0.0,-4991.755220878152,43,bear_cross
BPCL,882,2015-04-01,135.4962363052368,2015-04-30,125.69331047058107,-8646.180586166362,272.2525218761203,0.0,-8918.433108042482,29,bear_cross
AXISBANK,202,2015-05-06,565.4601127624511,2015-05-12,551.6175000000001,-2796.2077780151103,266.56377104168183,0.0,-3062.771549056792,6,bear_cross
ICICIBANK,381,2015-05-04,303.25624999999997,2015-05-13,283.9701191711426,-7348.015845794662,264.7733071660525,0.0,-7612.789152960715,9,bear_cross
MARUTI,30,2015-05-04,3806.4925,2015-05-13,3610.9500000000003,-5866.274999999987,263.31619687465,0.0,-6129.591196874637,9,bear_cross
ONGC,501,2015-05-06,226.96599388122561,2015-05-15,210.0735060882568,-8463.136384277374,259.5435815923498,0.0,-8722.679965869724,9,bear_cross
PIDILITIND,376,2015-05-15,299.24625,2015-05-25,275.03569358825683,-9103.16921081542,256.2245772727648,0.0,-9359.393788088186,10,bear_cross
HINDALCO,801,2015-05-11,141.1520030593872,2015-05-29,130.62262195587158,-8434.03426391601,258.1338551050876,0.0,-8692.168119021098,18,bear_cross
ADANIPORTS,329,2015-05-05,350.4740061187744,2015-06-03,310.2225,-13242.745513076774,258.13595315913045,361.90000000000003,-13138.981466235904,29,bear_cross
ASIANPAINT,147,2015-06-04,765.8097744750976,2015-06-09,742.9379878234864,-3362.1526377868404,262.3081507481593,0.0,-3624.4607885349997,5,bear_cross
HCLTECH,241,2015-05-15,463.65625,2015-06-10,456.35625000000005,-1759.299999999989,262.117956943075,0.0,-2021.417956943064,26,bear_cross
SHREECEM,8,2015-05-15,11413.4625,2015-06-11,10639.335000000001,-6193.0199999999895,212.05779054628002,0.0,-6405.077790546269,27,bear_cross
EICHERMOT,19,2015-05-12,1699.2375,2015-06-12,1720.6725228881837,407.26543487549156,87.59169524188246,0.0,319.6737396336091,31,bear_cross
INFY,205,2015-05-29,502.46552513122555,2015-06-17,504.23625000000004,362.9985980987712,244.88429955280094,1511.875,1629.9892985459703,19,bear_cross
BAJFINANCE,2603,2015-05-12,43.757619781494135,2015-07-22,51.57075076103211,20337.579939737345,289.84682659910146,468.53999999999996,20516.273113138246,71,bear_cross
MOTHERSON,2900,2015-06-18,39.49838297843933,2015-07-29,40.63175139427185,3286.7684059143116,273.59149491488586,1145.6798000000001,4158.856710999426,41,bear_cross
TVSMOTOR,345,2015-06-18,231.326875,2015-07-29,234.8114939117432,1202.193524551408,194.1444513362933,0.0,1008.0490732151147,41,bear_cross
EICHERMOT,58,2015-06-18,1938.4490277099608,2015-07-30,1934.5515243530274,-226.0551947021363,265.2411991624571,0.0,-491.2963938645934,42,bear_cross
BAJAJ-AUTO,52,2015-05-11,2136.3275,2015-07-31,2526.6675,20297.680000000008,283.54914203044,2600.0,22614.130857969565,81,bear_cross
BPCL,877,2015-05-25,130.99333843231202,2015-08-13,145.3690040588379,12607.458754463203,284.0080318153965,0.0,12323.450722647807,80,bear_cross
ITC,596,2015-08-04,213.30410144805907,2015-08-19,201.06632583618162,-7293.714264678962,290.6121256918485,0.0,-7584.32639037081,15,bear_cross
GODREJCP,300,2015-06-10,374.2499726104736,2015-08-25,407.9775,10118.258216857925,275.62749080275364,99.9999,9942.630626055172,76,bear_cross
BAJFINANCE,2298,2015-07-31,54.1851242351532,2015-08-25,49.02263643264771,-11863.396970157612,280.0606809992141,0.0,-12143.457651156827,25,bear_cross
BAJAJFINSV,778,2015-05-07,144.9564887237549,2015-08-26,169.7744969558716,19308.4104045868,286.27638869356997,136.14999999999998,19158.284015893234,111,bear_cross
ZYDUSLIFE,186,2015-08-13,408.8194877624512,2015-08-26,367.4789939117432,-7689.331856231691,176.53869040699647,0.0,-7865.870546638687,13,bear_cross
EICHERMOT,60,2015-08-20,2130.112048950195,2015-08-26,1864.3225076293945,-15947.372479248028,283.1420309767321,0.0,-16230.51451022476,6,bear_cross
BRITANNIA,99,2015-05-07,1125.3062499999999,2015-08-27,1461.3375,33267.09375000002,297.7073726776375,792.0,33761.386377322386,112,bear_cross
PNB,836,2015-08-03,151.3775,2015-08-28,148.02899391174319,-2799.351089782695,293.98943243443296,0.0,-3093.340522217128,25,bear_cross
INFY,10,2015-07-22,553.88125,2015-08-31,566.0064253234864,121.2517532348636,27.78860381206637,0.0,93.46314942279724,40,bear_cross
ADANIPORTS,384,2015-08-04,333.080625,2015-09-08,322.8408689117432,-3932.06633789061,295.8208910321942,0.0,-4227.887228922805,35,bear_cross
HCLTECH,252,2015-09-07,471.17499999999995,2015-09-08,457.8525,-3357.269999999983,276.02264807157997,0.0,-3633.2926480715632,1,bear_cross
TORNTPHARM,177,2015-06-11,643.9057377624512,2015-09-11,707.975625,11340.37004104615,280.66931848976907,553.125,11612.825722556381,92,bear_cross
TATASTEEL,5260,2015-09-18,22.349771957397458,2015-09-22,21.668088955879213,-3585.652587985967,273.16867735221575,0.0,-3858.821265338183,4,bear_cross
BANKBARODA,102,2015-09-22,194.0338780593872,2015-10-14,173.565,-2087.825562057495,57.20634506690043,0.0,-2145.0319071243957,22,bear_cross
RECLTD,1187,2015-09-21,98.49562499999999,2015-10-19,97.1440282058716,-1604.345394630391,273.78799536872054,0.0,-1878.1333899991114,28,bear_cross
WIPRO,1061,2015-09-18,109.15348218917846,2015-10-20,108.29112419128418,-914.9618357658296,272.05039471606847,0.0,-1187.0122304818983,32,bear_cross
TECHM,208,2015-09-21,554.3824999999999,2015-10-20,543.5377743530273,-2255.702934570305,269.5464626681792,0.0,-2525.249397238484,29,bear_cross
ADANIPORTS,359,2015-10-16,331.2761372375488,2015-10-26,314.5117378234863,-6018.419389648436,273.689193647531,0.0,-6292.108583295967,10,bear_cross
DLF,936,2015-09-11,126.315,2015-10-27,128.52788108825683,2071.2566986083984,280.53012572875656,0.0,1790.7265728796417,46,bear_cross
APOLLOHOSP,84,2015-09-16,1378.4375,2015-10-27,1416.45,3193.050000000004,276.2606896933,0.0,2916.7893103067036,41,bear_cross
AXISBANK,25,2015-10-19,503.255,2015-11-02,476.6054878234864,-666.2378044128402,42.6400349807753,0.0,-708.8778393936155,14,bear_cross
SHRIRAMFIN,685,2015-09-16,169.5119564819336,2015-11-03,183.6631958770752,9693.598985671997,283.7317786726013,0.0,9409.867206999395,48,bear_cross
BOSCHLTD,5,2015-10-20,21253.0,2015-11-05,20203.365,-5248.174999999992,246.31515894595003,0.0,-5494.490158945942,16,bear_cross
HINDUNILVR,144,2015-10-29,813.0274999999999,2015-11-06,804.6832621765137,-1201.5702465820123,274.5654845362943,0.0,-1476.1357311183065,8,bear_cross
JSWSTEEL,1276,2015-10-30,92.33024847030639,2015-11-06,86.38849084854127,-7581.682725372293,269.5873763640042,0.0,-7851.270101736298,7,bear_cross
AMBUJACEM,567,2015-11-05,209.52249999999998,2015-11-06,207.57975608825683,-1101.5357979583664,278.5032738310732,0.0,-1380.0390717894395,1,bear_cross
INFY,200,2015-10-26,578.4425,2015-11-10,562.340625,-3220.37499999999,269.38432671475005,0.0,-3489.75932671474,15,bear_cross
SHREECEM,10,2015-09-16,11528.75,2015-11-13,11886.210000000001,3574.6000000000095,275.54132493760005,140.0,3439.0586750624093,58,bear_cross
AMBUJACEM,558,2015-11-09,203.8082530593872,2015-11-13,194.761875,-5047.878957138055,263.1200563674945,0.0,-5310.99901350555,4,bear_cross
HCLTECH,235,2015-11-06,439.84687499999995,2015-11-19,423.9375,-3738.703124999989,241.42694927659375,0.0,-3980.130074276583,13,bear_cross
COALINDIA,331,2015-11-10,337.4415061187744,2015-11-19,334.66125,-920.2647753143228,262.8815467092819,0.0,-1183.1463220236046,9,bear_cross
BANKBARODA,685,2015-11-23,172.53025611877442,2015-11-24,168.57750000000001,-2707.637941360466,275.4665383144491,0.0,-2983.1044796749147,1,bear_cross
UNITDSPR,22,2015-11-03,679.6549220275879,2015-12-01,624.6345121765137,-1210.4490167236322,47.35057030784972,0.0,-1257.799587031482,28,bear_cross
NTPC,1084,2015-09-18,106.80801828384399,2015-12-07,108.06250253677369,1359.8609301757947,274.3392205672712,0.0,1085.5217096085235,80,bear_cross
DIVISLAB,101,2015-11-02,1161.8975,2015-12-09,1127.175,-3506.972500000008,272.787199264435,0.0,-3779.759699264443,37,bear_cross
TVSMOTOR,498,2015-09-16,232.68025611877437,2015-12-10,271.36986282348636,19267.42413894657,293.1277147423971,0.0,18974.296424204174,85,bear_cross
KOTAKBANK,858,2015-11-18,134.54553173065185,2015-12-10,133.54530487060546,-858.1946459197959,271.2821483431056,0.0,-1129.4767942629014,22,bear_cross
MARUTI,26,2015-10-21,4500.2225,2015-12-11,4508.450625,213.9312500000142,275.87780809975754,0.0,-61.94655809974333,51,bear_cross
DLF,125,2015-12-07,117.79374999999999,2015-12-14,107.23125,-1320.3124999999982,46.72891845625,0.0,-1367.0414184562483,7,bear_cross
BPCL,784,2015-11-09,148.33657619476318,2015-12-16,149.625,1010.124263305665,275.1243688610052,0.0,734.9998944446597,37,bear_cross
M&M,182,2015-11-17,641.09875,2015-12-16,626.0559375,-2737.7918749999944,272.09080125979375,0.0,-3009.882676259788,29,bear_cross
TECHM,210,2015-12-15,549.37,2015-12-16,521.2436128234864,-5906.54130706786,265.88396198119995,0.0,-6172.425269049059,1,bear_cross
BAJAJ-AUTO,45,2015-12-18,2496.475625,2016-01-11,2354.0001525878906,-6411.3962585449235,258.6272808223454,0.0,-6670.023539367269,24,bear_cross
CUMMINSIND,110,2015-12-21,1030.57,2016-01-12,986.4776371765138,-4850.1599105834775,262.5191103202012,0.0,-5112.679020903679,22,bear_cross
GODREJCP,258,2015-12-16,441.40073776245123,2016-01-13,423.9375,-4505.515342712417,264.0306351615288,0.0,-4769.545977873946,28,bear_cross
CGPOWER,1768,2015-11-24,66.56344694137573,2016-01-14,62.58552989959717,-7032.9573298644955,269.8691308214903,0.0,-7302.826460685986,51,bear_cross
KOTAKBANK,813,2015-12-17,139.72845489501952,2016-01-15,135.54030487060547,-3404.965969848628,264.5446064880964,0.0,-3669.5105763367246,29,bear_cross
JSWSTEEL,1249,2015-12-02,94.86156249999999,2016-01-18,97.11161584854126,2810.3166323280484,281.85581842962563,0.0,2528.4608138984227,47,bear_cross
TVSMOTOR,390,2016-01-13,294.4342622375488,2016-01-19,275.2601371765137,-7477.908773803694,263.05611570712915,0.0,-7740.964889510823,6,bear_cross
GAIL,1202,2015-11-24,68.13870246887207,2016-01-20,63.66546870231629,-5376.826987400047,191.98020252875506,0.0,-5568.807189928802,57,bear_cross
NTPC,1009,2015-12-18,113.533125,2016-01-21,110.47312500000001,-3087.539999999988,267.0001351063375,0.0,-3354.5401351063256,34,bear_cross
SUNPHARMA,144,2015-12-17,793.0276127624511,2016-01-22,777.0525,-2300.416237792957,267.0181126779728,0.0,-2567.4343504709295,36,bear_cross
BPCL,710,2016-01-18,155.47938869476317,2016-01-25,146.89018547058106,-6098.334289169301,254.61136232015917,0.0,-6352.945651489461,7,bear_cross
RELIANCE,505,2015-12-17,224.58300659179687,2016-01-27,229.8586208724976,2664.1852117538647,270.4296005948467,0.0,2393.7556111590184,41,bear_cross
JSWSTEEL,978,2016-01-27,110.77624999999999,2016-02-05,101.37093750000001,-9198.39562499998,246.83182023632125,0.0,-9445.2274452363,9,bear_cross
GAIL,1576,2016-02-01,69.17253059387207,2016-02-08,63.534548349380486,-8885.460017318732,248.66207125500068,0.0,-9134.122088573731,7,bear_cross
HCLTECH,251,2016-02-01,433.98224388122554,2016-02-12,405.9825,-7027.935714187607,250.39693221993065,0.0,-7278.332646407538,11,bear_cross
TVSMOTOR,372,2016-02-01,294.23375,2016-02-12,275.70899391174316,-6891.209264831537,251.70771550486816,372.0,-6770.916980336406,11,bear_cross
INFY,193,2016-01-18,571.3748872375488,2016-02-15,546.7546875,-4751.698549346913,255.7524886002921,0.0,-5007.451037947205,28,bear_cross
ASIANPAINT,16,2016-02-05,891.2225,2016-02-16,852.9123628234863,-612.9621948242184,46.428949544036186,0.0,-659.3911443682546,11,bear_cross
AMBUJACEM,524,2016-02-16,199.3972438812256,2016-02-17,193.51500000000001,-3082.2957937622023,244.60001146960803,0.0,-3326.8958052318103,1,bear_cross
TITAN,299,2016-02-01,365.41125,2016-02-19,332.1675,-9939.881249999993,248.10673639852752,0.0,-10187.98798639852,18,bear_cross
BAJAJ-AUTO,43,2016-02-18,2375.9751739501953,2016-03-01,2199.5873474121095,-7584.676541137691,234.77382843254324,0.0,-7819.450369570234,12,bear_cross
APOLLOHOSP,72,2016-02-02,1510.6672744750977,2016-03-11,1400.49,-7932.763762207031,249.0989522551872,0.0,-8181.862714462219,38,bear_cross
SUNPHARMA,132,2016-01-28,819.0424999999999,2016-03-18,822.9873628234864,520.7218927002127,256.4126569071385,0.0,264.3092357930742,50,bear_cross
BHARTIARTL,351,2016-02-15,296.84833290100096,2016-04-11,306.9649477386475,3550.9318080139296,250.83529632279226,0.0,3300.096511691137,56,bear_cross
ONGC,714,2016-03-18,142.85625,2016-04-11,138.71899898529054,-2953.9972245025465,239.2049112376677,0.0,-3193.202135740214,24,bear_cross
HINDZINC,679,2016-01-28,159.39749999999998,2016-04-12,160.14862804412843,510.0159419632174,256.66250425111826,16296.0,16549.3534377121,75,bear_cross
ULTRACEMCO,38,2016-02-01,2867.1499999999996,2016-05-05,3191.7007012939453,12332.926649169935,270.5313016838088,0.0,12062.395347486126,94,bear_cross
HINDUNILVR,8,2016-02-19,833.9296005249023,2016-05-05,856.8525000000001,183.38319580078223,30.372935486846977,0.0,153.01026031393525,76,bear_cross
PIDILITIND,359,2016-04-12,304.76,2016-05-06,293.76375,-3947.653749999991,254.6587804519075,0.0,-4202.312530451898,24,bear_cross
CANBK,2512,2016-03-11,34.59606680870056,2016-05-10,37.964832344055175,8462.339024810786,217.46687968543523,0.0,8244.872145125351,60,bear_cross
BANKBARODA,747,2016-02-19,137.091875,2016-05-18,139.65,1910.9193750000136,245.16012473120873,0.0,1665.7592502688049,89,bear_cross
BHARTIARTL,356,2016-04-18,320.7913725280762,2016-05-20,310.96551086425785,-3498.0067523193256,265.788523061612,0.0,-3763.7952753809373,32,bear_cross
ZYDUSLIFE,345,2016-05-12,336.84,2016-05-23,322.8907621765137,-4812.487049102763,268.8924546179385,0.0,-5081.379503720702,11,bear_cross
M&M,175,2016-04-12,620.04625,2016-05-24,634.2853125,2491.835937500008,259.33515462470314,0.0,2232.500782875305,42,bear_cross
DLF,970,2016-03-03,109.4228765296936,2016-05-25,122.44312500000001,12629.64101619722,264.58403428249636,1940.0,14305.056981914724,83,bear_cross
UNITDSPR,218,2016-05-09,520.0569097900391,2016-05-26,500.54548782348644,-4253.489988708474,263.1596940460415,0.0,-4516.649682754516,17,bear_cross
APOLLOHOSP,82,2016-05-23,1338.3374999999999,2016-06-16,1316.7,-1774.274999999985,257.65840153345,0.0,-2031.9334015334352,24,bear_cross
DRREDDY,183,2016-05-24,606.5124999999999,2016-06-21,614.2604878234864,1417.8817716980263,263.7467797887001,0.0,1154.1349919093263,28,bear_cross
SHRIRAMFIN,587,2016-02-08,165.99551212310791,2016-06-24,220.58632747650145,32044.808612442008,265.36774661885136,0.0,31779.440865823155,137,bear_cross
BOSCHLTD,4,2016-05-16,20701.724858398436,2016-06-28,20755.081860351565,213.42800781251572,199.79119503852533,340.0,353.6368127739904,43,bear_cross
TATAPOWER,1546,2016-05-26,73.68374999999999,2016-06-28,72.06937500000001,-2495.823749999971,266.19044886973745,0.0,-2762.0141988697083,33,bear_cross
DRREDDY,177,2016-06-28,649.62,2016-07-29,591.7170121765137,-10248.828844757083,260.5227832083559,708.0,-9801.351627965438,31,bear_cross
GAIL,1486,2016-06-21,73.11988199234008,2016-08-02,71.05320688247681,-3071.079213256817,253.8935384678733,0.0,-3324.9727517246906,42,bear_cross
LT,116,2016-05-27,985.123353729248,2016-08-04,994.8399797058106,1127.128613281258,270.74814401361044,0.0,856.3804692676474,69,bear_cross
GODREJCP,240,2016-05-13,478.86082313537594,2016-08-05,530.3375202941895,12354.40731811526,283.8466096322076,79.99992,12150.560628483054,84,bear_cross
GRASIM,170,2016-06-28,676.8410200500488,2016-08-18,696.1680596923828,3285.5967391967897,274.7419817657534,0.0,3010.8547574310364,51,bear_cross
NESTLEIND,35,2016-05-18,308.790038986206,2016-08-19,334.1625,888.0361354827903,40.306246462760924,21.0,868.7298890200294,93,bear_cross
HCLTECH,239,2016-07-29,375.43625,2016-09-01,389.6733689117432,3402.6714199066273,218.50069448920465,717.0,3901.170725417423,34,bear_cross
SHREECEM,10,2016-02-17,10297.68,2016-09-19,16758.0,64603.2,311.46376766080004,280.0,64571.7362323392,215,bear_cross
TATAPOWER,1649,2016-08-11,74.38549694061278,2016-09-20,77.20650152206422,4651.836554813413,293.06503066883704,2143.7000000000003,6502.471524144577,40,bear_cross
ITC,482,2016-05-20,210.2794229888916,2016-09-27,238.83030658721924,13761.525894393917,255.1114020362429,2731.333494,16237.747986357675,130,bear_cross
KOTAKBANK,800,2016-08-08,155.78849388122558,2016-09-28,156.20850608825685,336.0097656250218,292.9686670660198,0.0,43.04109855900202,51,bear_cross
GAIL,1341,2016-09-02,73.49581949234009,2016-09-29,70.84746946334839,-3551.43738887787,230.92850267487563,754.3125,-3028.0533915527453,27,bear_cross
INFY,241,2016-09-20,527.9666494750976,2016-10-03,516.455625,-2774.156898498508,295.54706849038604,0.0,-3069.703966988894,13,bear_cross
UNIONBANK,923,2016-08-23,134.03424694061277,2016-10-04,143.64000000000001,8866.110073814423,299.7772797143323,0.0,8566.33279410009,42,bear_cross
CIPLA,231,2016-06-29,500.0469877624512,2016-10-10,568.824375,15887.576451873785,288.81180163125384,462.0,16060.76465024253,103,bear_cross
INDHOTEL,1095,2016-09-30,116.40388568878174,2016-10-14,115.6875343322754,-784.4047353744388,298.10580791219184,0.0,-1082.5105432866308,14,bear_cross
BRITANNIA,77,2016-10-10,1699.2375,2016-10-14,1672.8075000000001,-2035.1099999999874,304.32603120079,0.0,-2339.4360312007775,4,bear_cross
GRASIM,5,2016-09-19,750.7591191101073,2016-10-27,746.4220536804199,-21.685327148437068,23.66899299803223,0.0,-45.3543201464693,38,bear_cross
UNITDSPR,233,2016-10-03,484.2075,2016-10-27,464.03701217651377,-4699.723662872288,261.4685414359643,0.0,-4961.192204308252,24,bear_cross
SHREECEM,7,2016-10-04,17944.75,2016-10-28,16558.550654296876,-9703.395419921868,284.7395053300005,0.0,-9988.134925251868,24,bear_cross
WIPRO,1424,2016-10-20,93.58966051101685,2016-11-01,86.97890716552735,-9413.712763977046,302.07858318428464,0.0,-9715.79134716133,12,bear_cross
APOLLOHOSP,96,2016-10-19,1393.475,2016-11-02,1317.6975,-7274.639999999992,305.41435537936,0.0,-7580.054355379352,14,bear_cross
CHOLAFIN,569,2016-09-29,230.03365673065184,2016-11-03,232.99605182647707,1685.6028095245556,308.29240757031334,0.0,1377.3104019542423,35,bear_cross
BHARTIARTL,470,2016-11-03,279.1847161102295,2016-11-07,280.39938697814944,570.8953079223761,307.86499832856754,0.0,263.0303095938085,4,bear_cross
BAJAJFINSV,572,2016-06-16,195.38224178314206,2016-11-10,307.9980640411377,64416.2503315735,330.8077730841289,0.0,64085.44255848937,147,bear_cross
ONGC,799,2016-08-11,152.88125,2016-11-10,181.54500000000002,22902.33625000002,310.8645206601925,4128.166933,26719.638662339825,91,bear_cross
TVSMOTOR,267,2016-08-18,314.78499999999997,2016-11-15,360.0975,12098.437500000015,214.88108958026498,333.75,12217.306410419751,89,bear_cross
HINDZINC,564,2016-09-28,229.52237194061277,2016-11-17,239.4,5570.9822254944,309.12265821875457,1071.6,6333.459567275646,50,bear_cross
COALINDIA,354,2016-11-03,328.6194877624512,2016-11-18,306.4320121765137,-7854.366357421867,266.0071024665575,0.0,-8120.373459888424,15,bear_cross
KOTAKBANK,688,2016-10-28,161.71327255249022,2016-11-21,155.61,-4199.051516113264,258.51363974470206,0.0,-4457.565155857967,24,bear_cross
CGPOWER,1488,2016-11-08,86.71625,2016-11-21,72.81750000000001,-20681.33999999999,280.96095594532005,0.0,-20962.30095594531,13,bear_cross
PNB,811,2016-11-15,157.39249999999998,2016-11-24,135.46050304412842,-17786.849531211843,280.8746496930336,0.0,-18067.724180904876,9,bear_cross
DRREDDY,187,2016-10-27,653.63,2016-11-25,623.2379878234864,-5683.306277008047,281.38022720211416,0.0,-5964.686504210161,29,bear_cross
CANBK,1953,2016-11-18,63.57563409805297,2016-11-28,58.89254550933838,-9146.072013759594,282.0916171329076,0.0,-9428.163630892503,10,bear_cross
SBIN,278,2016-11-15,275.8378688812256,2016-11-29,253.61437500000002,-6178.131298980703,179.5358669277525,0.0,-6357.667165908455,14,bear_cross
UNIONBANK,707,2016-11-18,151.32737194061278,2016-12-09,142.14375,-6492.8207120132265,246.63350062294379,0.0,-6739.45421263617,21,bear_cross
POWERGRID,1216,2016-11-11,104.88658544540405,2016-12-16,102.98878520965579,-2307.7250866698887,296.7031198172979,0.0,-2604.428206487187,35,bear_cross
ZYDUSLIFE,125,2016-11-29,413.03,2016-12-16,380.0475,-4122.8124999999945,125.92723212062499,0.0,-4248.73973212062,17,bear_cross
RECLTD,1181,2016-11-28,104.5858094406128,2016-12-20,96.8821875,-9097.977511863723,280.70122867556336,0.0,-9378.678740539286,22,bear_cross
INDHOTEL,25,2016-12-16,90.52119457244874,2016-12-21,86.99195886611939,-88.23089265823363,20.283284741048963,0.0,-108.5141773992826,5,bear_cross
HINDALCO,797,2016-11-04,164.41,2016-12-22,168.2782469558716,3082.9928238296634,310.06604396663784,0.0,2772.9267798630253,48,bear_cross
BOSCHLTD,3,2016-12-09,20974.404858398437,2016-12-22,19301.625,-5018.33957519531,150.12626728012435,0.0,-5168.465842475434,13,bear_cross
PFC,1190,2016-11-24,101.1321972465515,2016-12-23,99.35099847793579,-2119.6265346526943,280.8912366795808,0.0,-2400.517771332275,29,bear_cross
HINDZINC,444,2016-11-25,277.4919877624512,2016-12-26,254.41237804412845,-10247.346714935291,278.82051293316886,0.0,-10526.167227868458,31,bear_cross
VEDL,548,2016-11-25,224.25924694061277,2016-12-26,213.51487804412844,-5887.914155273414,282.64803823786673,0.0,-6170.5621935112795,31,bear_cross
DLF,1022,2016-12-26,112.58075305938719,2016-12-27,103.24125000000001,-9544.972126693701,261.4193612497589,0.0,-9806.39148794346,1,bear_cross
GODREJCP,221,2016-12-16,487.33196037292475,2016-12-28,483.85401420593263,-768.6261029052598,254.1556832151763,0.0,-1022.7817861204361,12,bear_cross
ONGC,645,2016-11-29,189.97375,2016-12-29,189.525,-289.44374999999343,287.6527710689125,0.0,-577.096521068906,30,bear_cross
NTPC,908,2016-11-01,126.73270578384398,2016-12-30,135.66,8105.983148269661,279.7656472692057,0.0,7826.217501000455,59,bear_cross
TMPV,248,2016-12-21,474.68375,2017-02-13,511.4182621765137,9110.159019775398,286.69929522290914,0.0,8823.45972455249,54,bear_cross
NTPC,846,2017-01-02,137.885525932312,2017-02-16,140.896875,2547.6013112640494,277.5097862074722,1840.05,4110.141525056577,45,bear_cross
BOSCHLTD,5,2017-01-02,21253.0,2017-02-22,21734.5275,2407.6375000000007,254.25734476832503,375.0,2528.380155231676,51,bear_cross
CHOLAFIN,610,2016-12-29,188.6704969406128,2017-03-01,194.7119969558716,3685.315009307871,275.21456314260365,427.0,3837.1004461652674,62,bear_cross
ITC,510,2016-12-30,229.21583663940427,2017-03-01,252.03728816986083,11638.940280532845,287.4949998928135,0.0,11351.445280640031,61,bear_cross
ADANIPORTS,419,2017-03-02,304.509375,2017-03-03,292.26750000000004,-5129.345624999974,293.8812768381888,0.0,-5423.226901838163,1,bear_cross
IOC,1168,2016-12-21,101.503125,2017-03-08,126.15050050735474,28788.134592590333,308.9690163429608,5256.0,33735.165576247375,77,bear_cross
TECHM,29,2017-02-13,501.25,2017-03-15,482.1914939117432,-552.6966765594477,47.107052586557174,0.0,-599.8037291460049,30,bear_cross
GAIL,1437,2016-12-26,80.82660074234008,2017-03-20,93.21639478683473,17804.13404193881,292.2171909072639,2290.220187,19802.137038031546,84,bear_cross
M&M,189,2017-01-03,616.5375,2017-03-23,636.4050000000001,3754.9575000000123,278.48294081729506,0.0,3476.4745591827173,79,bear_cross
CIPLA,196,2017-02-22,593.6805122375488,2017-04-11,588.525,-1010.4803985595659,273.173917018932,0.0,-1283.654315578498,48,bear_cross
HINDALCO,633,2017-03-06,199.19674694061277,2017-04-17,182.04375000000002,-10857.847063407871,284.6059774094979,0.0,-11142.45304081737,42,bear_cross
WIPRO,1400,2017-02-17,90.60096044540404,2017-04-19,93.04806970596314,3425.9529647827435,301.09224977602776,0.0,3124.860715006716,61,bear_cross
GODREJCP,234,2016-12-29,491.87661888122557,2017-04-20,553.5460162353515,14430.638980865479,286.38435444687605,77.999922,14222.254548418603,112,bear_cross
ADANIPORTS,418,2017-03-14,306.4141188812256,2017-04-20,326.63138717651367,8450.818147430417,309.0633014694189,0.0,8141.754845960999,37,bear_cross
INDIGO,143,2017-03-09,881.9994877624512,2017-05-22,1061.7888262939455,25709.875410003686,322.6180543541792,0.0,25387.257355649508,74,bear_cross
BEL,2569,2017-03-15,47.84355377197265,2017-05-23,53.184884634017955,13721.878984594385,303.0270019424797,700.635663,14119.487645651905,69,bear_cross
BPCL,530,2017-04-11,235.21991462707513,2017-05-23,230.8214939117432,-2331.1629791259193,290.2812845501618,0.0,-2621.4442636760814,42,bear_cross
SUNPHARMA,139,2017-05-22,655.635,2017-05-23,626.4300000000001,-4059.49499999999,213.88303710121,0.0,-4273.3780371012,1,bear_cross
CUMMINSIND,141,2017-03-23,906.26,2017-05-24,927.6750000000001,3019.515000000011,302.7648583380101,0.0,2716.7501416620007,62,bear_cross
BAJAJ-AUTO,46,2017-04-27,2877.325277099609,2017-05-26,2812.9500000000003,-2961.262746582008,306.737327261268,0.0,-3268.000073843276,29,bear_cross
ULTRACEMCO,32,2017-04-25,4175.412499999999,2017-05-29,4154.587500000001,-666.3999999999651,311.91292336000004,0.0,-978.3129233599651,34,bear_cross
ASIANPAINT,121,2017-04-27,1107.6622744750975,2017-05-29,1122.1875,1757.5522885131968,315.3484740335557,0.0,1442.203814479641,32,bear_cross
DLF,119,2017-03-20,147.96900611877442,2017-05-31,178.45274391174317,3627.5647973632817,58.27844071866706,0.0,3569.286356644615,72,bear_cross
NESTLEIND,398,2017-05-30,330.9102039337158,2017-05-31,329.5515586853028,-540.7408088683901,307.791803308838,0.0,-848.5326121772281,1,bear_cross
BPCL,10,2017-05-31,247.35017074584957,2017-06-09,235.80899391174322,-115.41176834106352,20.723347419826524,3.33333,-132.80178576089006,9,bear_cross
TMPV,291,2017-05-24,471.17499999999995,2017-06-19,452.6654878234864,-5386.268043365448,314.8005092973044,0.0,-5701.068552662751,26,bear_cross
HINDALCO,668,2017-05-29,198.7957530593872,2017-06-27,188.9264939117432,-6592.6651106262025,303.94589186456074,0.0,-6896.611002490763,29,bear_cross
AXISBANK,199,2017-05-31,515.285,2017-06-28,492.5654878234864,-4521.182923126195,238.78573574103135,0.0,-4759.968658867227,28,bear_cross
M&M,193,2017-05-30,683.7049999999999,2017-06-29,678.3000000000001,-1043.1649999999727,307.83302644279,0.0,-1350.9980264427627,30,bear_cross
NTPC,192,2017-06-19,134.585625,2017-06-29,132.16875000000002,-464.0399999999954,72.34872311704001,0.0,-536.3887231170354,10,bear_cross
BOSCHLTD,5,2017-05-29,23679.05,2017-06-30,23142.0,-2685.2499999999964,275.96147848149997,450.0,-2511.211478481496,32,bear_cross
ASIANPAINT,114,2017-05-31,1161.8975,2017-06-30,1097.2000762939454,-7375.506302490234,302.37900459653883,872.1,-6805.785307086772,30,bear_cross
JINDALSTEL,1061,2017-05-29,127.3175,2017-07-03,123.1413719558716,-4430.871854820222,311.27959637298835,0.0,-4742.151451193211,35,bear_cross
HDFCBANK,385,2017-01-02,303.1183940124512,2017-07-07,414.1744626617432,42756.58642997742,319.33279386353456,1058.75,43496.003636113885,186,bear_cross
SHRIRAMFIN,520,2017-07-04,202.9376738357544,2017-07-20,189.91262409210205,-6773.0258666992195,243.0926717687047,0.0,-7016.118538467924,16,bear_cross
SHREECEM,7,2017-07-10,18045.0,2017-07-28,17556.697470703126,-3418.117705078119,292.8211519640457,168.0,-3542.9388570421647,18,bear_cross
SUNPHARMA,233,2017-07-03,557.39,2017-08-02,535.6575,-5063.672499999991,299.02741060490496,0.0,-5362.699910604895,30,bear_cross
TATAPOWER,1501,2017-06-28,82.0045030593872,2017-08-07,80.4982469558716,-2260.8904113769318,286.84388701519777,0.0,-2547.7342983921294,40,bear_cross
GODREJCP,229,2017-04-26,589.804146270752,2017-08-08,644.7507215881348,12582.765747680656,328.8880020637381,1068.666743,13322.544488616917,104,bear_cross
BANKBARODA,837,2017-07-31,162.2045030593872,2017-08-08,160.79699695587158,-1178.0826086425818,316.1698273415884,0.0,-1494.2524359841702,8,bear_cross
JINDALSTEL,1012,2017-07-04,129.3225,2017-08-11,120.6975,-8728.499999999985,297.45587059744,0.0,-9025.955870597425,38,bear_cross
SHREECEM,4,2017-08-02,18646.5,2017-08-11,17256.75,-5559.0,175.51288787800002,0.0,-5734.512887878,9,bear_cross
PFC,1304,2017-08-07,103.6585015296936,2017-08-17,94.52310213088991,-11912.560816040004,303.71120218336114,0.0,-12216.272018223366,10,bear_cross
BAJAJ-AUTO,13,2017-07-20,2830.4584020996094,2017-08-21,2803.9725000000003,-344.31672729491856,96.84689540160035,0.0,-441.16362269651887,32,bear_cross
INFY,255,2017-08-18,510.22238723754884,2017-08-21,460.845,-12591.233745574948,291.74074546259817,0.0,-12882.974491037547,3,bear_cross
POWERGRID,1096,2017-07-03,118.42034309387206,2017-08-30,121.67321165084842,3565.1439384460823,307.7939501064702,0.0,3257.349988339612,58,bear_cross
BHARTIARTL,377,2017-06-30,345.5475666809082,2017-09-07,361.9390454864502,6179.587509689342,311.5801877518535,339.773889,6207.781210937488,69,bear_cross
ICICIBANK,446,2017-08-31,301.65224388122556,2017-09-08,294.06298782348637,-3384.8082017516795,311.1478909408428,0.0,-3695.956092692522,8,bear_cross
IOC,821,2017-08-08,144.025838432312,2017-09-18,139.93263210296632,-3360.522396392812,274.92714351300253,273.66639299999997,-3361.783146905814,41,bear_cross
CGPOWER,45,2017-09-07,88.1197515296936,2017-09-25,79.30125000000001,-396.83256883621164,23.750568140906534,0.0,-420.58313697711816,18,bear_cross
AMBUJACEM,537,2017-06-28,241.4020030593872,2017-09-26,262.34250000000003,11245.046857109091,315.4144564046576,859.2,11788.832400704434,90,bear_cross
JSWSTEEL,657,2017-06-12,200.249375,2017-09-27,245.0857469558716,29457.49637500765,338.6041920919837,0.0,29118.892182915664,107,bear_cross
PIDILITIND,316,2017-08-21,411.77687499999996,2017-09-27,395.13468750000004,-5258.931249999975,299.3802111395725,750.5,-4807.811461139548,37,bear_cross
ZYDUSLIFE,234,2017-09-25,496.1873872375489,2017-09-27,472.61548782348643,-5515.824462890611,267.93598549694093,0.0,-5783.760448387552,2,bear_cross
ADANIPORTS,315,2017-09-18,407.91724388122555,2017-09-29,373.46399391174316,-10852.77374038695,289.95610885115144,0.0,-11142.729849238103,11,bear_cross
TATACONSUM,672,2017-08-17,194.48499999999999,2017-10-03,206.731875,8229.900000000012,314.64714918244,0.0,7915.252850817572,47,bear_cross
CUMMINSIND,143,2017-10-05,933.3275,2017-10-11,906.5279878234863,-3832.3302412414514,308.3007033497447,0.0,-4140.630944591197,6,bear_cross
TATACONSUM,623,2017-10-05,205.46237194061277,2017-10-24,203.49,-1228.7877190017496,298.847987097509,0.0,-1527.6357060992586,19,bear_cross
APOLLOHOSP,8,2017-10-11,1098.74,2017-10-27,1023.93375,-598.4499999999998,34.27508387434,0.0,-632.7250838743398,16,bear_cross
DMART,139,2017-08-22,939.3425,2017-11-08,1106.0280487060547,23169.291270141613,329.8665665686825,0.0,22839.42470357293,78,bear_cross
BAJAJHLDNG,45,2017-10-05,2942.4378479003904,2017-11-10,2920.6800000000003,-979.1031555175528,308.91096900868047,0.0,-1288.0141245262334,36,bear_cross
DRREDDY,301,2017-09-08,446.9144877624512,2017-11-13,469.7626524353028,6877.297566528338,321.75906507897605,0.0,6555.538501449362,66,bear_cross
SHREECEM,7,2017-10-04,18636.475,2017-11-13,18298.689404296874,-2364.49916992187,303.12562689802803,0.0,-2667.624796819898,40,bear_cross
HINDZINC,424,2017-10-05,314.78499999999997,2017-11-14,312.16763717651367,-1109.7618371581925,311.13180326964107,848.0,-572.8936404278336,40,bear_cross
PFC,1178,2017-10-24,106.58579969406128,2017-11-15,99.67019817352296,-8146.5785911941375,286.23179586059956,5654.4,-2778.410387054737,22,bear_cross
GAIL,1360,2017-08-24,96.87912128448487,2017-11-20,110.72253044128419,18827.03645324708,328.0027315319385,918.0000000000001,19417.033721715143,88,bear_cross
ASIANPAINT,113,2017-11-16,1185.9575,2017-11-20,1170.0675,-1795.5699999999856,311.63143486495,0.0,-2107.2014348649354,4,bear_cross
GRASIM,105,2017-10-27,1197.0373767089843,2017-11-21,1182.3237698364258,-1544.9287216186485,293.3715092904407,0.0,-1838.3002309090891,25,bear_cross
RELIANCE,316,2017-11-23,426.68594192504884,2017-12-06,414.98133934020996,-3698.6544168090863,311.48053092513976,0.0,-4010.134947734226,13,bear_cross
GAIL,1149,2017-11-23,117.79378059387206,2017-12-07,113.72749614715578,-4672.160829277007,311.6103723853581,0.0,-4983.7712016623655,14,bear_cross
NTPC,889,2017-11-23,151.96228656768798,2017-12-07,147.13125,-4294.791508674622,311.4443616473243,0.0,-4606.235870321946,14,bear_cross
ABB,107,2017-11-20,1247.4674588012695,2017-12-08,1241.5626306152344,-631.81661590575,311.6502708504707,0.0,-943.4668867562207,18,bear_cross
CGPOWER,1559,2017-11-22,86.31524847030639,2017-12-08,84.73762195587159,-2459.519736003849,312.1713571725336,0.0,-2771.6910931763828,16,bear_cross
HDFCBANK,290,2017-11-23,465.91187499999995,2017-12-08,452.36625000000004,-3928.2312499999757,311.8690651601876,0.0,-4240.1003151601635,15,bear_cross
DMART,117,2017-12-08,1147.9627255249022,2017-12-14,1112.2125,-4182.7763864135495,309.8189086142358,0.0,-4492.595295027785,6,bear_cross
BEL,2065,2017-12-13,60.48416539192199,2017-12-18,59.76687246322633,-1481.2098977565443,291.68196121597913,0.0,-1772.8918589725233,5,bear_cross
APOLLOHOSP,117,2017-11-23,1151.8725,2018-01-11,1172.810625,2449.760625000015,317.7172683459287,0.0,2132.0433566540864,49,bear_cross
BHARTIARTL,282,2017-12-12,481.66138618469233,2018-01-15,458.3123155975342,-6584.437905578587,310.7021656116606,0.0,-6895.140071190247,34,bear_cross
TVSMOTOR,163,2017-08-24,586.0614755249023,2018-01-16,737.3520121765138,24660.357474212662,253.45468917403105,326.0,24732.902785038634,145,bear_cross
PNB,733,2018-01-11,170.7257530593872,2018-01-17,165.08625,-4133.755742530803,289.4689891068705,0.0,-4423.224731637673,6,bear_cross
GAIL,1092,2017-12-08,124.56065559387207,2018-01-18,117.23121946334841,-8003.744254531837,309.65632077996327,2088.4500000000003,-6224.950575311799,41,bear_cross
PIDILITIND,326,2017-11-15,407.8671311187744,2018-01-22,444.4111814117432,11913.360395507825,323.5204177507332,0.0,11589.83997775709,68,bear_cross
SHRIRAMFIN,639,2017-10-04,208.91562465667724,2018-01-25,276.08281288146975,42919.83327564241,356.8712073535771,622.611567,43185.57363528884,113,bear_cross
BOSCHLTD,6,2018-01-16,19960.7775,2018-01-29,19585.912500000002,-2249.189999999988,279.46054066684,0.0,-2528.650540666828,13,bear_cross
SBILIFE,201,2017-12-08,665.7101127624511,2018-01-31,668.325,525.5923347473373,313.582301968067,0.0,212.01003277927035,54,bear_cross
CGPOWER,55,2017-12-14,85.6135015296936,2018-02-01,90.7226219558716,281.0016234397905,26.107579776256614,0.0,254.89404366353384,49,bear_cross
CANBK,1381,2018-01-25,77.13235244750976,2018-02-01,68.22900152206421,-12295.527628040305,239.57102782137844,0.0,-12535.098655861684,7,bear_cross
BANKBARODA,809,2018-01-24,173.58286888122558,2018-02-02,149.82449695587158,-19220.522887611383,307.82761722548884,0.0,-19528.35050483687,9,bear_cross
CIPLA,225,2018-01-24,623.5048872375488,2018-02-02,584.5350000000001,-8768.224628448465,318.3595510776675,0.0,-9086.584179526131,9,bear_cross
BRITANNIA,56,2018-02-06,2255.625,2018-02-07,2301.6813262939454,2579.1542724609426,299.04275789717667,0.0,2280.111514563766,1,bear_cross
AXISBANK,228,2017-12-18,539.2948872375488,2018-02-08,561.3929878234864,5038.366933593767,294.12801204667375,0.0,4744.238921547092,52,bear_cross
BAJAJ-AUTO,41,2018-01-29,3325.2925,2018-02-08,3147.1125,-7305.379999999994,311.08553191363,0.0,-7616.465531913625,10,bear_cross
KOTAKBANK,675,2018-01-15,205.5125,2018-02-14,209.47500000000002,2674.687500000023,326.74274326187503,0.0,2347.944756738148,30,bear_cross
GODREJCP,206,2018-01-18,670.2046585083008,2018-02-14,687.4770121765137,3558.1048556518517,326.19354886714734,137.333402,3369.2447087847045,27,bear_cross
HCLTECH,308,2017-12-12,441.60125,2018-02-15,470.82000000000005,8999.375000000018,327.27977176747004,308.0,8980.095228232547,65,bear_cross
IOC,975,2018-01-31,140.9849146270752,2018-02-15,125.9509959411621,-14658.070718765266,305.9569361221887,6174.999675,-8789.027979887454,15,bear_cross
SBILIFE,180,2018-02-09,701.75,2018-02-15,683.2875,-3323.249999999996,292.9195682905,0.0,-3616.169568290496,6,bear_cross
EICHERMOT,45,2018-02-16,2847.1,2018-02-20,2705.2200000000003,-6384.599999999984,293.7583786864,0.0,-6678.358378686385,4,bear_cross
SUNPHARMA,221,2018-02-19,576.4375,2018-02-21,558.6498628234864,-3931.0678160095085,294.6866665235148,0.0,-4225.754482533023,2,bear_cross
CIPLA,213,2018-02-16,612.8282377624512,2018-02-23,590.3204878234864,-4794.150736999507,300.776601748149,0.0,-5094.927338747656,7,bear_cross
TORNTPHARM,181,2018-02-16,707.765,2018-02-23,659.84625,-8673.293749999988,291.3528488215675,0.0,-8964.646598821555,7,bear_cross
BAJAJFINSV,248,2018-02-15,521.3,2018-02-26,503.8372560882569,-4330.760490112283,298.4762779917945,0.0,-4629.236768104078,11,bear_cross
BAJAJFINSV,249,2018-02-27,522.1019877624511,2018-03-08,485.1790015411377,-9193.823569107039,295.03538539830777,0.0,-9488.858954505347,9,bear_cross
APOLLOHOSP,106,2018-02-16,1238.0874999999999,2018-03-12,1149.1200000000001,-9430.554999999973,297.53494992696994,0.0,-9728.089949926944,24,bear_cross
INDIGO,102,2018-02-12,1241.2453994750977,2018-03-20,1188.1222256469728,-5418.563730468739,291.39559076372245,0.0,-5709.959321232462,36,bear_cross
IOC,940,2018-03-14,136.34,2018-03-21,115.9759959411621,-19142.16381530763,280.61282040021695,0.0,-19422.776635707847,7,bear_cross
KOTAKBANK,593,2018-02-26,216.7404969406128,2018-03-22,209.6944512176514,-4178.305113716107,296.95406828350735,0.0,-4475.259181999614,24,bear_cross
HINDZINC,90,2018-02-20,313.0807377624512,2018-03-23,299.25,-1244.7663986206062,76.7377922803205,540.0,-781.5041909009267,31,bear_cross
MUTHOOTFIN,309,2018-03-21,392.97999999999996,2018-03-23,384.0375,-2763.232499999981,282.634151530945,0.0,-3045.866651530926,2,bear_cross
BRITANNIA,54,2018-02-16,2406.50125,2018-03-27,2431.40625,1344.8700000000108,305.85187059402995,0.0,1039.0181294059807,39,bear_cross
INFY,210,2018-02-23,583.2043749999999,2018-04-03,565.9316006469727,-3627.2826141357154,284.0562545624249,0.0,-3911.3388686981402,39,bear_cross
GODREJCP,168,2018-02-21,708.3664755249023,2018-04-13,722.19,2322.3521118164253,282.51423751935647,0.0,2039.837874297069,51,bear_cross
ADANIENT,1324,2018-04-13,90.30882720947265,2018-04-19,86.7223251914978,-4748.528671798703,276.43214299029114,0.0,-5024.960814788994,6,bear_cross
HCLTECH,256,2018-03-28,481.97693138122554,2018-05-08,463.93725608825685,-4618.156874999986,285.0599598779263,0.0,-4903.216834877912,41,bear_cross
COALINDIA,410,2018-04-19,285.963125,2018-05-08,267.37986282348635,-7619.1374923705935,268.2836797941648,0.0,-7887.421172164758,19,bear_cross
SHRIRAMFIN,486,2018-03-13,265.1005211639404,2018-05-11,290.03953285217284,12120.359680480959,314.55596071089826,0.0,11805.80371977006,59,bear_cross
DMART,108,2018-02-19,1181.9475,2018-05-15,1431.3127743530274,26931.44963012696,327.2768334229515,0.0,26604.17279670401,85,bear_cross
CHOLAFIN,464,2018-02-15,281.1009938812256,2018-05-16,313.01548782348635,14808.325189209001,320.88639048231556,0.0,14487.438798726685,90,bear_cross
MUTHOOTFIN,304,2018-04-02,409.72176223754883,2018-05-16,430.8202439117432,6413.93842895509,299.1062417691512,0.0,6114.832187185939,44,bear_cross
EICHERMOT,42,2018-05-15,3057.1487145996093,2018-05-21,2982.6048779296875,-3130.8411401367157,297.75845474925836,0.0,-3428.599594885974,6,bear_cross
GAIL,999,2018-05-08,114.75283384323119,2018-05-23,108.89374746322632,-5853.227293624863,264.31600517288825,0.0,-6117.543298797751,15,bear_cross
IOC,964,2018-05-15,112.94833078384399,2018-05-23,105.86799797058106,-6825.440831985462,250.50165157463567,0.0,-7075.942483560098,8,bear_cross
M&M,129,2018-03-20,742.2510244750977,2018-05-24,834.9075,11952.685342712404,240.76638671876123,0.0,11711.918955993644,65,bear_cross
TATASTEEL,2170,2018-05-11,59.8492507648468,2018-05-24,54.25402439117432,-12141.641230869285,291.6869174422784,0.0,-12433.328148311564,13,bear_cross
BPCL,642,2018-05-23,197.3922438812256,2018-05-24,187.53,-6331.560571746832,290.7127273913756,0.0,-6622.273299138207,1,bear_cross
AXISBANK,233,2018-05-29,548.3675,2018-06-11,538.4504878234864,-2310.6638371276676,297.2063039689107,0.0,-2607.870141096578,13,bear_cross
ASIANPAINT,13,2018-04-03,1147.9126739501953,2018-06-19,1269.8175,1584.7627386474624,50.18461096908357,78.64999999999999,1613.228127678379,77,bear_cross
HDFCBANK,263,2018-04-02,473.8065625,2018-06-20,505.23375000000004,8265.350312500015,301.15085232555055,854.75,8818.949460174465,79,bear_cross
COALINDIA,447,2018-05-30,281.7025,2018-06-21,270.0232621765137,-5220.619307098372,290.07468899331025,0.0,-5510.6939960916825,22,bear_cross
WIPRO,1240,2018-06-19,99.98060565948487,2018-06-21,97.63033533096313,-2914.335207366946,288.13983470559367,0.0,-3202.47504207254,2,bear_cross
SBIN,476,2018-05-24,264.5096311187744,2018-06-29,257.604375,-3286.9019125366094,292.04862811454745,0.0,-3578.9505406511566,36,bear_cross
ICICIBANK,430,2018-06-25,300.5494877624512,2018-06-29,271.32,-12568.67973785401,289.8276022240062,0.0,-12858.507340078017,4,bear_cross
TVSMOTOR,219,2018-06-22,581.1492622375488,2018-07-02,562.2408993530274,-4140.931471710176,294.19975252503576,0.0,-4435.131224235211,10,bear_cross
BAJAJFINSV,223,2018-05-21,574.9337499999999,2018-07-03,576.3355792236329,312.6079168701466,300.9079512123235,0.0,11.6999656578231,43,bear_cross
AMBUJACEM,610,2018-07-02,208.3195030593872,2018-07-03,199.84913108825683,-5166.926902389521,292.69755447664215,0.0,-5459.624456866163,1,bear_cross
M&M,145,2018-05-30,881.1975,2018-07-04,892.7625,1676.925000000008,301.35197405020006,0.0,1375.573025949808,35,bear_cross
RELIANCE,207,2018-06-11,452.39709320068357,2018-07-04,443.16357582092286,-1911.3380976104675,221.70235210513613,615.16881,-1517.8716397156036,23,bear_cross
BAJAJ-AUTO,42,2018-07-06,2990.4575,2018-07-25,2663.3250000000003,-13739.564999999988,280.52113355419,0.0,-14020.086133554178,19,bear_cross
HDFCBANK,248,2018-06-22,515.5230815124512,2018-08-08,532.6276181030273,4241.925074462877,304.1821991542164,0.0,3937.742875308661,47,bear_cross
BRITANNIA,50,2018-03-28,2488.6059020996095,2018-08-09,3152.1000000000004,33174.704895019546,326.58965161942444,625.0,33473.11524340012,134,bear_cross
HCLTECH,251,2018-07-02,464.65875,2018-08-10,479.4483689117432,3712.194346847548,278.6694217777407,251.0,3684.524925069807,39,bear_cross
GODREJCP,170,2018-05-29,751.039603729248,2018-08-14,872.4467784118652,20639.219696044926,320.8079772328481,226.66661000000002,20545.078328812077,77,bear_cross
ASIANPAINT,95,2018-07-06,1328.3125,2018-08-21,1412.9088262939454,8036.650997924809,304.4256009914032,0.0,7732.225396933406,46,bear_cross
MUTHOOTFIN,309,2018-07-06,411.275625,2018-08-28,409.72312500000004,-479.72249999998525,297.58071525468256,0.0,-777.3032152546677,53,bear_cross
GAIL,1099,2018-07-06,116.79124999999999,2018-09-03,124.9534959411621,8970.308289337161,310.20844501121303,527.52,9187.619844325947,59,bear_cross
BAJFINANCE,621,2018-05-18,207.507480506897,2018-09-07,269.1653963470459,38289.56573673246,341.7558726527387,248.4,38196.20986407972,112,bear_cross
UNITDSPR,215,2018-08-13,606.5124999999999,2018-09-10,601.4925000000001,-1079.2999999999715,304.33622965645,0.0,-1383.6362296564216,28,bear_cross
ADANIENSOL,18,2018-07-25,180.45,2018-09-19,183.39038108825685,52.926859588623415,22.621318498898393,0.0,30.305541089725022,56,bear_cross
SBILIFE,198,2018-09-12,675.0835244750976,2018-09-19,621.7916006469727,-10551.800917968738,301.7764158152829,0.0,-10853.57733378402,7,bear_cross
DLF,654,2018-09-17,207.51749999999998,2018-09-19,201.19574695587158,-4134.4264908599735,312.9944965851629,0.0,-4447.420987445136,2,bear_cross
APOLLOHOSP,121,2018-08-14,1064.655,2018-09-21,1075.305,1288.650000000011,303.28437684496,605.0,1590.365623155051,38,bear_cross
JINDALSTEL,659,2018-08-28,209.5726280593872,2018-10-03,191.1708689117432,-12126.759278297386,310.0247679998811,0.0,-12436.784046297267,36,bear_cross
BAJAJ-AUTO,49,2018-09-03,2771.9125,2018-10-03,2728.1625000000004,-2143.7499999999777,315.29828634205,0.0,-2459.048286342028,30,bear_cross
DRREDDY,237,2018-08-08,453.7315061187744,2018-10-05,470.0220121765137,3860.8499356842194,258.5890188914745,0.0,3602.260916792745,58,bear_cross
TATACONSUM,573,2018-09-25,233.8832530593872,2018-10-05,216.4575,-9984.956503028852,303.13995778120545,0.0,-10288.096460810057,10,bear_cross
DIVISLAB,83,2018-07-09,1080.3942010498047,2018-10-08,1270.7152743530273,15796.64908416748,231.2324791475694,830.0,16395.416605019913,91,bear_cross
ONGC,758,2018-09-21,177.7432530593872,2018-10-08,148.6275,-22069.7408190155,292.1922727786839,0.0,-22361.933091794184,17,bear_cross
GAIL,1037,2018-09-24,130.325,2018-10-08,109.7416209411621,-21344.964084014893,293.8733291737584,0.0,-21638.837413188652,14,bear_cross
BPCL,738,2018-09-26,185.8634938812256,2018-10-08,136.15875,-36682.10098434449,282.45713102930654,0.0,-36964.558115373795,12,bear_cross
LTM,71,2018-08-21,1885.8027255249021,2018-10-10,1721.2859756469727,-11680.68924133299,301.10689676692186,0.0,-11981.796138099911,50,bear_cross
HINDALCO,578,2018-08-10,229.32187499999998,2018-10-11,216.3577439117432,-7493.267769012417,302.4609173683449,693.6,-7102.128686380762,62,bear_cross
TATACONSUM,502,2018-10-17,238.2942469406128,2018-10-25,217.3552439117432,-10511.379520492535,270.5757016796321,0.0,-10781.955222172168,8,bear_cross
DRREDDY,234,2018-10-23,506.2524652099609,2018-10-25,481.1142073059083,-5882.352349548317,272.7956873315811,0.0,-6155.1480368798975,2,bear_cross
TATAPOWER,1700,2018-10-23,69.4732530593872,2018-10-29,69.02699695587158,-758.6353759765586,277.313363154604,0.0,-1035.9487391311627,6,bear_cross
KOTAKBANK,508,2018-10-23,230.575,2018-11-01,224.17815547943118,-3249.597016448953,272.56575022275376,0.0,-3522.162766671707,9,bear_cross
COALINDIA,429,2018-10-23,275.18625,2018-11-05,261.29513717651366,-5959.287401275627,271.8077604540072,0.0,-6231.095161729635,13,bear_cross
ADANIENT,750,2018-10-17,160.50025611877442,2018-11-22,161.49524391174316,746.2408447265574,283.9263265918564,0.0,462.31451813470096,36,bear_cross
BEL,4274,2018-10-22,28.036581931114195,2018-12-03,27.9798742389679,-242.3686762332734,281.68411891226305,0.0,-524.0527951455365,42,bear_cross
RECLTD,1472,2018-10-26,80.4882172203064,2018-12-03,75.74765625,-6978.105748291006,271.69360628075526,0.0,-7249.799354571761,38,bear_cross
BANKBARODA,1051,2018-11-01,111.9792469406128,2018-12-03,105.984375,-6300.610409584049,270.64225269144004,0.0,-6571.2526622754895,32,bear_cross
SBILIFE,210,2018-12-03,566.6130122375488,2018-12-04,567.5775,202.54243011475182,280.2776788185272,0.0,-77.73524870377534,1,bear_cross
PFC,1825,2018-10-23,64.5610015296936,2018-12-05,76.08929878234864,21039.142486095443,299.30199860681756,0.0,20739.840487488626,43,bear_cross
ICICIBANK,361,2018-10-23,323.8075,2018-12-10,345.63375,7879.276250000005,283.5823114774975,0.0,7595.693938522509,48,bear_cross
DLF,661,2018-11-05,170.42499999999998,2018-12-12,172.36800304412841,1284.3250121688934,267.29949622467404,0.0,1017.0255159442194,37,bear_cross
TECHM,170,2018-12-04,714.4817622375488,2018-12-12,698.25,-2759.39958038329,282.70727404814454,0.0,-3042.106854431435,8,bear_cross
TVSMOTOR,221,2018-12-04,551.375,2018-12-12,547.7272256469727,-806.15813201904,285.6056500633946,0.0,-1091.7637820824345,8,bear_cross
APOLLOHOSP,104,2018-10-16,1134.6295489501952,2018-12-14,1224.93,9391.24690917971,287.61362924119857,0.0,9103.63327993851,59,bear_cross
INFY,177,2018-12-05,684.7075,2018-12-27,651.1181250000001,-5945.319374999983,278.80443686918875,0.0,-6224.123811869172,22,bear_cross
DRREDDY,214,2018-11-22,517.29,2019-01-01,522.3109451293946,1074.4822576904423,262.74149622974164,0.0,811.7407614607007,40,bear_cross
DLF,671,2018-12-17,180.199375,2019-01-03,172.66725608825683,-5054.051789779666,279.10732644883933,0.0,-5333.159116228505,17,bear_cross
TVSMOTOR,209,2018-12-13,580.4976127624511,2019-01-04,535.6575,-9371.58356735228,275.54095644038557,0.0,-9647.124523792665,22,bear_cross
INDHOTEL,943,2018-10-29,123.74766933441161,2019-01-08,140.25074352264406,15562.398959503196,291.10685367890113,0.0,15271.292105824296,71,bear_cross
INDIGO,6,2018-10-29,871.1724999999999,2019-01-16,1078.9957012939453,1246.9392077636726,28.26275240818928,0.0,1218.6764553554833,79,bear_cross
BOSCHLTD,6,2018-12-17,19799.375,2019-01-17,19102.125,-4183.5,275.29933455400004,0.0,-4458.799334554,31,bear_cross
BEL,4027,2018-12-27,30.158540391921992,2019-01-23,28.395498604774478,-7099.769276843042,278.17460824861206,0.0,-7377.943885091654,27,bear_cross
BANKBARODA,1077,2018-12-17,111.9792469406128,2019-01-24,111.72,-279.2089550399829,283.36634276974826,0.0,-562.5752978097312,38,bear_cross
BHARTIARTL,417,2019-01-03,282.34699050903316,2019-01-24,275.724549407959,-2761.5579391479305,274.4216048189561,0.0,-3035.9795439668865,21,bear_cross
BPCL,636,2019-01-24,179.02143444061278,2019-01-28,178.05375,-615.4473042297226,268.01335791594624,0.0,-883.4606621456688,4,bear_cross
SIEMENS,6,2018-12-03,564.6340782165527,2019-01-29,574.9923880004883,62.149858703613745,22.94170267326903,42.0,81.20815603034471,57,bear_cross
ITC,439,2019-01-02,272.46229400634763,2019-01-29,264.42784973144535,-3527.121036682103,277.7928138438211,0.0,-3804.9138505259243,27,bear_cross
PIDILITIND,208,2019-01-18,577.4399999999999,2019-01-29,548.9491996765137,-5926.086467285144,276.4088941285596,0.0,-6202.495361413704,11,bear_cross
TMPV,680,2019-01-08,176.5402561187744,2019-01-30,173.86425304412842,-1819.6820907592735,280.53508948231723,0.0,-2100.2171802415905,22,bear_cross
BAJFINANCE,469,2019-01-17,258.0434938812256,2019-01-31,260.14798782348635,987.007658920303,285.61601240887325,0.0,701.3916465114298,14,bear_cross
APOLLOHOSP,96,2018-12-17,1249.115,2019-02-11,1296.75,4572.959999999999,286.87243611424003,0.0,4286.08756388576,56,bear_cross
TMPV,652,2019-02-05,181.15174694061278,2019-02-11,149.77461891174318,-20457.887474822983,256.8914992165078,0.0,-20714.77897403949,6,bear_cross
IOC,1245,2019-01-29,92.22999999999999,2019-02-15,84.42174797058107,-9721.27377662656,260.72213365268493,0.0,-9981.995910279245,17,bear_cross
SHREECEM,7,2019-02-15,15505.717429199218,2019-02-18,15549.03,303.18799560547995,257.1356724814101,0.0,46.05232312406986,3,bear_cross
DRREDDY,200,2019-01-23,529.2898956298828,2019-02-19,515.4980030822754,-2758.3785095214807,247.99254383917355,0.0,-3006.3710533606545,27,bear_cross
ASIANPAINT,82,2019-02-01,1415.9310244750975,2019-02-20,1376.5500000000002,-3229.24400695798,270.304750314526,0.0,-3499.5487572725065,19,bear_cross
INDIGO,97,2019-01-29,1172.925,2019-02-21,1117.0005487060548,-5424.671775512678,262.8375616167525,0.0,-5687.509337129431,23,bear_cross
LTM,67,2019-02-05,1754.375,2019-02-21,1725.6250762939453,-1926.244888305664,274.85305701290235,0.0,-2201.0979453185664,16,bear_cross
TCS,1,2019-01-29,1966.905,2019-02-25,1927.66875,-39.23624999999993,19.6752899256925,0.0,-58.91153992569242,27,bear_cross
HCLTECH,245,2019-01-25,475.68625,2019-03-12,502.2911128234864,6518.191391754175,281.3885677815291,245.0,6481.802823972646,46,bear_cross
EICHERMOT,3,2019-02-11,2048.5085244750976,2019-04-01,2073.6729418945315,75.49325225830171,29.090956194915748,0.0,46.40229606338596,49,bear_cross
DMART,79,2019-02-11,1473.675,2019-04-08,1445.3775,-2235.5024999999923,272.034212397385,0.0,-2507.536712397377,56,bear_cross
MUTHOOTFIN,212,2019-02-22,538.9439755249023,2019-04-25,585.4826371765137,9866.196270141616,279.7736443118304,2544.0,12130.422625829786,62,bear_cross
JINDALSTEL,757,2019-02-21,150.32487194061278,2019-04-30,175.06125,18725.438190956127,287.94042822882454,0.0,18437.4977627273,68,bear_cross
PFC,1284,2019-02-22,88.22,2019-04-30,91.69019817352297,4455.734454803498,271.97682805557986,0.0,4183.757626747918,67,bear_cross
RECLTD,1183,2019-02-21,96.0144390296936,2019-05-02,110.64769054412841,17311.136541576372,286.00412897273634,9759.75,26784.882412603634,70,bear_cross
MARUTI,1,2019-04-08,7124.7675,2019-05-02,6533.625,-591.1424999999999,30.578013454854997,0.0,-621.7205134548549,24,bear_cross
INDHOTEL,826,2019-02-25,139.49560493469238,2019-05-09,142.37868061065674,2381.420508346564,274.1608354596071,0.0,2107.259672886957,73,bear_cross
TITAN,126,2019-01-04,936.3349999999999,2019-05-10,1105.23,21280.77000000001,299.89613582914,0.0,20980.87386417087,126,bear_cross
BAJFINANCE,431,2019-02-26,264.3893360137939,2019-05-13,292.25751525878906,12011.185254592903,281.3218162149357,0.0,11729.863438377966,76,bear_cross
ABB,72,2019-03-12,1159.2304486083983,2019-05-15,1234.3178485107424,5406.29279296877,206.6415471048956,345.59999999999997,5545.251245863875,64,bear_cross
HCLTECH,220,2019-04-02,556.3874999999999,2019-05-15,535.1337881469727,-4675.816607665984,282.81794885930765,0.0,-4958.6345565252905,43,bear_cross
HDFCBANK,211,2019-05-03,592.5276127624511,2019-05-16,568.7121684265137,-5025.058754882792,288.2803705136407,0.0,-5313.339125396432,13,bear_cross
BPCL,630,2019-05-07,194.71056861877437,2019-05-16,177.555,-10808.008229827852,277.040185455947,0.0,-11085.048415283798,9,bear_cross
BPCL,637,2019-05-20,195.48749999999998,2019-06-18,189.00131858825682,-4131.697559280394,288.09966229826716,0.0,-4419.797221578661,29,bear_cross
VBL,2376,2019-05-03,52.57555385589599,2019-06-19,53.3950664806366,1947.1619963836913,295.2824356835994,0.0,1651.879560700092,47,bear_cross
LTM,66,2019-04-25,1708.1597744750975,2019-06-20,1733.6550000000002,1682.6848846435787,267.907695430625,0.0,1414.7771892129538,56,bear_cross
JINDALSTEL,40,2019-06-18,155.638125,2019-06-20,145.8344969558716,-392.1451217651361,28.783809024110116,0.0,-420.9289307892462,2,bear_cross
HINDUNILVR,63,2019-05-21,1777.3322744750976,2019-06-26,1748.6175,-1809.030791931146,262.5798014533538,819.0,-1252.6105933844997,36,bear_cross
SHRIRAMFIN,532,2019-06-26,219.38680568695068,2019-07-02,205.5896419143677,-7340.091127014151,267.3915651251747,0.0,-7607.482692139326,6,bear_cross
LTM,58,2019-07-02,1854.625,2019-07-08,1648.0694512939453,-11980.22182495117,242.2307794164647,0.0,-12222.452604367634,6,bear_cross
INDHOTEL,823,2019-06-25,149.75120624542237,2019-07-09,141.70160556793215,-6624.821357574449,282.6648655655503,0.0,-6907.486223139999,14,bear_cross
TITAN,102,2019-05-15,1162.8999999999999,2019-07-10,1100.2425,-6391.06499999998,272.60772605220996,0.0,-6663.67272605219,56,bear_cross
BAJAJFINSV,150,2019-05-20,807.6139755249023,2019-07-10,780.0350152587891,-4136.844039916979,280.5668027892523,0.0,-4417.410842706232,51,bear_cross
HDFCBANK,203,2019-05-20,603.505,2019-07-11,599.2481250000001,-864.1456249999843,287.00861885393124,761.25,-389.90424385391566,52,bear_cross
DRREDDY,210,2019-07-08,518.312569580078,2019-07-11,515.9070121765137,-505.1670547485094,256.97702182244603,0.0,-762.1440765709555,3,bear_cross
BAJFINANCE,355,2019-05-21,342.6595051574707,2019-07-12,346.1325,1232.9131690979077,287.2543390599841,213.0,1158.6588300379235,52,bear_cross
UNIONBANK,31,2019-06-26,76.0897515296936,2019-07-19,75.11175304412842,-30.317953052520593,20.556395134284298,0.0,-50.87434818680489,23,bear_cross
CANBK,2265,2019-06-24,54.3355007648468,2019-07-23,53.067000761032105,-2873.1525086402817,286.1667852477269,0.0,-3159.319293888009,29,bear_cross
ADANIPORTS,256,2019-07-19,415.5863627624512,2019-07-23,407.9775,-1947.8688671874988,250.01726003899165,0.0,-2197.8861272264903,4,bear_cross
BANKBARODA,774,2019-07-09,124.20975152969359,2019-07-24,112.31849847793579,-9203.829862060538,219.68164126561646,0.0,-9423.511503326155,15,bear_cross
SBIN,375,2019-05-20,332.83,2019-07-25,340.8457621765137,3005.910816192639,296.1399166511831,0.0,2709.770899541456,66,bear_cross
DLF,623,2019-07-17,190.92612194061277,2019-07-25,176.5575,-8951.651469001756,270.6881581060715,1246.0,-7976.339627107827,8,bear_cross
HINDALCO,6,2019-07-23,202.5551280593872,2019-07-26,196.258125,-37.78201835632308,18.00468718487341,0.0,-55.78670554119648,3,bear_cross
DRREDDY,223,2019-07-12,530.9239755249023,2019-08-05,503.33850608825685,-6151.559684371933,272.36728017339294,892.0,-5531.926964545327,24,bear_cross
APOLLOHOSP,85,2019-07-17,1391.7707989501953,2019-08-06,1286.775,-8924.642910766592,269.27793375060173,0.0,-9193.920844517193,20,bear_cross
VBL,2024,2019-07-31,56.68357662200928,2019-08-06,52.26456470489502,-8944.08012023925,261.308607797232,0.0,-9205.388728036483,6,bear_cross
INDIGO,73,2019-07-29,1577.935,2019-08-08,1493.2575000000002,-6181.457499999984,265.201755695815,0.0,-6446.659255695799,10,bear_cross
UNITDSPR,120,2019-08-08,604.0563627624512,2019-08-22,575.6572256469727,-3407.896453857411,173.07404911742015,0.0,-3580.970502974831,14,bear_cross
SUNPHARMA,280,2019-07-16,421.8519877624512,2019-08-23,413.96250000000003,-2209.056573486323,275.83989354369714,770.0,-1714.8964670300202,38,bear_cross
BHARTIARTL,314,2019-08-08,360.1531118011474,2019-09-04,328.9833416748047,-9787.307819671612,256.7862991454016,0.0,-10044.094118817013,27,bear_cross
MUTHOOTFIN,180,2019-08-08,632.5775,2019-09-05,592.515,-7211.25,261.18488830990003,0.0,-7472.4348883099,28,bear_cross
TITAN,103,2019-08-27,1110.77,2019-09-09,1062.3375,-4988.547499999989,264.70405669193497,0.0,-5253.251556691924,13,bear_cross
ASIANPAINT,3,2019-07-23,1412.5225,2019-09-11,1541.1375,385.845,25.16806894288,0.0,360.67693105712004,50,bear_cross
TCS,51,2019-08-05,2205.3996520996093,2019-09-12,2149.6125,-2845.144757080064,262.6250099082754,0.0,-3107.7697669883396,38,bear_cross
TATACONSUM,419,2019-08-08,272.17875,2019-09-12,259.15048782348634,-5458.841851959213,263.4009688014813,0.0,-5722.242820760695,35,bear_cross
SBILIFE,192,2019-04-30,636.6877255249024,2019-09-16,783.9352743530274,28271.529375,316.639068666899,0.0,27954.890306333098,139,bear_cross
PIDILITIND,187,2019-07-29,620.9986372375488,2019-09-20,648.375,5119.379836578376,279.0110515192678,0.0,4840.368785059109,53,bear_cross
NTPC,861,2019-09-11,126.81625,2019-09-24,116.00925304412841,-9304.824379005433,248.61165239876846,0.0,-9553.436031404202,13,bear_cross
INFY,151,2019-07-17,785.8597744750977,2019-09-26,785.780625,-11.951570739747467,279.3345301107983,0.0,-291.2861008505458,71,bear_cross
HINDALCO,567,2019-09-09,188.97125,2019-10-07,181.794375,-4069.2881249999973,249.49975722278128,0.0,-4318.7878822227785,28,bear_cross
COALINDIA,516,2019-09-16,198.14411888122558,2019-10-09,184.33800304412844,-7123.955771942124,235.41960686130327,0.0,-7359.375378803426,23,bear_cross
HINDZINC,515,2019-10-07,208.51999999999998,2019-10-09,204.9363719558716,-1845.568442726113,252.34306231770526,0.0,-2097.911505043818,2,bear_cross
GAIL,1195,2019-09-05,84.2768323135376,2019-10-11,84.62125253677368,411.58216676712175,239.82960669380694,0.0,171.75256007331478,36,bear_cross
SHRIRAMFIN,549,2019-09-13,203.1623399353027,2019-10-22,211.0129393386841,4309.979072456394,267.9581066476819,0.0,4042.020965808712,39,bear_cross
AMBUJACEM,535,2019-10-22,205.5125,2019-10-29,197.4052439117432,-4337.382007217375,255.45664562167065,0.0,-4592.838652839046,7,bear_cross
ADANIPORTS,22,2019-09-12,375.9375,2019-10-31,398.25187500000004,490.9162500000009,34.2498652107475,0.0,456.66638478925336,49,bear_cross
ABB,79,2019-09-24,1428.901480102539,2019-11-04,1329.1330728149414,-7881.704175720201,258.30740841812406,0.0,-8140.011584138326,41,bear_cross
DIVISLAB,43,2019-09-04,1652.12,2019-11-14,1664.3287500000001,524.9762500000102,173.9378387735275,0.0,351.03841122648265,71,bear_cross
HINDUNILVR,56,2019-09-23,1988.9599999999998,2019-11-19,2054.899923706055,3692.6357275390783,266.9742386886834,616.0,4041.661488850395,57,bear_cross
ONGC,795,2019-10-15,137.3425,2019-11-19,134.6625,-2130.6000000000054,256.05089025385,0.0,-2386.650890253856,35,bear_cross
HCLTECH,199,2019-10-16,545.8612499999999,2019-11-27,553.11375,1443.2475000000109,258.51052682365,199.0,1383.7369731763608,42,bear_cross
BPCL,434,2019-11-20,265.1111372375488,2019-11-27,245.88375000000002,-8344.686061096172,262.66611133763195,0.0,-8607.352172433804,7,bear_cross
BAJAJHLDNG,31,2019-09-26,3509.8528479003903,2019-11-28,3644.017027587891,4159.089570312517,261.7263092363115,0.0,3897.3632610762056,63,bear_cross
TECHM,164,2019-08-23,685.9606249999999,2019-12-09,757.5513871765137,11740.884996948254,277.8059470656541,0.0,11463.079049882599,108,bear_cross
AXISBANK,157,2019-10-15,684.3064755249023,2019-12-09,711.6663871765137,4295.506129302983,258.8213454043806,0.0,4036.6847838986027,55,bear_cross
TVSMOTOR,209,2019-11-29,485.21,2019-12-09,445.83263717651374,-8229.868830108624,232.41800007511233,0.0,-8462.286830183737,10,bear_cross
HINDZINC,491,2019-11-20,216.2392469406128,2019-12-10,209.1258689117432,-3492.668612174969,247.93269531475738,0.0,-3740.6013074897264,20,bear_cross
AMBUJACEM,557,2019-11-05,204.3596311187744,2019-12-11,196.00875000000002,-4651.440783157323,263.7611675360507,0.0,-4915.201950693373,36,bear_cross
APOLLOHOSP,4,2019-12-09,1469.665,2019-12-12,1391.5125,-312.6099999999997,28.09460982226,0.0,-340.70460982225967,3,bear_cross
CANBK,2864,2019-10-29,38.4960015296936,2019-12-13,43.690499238967895,14877.04143936158,276.06472472016617,0.0,14600.976714641412,45,bear_cross
ABB,81,2019-12-13,1358.366573791504,2019-12-24,1261.7875762939454,-7822.898797302237,252.01540840567395,0.0,-8074.914205707911,11,bear_cross
TITAN,92,2019-12-16,1191.5214239501952,2020-01-06,1159.095,-2983.2310034179545,256.1290051857245,0.0,-3239.360008603679,21,bear_cross
CANBK,2392,2019-12-17,45.713998470306386,2020-01-07,42.57330030441285,-7512.550012817346,250.82492079781173,0.0,-7763.374933615158,21,bear_cross
KOTAKBANK,349,2019-11-29,322.805,2020-01-08,330.1126524353028,2550.370699920667,268.63074260966187,0.0,2281.739957311005,40,bear_cross
CIPLA,19,2019-12-24,468.418125,2020-01-27,456.35625000000005,-229.17562499999866,34.902954876403754,0.0,-264.07857987640244,34,bear_cross
JSWSTEEL,475,2019-10-31,236.28924694061277,2020-01-28,260.14798782348635,11332.90191936495,276.80391767916905,0.0,11056.09800168578,89,bear_cross
TATASTEEL,2625,2019-12-13,43.132564029693604,2020-01-29,45.16679878234864,5339.866225719476,272.7794551273393,0.0,5067.086770592136,47,bear_cross
TMPV,622,2019-12-17,176.44,2020-01-29,178.35300304412843,1189.8878934478837,260.7379026521502,0.0,929.1499907957335,43,bear_cross
ADANIPORTS,257,2020-01-06,388.96999999999997,2020-02-03,363.09000000000003,-6651.159999999984,230.84402348452,0.0,-6882.004023484505,28,bear_cross
MUTHOOTFIN,154,2019-12-13,714.6822744750976,2020-02-04,751.1175000000001,5611.024730834973,266.0261005895982,0.0,5344.998630245374,53,bear_cross
GODREJCP,142,2020-01-08,706.010625,2020-02-04,668.9234756469727,-5266.375208129871,232.92184006993983,0.0,-5499.297048199811,27,bear_cross
PFC,1184,2020-02-03,88.58090061187744,2020-02-04,91.77000000000001,3775.893675537124,252.5949419264652,0.0,3523.2987336106594,1,bear_cross
AMBUJACEM,531,2020-01-07,198.5952561187744,2020-02-07,207.08100608825683,4505.933233795176,254.62998702803964,0.0,4251.303246767137,31,bear_cross
LT,84,2020-01-27,1343.35,2020-02-10,1296.75,-3914.3999999999924,262.3300787704,0.0,-4176.7300787703925,14,bear_cross
ABB,11,2020-01-28,1344.2021005249023,2020-02-14,1265.6778506469727,-863.7667486572257,47.3404897927456,0.0,-911.1072384499712,17,bear_cross
ADANIENSOL,339,2020-02-10,332.98036888122556,2020-02-18,312.21750000000003,-7038.6125507354545,259.17564734120856,0.0,-7297.788198076663,8,bear_cross
GAIL,1291,2020-02-14,86.88333078384399,2020-02-19,79.80000000000001,-9144.580041942574,255.4024661108829,5508.267097,-3891.7154110534557,5,bear_cross
BAJAJ-AUTO,31,2020-02-04,3278.1749999999997,2020-02-20,3083.2725,-6041.97749999999,235.16503171073498,0.0,-6277.142531710725,16,bear_cross
ADANIGREEN,552,2020-02-07,209.4723719406128,2020-02-25,184.288125,-13901.704311218255,258.17051754990644,0.0,-14159.874828768161,18,bear_cross
BOSCHLTD,7,2020-02-20,14548.329929199217,2020-02-25,14064.75,-3385.0595043945195,238.3994120048751,0.0,-3623.458916399395,5,bear_cross
INDIGO,74,2020-02-19,1478.6875,2020-02-27,1376.5500000000002,-7558.1749999999865,250.94442928045004,0.0,-7809.119429280437,8,bear_cross
ASIANPAINT,58,2020-02-04,1874.675,2020-03-02,1810.5622256469726,-3718.540912475587,253.38873063995234,0.0,-3971.929643115539,27,bear_cross
BAJAJHLDNG,1,2020-02-04,3628.0474999999997,2020-03-02,3451.3500000000004,-176.6974999999993,23.228416567885,0.0,-199.92591656788431,27,bear_cross
AXISBANK,148,2020-02-28,720.6972744750976,2020-03-02,707.5267378234863,-1949.2394244384745,250.62340712933567,0.0,-2199.86283156781,3,bear_cross
BHARTIARTL,227,2019-11-18,389.67387321472165,2020-03-05,511.8824308776856,27741.34258949281,240.91693704210763,0.0,27500.425652450704,108,bear_cross
BAJFINANCE,263,2020-01-29,425.5512152099609,2020-03-05,429.9225,1149.6478997802865,265.5335430353235,263.0,1147.114356744963,36,bear_cross
AMBUJACEM,517,2020-02-28,208.269375,2020-03-05,207.6794969558716,-304.9669488143815,254.5808513042008,0.0,-559.5478001185824,6,bear_cross
UNITDSPR,16,2020-01-29,653.63,2020-03-09,636.4050000000001,-275.59999999999854,38.32135278736,0.0,-313.9213527873585,40,bear_cross
POWERGRID,997,2020-03-09,104.26629468917847,2020-03-13,91.34608228683472,-12881.451765136719,233.25368955929704,0.0,-13114.705454696015,4,bear_cross
TORNTPHARM,119,2019-11-28,937.3375,2020-03-17,975.0562500000001,4488.531250000014,268.15899569788746,0.0,4220.372254302126,110,bear_cross
MUTHOOTFIN,126,2020-02-18,872.175,2020-03-17,727.0278506469728,-18288.540818481426,240.86095919226244,0.0,-18529.401777673687,28,bear_cross
ASIANPAINT,56,2020-03-12,1869.6123260498046,2020-03-17,1694.7525,-9792.150258789052,238.11557711586772,0.0,-10030.26583590492,5,bear_cross
ZYDUSLIFE,364,2020-03-25,270.675,2020-04-01,269.325,-491.4000000000083,234.03137835999996,0.0,-725.4313783600082,7,bear_cross
HINDUNILVR,44,2020-04-01,2298.9329510498046,2020-05-06,2044.8250762939454,-11180.746489257806,228.78754564196979,0.0,-11409.534034899776,35,bear_cross
NESTLEIND,133,2020-04-07,780.696875,2020-05-18,819.9948628234864,5226.632380523696,251.77034198106207,0.0,4974.862038542634,41,bear_cross
DRREDDY,162,2020-04-03,618.5425,2020-05-19,738.1799542236329,19381.267584228524,258.38104907410417,0.0,19122.886535154423,46,bear_cross
SUNPHARMA,244,2020-04-09,455.5359938812256,2020-05-20,438.80024391174317,-4083.5229925537087,258.39332347739287,0.0,-4341.916316031102,41,bear_cross
HINDZINC,638,2020-04-08,167.4175,2020-05-27,166.88175304412843,-341.80655784605483,252.62283922643115,10527.0,9932.570602927513,49,bear_cross
DLF,623,2020-05-18,138.84625,2020-05-27,137.15625,-1052.8699999999985,206.69668471034498,0.0,-1259.5666847103437,9,bear_cross
DMART,46,2020-04-09,2398.6315270996092,2020-06-02,2303.3273474121097,-4383.992265624978,256.2712135528857,0.0,-4640.263479177865,54,bear_cross
TORNTPHARM,56,2020-04-09,1352.87375,2020-06-03,1188.1222256469728,-9226.085363769524,174.3226298822733,0.0,-9400.407993651797,55,bear_cross
COALINDIA,623,2020-06-02,149.52286888122558,2020-06-22,136.906875,-7859.764188003526,214.43358352771804,0.0,-8074.197771531244,20,bear_cross
ITC,600,2020-05-27,185.82459377288816,2020-06-23,178.07817913055422,-4647.848785400367,258.5731654555611,0.0,-4906.421950855928,27,bear_cross
CIPLA,224,2020-04-07,480.1975,2020-07-02,628.4250000000001,33202.96000000002,289.09516184463996,0.0,32913.86483815539,86,bear_cross
UNITDSPR,201,2020-05-19,554.3323872375488,2020-07-02,598.9987500000001,8977.93891525271,272.54412246838046,0.0,8705.39479278433,44,bear_cross
COALINDIA,585,2020-06-23,145.3123719406128,2020-07-03,134.06399391174318,-6580.301146888722,197.63979078094488,0.0,-6777.940937669667,10,bear_cross
APOLLOHOSP,76,2020-06-03,1373.425,2020-07-06,1381.3380487060547,601.391701660159,248.19043136325246,0.0,353.20127029690656,33,bear_cross
ZYDUSLIFE,336,2020-04-08,334.835,2020-07-08,361.29451217651376,8890.39609130863,274.8644453902201,0.0,8615.53164591841,91,bear_cross
ZYDUSLIFE,344,2020-07-09,362.0027561187744,2020-07-13,357.0052439117432,-1719.1441992187351,290.61004758393153,0.0,-2009.7542468026666,4,bear_cross
ADANIGREEN,663,2020-04-07,153.88375,2020-07-16,352.1175,131428.97625,378.6714887557225,0.0,131050.30476124428,100,bear_cross
ADANIENT,788,2020-05-28,142.05424694061279,2020-07-17,149.375625,5769.245910797136,270.36771699995404,0.0,5498.878193797183,50,bear_cross
UNITDSPR,196,2020-07-10,623.2041494750977,2020-07-22,594.9588871765137,-5536.071410522454,281.3532120618858,0.0,-5817.424622584341,12,bear_cross
SUNPHARMA,246,2020-07-14,501.25,2020-07-27,483.63788108825685,-4332.581252288815,285.18135990338806,0.0,-4617.762612192203,13,bear_cross
BHARTIARTL,222,2020-07-07,569.7504138183593,2020-07-28,546.8368789672852,-5086.804736938458,291.4673560473791,0.0,-5378.272092985836,21,bear_cross
GAIL,1858,2020-07-27,66.96700305938721,2020-07-28,65.23650152206422,-3215.271856346122,288.8260048402184,0.0,-3504.09786118634,1,bear_cross
GODREJCP,196,2020-05-20,557.39,2020-07-29,665.3325,21156.73,280.34535893566,0.0,20876.38464106434,70,bear_cross
ONGC,1563,2020-07-29,79.99950305938721,2020-07-30,79.80000000000001,-311.8232818221895,293.2052770845754,0.0,-605.0285589067649,1,bear_cross
IOC,1978,2020-07-22,62.522581548690795,2020-08-06,57.72199822425843,-9495.553815727222,280.6310131258423,0.0,-9776.184828853065,15,bear_cross
HDFCLIFE,130,2020-06-22,526.2623872375488,2020-08-14,598.5,9390.889659118662,177.29069893342455,0.0,9213.598960185238,53,bear_cross
BPCL,615,2020-07-17,202.75562499999998,2020-08-19,201.9438719558716,-499.22812213895395,292.2443835047368,0.0,-791.4725056436907,33,bear_cross
ADANIENSOL,504,2020-08-14,243.4070030593872,2020-08-20,241.395,-1014.0495419311403,287.2215688513463,0.0,-1301.2711107824866,6,bear_cross
GODREJCP,113,2020-08-19,694.7325,2020-08-24,681.6416006469727,-1479.2716268920765,188.46375465390236,0.0,-1667.735381545979,5,bear_cross
SHREECEM,5,2020-08-24,22373.544374999998,2020-09-01,20397.877500000002,-9878.334374999977,253.97680668953126,0.0,-10132.311181689509,8,bear_cross
APOLLOHOSP,89,2020-07-08,1430.5674999999999,2020-09-02,1683.4807012939455,22509.274915161157,321.95544978472765,0.0,22187.31946537643,56,bear_cross
HCLTECH,214,2020-07-08,596.2368749999999,2020-09-04,693.4121493530274,20795.50871154788,320.78758573970697,428.0,20902.72112580817,58,bear_cross
CIPLA,179,2020-07-17,676.18625,2020-09-07,726.1800000000001,8948.881250000017,293.90894680110256,0.0,8654.972303198914,52,bear_cross
SUNPHARMA,242,2020-07-31,515.535625,2020-09-08,510.72,-1165.381249999989,291.6977289714175,242.0,-1215.0789789714065,39,bear_cross
CANBK,5773,2020-08-20,21.0525,2020-09-10,19.68067454338074,-7919.548361062983,277.51914779193305,0.0,-8197.067508854916,21,bear_cross
MOTHERSON,4504,2020-08-06,27.636490569114684,2020-09-14,30.66004476070404,13618.088078918454,306.40041161726197,0.0,13311.687667301192,39,bear_cross
BPCL,599,2020-09-14,213.48237194061278,2020-09-22,201.0211814117432,-7464.25312679287,292.09646660702754,0.0,-7756.3495933998975,8,bear_cross
CUMMINSIND,303,2020-08-04,407.6165061187744,2020-09-25,440.44611282348643,9947.370831527747,300.4411007308221,2121.0,11767.929730796925,52,bear_cross
TMPV,1083,2020-08-04,113.23237194061281,2020-09-25,123.3907469558716,11001.520141525278,299.58320429607875,0.0,10701.936937229199,52,bear_cross
BAJAJ-AUTO,31,2020-09-22,2991.6604510498046,2020-09-28,2969.4576525878906,-688.2867523193331,220.95831140747498,0.0,-909.245063726808,6,bear_cross
BOSCHLTD,9,2020-10-05,13694.15,2020-10-14,12129.500639648439,-14081.844243164049,274.9335935392761,0.0,-14356.777836703326,9,bear_cross
RELIANCE,126,2020-09-10,1010.0190559387206,2020-10-20,1003.0941339111329,-872.5401754760553,297.56973858774336,0.0,-1170.1099140637987,40,bear_cross
GODREJCP,186,2020-09-16,711.775,2020-10-20,686.7787500000001,-4649.302499999985,305.05998009248503,0.0,-4954.362480092471,34,bear_cross
TVSMOTOR,2,2020-05-06,303.7575,2020-10-22,444.7852439117432,282.0554878234864,16.984212717581013,0.0,265.0712751059054,169,bear_cross
BAJAJFINSV,181,2020-10-20,598.6930122375488,2020-10-27,568.575,-5451.36021499633,250.77299723234796,0.0,-5702.1332122286785,7,bear_cross
CUMMINSIND,286,2020-10-22,461.15,2020-10-30,442.6904878234864,-5279.420482482877,303.29110490174935,0.0,-5582.711587384626,8,bear_cross
HINDALCO,14,2020-10-20,182.2545030593872,2020-11-02,171.07125000000002,-156.56554283142037,20.854326042921286,0.0,-177.41986887434166,13,bear_cross
TCS,56,2020-09-04,2280.6875,2020-11-03,2597.4900000000002,17740.940000000013,317.89420902364,672.0,18095.045790976375,60,bear_cross
HCLTECH,175,2020-09-09,713.8802255249024,2020-11-03,825.9300000000001,19608.710533142097,313.6258201136839,1050.0,20345.084713028413,55,bear_cross
TITAN,107,2020-10-05,1204.0024999999998,2020-11-03,1175.055,-3097.3824999999747,298.74543228341497,0.0,-3396.12793228339,29,bear_cross
WIPRO,899,2020-09-09,140.24974388122558,2020-11-04,168.57750000000001,25466.652750778212,322.27361091587943,0.0,25144.379139862333,56,bear_cross
INFY,134,2020-09-16,988.4649999999999,2020-11-04,1065.3300000000002,10299.910000000033,320.71112677318,1608.0,11587.198873226851,49,bear_cross
WIPRO,772,2020-11-05,174.4099436187744,2020-11-18,174.4378125,21.514776306163753,314.9209665504204,0.0,-293.40619024425666,13,bear_cross
TORNTPHARM,106,2020-11-19,1343.35,2020-11-26,1295.6278125000001,-5058.551874999977,326.8945551547638,0.0,-5385.446430154741,7,bear_cross
TRENT,189,2020-11-02,664.5071005249023,2020-12-07,679.1977743530274,2776.5373535156464,297.63863369169997,0.0,2478.8987198239465,35,bear_cross
AMBUJACEM,592,2020-10-06,223.50737194061279,2020-12-10,250.07324695587158,15726.998009033208,326.03431694026676,10064.0,25464.96369209294,65,bear_cross
RELIANCE,152,2020-12-10,935.3004988098144,2020-12-22,897.2145378112793,-5789.066071777324,325.626289673167,0.0,-6114.692361450492,12,bear_cross
HDFCLIFE,175,2020-10-30,591.475,2020-12-23,639.646875,8430.078125,254.37153222484375,0.0,8175.706592775156,54,bear_cross
BPCL,727,2020-11-06,184.45999999999998,2020-12-23,186.03375,1144.1162500000132,314.87958630748756,0.0,829.2366636925258,47,bear_cross
SHRIRAMFIN,740,2020-10-14,130.1245030593872,2020-12-28,200.46757621765138,52053.8741371155,283.57289271950384,888.0,52658.301244395996,75,bear_cross
BRITANNIA,40,2020-11-26,3578.724548950195,2020-12-30,3593.244375,580.7930419922013,334.4220910344802,0.0,246.37095095772108,34,bear_cross
RELIANCE,160,2020-12-31,922.2999388122558,2021-01-08,882.9437855529785,-6296.9845214843735,337.11850591050853,0.0,-6634.103027394882,8,bear_cross
CGPOWER,3293,2020-12-30,45.613749999999996,2021-01-11,43.1917492389679,-7975.648506078688,341.2463008618479,0.0,-8316.894806940536,12,bear_cross
DIVISLAB,41,2020-11-05,3218.9271520996094,2021-01-19,3567.0600000000004,14273.44676391603,323.7691772733656,0.0,13949.677586642665,75,bear_cross
TATACONSUM,13,2020-11-03,499.0444877624512,2021-01-25,586.3304878234864,1134.7180007934571,30.950805406131945,0.0,1103.767195387325,83,bear_cross
INDHOTEL,1153,2021-01-19,123.45604089736938,2021-01-25,119.30984928131105,-4780.558933315257,327.0710723731099,0.0,-5107.6300056883665,6,bear_cross
POWERGRID,1207,2021-01-11,115.03690559387206,2021-01-28,107.14087743759156,-9530.505984630574,314.3671299343016,0.0,-9844.873114564874,17,bear_cross
HINDUNILVR,1,2021-01-28,2373.8196520996094,2021-01-29,2309.3123474121094,-64.50730468749998,20.554382182900397,0.0,-85.06168687040038,1,bear_cross
HDFCLIFE,220,2020-12-30,680.6975,2021-02-01,676.6042378234864,-900.5176788329868,347.57907015827254,0.0,-1248.0967489912593,33,bear_cross
HDFCBANK,206,2020-12-31,719.2937499999999,2021-02-01,703.3621875,-3281.901874999985,341.59576880761375,0.0,-3623.4976438075987,32,bear_cross
IOC,2443,2020-12-31,60.48416539192199,2021-02-01,63.70699822425843,7873.380609397915,352.2523785917908,0.0,7521.128230806124,32,bear_cross
BPCL,467,2021-01-08,197.99374999999998,2021-02-01,193.51500000000001,-2091.5762499999823,218.88315897076748,0.0,-2310.45940897075,24,bear_cross
IOC,2246,2021-02-04,68.7046661567688,2021-02-17,63.54075076103211,-11598.1539788246,346.62025848409667,11230.0,-714.7742373086967,13,bear_cross
CIPLA,190,2020-12-07,768.8673872375488,2021-02-22,809.3715243530274,7695.786051940948,348.33487863660145,0.0,7347.451173304346,77,bear_cross
ITC,723,2021-02-03,213.8189351272583,2021-02-23,199.7856610107422,-10146.057186241149,348.75053173955433,3615.0,-6879.807717980704,20,bear_cross
PIDILITIND,3,2021-02-17,902.25,2021-02-26,848.3737500000001,-161.62874999999974,21.1943352459775,0.0,-182.82308524597724,9,bear_cross
MAZDOCK,1069,2021-02-26,107.8689984703064,2021-03-01,107.2063109779358,-708.4129293441651,271.15251911484575,0.0,-979.5654484590109,3,bear_cross
HDFCBANK,194,2021-02-03,791.47375,2021-03-12,798.0,1266.0925000000009,358.264229512945,0.0,907.8282704870558,37,bear_cross
BANKBARODA,2807,2020-10-27,42.8067507648468,2021-03-15,77.75512195587159,98100.07793320659,384.4397920492475,0.0,97715.63814115734,139,bear_cross
BAJAJFINSV,153,2021-01-28,904.255,2021-03-15,994.4077743530273,13793.374476013181,337.45432782584294,0.0,13455.920148187339,46,bear_cross
SBIN,641,2020-11-04,204.00875,2021-03-16,384.63600608825686,115782.07115257265,426.39081008841083,0.0,115355.68034248424,132,bear_cross
PNB,1576,2021-02-04,38.59625,2021-03-18,38.9025,482.65000000000896,151.17087865018,0.0,331.479121349829,42,bear_cross
NESTLEIND,188,2021-03-16,843.854375,2021-03-18,821.3365319824219,-4233.354487304686,363.90275252821317,0.0,-4597.257239832898,2,bear_cross
COALINDIA,1126,2021-02-25,147.26724388122557,2021-03-22,137.25600608825684,-11272.653754882787,372.5704961082678,5630.0,-6015.224250991056,25,bear_cross
ASIANPAINT,59,2021-03-18,2475.0222229003907,2021-03-22,2384.025,-5368.836151123047,334.6514265285605,0.0,-5703.487577651607,4,bear_cross
IOC,2442,2021-02-26,66.499169216156,2021-03-24,63.84,-6493.691225852956,369.89278723508517,4884.0,-1979.5840130880415,26,bear_cross
APOLLOHOSP,51,2021-03-17,3087.7,2021-03-24,2950.4554724121094,-6999.470906982409,358.425859516671,0.0,-7357.8967664990805,7,bear_cross
INDIGO,73,2021-03-03,1708.26,2021-04-05,1596.9975000000002,-8122.162499999987,284.354706229285,0.0,-8406.517206229271,33,bear_cross
ADANIGREEN,143,2021-01-28,1019.04125,2021-04-06,1172.9602743530274,22010.420482482925,362.3797960848357,0.0,21648.04068639809,68,bear_cross
EICHERMOT,59,2021-03-23,2685.6974999999998,2021-04-06,2528.463048706055,-9276.832626342746,358.2513077282663,0.0,-9635.083934071012,14,bear_cross
ITC,727,2021-03-23,217.19756938934324,2021-04-13,198.82514717102052,-13356.750952720622,352.7872990311149,0.0,-13709.538251751737,21,bear_cross
SBILIFE,175,2021-04-15,897.2375,2021-04-20,914.7075000000001,3057.2500000000246,367.84394194225,0.0,2689.4060580577743,5,bear_cross
LTM,37,2021-03-15,4058.12,2021-04-23,3908.2050000000004,-5546.854999999981,343.6421600591501,0.0,-5890.497160059132,39,bear_cross
AMBUJACEM,550,2021-02-03,276.7902561187744,2021-04-26,296.2575,10706.984134674087,365.14094539608317,550.0,10891.843189278005,82,bear_cross
TCS,1,2021-03-18,3133.7648260498045,2021-04-27,3098.235,-35.52982604980434,22.275178735450496,0.0,-57.80500478525484,40,bear_cross
HINDUNILVR,71,2021-03-16,2226.9034729003906,2021-05-03,2337.1425,7826.9709240722605,375.22509802234106,0.0,7451.74582604992,48,bear_cross
PIDILITIND,176,2021-03-25,899.6184374999999,2021-05-07,905.23125,987.8550000000232,368.62562025426996,0.0,619.2293797457532,43,bear_cross
ASIANPAINT,66,2021-03-24,2416.3257989501953,2021-05-12,2570.5575000000003,10179.292269287129,380.7075206812349,0.0,9798.584748605894,49,bear_cross
CIPLA,192,2021-04-05,827.0625,2021-05-19,885.6303506469727,11245.027324218761,380.2969051683085,0.0,10864.730419050453,44,bear_cross
SUNPHARMA,254,2021-04-07,622.5525,2021-06-07,672.2651371765137,12627.009842834475,380.24515302103555,0.0,12246.76468981344,61,bear_cross
HINDALCO,451,2021-04-07,351.2759938812256,2021-06-14,391.96763717651373,18351.931126174954,386.8452974328743,0.0,17965.08582874208,68,bear_cross
ITC,819,2021-05-19,202.76599632263185,2021-06-17,198.77712604522705,-3266.884757194531,381.41509981441607,4709.25,1060.9501429910524,29,bear_cross
HINDZINC,489,2021-04-26,305.46176223754884,2021-06-24,331.66875000000005,12815.21701583864,360.9565351713162,0.0,12454.260480667323,59,bear_cross
BHARTIARTL,325,2021-06-23,529.4054180908203,2021-06-24,523.8276516723633,-1812.7740859984983,396.25336357241974,0.0,-2209.027449570918,1,bear_cross
BPCL,744,2021-05-07,218.0688063812256,2021-06-28,234.91125000000002,12530.778052368161,389.3001046995898,0.0,12141.477947668573,52,bear_cross
ADANIPOWER,7969,2021-06-07,22.566275229454043,2021-07-02,20.43877477169037,-16954.051147918715,397.8411477034796,0.0,-17351.892295622198,25,bear_cross
PFC,1673,2021-05-12,94.75629663467407,2021-07-06,98.27369665145875,5884.6102280807645,374.1381343291563,2676.8,8187.272093751609,55,bear_cross
AXISBANK,15,2021-05-03,707.765,2021-07-28,732.9629878234864,377.9698173522962,39.351769134040175,0.0,338.6180482182561,86,bear_cross
CUMMINSIND,193,2021-06-14,837.58875,2021-07-28,845.88,1600.2112499999982,376.65122665056253,0.0,1223.5600233494358,44,bear_cross
BEL,3043,2021-06-24,56.457457313537596,2021-08-09,54.862500000000004,-4853.45510509489,392.5277929415704,0.0,-5245.98289803646,46,bear_cross
HAL,317,2021-07-05,539.3951127624512,2021-08-11,556.10625,5297.430504302996,401.2522983077826,0.0,4896.178205995213,37,bear_cross
AMBUJACEM,519,2021-04-27,304.7098872375488,2021-08-24,391.71826217651375,45157.34659332281,414.02813118161555,0.0,44743.31846214119,119,bear_cross
JINDALSTEL,386,2021-07-28,421.1502561187744,2021-08-24,369.02513717651374,-20120.295911712612,356.14141973523726,0.0,-20476.43733144785,27,bear_cross
AXISBANK,7,2021-08-11,766.9124999999999,2021-08-26,732.2647256469727,-242.53442047119051,27.032046267646663,0.0,-269.56646673883716,15,bear_cross
APOLLOHOSP,46,2021-06-28,3456.4697229003905,2021-09-29,4408.95,43814.09274658203,414.53278728855196,138.0,43537.559959293474,93,bear_cross
HAL,7,2021-08-24,563.3799130249023,2021-10-04,668.3499618530274,734.7903417968755,24.87617664671944,0.0,709.914165150156,41,bear_cross
ICICIBANK,263,2021-07-08,652.1262499999999,2021-10-05,691.2675,10294.148750000033,407.5949462915875,526.0,10412.553803708444,89,bear_cross
ADANIPORTS,229,2021-08-10,703.4542622375488,2021-10-05,742.2896493530274,8893.303649444579,382.96321441944497,0.0,8510.340435025133,56,bear_cross
ASIANPAINT,55,2021-08-24,3100.532048950195,2021-10-06,3253.8450000000003,8432.212307739284,403.4831776302166,0.0,8028.729130109067,43,bear_cross
HDFCLIFE,265,2021-08-27,702.1008505249023,2021-10-07,728.1750000000001,6909.649610900913,436.4493472906187,0.0,6473.200263610294,41,bear_cross
ETERNAL,1150,2021-09-29,138.345,2021-10-08,137.655,-793.4999999999974,368.4771769,0.0,-1161.9771768999974,9,bear_cross
ABB,106,2021-10-08,1882.5947744750977,2021-10-11,1841.7840243530275,-4325.939512939442,454.8247056049256,0.0,-4780.7642185443665,3,bear_cross
ZYDUSLIFE,361,2021-10-08,555.1844877624511,2021-10-11,552.615,-927.5850822448484,460.27809859234804,0.0,-1387.8631808371965,3,bear_cross
SBILIFE,147,2021-04-23,898.5908505249023,2021-10-14,1189.9675762939453,42832.37868804932,353.6563356239418,0.0,42478.72235242538,174,bear_cross
ADANIENSOL,117,2021-10-11,1686.205,2021-10-19,1755.6000000000001,8119.215000000025,462.68714921611,0.0,7656.527850783915,8,bear_cross
EICHERMOT,68,2021-10-14,2912.2625,2021-10-21,2670.3075000000003,-16452.939999999966,438.85970721256,0.0,-16891.79970721253,7,bear_cross
DIVISLAB,38,2021-10-11,5116.759999999999,2021-10-27,4995.33047241211,-4614.322048339798,443.13857848768,0.0,-5057.460626827478,16,bear_cross
SIEMENS,1,2021-10-11,1308.7505334472655,2021-10-28,1271.277829284668,-37.47270416259744,18.212849483685375,0.0,-55.68555364628281,17,bear_cross
MUTHOOTFIN,56,2021-10-11,1539.8901739501953,2021-11-01,1479.2925,-3393.4697412109344,203.6736978400923,0.0,-3597.1434390510267,21,bear_cross
BAJAJFINSV,160,2021-04-22,972.425,2021-11-02,1760.5875,126106.00000000003,492.317170492,48.0,125661.68282950803,194,bear_cross
BAJAJHLDNG,47,2021-06-25,3632.6590979003904,2021-11-02,4772.04,53550.90239868165,450.74725444095105,6110.0,59210.15514424069,130,bear_cross
AXISBANK,249,2021-10-19,822.05,2021-11-02,750.6187500000001,-17786.381249999966,452.28607081836253,0.0,-18238.667320818327,14,bear_cross
JINDALSTEL,17,2021-10-05,419.49613723754885,2021-11-11,401.94263717651376,-298.4095010375966,30.896528874522268,0.0,-329.30602991211885,37,bear_cross
DIVISLAB,38,2021-11-02,5243.075,2021-11-11,4887.75,-13502.349999999993,444.59711581809995,0.0,-13946.947115818093,9,bear_cross
TATASTEEL,35,2021-11-02,137.3425,2021-11-12,133.66500000000002,-128.71249999999932,25.901116354075004,0.0,-154.61361635407434,10,bear_cross
ADANIPOWER,9067,2021-11-15,22.1051242351532,2021-11-16,21.466200456619262,-5793.121899967199,455.2429344801902,0.0,-6248.3648344473895,1,bear_cross
IRFC,8496,2021-10-05,23.859499235153198,2021-11-22,23.44125,-3553.445501861567,462.6459545199034,6541.92,2525.8285436185292,48,bear_cross
CIPLA,4,2021-11-16,945.5078994750975,2021-11-25,891.7650000000001,-214.9715979003895,23.53129645789651,0.0,-238.502894358286,9,bear_cross
CUMMINSIND,85,2021-11-11,926.31,2021-11-26,888.7725,-3190.6874999999923,187.20353795957502,0.0,-3377.8910379595677,15,bear_cross
INDIGO,93,2021-11-02,2170.5128479003906,2021-11-29,1865.325,-28382.469854736322,434.9912772830331,0.0,-28817.461132019354,27,bear_cross
CGPOWER,2153,2021-08-03,83.2576280593872,2021-12-02,150.6225,145036.56928813935,564.6075304047577,0.0,144471.9617577346,121,bear_cross
ABB,111,2021-10-27,1924.8501739501953,2021-12-03,2085.074298706055,17784.877847900407,509.1398429265985,0.0,17275.73800497381,37,bear_cross
BHARTIARTL,286,2021-11-03,727.5643749999999,2021-12-08,703.2375000000001,-6957.48624999996,471.0687323692675,0.0,-7428.554982369228,35,bear_cross
ASIANPAINT,57,2021-11-22,3249.1025,2021-12-08,3024.320152587891,-12812.593802490223,414.0807454938438,0.0,-13226.674547984067,16,bear_cross
CIPLA,205,2021-11-30,967.4124999999999,2021-12-09,897.75,-14280.812499999982,441.74874191237495,0.0,-14722.561241912357,9,bear_cross
ADANIENT,124,2021-11-11,1654.125,2021-12-21,1617.0472256469727,-4597.644019775383,466.9049030460209,0.0,-5064.548922821404,40,bear_cross
HINDZINC,203,2021-12-01,334.23349388122557,2021-12-21,309.77361282348636,-4965.35585472106,161.14106770591934,3654.0,-1472.496922426979,20,bear_cross
ADANIPORTS,263,2021-12-09,768.6167622375488,2021-12-22,725.1825,-11423.210968475321,453.22680275720336,0.0,-11876.437771232524,13,bear_cross
CUMMINSIND,211,2021-12-07,930.3199999999999,2021-12-23,931.6650000000001,283.79500000002975,452.35948870201,0.0,-168.56448870198028,16,bear_cross
BAJAJHLDNG,42,2021-11-03,4901.2225,2021-12-24,5112.087652587891,8856.336408691435,482.50815910053495,0.0,8373.8282495909,51,bear_cross
GODREJCP,203,2021-12-24,967.2119877624511,2022-01-14,913.6102743530273,-10881.147822113038,440.88039385675717,0.0,-11322.028215969796,21,bear_cross
DRREDDY,209,2021-12-28,949.7484548950193,2022-01-19,936.6525,-2737.0545730590347,454.1200208848477,0.0,-3191.1745939438824,22,bear_cross
LTM,27,2021-12-23,7218.0,2022-01-20,6932.425305175781,-7710.516760253901,440.92577508181205,0.0,-8151.442535335713,28,bear_cross
TECHM,131,2021-10-21,1550.0153994750976,2022-01-21,1645.875,12557.60766876221,480.1199023239658,1965.0,14042.487766438244,92,bear_cross
DIVISLAB,39,2022-01-19,4561.375,2022-01-21,4317.4790551757815,-9511.941848144523,401.25212607858384,0.0,-9913.193974223106,2,bear_cross
HCLTECH,133,2021-12-08,1160.2935244750977,2022-01-24,1159.59375,-93.07000518799191,358.5742978692052,1330.0,878.3556969428029,47,bear_cross
HDFCLIFE,56,2022-01-14,669.67,2022-01-25,625.6320121765137,-2466.1273181152283,96.21545643766336,0.0,-2562.3427745528916,11,bear_cross
HINDZINC,611,2022-01-20,325.8125,2022-01-27,308.72625,-10439.698750000005,447.40631688580754,0.0,-10887.105066885813,7,bear_cross
TORNTPHARM,130,2021-11-30,1521.8451739501952,2022-01-28,1349.11875,-22454.435113525364,432.2021569556607,0.0,-22886.637270481024,59,bear_cross
SUNPHARMA,246,2021-12-23,803.8546005249023,2022-01-28,813.96,2485.9282708740548,457.87155583351455,0.0,2028.0567150405402,36,bear_cross
TCS,55,2021-12-03,3655.5660760498045,2022-01-31,3739.6275,4623.378317260758,467.4484204099647,385.0,4540.929896850794,59,bear_cross
LT,106,2021-12-28,1876.780225524902,2022-02-01,1923.8283993530274,4987.106425781281,463.11486984245795,0.0,4523.991555938824,35,bear_cross
ABB,87,2021-12-10,2305.75,2022-02-04,2299.2375,-566.5874999999842,461.05006213097505,0.0,-1027.6375621309592,56,bear_cross
SOLARINDS,77,2022-01-31,2574.1192010498044,2022-02-08,2353.8007012939456,-16964.524481201122,438.7146096863584,0.0,-17403.23909088748,8,bear_cross
DLF,480,2022-02-08,389.7719877624512,2022-02-09,386.53125,-1555.5541259765778,429.9675687225093,0.0,-1985.5216946990872,1,bear_cross
POWERGRID,1147,2022-01-21,160.8260655593872,2022-02-15,151.12125,-11131.423446617102,414.1976959009388,0.0,-11545.62114251804,25,bear_cross
SHRIRAMFIN,732,2022-02-02,258.8455122375488,2022-02-15,233.6144969558716,-18469.103186187713,417.72610603731334,0.0,-18886.829292225026,13,bear_cross
RECLTD,1785,2022-02-03,107.44294055938718,2022-02-16,97.25625000000001,-18183.242648506104,423.16360807416714,8032.5,-10573.90625658027,13,bear_cross
UNIONBANK,4020,2022-01-31,48.0698757648468,2022-02-17,44.4386242389679,-14597.631134033187,430.1210043651313,0.0,-15027.752138398317,17,bear_cross
LODHA,306,2022-01-24,641.5999999999999,2022-02-18,628.4000381469726,-4039.188327026346,447.9461718296129,0.0,-4487.134498855959,25,bear_cross
BHARTIARTL,250,2022-02-17,726.2611372375488,2022-02-18,710.2698628234864,-3997.8186035156114,415.1412623087377,0.0,-4412.959865824349,1,bear_cross
ADANIENSOL,89,2022-02-18,2023.0449999999998,2022-02-21,1955.1000000000001,-6047.104999999974,409.64633352643,0.0,-6456.751333526404,3,bear_cross
SHRIRAMFIN,636,2022-02-18,254.4345030593872,2022-02-21,248.17800304412845,-3979.134009704566,371.23186555820547,0.0,-4350.365875262771,3,bear_cross
CIPLA,198,2022-02-02,947.86375,2022-02-22,890.9670121765137,-11265.55408905029,421.1991383769647,0.0,-11686.753227427256,20,bear_cross
ITC,850,2022-02-03,224.09962341308594,2022-02-22,206.50921222686767,-14951.849508285522,423.6214632691849,4462.5,-10912.970971554709,19,bear_cross
SUNPHARMA,210,2022-02-02,892.2249999999999,2022-02-24,828.5234756469727,-13377.320114135724,418.31919405667486,1470.0,-12325.639308192398,22,bear_cross
SHRIRAMFIN,725,2022-02-23,244.20900611877437,2022-02-24,227.43,-12164.779436111412,396.6265521321153,0.0,-12561.405988243527,1,bear_cross
JINDALSTEL,46,2022-02-04,419.74676223754886,2022-02-25,382.49138717651374,-1713.7472528076157,56.51959946246717,0.0,-1770.2668522700828,21,bear_cross
INDIGO,85,2022-02-09,2195.475,2022-02-25,1895.25,-25519.124999999993,404.05043229474995,0.0,-25923.175432294745,16,bear_cross
DIVISLAB,40,2022-02-17,4476.814027099609,2022-02-25,4039.8250762939456,-17479.55803222654,395.6093843904014,0.0,-17875.167416616943,8,bear_cross
HDFCBANK,231,2022-02-23,764.4563627624511,2022-02-25,718.1750381469727,-10690.985986175512,397.1273672319344,0.0,-11088.113353407447,2,bear_cross
SOLARINDS,74,2022-02-24,2295.725,2022-02-25,2275.2975,-1511.6349999999838,391.73100390498996,0.0,-1903.366003904974,1,bear_cross
TITAN,69,2022-02-24,2408.0049999999997,2022-02-25,2417.4412500000003,651.1012500000452,385.67318732749743,0.0,265.42806267254775,1,bear_cross
BAJAJHLDNG,33,2022-02-21,5278.162499999999,2022-02-28,5145.1050000000005,-4390.897499999966,398.301192430465,0.0,-4789.198692430432,7,bear_cross
EICHERMOT,64,2022-02-23,2740.7346520996093,2022-03-02,2568.363048706055,-11031.782617187477,394.1432004618843,0.0,-11425.92581764936,7,bear_cross
SOLARINDS,72,2022-03-02,2306.802673950195,2022-03-03,2308.7636737060548,141.1919824218894,385.00503689554307,0.0,-243.81305447365364,1,bear_cross
TITAN,66,2022-03-02,2556.375,2022-03-11,2471.8050000000003,-5581.619999999981,384.92154317128,0.0,-5966.541543171261,9,bear_cross
DMART,38,2022-03-02,4310.700070800781,2022-03-14,4179.525000000001,-4984.652690429652,374.60778673593234,0.0,-5359.260477165584,12,bear_cross
HINDZINC,500,2022-03-04,340.84999999999997,2022-03-14,312.21750000000003,-14316.249999999967,379.65182145250003,0.0,-14695.901821452468,10,bear_cross
APOLLOHOSP,35,2022-03-02,4839.0675,2022-03-29,4674.185152587891,-5770.882159423818,386.1637927208708,0.0,-6157.045952144688,27,bear_cross
BEL,2375,2022-03-04,71.51166921615601,2022-03-31,69.89149898529053,-3847.9042983055224,389.2107080473314,1187.5,-3049.615006352854,27,bear_cross
INDIGO,81,2022-03-31,1995.3258505249023,2022-04-25,1875.3997256469727,-9714.0161151123,364.83983798688456,0.0,-10078.855953099182,25,bear_cross
CUMMINSIND,182,2022-02-18,985.4575,2022-04-26,1000.99125,2827.14250000001,417.300190803535,1456.0,3865.842309196475,67,bear_cross
CANBK,3059,2022-03-29,46.10497668266296,2022-04-29,46.76280106544495,2012.2847869301042,331.20419187921146,0.0,1681.080595050893,31,bear_cross
SOLARINDS,6,2022-03-11,2407.0025,2022-05-02,2791.9525762939456,2309.7004577636735,49.86686538926679,0.0,2259.833592374407,52,bear_cross
SUNPHARMA,187,2022-03-15,895.9342622375488,2022-05-02,920.1438871765138,4527.199863586459,392.78089499724865,0.0,4134.418968589211,48,bear_cross
BAJAJHLDNG,31,2022-04-29,5555.855,2022-05-02,5157.075000000001,-12362.179999999964,385.69811939698,0.0,-12747.878119396944,3,bear_cross
COALINDIA,917,2022-03-03,190.0740061187744,2022-05-04,188.27812500000002,-1646.8229859161147,401.4115544894022,0.0,-2048.234540405517,62,bear_cross
GAIL,1606,2022-03-04,106.265,2022-05-04,104.40499746322632,-2987.1640740585262,391.93105143766724,5353.332798,1974.2376725038066,61,bear_cross
JINDALSTEL,382,2022-03-04,448.2177561187744,2022-05-04,536.3557621765137,33668.71831405643,431.19862299809097,382.0,33619.51969105834,61,bear_cross
DIVISLAB,38,2022-03-15,4376.012847900391,2022-05-06,4264.3125,-4244.613220214844,380.8972368318624,0.0,-4625.510457046706,52,bear_cross
SHRIRAMFIN,702,2022-05-04,247.0159938812256,2022-05-12,223.44,-16550.34770462037,383.9646014491125,0.0,-16934.31230606948,8,bear_cross
ADANIENSOL,79,2022-03-02,2116.2774999999997,2022-05-13,2225.4225,8622.455000000034,396.24223316079997,0.0,8226.212766839233,72,bear_cross
SOLARINDS,57,2022-05-06,2987.45,2022-05-16,2783.1745275878907,-11643.701927490221,382.1120864940101,0.0,-12025.81401398423,10,bear_cross
GODREJCP,201,2022-05-18,829.0675,2022-05-26,757.9004878234864,-14304.569447479233,371.24873771257836,0.0,-14675.81818519181,8,bear_cross
KOTAKBANK,483,2022-05-05,361.1005122375488,2022-06-14,346.2521951293945,-7171.737163238516,395.9329004544079,0.0,-7567.670063692924,40,bear_cross
BRITANNIA,47,2022-05-23,3459.8781249999997,2022-06-14,3351.151173706055,-5110.166710815401,371.82486583196226,0.0,-5481.991576647363,22,bear_cross
ITC,618,2022-05-20,267.39432731628415,2022-06-16,256.4556122589112,-6760.125905456498,375.97650765865563,3862.5,-3273.6024131151535,27,bear_cross
ABB,73,2022-05-10,2300.7374999999997,2022-06-20,2142.63,-11541.847499999973,377.03213126846504,0.0,-11918.879631268437,41,bear_cross
BAJAJ-AUTO,43,2022-05-23,3845.5899999999997,2022-06-20,3611.199375,-10078.79687499998,372.77993114953375,0.0,-10451.576806149513,28,bear_cross
TRENT,149,2022-06-16,1108.013125,2022-06-21,1053.4597256469726,-8128.45650360107,374.2105040543928,0.0,-8502.667007655462,5,bear_cross
EICHERMOT,61,2022-05-19,2628.555,2022-06-23,2658.4373474121094,1822.8231921386819,373.9614908227238,0.0,1448.861701315958,35,bear_cross
HAL,186,2022-05-23,888.71625,2022-06-24,892.7625,752.6025000000186,383.88489778178496,0.0,368.7176022182336,32,bear_cross
HDFCAMC,174,2022-06-23,916.285,2022-06-24,915.2062500000001,-187.7024999999826,369.855040535365,0.0,-557.5575405353476,1,bear_cross
DRREDDY,25,2022-05-26,865.3580122375488,2022-06-27,877.7700457763673,310.3008384704623,63.79338019969043,0.0,246.50745827077185,32,bear_cross
HDFCAMC,179,2022-06-27,908.7662499999999,2022-06-29,882.6378506469727,-4676.983484191877,372.3963656885034,0.0,-5049.379849880381,2,bear_cross
BAJAJ-AUTO,2,2022-06-29,3889.7,2022-07-06,3672.795,-433.8099999999995,32.19766537594,280.0,-186.0076653759395,7,bear_cross
SOLARINDS,57,2022-06-22,2761.8875,2022-07-07,2697.539298706055,-3667.847473754856,361.78173882469184,0.0,-4029.629212579548,15,bear_cross
DRREDDY,186,2022-06-28,868.0146005249023,2022-07-27,839.4860517883301,-5306.310065002438,369.03269179338577,1116.0,-4559.342756795823,29,bear_cross
UNITDSPR,194,2022-07-06,795.985,2022-08-03,783.4863871765137,-2424.7308877563364,356.38246371373623,0.0,-2781.1133514700728,28,bear_cross
APOLLOHOSP,41,2022-06-21,3859.5748260498044,2022-08-25,4204.462500000001,14140.394631958041,382.06929413719524,481.75,14240.075337820845,65,bear_cross
MARUTI,21,2022-05-25,7859.599999999999,2022-08-26,8778.0,19286.400000000012,402.55660737759996,1260.0,20143.843392622413,93,bear_cross
TCS,53,2022-08-01,3335.3174999999997,2022-08-30,3147.1125,-9974.864999999972,398.2760982837401,0.0,-10373.141098283713,29,bear_cross
CGPOWER,873,2022-06-27,188.47,2022-09-02,227.43,34012.08000000001,416.68224316420003,0.0,33595.39775683581,67,bear_cross
ONGC,954,2022-08-03,136.34,2022-09-07,130.6725,-5406.79499999999,299.10860657455004,3100.5,-2605.4036065745404,35,bear_cross
ASIANPAINT,4,2022-07-07,2908.653402099609,2022-09-19,3312.3482775878906,1614.7795019531259,42.900009915331324,0.0,1571.8794920377945,74,bear_cross
MOTHERSON,2550,2022-09-19,55.69444231986999,2022-09-22,54.24183265686035,-3704.1546406745792,327.46692994755057,0.0,-4031.6215706221296,3,bear_cross
GODREJCP,189,2022-06-28,797.8897744750976,2022-09-26,884.2338871765137,16319.037300567636,367.77371400150645,0.0,15951.263586566129,90,bear_cross
ADANIENSOL,75,2022-06-28,2155.375,2022-09-29,3637.8825,111188.06250000001,490.33497550337495,0.0,110697.72752449663,93,bear_cross
CUMMINSIND,153,2022-09-08,1236.7341494750976,2022-09-29,1180.3417987060548,-8628.02966766356,427.36887966857245,0.0,-9055.398547332134,21,bear_cross
SBIN,353,2022-09-02,538.3425,2022-09-30,522.69,-5525.332499999971,432.399918413335,0.0,-5957.732418413306,28,bear_cross
APOLLOHOSP,44,2022-09-02,4320.574304199218,2022-10-03,4374.0375,2352.380615234415,440.728858354987,0.0,1911.651756879428,31,bear_cross
MARUTI,20,2022-09-02,9049.06625,2022-10-03,8947.575,-2029.8249999999825,415.88367100195006,0.0,-2445.7086710019325,31,bear_cross
TVSMOTOR,241,2022-05-20,695.5846005249023,2022-10-06,1037.150625,82317.41189849855,473.6949138773589,0.0,81843.71698462119,139,bear_cross
EICHERMOT,56,2022-06-27,2916.2725,2022-10-12,3416.487423706055,28012.03572753907,407.7367049190834,1176.0,28780.299022619987,107,bear_cross
HINDUNILVR,55,2022-09-26,2675.17125,2022-10-12,2557.0413262939455,-6497.145803832989,335.94624240825385,0.0,-6833.092046241243,16,bear_cross
APOLLOHOSP,42,2022-10-07,4390.549097900391,2022-10-12,4269.3,-5092.462111816403,420.3191946735435,0.0,-5512.7813064899465,5,bear_cross
CUMMINSIND,152,2022-10-12,1209.3658505249023,2022-10-14,1197.0,-1879.6092797851452,422.36305386447253,0.0,-2301.9723336496177,2,bear_cross
UNITDSPR,135,2022-09-02,815.9347744750976,2022-10-17,820.9425,676.0429458618256,261.107030466676,0.0,414.93591539514955,45,bear_cross
ETERNAL,2844,2022-10-07,65.3128765296936,2022-10-20,61.54575076103211,-10713.705686073268,417.4839678649617,0.0,-11131.18965393823,13,bear_cross
ABB,56,2022-10-13,3267.1475,2022-10-24,3052.3500000000004,-12028.659999999982,409.91357791516,0.0,-12438.573577915142,11,bear_cross
ZYDUSLIFE,449,2022-10-04,415.03499999999997,2022-11-18,407.3789939117432,-3437.5467336272977,426.3691753338347,0.0,-3863.915908961132,45,bear_cross
DRREDDY,212,2022-09-30,878.701284790039,2022-11-22,872.1342073059083,-1392.2204266357248,428.3440766931403,0.0,-1820.5645033288652,53,bear_cross
ITC,548,2022-10-20,334.96692077636715,2022-11-22,323.69118530273437,-6179.103039550762,417.3204183027302,0.0,-6596.423457853492,33,bear_cross
NESTLEIND,185,2022-10-20,988.4148872375488,2022-11-24,978.796875,-1779.3322639465248,420.3160109227662,1110.0,-1089.648274869291,35,bear_cross
TORNTPHARM,119,2022-09-30,1552.7722744750977,2022-11-25,1610.1146493530275,6823.742610473651,433.51953187938045,0.0,6390.223078594271,56,bear_cross
MAXHEALTH,438,2022-11-29,443.355625,2022-12-09,435.0596189117432,-3633.6506666564674,443.60614566467154,0.0,-4077.256812321139,10,bear_cross
SUNPHARMA,5,2022-09-26,920.2448872375488,2022-12-12,992.4127743530273,360.83943557739246,25.951196335828328,0.0,334.8882392415641,77,bear_cross
HCLTECH,197,2022-10-06,957.88875,2022-12-13,1029.5197256469728,14111.30220245365,449.8102595486436,1970.0,15631.491942905006,68,bear_cross
BHARTIARTL,232,2022-10-24,802.0,2022-12-13,819.945,4163.240000000012,433.61639012344006,0.0,3729.6236098765717,50,bear_cross
ASIANPAINT,61,2022-11-30,3147.749652099609,2022-12-21,3077.2875000000004,-4298.191278076139,438.07325371718537,0.0,-4736.264531793324,21,bear_cross
CANBK,3674,2022-10-20,49.71397515296936,2022-12-23,61.10684832572937,41857.416036720286,465.123143486005,0.0,41392.29289323428,64,bear_cross
INDHOTEL,485,2022-12-09,328.71974388122555,2022-12-23,297.255,-15260.400782394396,354.20848961551974,0.0,-15614.609272009917,14,bear_cross
NTPC,119,2022-12-21,170.42499999999998,2022-12-23,163.88925304412842,-777.7538877487156,59.653620077226165,0.0,-837.4075078259417,2,bear_cross
DMART,46,2022-12-14,4099.32284790039,2022-12-26,3886.26,-9800.891003417935,424.70273940632455,0.0,-10225.59374282426,12,bear_cross
HDFCLIFE,348,2022-11-24,553.2797744750976,2022-12-29,564.585,3934.218482666044,447.78971345933144,0.0,3486.428769206713,35,bear_cross
SIEMENS,108,2022-12-13,1786.61518951416,2022-12-29,1674.0359884643556,-12158.553713378875,432.01399803186325,0.0,-12590.567711410738,16,bear_cross
CIPLA,171,2022-12-29,1088.715,2022-12-30,1092.2125762939454,598.085546264678,430.15429714938824,0.0,167.93124911528975,1,bear_cross
SHREECEM,7,2022-12-29,24170.274999999998,2022-12-30,23341.5,-5801.424999999985,385.74179193955,0.0,-6187.166791939534,1,bear_cross
NESTLEIND,188,2022-12-14,1021.8056510925293,2023-01-02,978.380438232422,-8163.9400177001735,434.25586879507046,0.0,-8598.195886495245,19,bear_cross
BOSCHLTD,10,2023-01-03,17262.999091796875,2023-01-04,17090.864970703125,-1721.3412109374985,397.6235456539141,0.0,-2118.9647565914124,1,bear_cross
DMART,45,2023-01-02,4085.1875,2023-01-06,3860.3250000000003,-10118.812499999987,413.83752095087505,0.0,-10532.650020950863,4,bear_cross
HDFCBANK,227,2022-12-30,824.55625,2023-01-09,796.005,-6481.133749999995,425.0439921671725,0.0,-6906.177742167169,10,bear_cross
TVSMOTOR,169,2022-12-30,1105.7575,2023-01-10,1023.684375,-13870.35812499998,416.70813906918625,0.0,-14287.066264069166,11,bear_cross
LODHA,364,2022-11-22,492.22749999999996,2023-01-12,519.19875,9817.53500000002,424.14613785193,0.0,9393.388862148091,51,bear_cross
AXISBANK,226,2022-10-13,809.0174999999999,2023-01-18,919.5952743530273,24990.57700378419,448.0454508666477,0.0,24542.531552917542,97,bear_cross
MAXHEALTH,416,2022-12-27,448.0673872375488,2023-01-27,437.85263717651367,-4249.336025390621,425.62784448409775,0.0,-4674.9638698747185,31,bear_cross
MOTHERSON,3746,2023-01-02,49.657166156768795,2023-01-27,48.27900152206421,-5162.604721603365,423.83434326797317,0.0,-5586.439064871338,25,bear_cross
ADANIGREEN,85,2023-01-18,2171.5652770996094,2023-01-31,1132.1625000000001,-88349.23605346678,334.3485538410528,0.0,-88683.58460730783,13,bear_cross
HDFCLIFE,270,2023-01-06,609.52,2023-01-31,586.4801371765137,-6220.76296234129,375.02474394308933,0.0,-6595.78770628438,25,bear_cross
HINDALCO,400,2022-12-29,460.4482377624512,2023-02-03,466.580625,2452.954895019525,427.6490160269244,0.0,2025.3058789926006,36,bear_cross
BPCL,1004,2023-01-09,174.3598155593872,2023-02-03,165.56006858825685,-8834.945959014854,395.6440552666508,0.0,-9230.590014281506,25,bear_cross
IOC,250,2023-01-04,79.0972515296936,2023-02-07,79.05187500000001,-11.344132423396047,59.32236012152934,0.0,-70.66649254492539,34,bear_cross
HINDUNILVR,65,2023-02-06,2637.5775,2023-02-14,2578.5375000000004,-3837.599999999968,392.7862654748501,0.0,-4230.386265474818,8,bear_cross
GODREJCP,200,2022-11-18,842.0999999999999,2023-02-28,912.7125000000001,14122.500000000036,404.693603275,0.0,13717.806396725036,102,bear_cross
EICHERMOT,52,2023-02-01,3288.2,2023-03-01,3098.235,-9878.179999999984,385.50491135572,0.0,-10263.684911355704,28,bear_cross
CGPOWER,615,2023-01-10,287.21625,2023-03-02,308.12774391174315,12860.568755722037,421.66795934152356,0.0,12438.900796380514,51,bear_cross
BAJAJFINSV,126,2023-02-15,1401.495,2023-03-02,1371.5625,-3771.4949999999862,404.30335309447,0.0,-4175.798353094457,15,bear_cross
DRREDDY,198,2023-02-03,877.1875,2023-03-03,880.3137194824219,618.9914575195367,402.39444614947945,0.0,216.59701137005717,28,bear_cross
CHOLAFIN,250,2023-01-27,720.0957377624511,2023-03-08,767.2770121765137,11795.318603515654,428.0959439218873,325.0,11692.222659593766,40,bear_cross
LTM,7,2023-01-27,4411.0,2023-03-15,4569.547500000001,1109.832500000004,85.18686701849501,140.0,1164.6456329815092,47,bear_cross
BEL,1823,2023-03-06,96.59087347030639,2023-03-15,93.26625,-6060.788586368552,400.80888374367055,0.0,-6461.597470112222,9,bear_cross
BANKBARODA,697,2023-03-08,171.42749999999998,2023-03-17,161.64487804412843,-6818.487503242469,274.0980496668212,0.0,-7092.5855529092905,9,bear_cross
BAJAJHLDNG,29,2023-02-01,5987.130695800781,2023-03-20,5935.125,-1508.1651782226436,400.06238670511266,0.0,-1908.2275649277562,47,bear_cross
INDHOTEL,554,2023-03-03,316.84011276245116,2023-03-28,305.73375000000004,-6152.924970397917,399.4768841833703,0.0,-6552.401854581287,25,bear_cross
ASIANPAINT,61,2023-03-03,2844.1426739501953,2023-03-29,2777.4888262939453,-4065.884707031252,397.110674603323,0.0,-4462.995381634576,26,bear_cross
ADANIPORTS,255,2023-03-06,691.7249999999999,2023-04-03,636.9536128234863,-13966.703730010968,393.2851683287642,0.0,-14359.988898339732,28,bear_cross
BPCL,254,2023-03-17,175.93875,2023-04-13,169.02637195587158,-1755.7440232086178,112.94196375116923,0.0,-1868.685986959787,27,bear_cross
ABB,59,2023-02-07,2957.3248260498044,2023-04-17,3241.875,16788.46026306154,420.94646330037915,0.0,16367.513799761164,69,bear_cross
SIEMENS,100,2023-01-12,1730.681392211914,2023-04-24,1902.978920288086,17229.752807617206,418.25832189811626,1000.0,17811.49448571909,102,bear_cross
ADANIENSOL,107,2023-03-20,988.5652255249023,2023-04-27,987.3753506469727,-127.31661193846537,250.54070107163983,0.0,-377.8573130101052,38,bear_cross
ADANIGREEN,234,2023-03-16,768.0653994750976,2023-05-11,902.1390243530274,31373.228221435566,447.7462366999424,0.0,30925.481984735623,56,bear_cross
POWERGRID,1045,2023-03-01,166.5779123687744,2023-05-24,177.90413108825683,11835.898561859136,414.9003747832466,0.0,11420.99818707589,84,bear_cross
HDFCAMC,179,2023-04-13,895.7588369750977,2023-05-25,868.8225,-4821.604318542484,367.0662454701933,0.0,-5188.6705640126775,42,bear_cross
ICICIBANK,208,2023-03-28,857.6888627624511,2023-06-13,933.5602743530272,15781.253610839838,428.61643380457986,0.0,15352.637177035258,77,bear_cross
WIPRO,951,2023-04-27,188.6704969406128,2023-06-19,190.5225,1761.2549094772414,416.35545915372734,0.0,1344.899450323514,53,bear_cross
INFY,141,2023-05-25,1297.73625,2023-06-26,1267.0743750000001,-4323.324374999969,417.95286199216383,2467.5,-2273.777236992133,32,bear_cross
GAIL,1788,2023-06-20,108.1697515296936,2023-06-27,104.53800304412842,-6493.566292190547,438.8988972647056,0.0,-6932.465189455253,7,bear_cross
HCLTECH,121,2023-05-11,1084.8553994750976,2023-07-13,1097.25,1499.7466635131957,308.94136282026443,0.0,1190.8053006929313,63,bear_cross
TRENT,122,2023-04-03,1396.4824999999998,2023-07-17,1692.2088262939453,36078.61180786135,431.81131326352613,178.933374,35825.733868597825,105,bear_cross
GODREJCP,188,2023-07-04,1067.6625,2023-07-19,1042.1880487060548,-4789.196843261678,456.93714674621924,0.0,-5246.1339900078965,15,bear_cross
BRITANNIA,40,2023-04-24,4338.619304199218,2023-07-26,4887.75,21965.22783203127,424.2313508008791,0.0,21540.996481230388,93,bear_cross
HDFCLIFE,335,2023-03-29,492.52823776245117,2023-08-02,641.143125,49785.98722457888,434.0754976564742,636.5,49988.41172692241,126,bear_cross
HDFCBANK,219,2023-06-26,824.55625,2023-08-03,817.95,-1446.7687499999852,415.5908115069625,0.0,-1862.3595615069478,38,bear_cross
BAJAJFINSV,35,2023-04-17,1348.3625,2023-08-04,1498.1950762939455,5244.140170288093,125.77515993974788,28.0,5146.365010348346,109,bear_cross
INDHOTEL,512,2023-07-18,394.9348872375489,2023-08-11,382.0425,-6600.902265625016,458.3639930727368,0.0,-7059.266258697752,24,bear_cross
ADANIGREEN,203,2023-07-20,984.4048872375488,2023-08-11,976.6023628234864,-1583.9124560546709,458.2903483295174,0.0,-2042.2028043841883,22,bear_cross
TVSMOTOR,124,2023-07-13,1342.3474999999999,2023-08-16,1330.665,-1448.6299999999865,384.15956499129993,0.0,-1832.7895649912864,34,bear_cross
SHREECEM,8,2023-08-07,24461.0,2023-08-21,23610.774345703125,-6801.805234375002,443.6527770950279,0.0,-7245.45801147003,14,bear_cross
SBILIFE,4,2023-08-11,1343.35,2023-08-21,1279.7425762939454,-254.42969482421813,27.030857908811186,0.0,-281.4605527330293,10,bear_cross
COALINDIA,800,2023-08-02,241.75286888122557,2023-08-23,230.671875,-8864.795104980454,436.4273553464244,3200.0,-6101.222460326879,21,bear_cross
EICHERMOT,59,2023-08-07,3368.3498260498045,2023-08-23,3335.041402587891,-1965.196984252906,455.44405453577167,2183.0,-237.64103878867763,16,bear_cross
TORNTPHARM,113,2023-03-15,1533.2235244750975,2023-08-24,1965.075,48799.21673431399,451.4227530760752,904.0,49251.79398123791,162,bear_cross
DRREDDY,194,2023-06-13,942.3499999999999,2023-09-04,1114.2075,33340.35500000001,456.65849242993,1552.0,34435.69650757008,83,bear_cross
ADANIENSOL,159,2023-07-26,841.9997744750976,2023-09-06,813.0123628234863,-4608.998452606196,308.41189850894466,0.0,-4917.410351115141,42,bear_cross
BAJAJHLDNG,22,2023-09-04,7358.399929199219,2023-09-06,7182.0,-3880.7984423828093,371.477278603276,0.0,-4252.275720986086,2,bear_cross
SIEMENS,87,2023-08-29,2276.7788269042967,2023-09-25,2172.3236462402347,-9087.600717773395,446.602690913284,0.0,-9534.203408686679,27,bear_cross
INDHOTEL,505,2023-08-28,393.98249999999996,2023-09-29,407.8777439117432,7017.098175430341,465.2707616137305,0.0,6551.827413816611,32,bear_cross
HDFCLIFE,314,2023-09-06,645.10875,2023-10-03,632.8638871765137,-3844.8869265746985,462.0184373608198,0.0,-4306.905363935518,27,bear_cross
LTM,10,2023-08-11,5127.787499999999,2023-10-04,5168.047500000001,402.6000000000113,129.8412912901,0.0,272.7587087099113,54,bear_cross
M&M,127,2023-08-16,1562.9476739501952,2023-10-04,1527.9705487060548,-4442.094906005821,452.34436611975326,0.0,-4894.4392721255745,49,bear_cross
ASIANPAINT,61,2023-09-25,3280.480798950195,2023-10-04,3157.0375762939457,-7530.0365820312145,452.7339307532942,0.0,-7982.770512784508,9,bear_cross
SHRIRAMFIN,669,2023-05-25,274.61481765747067,2023-10-05,369.4739939117432,63460.78891410833,489.9110857829696,2676.0,65646.87782832535,133,bear_cross
ADANIPORTS,238,2023-10-05,832.9271005249022,2023-10-10,798.5486128234863,-8182.080072936986,447.8911386326308,0.0,-8629.971211569617,5,bear_cross
HINDALCO,444,2023-08-29,449.12,2023-10-11,484.43586891174317,15680.245796813966,475.25494012644964,0.0,15204.990856687516,43,bear_cross
TORNTPHARM,104,2023-10-09,1884.6999999999998,2023-10-11,1870.7613262939453,-1449.6220654296667,449.9188837171908,0.0,-1899.5409491468574,2,bear_cross
AXISBANK,203,2023-08-25,976.435,2023-10-12,1019.445,8731.03000000002,465.39163686784,0.0,8265.638363132182,48,bear_cross
AXISBANK,194,2023-10-13,1011.5224999999999,2023-10-16,987.5250000000001,-4655.514999999968,447.09713568229006,0.0,-5102.612135682258,3,bear_cross
INFY,132,2023-10-12,1495.6297744750975,2023-10-17,1436.649375,-7785.412730712877,446.49271533553485,0.0,-8231.905446048411,5,bear_cross
MAZDOCK,22,2023-09-06,962.4,2023-10-20,1059.7689862060547,2142.1176965332043,64.66774526468973,75.46000000000001,2152.9099512685148,44,bear_cross
BPCL,1088,2023-10-20,175.7382530593872,2023-10-23,172.34305641174316,-3693.9739526367175,436.89906605862166,0.0,-4130.873018695339,3,bear_cross
AMBUJACEM,445,2023-10-13,445.61125,2023-10-25,415.95750000000004,-13195.918749999975,442.82403378231254,0.0,-13638.742783782289,12,bear_cross
DMART,51,2023-10-06,3869.6499999999996,2023-10-26,3718.7299237060547,-7696.923890991191,446.42659651974236,0.0,-8143.350487510933,20,bear_cross
ITC,459,2023-10-16,432.4644818878174,2023-10-26,412.586188659668,-9124.136591720577,447.5024114698392,0.0,-9571.639003190416,10,bear_cross
HCLTECH,24,2023-10-23,1251.12,2023-10-26,1211.9625,-939.7799999999952,81.16922953588,0.0,-1020.9492295358752,3,bear_cross
TITAN,64,2023-08-21,3058.6275,2023-10-27,3087.3623474121096,1839.0302343750081,452.759575593242,0.0,1386.270658781766,67,bear_cross
CIPLA,158,2023-10-26,1157.6870489501953,2023-10-27,1149.1200000000001,-1353.593734130835,420.8862678609894,0.0,-1774.4800019918243,1,bear_cross
INDIGO,79,2023-10-10,2497.1271520996092,2023-10-30,2465.021951293945,-2536.310863647458,451.60425372003283,0.0,-2987.915117367491,20,bear_cross
HINDUNILVR,78,2023-10-11,2524.6459729003905,2023-10-30,2464.8225,-4666.230886230439,448.61451126955535,0.0,-5114.845397499994,19,bear_cross
BRITANNIA,40,2023-10-17,4597.665695800781,2023-10-30,4488.75,-4356.627832031227,419.97808062752085,0.0,-4776.605912658748,13,bear_cross
DRREDDY,163,2023-10-25,1122.8,2023-10-30,1076.0930639648439,-7613.230573730445,414.61907184022857,0.0,-8027.849645570674,5,bear_cross
BOSCHLTD,10,2023-10-12,19650.253125,2023-11-02,19451.25,-1990.0312499999927,450.4567191964375,0.0,-2440.48796919643,21,bear_cross
CIPLA,156,2023-11-03,1218.0375,2023-12-01,1210.4163262939453,-1188.9030981445185,436.8517184387663,0.0,-1625.7548165832848,28,bear_cross
ULTRACEMCO,22,2023-11-02,8406.463749999999,2024-01-16,9929.06531982422,33497.23453613286,461.5518635196214,0.0,33035.68267261324,75,bear_cross
ADANIPOWER,2533,2023-11-03,75.54840061187744,2024-01-24,104.29859756469729,72824.24888149268,516.6374560030843,0.0,72307.6114254896,82,bear_cross
ICICIBANK,211,2024-01-24,1032.0235760498047,2024-01-25,995.9040243530272,-7621.2254080200355,491.9020250891349,0.0,-8113.12743310917,1,bear_cross
ADANIENT,7,2023-12-01,2375.9249999999997,2024-01-29,2921.6775000000002,3820.2675000000036,56.305073583805,0.0,3763.9624264161985,59,bear_cross
TRENT,86,2023-11-02,2215.525,2024-02-07,3072.3,73682.65000000001,515.6837113477,0.0,73166.9662886523,97,bear_cross
TECHM,136,2024-01-16,1333.4252255249023,2024-02-16,1301.8372256469727,-4295.96798339843,414.3437172658838,0.0,-4710.311700664314,31,bear_cross
MAXHEALTH,325,2023-11-03,586.9136372375488,2024-03-05,740.1948628234863,49816.39831542972,491.3958940149839,0.0,49325.002421414734,123,bear_cross
HCLTECH,148,2023-11-03,1285.8064755249022,2024-03-13,1634.653125,51629.304122314476,492.28084598328905,1776.0,52913.02327633119,131,bear_cross
ADANIPOWER,2083,2024-01-30,115.2875,2024-03-15,106.95195121765137,-17362.948113632185,531.6025204655792,0.0,-17894.550634097763,45,bear_cross
CANBK,2466,2023-11-02,77.58347438812255,2024-03-18,109.72500000000001,79261.00215888981,523.2187573327215,0.0,78737.78340155708,137,bear_cross
DLF,328,2023-11-02,580.4475,2024-03-18,823.9848628234864,79880.25500610354,521.7830486102218,0.0,79358.47195749331,137,bear_cross
BPCL,1048,2023-11-03,181.02643444061277,2024-03-18,292.49194358825685,116815.85358673098,558.6072406823979,11004.0,127261.24634604859,136,bear_cross
HCLTECH,150,2024-03-15,1681.1924999999999,2024-03-19,1637.4461737060549,-6561.9489440917505,569.5831820402055,0.0,-7131.532126131956,4,bear_cross
TORNTPHARM,104,2023-10-12,1897.7324999999998,2024-03-20,2512.7025000000003,63956.88000000005,520.78744708744,2288.0,65724.09255291261,160,bear_cross
DRREDDY,201,2024-01-25,1183.3710940551757,2024-03-20,1221.927515258789,7749.840661926284,552.5681515136502,0.0,7197.272510412635,55,bear_cross
SBILIFE,16,2024-02-07,1476.2814755249024,2024-03-20,1456.3500000000001,-318.9036083984356,67.56034735723395,43.2,-343.26395575566954,42,bear_cross
PIDILITIND,193,2024-02-19,1359.1895489501953,2024-04-22,1414.9787118530273,10767.308440246577,610.1307256041059,0.0,10157.17771464247,63,bear_cross
KOTAKBANK,711,2024-03-20,351.1556987762451,2024-04-29,321.2149390411377,-21287.880171661367,548.7284236742439,0.0,-21836.60859533561,40,bear_cross
ADANIENSOL,70,2024-04-29,1075.5321005249023,2024-05-08,1015.5547256469727,-4198.416241455072,178.4845084549277,0.0,-4376.900749909999,9,bear_cross
TATAPOWER,643,2024-03-22,390.8747438812256,2024-05-14,412.06725608825684,13626.785349121099,588.6439825816233,0.0,13038.141366539476,53,bear_cross
ITC,619,2024-03-18,404.4701405334473,2024-05-17,415.32365158081063,6718.3233383178995,579.3291727451204,0.0,6138.994165572779,60,bear_cross
ETERNAL,1488,2024-03-22,170.8761219406128,2024-05-23,186.03375,22554.550552368164,604.4270890214548,0.0,21950.12346334671,62,bear_cross
BAJAJHLDNG,26,2024-05-08,8206.66569580078,2024-05-27,7980.9975,-5867.373090820287,483.9686482714985,0.0,-6351.341739091786,19,bear_cross
MAXHEALTH,82,2024-05-17,847.4132377624511,2024-05-29,789.9701371765137,-4710.334248046865,165.05095249635653,0.0,-4875.385200543221,12,bear_cross
SBIN,351,2024-04-24,780.44625,2024-06-12,834.9075,19115.898750000022,644.6284580652475,4808.7,23279.970291934776,49,bear_cross
BANKBARODA,1021,2024-05-27,270.17375,2024-06-12,274.2127439117432,4123.812783889813,633.326671032669,0.0,3490.486112857144,16,bear_cross
ADANIGREEN,163,2024-06-13,1843.7478994750975,2024-06-19,1815.45,-4612.557614440882,679.1796746869329,0.0,-5291.7372891278155,6,bear_cross
ADANIENT,79,2024-05-23,3164.5917010498047,2024-06-27,3169.0575000000003,352.7981170654584,571.9151006195177,99.56614900000001,-119.55083455405934,35,bear_cross
ONGC,988,2024-06-19,276.58974388122556,2024-06-27,266.7314939117432,-9739.95096984857,613.2115755128839,0.0,-10353.162545361454,8,bear_cross
ADANIPOWER,2216,2024-05-15,126.315,2024-07-01,143.04149391174317,37065.91050842288,676.5485131173809,0.0,36389.3619953055,47,bear_cross
BAJAJ-AUTO,23,2024-05-29,8972.375,2024-07-04,9456.200639648438,11127.989711914064,486.0067373705779,1840.0,12481.982974543485,36,bear_cross
JINDALSTEL,307,2024-03-22,820.9973872375488,2024-07-11,1005.48,56636.162118072534,634.850100000348,0.0,56001.31201807218,111,bear_cross
HAL,80,2024-03-22,3121.835173950195,2024-07-23,5032.3875,152844.1860839844,729.5411842707604,0.0,152114.64489971363,123,bear_cross
HINDALCO,467,2024-03-22,541.0492622375488,2024-07-23,670.6192378234864,60509.178598632876,640.2558451317468,0.0,59868.92275350113,123,bear_cross
CGPOWER,366,2024-03-05,471.17499999999995,2024-07-24,680.2950000000001,76537.92000000004,478.40983807612,0.0,76059.51016192393,141,bear_cross
CHOLAFIN,213,2024-07-24,1399.2895489501952,2024-07-25,1377.8966006469727,-4556.697988586395,673.7151205019757,0.0,-5230.41310908837,1,bear_cross
MUTHOOTFIN,176,2024-03-22,1438.0360760498047,2024-07-26,1745.625,54135.65061523437,634.587994405567,4224.0,57725.0626208288,126,bear_cross
ASIANPAINT,103,2024-07-04,2947.35,2024-07-26,2894.9444512939453,-5397.77151672362,685.1421832065218,0.0,-6082.913699930142,22,bear_cross
BAJAJHLDNG,8,2024-06-12,8470.022641601561,2024-08-07,9331.014389648439,6887.93398437502,173.2392481494494,168.0,6882.694736225571,56,bear_cross
EICHERMOT,47,2024-07-11,4891.147570800781,2024-08-08,4612.4400000000005,-13099.255827636687,513.1992924454308,2397.0,-11215.455120082119,28,bear_cross
IOC,1696,2024-07-26,178.78584632873535,2024-08-12,167.58,-19005.115373535125,670.2332434773879,0.0,-19675.348617012514,17,bear_cross
INDHOTEL,466,2024-07-29,653.0786372375488,2024-08-13,616.4051371765137,-17089.851028442383,674.6982561104891,0.0,-17764.54928455287,15,bear_cross
TITAN,86,2024-07-29,3503.7374999999997,2024-08-13,3321.675,-15657.37499999996,669.4804674278499,0.0,-16326.85546742781,15,bear_cross
GAIL,1295,2024-08-14,228.8707530593872,2024-08-19,233.41500000000002,5884.7997880936055,680.851671831919,0.0,5203.948116261687,5,bear_cross
ADANIENSOL,291,2024-07-24,1028.4647744750976,2024-08-27,1052.5121493530273,6997.786089477563,688.4485098783223,0.0,6309.337579599241,34,bear_cross
DMART,58,2024-08-13,5052.550070800781,2024-08-28,4983.0112500000005,-4033.251606445283,663.1323742148329,0.0,-4696.383980660115,15,bear_cross
NTPC,793,2024-07-01,382.70437499999997,2024-09-09,390.2220121765138,5961.486280975445,696.720593397134,2577.25,7842.0156875783105,70,bear_cross
TMPV,279,2024-08-14,1059.6425,2024-09-09,1046.7266006469727,-3603.5359194946086,669.3456627849909,0.0,-4272.8815822796,26,bear_cross
HAL,61,2024-09-09,4699.8203479003905,2024-09-12,4596.430319824219,-6306.79171264648,646.6265156155811,0.0,-6953.418228262061,3,bear_cross
ADANIGREEN,161,2024-08-14,1804.5,2024-09-13,1802.4825,-324.8174999999883,661.365426270595,0.0,-986.1829262705833,30,bear_cross
IOC,1687,2024-08-27,173.2320030593872,2024-09-18,170.17350608825686,-5159.684390296905,660.1716867698767,0.0,-5819.856077066782,22,bear_cross
TCS,76,2024-06-28,3927.594548950195,2024-09-23,4289.25,27485.814279785176,707.9540694052976,760.0,27537.86021037988,87,bear_cross
HDFCAMC,142,2024-08-16,2087.7062499999997,2024-10-04,2107.21875,2770.7750000000387,677.7694748910999,0.0,2093.005525108939,49,bear_cross
ADANIGREEN,146,2024-09-18,1944.85,2024-10-07,1796.6471493530275,-21637.616194457965,624.624147391372,0.0,-22262.240341849338,19,bear_cross
UNIONBANK,2346,2024-09-23,124.71100152969359,2024-10-07,119.1513719558716,-13042.890980186397,652.7269444367771,0.0,-13695.617924623175,14,bear_cross
KOTAKBANK,766,2024-09-13,368.31849388122555,2024-10-09,359.2995121765137,-6908.539985809276,635.8636234042815,0.0,-7544.4036092135575,26,bear_cross
BAJFINANCE,441,2024-08-28,689.3189755249023,2024-10-10,730.1700000000001,18015.30179351813,710.3490438742058,0.0,17304.952749643926,43,bear_cross
JINDALSTEL,313,2024-09-12,983.4023872375487,2024-10-14,1003.5348628234864,6301.464858398482,706.685317654727,0.0,5594.779540743755,32,bear_cross
LTM,47,2024-10-09,6409.985,2024-10-22,5954.0278198242195,-21429.98746826167,663.3759451680405,0.0,-22093.36341342971,13,bear_cross
INFY,156,2024-10-10,1962.7947744750975,2024-10-23,1840.6368750000001,-19056.632318115186,676.799036668554,0.0,-19733.43135478374,13,bear_cross
TORNTPHARM,86,2024-10-10,3575.9175,2024-10-23,3331.300777587891,-21037.03812744138,677.7100486152235,0.0,-21714.748176056604,13,bear_cross
INDHOTEL,435,2024-10-15,708.7674999999999,2024-10-23,650.5695121765137,-25316.12470321649,675.0172813924848,0.0,-25991.141984608974,8,bear_cross
KOTAKBANK,803,2024-10-15,383.3961024475098,2024-10-23,351.34943595886233,-25733.473190383924,673.5902928426513,0.0,-26407.063483226575,8,bear_cross
SUNPHARMA,135,2024-07-01,1524.6521005249022,2024-10-24,1825.4250000000002,40604.341429138236,515.3918664494928,675.0,40763.949562688744,115,bear_cross
BOSCHLTD,9,2024-09-10,33188.46346679687,2024-10-25,36105.95809570313,26257.451660156315,707.1224639393777,0.0,25550.32919621694,45,bear_cross
BHARTIARTL,32,2024-08-19,1490.7175,2024-10-28,1654.0046493530274,5225.188779296877,126.89076003429525,0.0,5098.298019262582,70,bear_cross
VBL,479,2024-10-31,607.0638627624511,2024-11-01,598.5,-4102.090263214074,658.0232879690819,0.0,-4760.113551183156,1,bear_cross
TECHM,184,2024-10-10,1677.1825,2024-11-06,1645.8250762939454,-5769.765961914034,695.9349085754745,2760.0,-3705.700870489508,27,bear_cross
VBL,472,2024-11-04,612.5274999999999,2024-11-06,590.52,-10387.53999999997,647.78593093852,0.0,-11035.32593093849,2,bear_cross
DIVISLAB,63,2024-07-29,4816.009999999999,2024-11-18,5685.75,54793.620000000046,747.2103910772798,1890.0,55936.40960892276,112,bear_cross
ICICIBANK,218,2024-10-30,1327.31,2024-11-19,1253.9074237060547,-16001.76163208006,642.4969934992704,0.0,-16644.258625579332,20,bear_cross
BANKBARODA,1154,2024-10-31,252.07862194061278,2024-11-21,236.6069969558716,-17854.255232391308,644.012873161013,0.0,-18498.26810555232,21,bear_cross
HDFCBANK,270,2024-10-22,867.1875869750976,2024-11-22,869.5955868530274,650.1599670410451,536.9334042841433,0.0,113.22656275690184,31,bear_cross
SBIN,353,2024-10-31,822.05,2024-11-22,784.0350000000001,-13419.294999999955,647.0228095750299,0.0,-14066.317809574984,22,bear_cross
BEL,1008,2024-11-05,283.20625,2024-11-22,275.31,-7959.420000000009,642.2041587182799,0.0,-8601.624158718289,17,bear_cross
MAXHEALTH,282,2024-11-01,1027.5625,2024-11-29,979.5450000000001,-13540.93499999998,645.9821661568901,0.0,-14186.917166156869,28,bear_cross
EICHERMOT,58,2024-11-04,5014.956320800781,2024-12-06,4838.8725,-10212.861606445287,651.8705462079229,0.0,-10864.73215265321,32,bear_cross
DIVISLAB,45,2024-11-26,6164.522777099609,2024-12-16,5868.79125,-13307.91871948239,618.7049764673006,0.0,-13926.62369594969,20,bear_cross
BAJAJFINSV,171,2024-12-16,1679.1875,2024-12-23,1579.0425,-17124.795,636.40951646098,0.0,-17761.204516460977,7,bear_cross
PFC,584,2024-11-25,491.22499999999997,2024-12-24,457.1542378234864,-19897.32511108391,632.9422279706108,0.0,-20530.267339054517,29,bear_cross
UNIONBANK,143,2024-11-06,118.46542316436768,2024-12-26,117.90449695587161,-80.21244781493807,52.94633831624844,0.0,-133.1587861311865,50,bear_cross
M&M,91,2024-11-26,3061.13375,2024-12-26,2917.6875,-13053.608749999996,621.5487941161525,0.0,-13675.15754411615,30,bear_cross
CGPOWER,370,2024-11-29,758.8924999999999,2024-12-26,716.205,-15794.374999999958,623.6602826714499,0.0,-16418.035282671408,27,bear_cross
ETERNAL,1041,2024-11-21,274.3842622375488,2024-12-27,274.2127439117432,-178.55057716363712,650.6367591659194,0.0,-829.1873363295565,36,bear_cross
HDFCBANK,311,2024-11-26,907.2624999999999,2024-12-27,895.1565243530274,-3764.958426208455,639.1841321525508,0.0,-4404.142558361006,31,bear_cross
VBL,445,2024-11-22,627.5649999999999,2024-12-30,619.5971493530274,-3545.6935379027977,632.9769697867184,0.0,-4178.670507689516,38,bear_cross
ADANIPORTS,227,2025-01-02,1226.8595489501952,2025-01-07,1160.1424237060548,-15144.787430419856,619.2324358788667,0.0,-15764.019866298722,5,bear_cross
LODHA,241,2024-11-07,1233.075,2025-01-08,1355.6025,29529.12749999998,707.1234677561649,0.0,28822.004032243814,62,bear_cross
ADANIPOWER,2663,2025-01-03,104.86149847030639,2025-01-08,102.63277439117432,-5935.0922227286865,630.4531306363453,0.0,-6565.545353365032,5,bear_cross
ADANIENSOL,342,2024-12-30,810.5713627624511,2025-01-09,773.7108993530273,-12606.27848602294,619.0143330586759,0.0,-13225.292819081616,10,bear_cross
ITC,598,2024-12-26,463.8857346343994,2025-01-10,448.82513717651375,-9006.237279815618,623.1678877364652,0.0,-9629.405167552082,15,bear_cross
VBL,434,2025-01-01,640.0962499999999,2025-01-10,598.5,-18052.772499999974,614.668662571135,0.0,-18667.44116257111,9,bear_cross
DIVISLAB,37,2025-01-03,6174.3975,2025-01-10,5785.5,-14389.2075,508.67687488274504,0.0,-14897.884374882746,7,bear_cross
JINDALSTEL,270,2025-01-08,939.3425,2025-01-10,927.6750000000001,-3150.224999999974,576.3342635333499,0.0,-3726.559263533324,2,bear_cross
BAJAJHLDNG,25,2024-12-06,10726.75,2025-01-14,10472.7525,-6349.937499999987,605.3775897628749,0.0,-6955.315089762863,39,bear_cross
CIPLA,183,2024-12-30,1512.7724999999998,2025-01-14,1432.41,-14706.33749999995,615.994654501885,0.0,-15322.332154501835,15,bear_cross
ADANIENT,108,2025-01-02,2572.1142010498047,2025-01-14,2235.8962500000002,-36311.53871337888,595.6970101750385,0.0,-36907.23572355392,12,bear_cross
DMART,4,2025-01-07,3943.8349999999996,2025-01-16,3561.0750000000003,-1531.0399999999972,48.848855653840005,0.0,-1579.8888556538373,9,bear_cross
HINDUNILVR,25,2025-01-10,2441.488402099609,2025-01-22,2336.6936737060546,-2619.8682098388645,148.4184503712048,0.0,-2768.2866602100694,12,bear_cross
TMPV,331,2025-01-20,781.9499999999999,2025-01-27,731.1176371765138,-16825.51209457392,573.7230798654166,0.0,-17399.23517443934,7,bear_cross
CHOLAFIN,209,2025-01-09,1283.1999999999998,2025-01-28,1201.9875,-16973.412499999973,594.401340537625,0.0,-17567.813840537598,19,bear_cross
NESTLEIND,2,2025-01-10,1138.8650869750975,2025-01-29,1075.4546493530274,-126.8208752441401,20.275956686862962,0.0,-147.09683193100307,19,bear_cross
ADANIPOWER,2341,2025-01-20,110.52562499999999,2025-01-29,100.3385213470459,-23848.00965156553,566.2488745657654,0.0,-24414.258526131296,9,bear_cross
ADANIENSOL,313,2025-01-22,827.0625,2025-01-30,750.0701371765138,-24098.609563751193,566.2782917436571,0.0,-24664.88785549485,8,bear_cross
AMBUJACEM,457,2025-01-29,544.3575,2025-01-31,509.7225,-15828.19499999997,552.3892814563601,0.0,-16380.584281456331,2,bear_cross
GODREJCP,224,2025-01-10,1184.1529510498046,2025-02-01,1123.9830487060547,-13478.058124999996,591.4897453869244,0.0,-14069.547870386921,22,bear_cross
RELIANCE,198,2025-01-20,1319.29,2025-02-01,1261.9372256469728,-11355.849321899375,584.7234740274057,0.0,-11940.57279592678,12,bear_cross
COALINDIA,628,2025-02-01,396.88974388122557,2025-02-10,376.0575,-13082.649157409654,556.2951620027231,0.0,-13638.944319412378,9,bear_cross
DLF,328,2025-02-10,759.895,2025-02-11,727.2273628234864,-10714.984993896463,558.7487231121418,0.0,-11273.733717008605,1,bear_cross
BRITANNIA,53,2025-01-10,4940.82125,2025-02-12,4886.802180175781,-2863.010700683586,594.9670110843616,0.0,-3457.9777117679478,33,bear_cross
NESTLEIND,3,2025-02-01,1159.39125,2025-02-13,1094.1328125,-195.7753124999997,22.875184213245625,21.375,-197.27549671324533,12,bear_cross
ADANIPORTS,216,2025-02-11,1147.0604510498047,2025-02-18,1080.1927743530273,-14443.418166503914,551.5869842772997,0.0,-14995.005150781213,7,bear_cross
AXISBANK,243,2025-02-12,1002.5,2025-02-19,989.1708993530273,-3238.9714572143744,553.960760866457,0.0,-3792.9322180808313,7,bear_cross
HDFCLIFE,390,2025-01-31,639.5949999999999,2025-02-21,616.2554878234863,-9102.409748840308,560.8587716566944,0.0,-9663.268520497002,21,bear_cross
BHARTIARTL,159,2025-01-16,1623.0976739501953,2025-02-25,1593.0075000000002,-4784.33765808102,584.5395613735413,0.0,-5368.877219454562,40,bear_cross
GRASIM,100,2025-01-30,2464.846701049805,2025-02-25,2386.02,-7882.67010498048,555.5445226026743,0.0,-8438.214627583155,26,bear_cross
TATACONSUM,5,2025-01-08,957.3874999999999,2025-03-03,961.2907621765137,19.516310882568746,26.01028233125744,0.0,-6.4939714486886935,54,bear_cross
LODHA,202,2025-02-24,1199.9924999999998,2025-03-04,1118.0478506469726,-16552.819169311497,537.459064286661,0.0,-17090.278233598157,8,bear_cross
BAJAJHLDNG,21,2025-01-30,11630.203195800781,2025-03-05,11196.9375,-9098.579611816402,549.2764072007985,0.0,-9647.856019017201,34,bear_cross
SBILIFE,166,2025-02-20,1476.6825,2025-03-05,1387.6721493530274,-14775.718207397433,545.3781783448766,0.0,-15321.09638574231,13,bear_cross
NTPC,759,2025-02-27,316.1383811187744,2025-03-05,312.76611282348637,-2559.5516361236314,546.5261899313552,0.0,-3106.077826054987,6,bear_cross
ETERNAL,1094,2025-02-25,224.76049694061277,2025-03-10,216.8664786529541,-8636.056006698582,553.4354403693807,0.0,-9189.491447067961,13,bear_cross
JINDALSTEL,258,2025-02-25,857.2878994750976,2025-04-08,816.5534756469727,-10509.481347656203,496.521937794457,0.0,-11006.00328545066,42,bear_cross
CGPOWER,383,2025-03-10,636.5875,2025-04-08,554.61,-31397.382499999985,525.206282976355,497.90000000000003,-31424.688782976336,29,bear_cross
JSWSTEEL,269,2025-01-27,903.3527255249024,2025-04-09,942.7871493530273,10607.860009765589,566.9781633120479,0.0,10040.88184645354,72,bear_cross
CHOLAFIN,190,2025-01-30,1298.73875,2025-04-09,1471.3125,32789.012500000004,598.350933915925,247.0,32437.66156608408,69,bear_cross
CUMMINSIND,83,2025-03-06,2929.305,2025-04-11,2793.0,-11313.314999999986,544.52719113889,0.0,-11857.842191138876,36,bear_cross
COALINDIA,617,2025-04-17,397.89224388122557,2025-05-05,384.9851371765137,-7963.6848368072115,553.2686913657094,0.0,-8516.953528172922,18,bear_cross
NTPC,740,2025-03-06,329.8225,2025-05-06,348.1275,13545.700000000004,572.3992517979999,0.0,12973.300748202004,61,bear_cross
CHOLAFIN,152,2025-04-17,1609.0124999999998,2025-05-07,1501.2375000000002,-16381.799999999945,542.467470748,0.0,-16924.267470747945,20,bear_cross
BAJAJ-AUTO,27,2025-04-21,8030.025,2025-05-08,7830.873750000001,-5377.0837499999725,492.1247725233475,0.0,-5869.2085225233195,17,bear_cross
ADANIPOWER,2063,2025-03-11,100.45049694061281,2025-05-12,108.7175228691101,17054.87449048991,494.07922979752317,0.0,16560.795260692386,62,bear_cross
MUTHOOTFIN,94,2025-05-12,2270.562152099609,2025-05-19,2089.7625000000003,-16995.167297363238,472.55706021199296,0.0,-17467.72435757523,7,bear_cross
TCS,2,2025-05-05,3458.625,2025-06-04,3380.5275,-156.1949999999997,30.56754317683,60.0,-126.7625431768297,30,bear_cross
AXISBANK,242,2025-02-20,1010.9210244750975,2025-06-05,1169.5687500000001,38392.749577026436,599.4533015333914,0.0,37793.29627549305,105,bear_cross
MAXHEALTH,202,2025-05-07,1125.8075,2025-06-06,1139.9430487060547,2855.3808386230708,524.2536164236526,0.0,2331.127222199418,30,bear_cross
CHOLAFIN,152,2025-05-08,1578.9375,2025-06-06,1515.2025,-9687.719999999985,539.24144392768,0.0,-10226.961443927665,29,bear_cross
TITAN,74,2025-04-11,3230.055,2025-06-13,3401.1757012939456,12662.931895751988,560.2602207510845,0.0,12102.671675000904,63,bear_cross
UNITDSPR,160,2025-06-06,1627.55875,2025-06-16,1455.2527743530275,-27568.956103515593,566.1017575572764,0.0,-28135.05786107287,10,bear_cross
INDHOTEL,334,2025-06-09,781.6492622375488,2025-06-16,740.1450000000001,-13862.423587341262,581.7926065073107,0.0,-14444.216193848571,7,bear_cross
MAZDOCK,103,2025-03-10,2350.5617010498045,2025-06-17,3157.0875,83072.15729187014,640.1640159688396,309.0,82740.9932759013,99,bear_cross
CHOLAFIN,136,2025-06-13,1554.8774999999998,2025-06-18,1548.1200000000001,-919.0199999999604,484.8527795299599,0.0,-1403.8727795299203,5,bear_cross
BAJAJFINSV,123,2025-06-17,2035.0749999999998,2025-06-18,1996.9950000000001,-4683.839999999963,567.38304783166,0.0,-5251.223047831622,1,bear_cross
ADANIPORTS,208,2025-03-11,1140.1432989501952,2025-06-20,1334.655,40458.433818359386,584.9255565843572,1456.0,41329.50826177503,101,bear_cross
ADANIPOWER,1960,2025-05-19,113.58325305938719,2025-06-23,105.735,-15382.575996398893,494.6767368007801,0.0,-15877.252733199673,35,bear_cross
TORNTPHARM,4,2025-06-16,3258.125,2025-06-25,3172.947652587891,-340.7093896484366,43.98140842492238,24.0,-360.690798073359,9,bear_cross
LODHA,198,2025-04-17,1243.5010244750977,2025-07-01,1389.7169512939454,28950.75351013185,593.1517736463011,0.0,28357.601736485547,75,bear_cross
ABB,40,2025-07-01,6129.78625,2025-07-03,5915.175,-8584.449999999997,551.9393203207001,0.0,-9136.389320320697,2,bear_cross
DMART,58,2025-06-19,4239.5725,2025-07-14,4079.775,-9268.255000000008,552.79565947993,0.0,-9821.050659479939,25,bear_cross
MARUTI,19,2025-06-19,12781.875,2025-07-15,12449.7975,-6309.472499999989,549.1026241391651,0.0,-6858.575124139154,26,bear_cross
INFY,164,2025-05-07,1503.75,2025-07-17,1594.005,14801.820000000018,579.36750825892,3608.0,17830.452491741096,71,bear_cross
EICHERMOT,44,2025-06-23,5508.737499999999,2025-07-24,5426.400000000001,-3622.849999999944,550.8414666463,0.0,-4173.6914666462435,31,bear_cross
ADANIENSOL,283,2025-07-03,881.0471005249022,2025-07-25,851.2166006469727,-8442.031465454073,561.3086436986307,0.0,-9003.340109152703,22,bear_cross
ITC,581,2025-07-16,423.1552561187744,2025-07-28,409.7729878234864,-7775.09787956232,554.251224872982,0.0,-8329.349104435301,12,bear_cross
HINDZINC,567,2025-07-29,433.08,2025-07-31,425.9325,-4052.6324999999883,557.452511133025,0.0,-4610.085011133014,2,bear_cross
ADANIGREEN,237,2025-07-16,1035.6827255249023,2025-08-01,986.3279878234864,-11697.072835235555,549.3006338161902,0.0,-12246.373469051745,16,bear_cross
TMPV,353,2025-07-25,702.7524999999999,2025-08-01,666.2801371765137,-12874.744076690651,553.8964080919666,0.0,-13428.640484782618,7,bear_cross
MUTHOOTFIN,1,2025-06-05,2277.980798950195,2025-08-04,2585.52,307.5392010498049,20.727122029678256,0.0,286.81207902012665,60,bear_cross
BANKBARODA,985,2025-07-17,250.6751280593872,2025-08-04,234.5721036529541,-15861.479040336597,548.2246639876209,0.0,-16409.703704324216,18,bear_cross
APOLLOHOSP,35,2025-06-16,7028.02625,2025-08-07,7146.09,4132.231250000009,566.8881012981624,0.0,3565.3431487018465,52,bear_cross
HINDALCO,369,2025-06-25,678.6423872375487,2025-08-07,680.1952743530273,573.0153456116025,573.0697367596506,0.0,-0.05439114804806877,43,bear_cross
HDFCBANK,254,2025-06-24,984.95625,2025-08-08,991.0661128234864,1551.9051571655516,573.5509467781244,3429.0,4407.354210387427,45,bear_cross
CIPLA,155,2025-07-29,1567.3085244750976,2025-08-11,1484.28,-12869.421293640125,542.469041141396,0.0,-13411.890334781521,13,bear_cross
GODREJCP,190,2025-08-04,1273.0747744750977,2025-08-11,1184.1322256469728,-16899.084277343736,535.9556752545813,0.0,-17435.039952598316,7,bear_cross
CGPOWER,359,2025-08-12,666.6123872375488,2025-08-14,674.3100000000001,2763.4429817200116,550.6351309423278,0.0,2212.807850777684,2,bear_cross
MAXHEALTH,189,2025-08-12,1271.1699999999998,2025-08-18,1213.0597256469728,-10982.841852722118,538.4599310024948,0.0,-11521.301783724613,6,bear_cross
JIOFIN,730,2025-08-04,330.6746311187744,2025-08-29,310.2225,-14930.055716705305,536.9043584274502,365.0,-15101.960075132754,25,bear_cross
SBILIFE,133,2025-07-31,1842.5949999999998,2025-09-02,1810.3627743530274,-4286.886011047334,556.1166118604434,0.0,-4843.002622907778,33,bear_cross
INFY,151,2025-08-29,1505.6547744750976,2025-09-08,1447.3725000000002,-8800.623445739713,512.0298007601821,0.0,-9312.653246499895,10,bear_cross
ASIANPAINT,99,2025-08-04,2449.3079510498046,2025-09-18,2491.655152587891,4192.372952270534,559.1649152528339,0.0,3633.2080370177005,45,bear_cross
PIDILITIND,153,2025-08-11,1553.37375,2025-09-18,1527.1725000000001,-4008.7912499999766,539.9438335057075,0.0,-4548.735083505684,38,bear_cross
CIPLA,22,2025-08-14,1566.40625,2025-09-23,1538.3444512939454,-617.3595715332003,91.36865475758403,0.0,-708.7282262907844,40,bear_cross
HCLTECH,3,2025-09-18,1496.3314755249023,2025-09-24,1421.5372256469727,-224.38274963378876,25.094392657409937,0.0,-249.4771422911987,6,bear_cross
APOLLOHOSP,30,2025-08-18,7869.625,2025-09-25,7629.8775000000005,-7192.424999999985,533.13161921545,300.0,-7425.556619215435,38,bear_cross
SBILIFE,127,2025-09-26,1811.9185244750975,2025-09-29,1809.4650000000001,-311.59760833735845,526.9763624583854,0.0,-838.5739707957439,3,bear_cross
TORNTPHARM,70,2025-09-25,3625.6415979003905,2025-09-30,3590.0025,-2494.7368530273297,577.3979104498057,0.0,-3072.1347634771355,5,bear_cross
AMBUJACEM,432,2025-09-23,593.4298872375488,2025-10-03,572.4652743530273,-9056.712766113264,576.3011234471676,0.0,-9633.013889560432,10,bear_cross
BAJAJFINSV,107,2025-09-08,2019.4360244750976,2025-10-06,1991.1097256469725,-3030.913974609388,492.93232020909693,0.0,-3523.846294818485,28,bear_cross
HYUNDAI,107,2025-08-05,2175.5253479003904,2025-10-07,2471.8050000000003,31701.922774658255,566.122199231454,0.0,31135.8005754268,63,bear_cross
BAJAJFINSV,124,2025-10-08,2036.57875,2025-10-09,2008.5659756469724,-3473.584019775404,573.5810834975608,0.0,-4047.165103272965,1,bear_cross
IRFC,1449,2025-10-08,127.84882377624511,2025-10-15,125.08650152206421,-4002.6049463081263,423.34065013449634,0.0,-4425.945596442622,7,bear_cross
GAIL,1410,2025-10-08,181.28207683563232,2025-10-23,178.44277439117434,-4003.416446685759,579.8659730573694,0.0,-4583.282419743128,15,bear_cross
ETERNAL,824,2025-06-05,248.61999999999998,2025-10-28,331.91812500000003,68637.65500000004,542.3265089014899,0.0,68095.32849109855,145,bear_cross
EICHERMOT,42,2025-08-08,5695.70375,2025-10-29,6989.981250000001,54359.65500000004,603.9515744156199,0.0,53755.70342558442,82,bear_cross
BOSCHLTD,6,2025-10-28,38952.1375,2025-10-30,37406.25,-9275.324999999983,525.68481980695,0.0,-9801.009819806934,2,bear_cross
HINDZINC,560,2025-09-03,444.10749999999996,2025-10-31,478.7002439117432,19371.936590576217,588.7477526130833,0.0,18783.188837963135,58,bear_cross
MARUTI,18,2025-08-12,12651.55,2025-11-04,15567.9825,52495.78500000002,576.45120698851,0.0,51919.33379301151,84,bear_cross
POWERGRID,64,2025-10-09,285.7125,2025-11-07,269.52451217651367,-1036.0312207031238,54.94723730265524,0.0,-1090.978458005779,29,bear_cross
EICHERMOT,36,2025-11-04,7067.625,2025-11-07,6789.48375,-10013.084999999988,571.02129435649,0.0,-10584.106294356478,3,bear_cross
INFY,169,2025-10-29,1503.9504510498045,2025-11-10,1486.3747256469728,-2970.297593078561,577.7337802974266,0.0,-3548.0313733759876,12,bear_cross
INDHOTEL,341,2025-10-30,748.6168749999999,2025-11-10,689.5717378234864,-20134.391777191122,562.3988073177436,0.0,-20696.790584508864,11,bear_cross
HDFCBANK,258,2025-10-08,978.4399999999999,2025-11-14,973.6098628234864,-1246.1753915404875,575.6732339180035,0.0,-1821.848625458491,37,bear_cross
ADANIGREEN,222,2025-10-31,1147.8625,2025-11-14,1080.1927743530273,-15022.679093627932,566.6941572578958,0.0,-15589.373250885828,14,bear_cross
BAJAJHLDNG,19,2025-11-11,12645.535,2025-11-17,12542.565,-1956.4299999999876,547.8552100534,0.0,-2504.2852100533873,6,bear_cross
BRITANNIA,40,2025-11-11,5964.875,2025-11-18,5803.455,-6456.800000000003,539.4706960792,0.0,-6996.270696079203,7,bear_cross
HAL,15,2025-11-18,4826.035,2025-11-20,4751.990152587891,-1110.672711181628,175.24309017168392,0.0,-1285.915801353312,2,bear_cross
ADANIGREEN,231,2025-11-18,1094.73,2025-11-25,1007.9737500000001,-20040.69374999998,557.1659738751475,0.0,-20597.859723875128,7,bear_cross
GODREJCP,222,2025-11-10,1123.0004510498047,2025-12-05,1129.17,1369.6398669433675,571.4200758650322,0.0,798.2197910783352,25,bear_cross
INDIGO,42,2025-11-17,5914.75,2025-12-05,5392.485000000001,-21935.129999999976,545.27104916122,0.0,-22480.401049161195,18,bear_cross
HINDUNILVR,93,2025-12-05,2428.055,2025-12-08,2344.2248474121093,-7796.204190673821,509.63499975674983,0.0,-8305.839190430572,3,bear_cross
HYUNDAI,2,2025-12-05,2377.93,2025-12-09,2259.3375,-237.1849999999995,25.67483725621,0.0,-262.8598372562095,4,bear_cross
TITAN,67,2025-10-15,3541.7321520996093,2025-12-10,3821.4225,18739.253309326188,562.7193227346761,0.0,18176.533986591512,56,bear_cross
BANKBARODA,891,2025-09-18,247.22652561187746,2025-12-15,282.99076217651367,31865.93477909086,538.4769058769921,0.0,31327.45787321387,88,bear_cross
ASIANPAINT,74,2025-10-23,2525.1971520996094,2025-12-16,2786.0175,19300.705744628896,451.1012484941332,333.0,19182.60449613476,54,bear_cross
SIEMENS,72,2025-11-20,3228.0499999999997,2025-12-16,3149.905548706055,-5626.400493164019,526.5930534851886,0.0,-6152.993546649208,26,bear_cross
BAJAJFINSV,98,2025-12-15,2085.099652099609,2025-12-17,2030.1119512939454,-5388.794678955046,464.3671953316134,0.0,-5853.161874286659,2,bear_cross
SUNPHARMA,154,2025-10-03,1604.0,2025-12-22,1740.5377743530275,21026.817250366243,586.7175073684334,0.0,20440.09974299781,80,bear_cross
CHOLAFIN,142,2025-12-11,1749.2622744750975,2025-12-22,1643.88,-14964.282975463822,552.4486803702836,0.0,-15516.731655834106,11,bear_cross
ADANIENSOL,244,2025-12-16,1012.1741494750976,2025-12-24,993.7593750000001,-4493.2049719237875,560.1416375003422,0.0,-5053.34660942413,8,bear_cross
INFY,164,2025-11-11,1528.8125,2026-01-13,1613.9550000000002,13963.370000000024,587.6422287212201,0.0,13375.727771278805,63,bear_cross
MOTHERSON,2293,2025-11-17,110.12462347030639,2026-01-13,115.26112804412841,11778.004987773898,589.3586696779055,0.0,11188.646318095993,57,bear_cross
BRITANNIA,1,2025-12-16,6074.648749999999,2026-01-16,5860.3125,-214.33624999999938,28.632597723017497,0.0,-242.9688477230169,31,bear_cross
HYUNDAI,109,2026-01-14,2305.75,2026-01-16,2294.25,-1253.5,573.1943808999999,0.0,-1826.6943809,2,bear_cross
ASIANPAINT,86,2026-01-13,2907.25,2026-01-21,2663.3250000000003,-20977.549999999977,549.8330468467,0.0,-21527.383046846677,8,bear_cross
EICHERMOT,10,2025-11-25,7276.64625,2026-01-22,7157.0625,-1195.8374999999978,175.991129970025,0.0,-1371.8286299700228,58,bear_cross
TATACONSUM,208,2025-12-22,1186.96,2026-01-22,1162.4865243530273,-5090.482934570322,559.3377755769391,0.0,-5649.820710147261,31,bear_cross
LTM,41,2026-01-21,5915.251249999999,2026-01-22,5887.743750000001,-1127.8074999999508,553.7432062572699,0.0,-1681.5507062572206,1,bear_cross
HYUNDAI,107,2026-01-20,2332.8174999999997,2026-01-27,2256.145548706055,-8203.8987884521,562.167825529137,0.0,-8766.066613981237,7,bear_cross
BAJAJ-AUTO,27,2025-12-24,9122.75,2026-01-29,9451.3125,8871.1875,572.545922310625,0.0,8298.641577689374,36,bear_cross
TATACAP,762,2025-12-12,326.4140061187744,2026-01-30,329.175,2103.8773374939087,570.8944408823957,0.0,1532.9828966115133,49,bear_cross
CANBK,1676,2025-12-17,147.36749999999998,2026-02-03,152.11875,7963.095000000046,573.1026730507299,0.0,7389.992326949316,48,bear_cross
HAL,53,2026-02-02,4426.037499999999,2026-02-06,4019.925,-21523.96249999996,514.907283308575,0.0,-22038.869783308535,4,bear_cross
TECHM,151,2026-01-19,1694.225,2026-02-11,1650.8625000000002,-6547.737499999959,577.7164865467751,0.0,-7125.453986546734,23,bear_cross
HINDALCO,305,2025-12-08,827.8644877624512,2026-02-18,890.7675,19185.418732452403,597.0051367636236,0.0,18588.41359568878,72,bear_cross
DLF,310,2026-02-11,676.0860244750976,2026-02-19,640.8438871765137,-10925.062562561005,470.29720763541604,0.0,-11395.35977019642,8,bear_cross
ADANIPOWER,603,2026-02-06,152.38,2026-02-23,144.78711891174316,-4578.50729621887,215.01739115353877,0.0,-4793.524687372408,17,bear_cross
GRASIM,87,2026-02-02,2746.85,2026-03-04,2720.1825000000003,-2320.072499999962,544.6097041394651,0.0,-2864.682204139427,30,bear_cross
BOSCHLTD,2,2026-03-04,34987.25,2026-03-05,33366.375,-3241.75,167.6570963935,0.0,-3409.4070963935,1,bear_cross
GAIL,1487,2026-02-19,167.72827255249024,2026-03-06,155.51024391174317,-18168.208588790883,551.3868713161305,0.0,-18719.595460107015,15,bear_cross
BPCL,665,2026-02-04,373.9325,2026-03-09,340.49663108825683,-22234.85282630921,545.5065565402199,0.0,-22780.35938284943,33,bear_cross
TATASTEEL,801,2025-12-22,169.46259326934813,2026-03-10,193.52496952056887,19273.963377227814,337.3298765077851,0.0,18936.63350072003,78,bear_cross
IOC,1491,2026-02-03,168.92125,2026-03-10,164.02890243530274,-7294.490218963594,568.1173259459108,0.0,-7862.607544909505,35,bear_cross
BAJAJ-AUTO,26,2026-01-30,9520.7425,2026-03-11,9551.0625,788.3199999999924,566.8862241335798,0.0,221.43377586641253,40,bear_cross
BANKBARODA,720,2026-02-23,311.72738723754884,2026-03-11,294.2625,-12574.718811035173,501.63999019253606,0.0,-13076.358801227709,16,bear_cross
ADANIENSOL,237,2026-03-13,1010.6202255249023,2026-03-16,985.03125,-6064.587199401834,541.9288420819678,0.0,-6606.516041483802,3,bear_cross
DIVISLAB,39,2026-02-19,6270.6375,2026-03-18,6071.2837500000005,-7774.796249999973,551.3629724698226,0.0,-8326.159222469796,27,bear_cross
DMART,59,2026-03-10,4002.9824999999996,2026-03-18,3790.5,-12536.467499999977,527.7817200023051,0.0,-13064.249220002283,8,bear_cross
HINDALCO,248,2026-03-11,962.3498872375487,2026-03-20,882.7376371765138,-19743.83801513667,525.837423156606,0.0,-20269.675438293278,9,bear_cross
MAZDOCK,97,2026-03-12,2406.0,2026-03-24,2254.35,-14710.050000000008,519.3107800537,0.0,-15229.360780053708,12,bear_cross
POWERGRID,877,2026-02-04,289.52198776245115,2026-03-27,293.7138871765137,3676.2957861328664,584.0575688496197,2850.25,5942.488217283248,51,bear_cross
PFC,543,2026-03-19,424.0575,2026-03-27,400.995,-12522.9375,514.641010076545,1764.75,-11272.828510076544,8,bear_cross
ABB,44,2026-02-03,5655.603749999999,2026-04-02,6006.44625,15437.070000000029,584.9913330111999,0.0,14852.07866698883,58,bear_cross
ABB,37,2026-04-06,6165.375,2026-04-08,6383.0025000000005,8052.217500000019,531.215029274305,0.0,7521.0024707257135,2,bear_cross
HCLTECH,165,2026-04-07,1394.4775,2026-04-27,1205.9775,-31102.5,494.9783753804501,3960.0,-27637.478375380448,20,bear_cross
INFY,173,2026-04-08,1352.3725,2026-04-27,1151.7134756469727,-34714.01121307371,499.8454764828,0.0,-35213.85668955651,19,bear_cross
TECHM,164,2026-04-01,1416.1314755249023,2026-04-30,1456.0507012939454,6546.753026123072,538.8343541232017,0.0,6007.918671999871,29,bear_cross
ONGC,800,2026-04-01,290.72499999999997,2026-05-12,286.18274391174316,-3633.804870605445,529.0170439844047,0.0,-4162.821914589849,41,bear_cross
DMART,53,2026-04-02,4238.970902099609,2026-05-12,4378.0275,7369.999688720742,522.824088421105,0.0,6847.175600299637,40,bear_cross
ABB,35,2026-04-09,6591.4375,2026-05-14,6334.125,-9005.9375,519.262010055625,1035.65,-8489.549510055625,35,bear_cross
TATAPOWER,591,2026-04-09,395.98749999999995,2026-05-15,408.3764939117432,7321.895401840247,543.6054436545915,0.0,6778.289958185656,36,bear_cross
RELIANCE,101,2026-04-30,1412.5225,2026-05-19,1335.3532012939454,-7794.0991693115175,324.6566525924312,0.0,-8118.755821903949,19,bear_cross
COALINDIA,534,2026-04-29,471.0246311187744,2026-05-27,427.9275,-23013.868017425513,551.0659035945191,0.0,-23564.93392102003,28,bear_cross
ONGC,814,2026-05-15,303.7575,2026-05-29,275.2601371765137,-23196.853338317847,541.379356672969,0.0,-23738.232694990813,14,bear_cross
BHARTIARTL,126,2026-05-20,1918.7849999999999,2026-06-02,1780.5375000000001,-17419.184999999965,535.15515553681,0.0,-17954.340155536775,13,bear_cross
SBILIFE,128,2026-05-26,1909.5620489501953,2026-06-03,1797.1957012939454,-14382.892499999987,544.2164208630147,0.0,-14927.108920863002,8,bear_cross
AMBUJACEM,482,2026-05-29,462.10238723754884,2026-06-05,428.925,-15991.500648498535,494.29015260123106,0.0,-16485.790801099767,7,bear_cross
LODHA,88,2026-05-27,912.275,2026-06-08,877.8997256469727,-3025.024143066402,190.81017412623805,0.0,-3215.83431719264,12,bear_cross
ADANIPOWER,1513,2026-03-17,156.39,2026-06-12,217.89390243530275,93055.40438461308,638.3069563938639,0.0,92417.09742821922,87,bear_cross
HINDALCO,245,2026-04-09,961.3974999999999,2026-06-12,1042.3875,19842.55000000003,559.9623106439499,0.0,19282.587689356078,64,bear_cross
COALINDIA,511,2026-06-03,473.07974388122557,2026-06-12,452.21663108825686,-10661.050637207009,542.1145560771788,0.0,-11203.165193284189,9,bear_cross
INFY,158,2026-06-03,1245.2052255249023,2026-06-15,1127.175,-18648.77563293457,433.70855772300024,3950.0,-15132.484190657568,12,bear_cross
CIPLA,13,2026-04-27,1306.4579510498047,2026-06-16,1379.1434756469728,944.9118197631849,54.10636044217648,169.0,1059.8054593210084,50,bear_cross
TMPV,670,2026-05-21,364.90999999999997,2026-06-23,360.59625,-2890.21249999998,556.285294647625,2010.0,-1436.4977946476047,33,bear_cross
BANKBARODA,870,2026-06-10,274.0834938812256,2026-07-06,252.2677439117432,-18979.702473449684,526.1626369601518,0.0,-19505.86511040984,26,bear_cross
EICHERMOT,32,2026-06-15,7381.407499999999,2026-07-06,7321.650000000001,-1912.2399999999616,538.86803820304,0.0,-2451.1080382030013,21,bear_cross
KOTAKBANK,162,2026-06-12,398.744375,2026-07-08,377.55375000000004,-3432.8812499999926,155.4939742040275,0.0,-3588.3752242040205,26,bear_cross
ASIANPAINT,87,2026-07-06,2730.81,2026-07-14,2597.4900000000002,-11598.839999999975,531.8791744126,0.0,-12130.719174412574,8,bear_cross
RECLTD,4,2026-06-12,342.103125,2026-07-15,353.115,44.04750000000013,18.430155691735,0.0,25.617344308265128,33,bear_cross
GRASIM,19,2026-07-06,3190.1554510498045,2026-07-20,3127.1625000000004,-1196.866069946278,148.95079041570065,0.0,-1345.8168603619786,14,bear_cross
MARUTI,17,2026-06-16,13895.6525,2026-07-21,13486.2,-6960.69249999999,533.677581143455,0.0,-7494.3700811434455,35,bear_cross
ADANIGREEN,226,2026-04-09,1034.58,2026-07-24,1352.6100000000001,71874.78000000004,610.09792378564,0.0,71264.6820762144,106,bear_cross
MAXHEALTH,230,2026-06-16,1037.0862499999998,2026-07-24,1073.31,8331.462500000025,554.667154014325,460.0,8236.7953459857,38,bear_cross
ADANIPORTS,21,2026-07-20,1840.690225524902,2026-07-27,1779.5400000000002,-1284.1547360229372,100.00679391456205,0.0,-1384.1615299374992,7,bear_cross
UNIONBANK,335,2026-07-21,176.3698176574707,2026-07-30,170.65230182647707,-1915.3678033828626,144.80353101388494,0.0,-2060.1713343967476,9,bear_cross
POWERGRID,16,2026-07-24,287.21625,2026-08-03,284.2875,-46.85999999999967,25.51542170836,0.0,-72.37542170835967,10,bear_cross
BOSCHLTD,6,2026-06-05,37413.299999999996,2026-08-05,41301.4875,23329.125000000044,538.96712704735,1620.0,24410.157872952695,61,bear_cross
RECLTD,642,2026-07-27,358.39374999999995,2026-08-12,343.8382621765137,-9344.623182678179,517.5501273380005,2728.5,-7133.67331001618,16,bear_cross
INDHOTEL,366,2026-05-21,663.655,2026-08-13,722.19,21423.81000000003,577.9669735136201,1189.5,22035.34302648641,84,bear_cross
AMBUJACEM,398,2026-08-03,435.28551223754886,2026-08-13,422.14201217651373,-5231.113024291981,395.3477275207151,0.0,-5626.460751812696,10,bear_cross
GAIL,1384,2026-07-31,174.88612194061278,2026-08-21,171.82934452056887,-4230.579949340778,549.4499909111572,0.0,-4780.029940251935,21,bear_cross
BANKBARODA,970,2026-08-13,251.61748050689698,2026-08-21,243.39000000000001,-7980.656091690058,550.0683618268095,0.0,-8530.724453516867,8,bear_cross
ZYDUSLIFE,179,2026-08-13,1204.0024999999998,2026-08-21,1106.8259756469727,-17394.59785919186,476.7783184086571,0.0,-17871.37617760052,8,bear_cross
