symbol,qty,entry_date,entry_price,exit_date,exit_price,gross_pnl,charges,dividends,net_pnl,holding_days,exit_reason
ICICIBANK,470,2011-01-04,208.30909729003903,2011-01-06,195.31817626953125,-6105.732879638658,0.0,0.0,-6105.732879638658,2,bear_cross
JSWSTEEL,823,2011-01-04,120.06500244140624,2011-01-10,103.3000030517578,-13797.594497680664,0.0,0.0,-13797.594497680664,6,bear_cross
MARUTI,68,2011-01-04,1427.0,2011-01-10,1349.0,-5304.0,0.0,0.0,-5304.0,6,bear_cross
CUMMINSIND,177,2011-01-05,544.5,2011-01-10,532.1428833007812,-2187.2096557617188,0.0,0.0,-2187.2096557617188,5,bear_cross
PNB,398,2011-01-05,243.3999938964844,2011-01-10,233.97999572753903,-3749.159271240257,0.0,0.0,-3749.159271240257,5,bear_cross
M&M,248,2011-01-04,393.5499877929688,2011-01-11,364.75,-7142.396972656265,0.0,0.0,-7142.396972656265,7,bear_cross
ADANIPOWER,3734,2011-01-05,26.11000061035156,2011-01-11,25.030000686645508,-4032.719715118395,0.0,0.0,-4032.719715118395,6,bear_cross
ADANIENT,252,2011-01-06,100.55609893798828,2011-01-11,90.43228149414062,-2551.2019958496094,0.0,0.0,-2551.2019958496094,5,bear_cross
HDFCBANK,820,2011-01-04,119.3249969482422,2011-01-12,108.4499969482422,-8917.5,0.0,0.0,-8917.5,8,bear_cross
TITAN,531,2011-01-05,181.8500061035156,2011-01-12,166.75750732421875,-8014.116851806625,0.0,0.0,-8014.116851806625,7,bear_cross
POWERGRID,1756,2011-01-05,55.35001373291016,2011-01-13,54.67501449584961,-1185.2986602783328,0.0,0.0,-1185.2986602783328,8,bear_cross
TECHM,535,2011-01-20,173.0,2011-01-21,173.75,401.25,0.0,0.0,401.25,1,bear_cross
BHARTIARTL,297,2011-01-19,310.9337463378906,2011-01-24,303.002685546875,-2355.5250549316406,0.0,0.0,-2355.5250549316406,5,bear_cross
JINDALSTEL,132,2011-01-27,696.0,2011-01-28,668.0999755859375,-3682.80322265625,0.0,0.0,-3682.80322265625,1,bear_cross
M&M,232,2011-01-25,395.5249938964844,2011-01-31,339.5,-12997.798583984375,0.0,0.0,-12997.798583984375,6,bear_cross
GODREJCP,673,2011-01-10,130.0833282470703,2011-02-01,128.3333282470703,-1177.75,0.0,224.333109,-953.416891,22,bear_cross
POWERGRID,1665,2011-01-19,55.0406379699707,2011-02-02,54.02813720703125,-1685.8137702941895,0.0,0.0,-1685.8137702941895,14,bear_cross
UNIONBANK,280,2011-01-28,321.8999938964844,2011-02-04,331.0,2548.001708984375,0.0,0.0,2548.001708984375,7,bear_cross
TCS,153,2011-01-19,601.7249755859375,2011-02-08,566.0,-5465.9212646484375,0.0,153.0,-5312.9212646484375,20,bear_cross
TITAN,515,2011-01-25,179.25,2011-02-09,161.38999938964844,-9197.900314331055,0.0,0.0,-9197.900314331055,15,bear_cross
UNIONBANK,270,2011-02-07,327.5,2011-02-09,319.75,-2092.5,0.0,0.0,-2092.5,2,bear_cross
IOC,1615,2011-02-18,54.99166488647461,2011-02-24,50.46666717529297,-7307.87130355835,0.0,0.0,-7307.87130355835,6,bear_cross
DIVISLAB,273,2011-02-08,326.4750061035156,2011-02-25,304.8500061035156,-5903.625,0.0,0.0,-5903.625,17,bear_cross
ADANIPOWER,609,2011-02-24,24.100000381469727,2011-02-25,23.61000061035156,-298.4098606109641,0.0,0.0,-298.4098606109641,1,bear_cross
UNIONBANK,258,2011-02-16,343.0,2011-02-28,318.3500061035156,-6359.698425292969,0.0,0.0,-6359.698425292969,12,bear_cross
ICICIBANK,460,2011-02-18,193.0909118652344,2011-02-28,181.41818237304688,-5369.455566406263,0.0,0.0,-5369.455566406263,10,bear_cross
AMBUJACEM,641,2011-02-25,123.9000015258789,2011-03-01,120.0,-2499.900978088379,0.0,0.0,-2499.900978088379,4,bear_cross
SBIN,322,2011-02-16,273.2349853515625,2011-03-03,269.0,-1363.665283203125,0.0,0.0,-1363.665283203125,15,bear_cross
ADANIPORTS,598,2011-02-18,148.0,2011-03-08,131.5,-9867.0,0.0,0.0,-9867.0,18,bear_cross
HINDUNILVR,294,2011-03-03,287.0,2011-03-17,270.3500061035156,-4895.098205566406,0.0,0.0,-4895.098205566406,14,bear_cross
MARUTI,63,2011-03-04,1325.0,2011-03-21,1161.199951171875,-10319.403076171875,0.0,0.0,-10319.403076171875,17,bear_cross
POWERGRID,1595,2011-02-18,55.4625129699707,2011-03-22,55.06876373291016,-628.0300331115609,0.0,0.0,-628.0300331115609,32,bear_cross
HINDZINC,645,2011-03-04,132.0050048828125,2011-03-23,126.8000030517578,-3357.2261810302825,0.0,0.0,-3357.2261810302825,19,bear_cross
SIEMENS,179,2011-02-03,498.9495544433594,2011-04-19,487.2095642089844,-2101.458251953125,0.0,0.0,-2101.458251953125,75,bear_cross
RELIANCE,367,2011-04-25,231.7833404541016,2011-04-26,230.6404266357422,-419.4493713379011,0.0,0.0,-419.4493713379011,1,bear_cross
SHRIRAMFIN,560,2011-03-25,148.67654418945312,2011-05-03,146.1334686279297,-1424.122314453125,0.0,0.0,-1424.122314453125,39,bear_cross
BANKBARODA,480,2011-02-16,184.9600067138672,2011-05-04,172.60000610351562,-5932.80029296875,0.0,0.0,-5932.80029296875,77,bear_cross
BAJAJ-AUTO,65,2011-02-18,1351.25,2011-05-05,1304.0,-3071.25,0.0,0.0,-3071.25,76,bear_cross
GAIL,890,2011-03-17,84.56254577636719,2011-05-05,84.14067077636719,-375.46875,0.0,0.0,-375.46875,49,bear_cross
BAJAJFINSV,1405,2011-04-26,51.33369445800781,2011-05-05,49.12314987182617,-3105.815143585205,0.0,0.0,-3105.815143585205,9,bear_cross
ICICIBANK,440,2011-03-24,190.26364135742188,2011-05-06,187.81817626953125,-1076.004638671875,0.0,0.0,-1076.004638671875,43,bear_cross
ITC,758,2011-03-04,112.05123901367188,2011-05-11,119.14471435546876,5376.854309082042,0.0,0.0,5376.854309082042,68,bear_cross
BHARTIARTL,249,2011-05-23,333.5553283691406,2011-05-24,333.4651794433594,-22.44708251953125,0.0,0.0,-22.44708251953125,1,bear_cross
COALINDIA,250,2011-03-03,338.0,2011-05-26,380.0,10500.0,0.0,0.0,10500.0,84,bear_cross
ITC,700,2011-05-23,120.01133728027344,2011-05-27,120.3644027709961,247.14584350585938,0.0,0.0,247.14584350585938,4,bear_cross
ABB,10,2011-03-08,649.1643676757812,2011-06-03,782.1202392578125,1329.5587158203125,0.0,20.0,1349.5587158203125,87,bear_cross
UNITDSPR,394,2011-05-16,212.00999450683597,2011-06-08,207.25999450683597,-1871.5,0.0,0.0,-1871.5,23,bear_cross
HINDZINC,86,2011-06-08,131.25,2011-06-09,134.4499969482422,275.1997375488281,0.0,0.0,275.1997375488281,1,bear_cross
DLF,369,2011-06-03,235.6999969482422,2011-06-20,225.9499969482422,-3597.75,0.0,0.0,-3597.75,17,bear_cross
ADANIPORTS,567,2011-05-23,146.75,2011-06-22,149.89999389648438,1786.0465393066406,0.0,0.0,1786.0465393066406,30,bear_cross
SIEMENS,167,2011-05-26,504.8195495605469,2011-06-22,495.7210693359375,-1519.4461975097656,0.0,0.0,-1519.4461975097656,27,bear_cross
COALINDIA,217,2011-05-27,389.5,2011-06-23,378.6499938964844,-2354.4513244628906,0.0,0.0,-2354.4513244628906,27,bear_cross
CIPLA,263,2011-05-27,318.6499938964844,2011-06-24,316.54998779296875,-552.3016052246094,0.0,0.0,-552.3016052246094,28,bear_cross
DIVISLAB,263,2011-03-24,319.0,2011-06-27,376.5,15122.5,0.0,1315.0,16437.5,95,bear_cross
TITAN,417,2011-05-17,201.1999969482422,2011-06-30,214.0,5337.601272583008,0.0,0.0,5337.601272583008,44,bear_cross
CIPLA,34,2011-06-30,331.6000061035156,2011-07-13,324.1000061035156,-255.0,0.0,0.0,-255.0,13,bear_cross
ICICIBANK,438,2011-06-29,198.16363525390625,2011-07-18,192.18182373046875,-2620.033447265625,0.0,0.0,-2620.033447265625,19,bear_cross
AXISBANK,342,2011-06-24,250.1999969482422,2011-07-19,253.5399932861328,1142.2787475585938,0.0,0.0,1142.2787475585938,25,bear_cross
IOC,1575,2011-06-21,54.55833435058594,2011-07-25,54.525001525878906,-52.49919891357422,0.0,0.0,-52.49919891357422,34,bear_cross
NTPC,542,2011-06-09,146.5833282470703,2011-07-28,148.5416717529297,1061.4221801757812,0.0,0.0,1061.4221801757812,49,bear_cross
HINDUNILVR,279,2011-05-12,298.0,2011-07-29,325.70001220703125,7728.303405761719,0.0,976.5,8704.803405761719,78,bear_cross
RELIANCE,432,2011-07-25,203.8961944580078,2011-07-29,192.00987243652344,-5134.89111328125,0.0,0.0,-5134.89111328125,4,bear_cross
LT,102,2011-05-27,726.7555541992188,2011-08-02,781.3333129882812,5566.931396484375,0.0,0.0,5566.931396484375,67,bear_cross
ADANIPOWER,3633,2011-07-19,22.739999771118164,2011-08-02,20.850000381469727,-6866.367782592773,0.0,0.0,-6866.367782592773,14,bear_cross
BPCL,1624,2011-06-27,54.74166488647461,2011-08-04,55.95833206176758,1975.8674926757812,0.0,0.0,1975.8674926757812,38,bear_cross
TATAPOWER,697,2011-06-27,122.07466888427734,2011-08-04,123.6186981201172,1076.188377380381,0.0,840.770887,1916.9592643803812,38,bear_cross
DRREDDY,272,2011-07-14,317.94000244140625,2011-08-09,290.6099853515625,-7433.7646484375,0.0,0.0,-7433.7646484375,26,bear_cross
GAIL,1011,2011-06-28,86.24066925048828,2011-08-10,84.35629272460938,-1905.1046676635742,0.0,0.0,-1905.1046676635742,43,bear_cross
IOC,1549,2011-08-12,54.08333206176758,2011-08-17,53.775001525878906,-477.60400009155273,0.0,0.0,-477.60400009155273,5,bear_cross
ONGC,438,2011-08-10,192.93333435058597,2011-08-19,182.23333740234372,-4686.598663330103,0.0,219.0,-4467.598663330103,9,bear_cross
TVSMOTOR,1615,2011-08-08,52.0,2011-08-23,52.0,0.0,0.0,0.0,0.0,15,bear_cross
M&M,227,2011-08-17,363.375,2011-08-25,352.3500061035156,-2502.673614501953,0.0,0.0,-2502.673614501953,8,bear_cross
COALINDIA,216,2011-08-01,391.5,2011-08-29,363.45001220703125,-6058.79736328125,0.0,0.0,-6058.79736328125,28,bear_cross
ONGC,445,2011-08-25,187.6666717529297,2011-09-02,181.3333282470703,-2818.337860107422,0.0,0.0,-2818.337860107422,8,bear_cross
BPCL,1473,2011-08-05,57.33333206176758,2011-09-06,56.24166488647461,-1608.025749206543,0.0,1718.5004909999998,110.47474179345681,32,bear_cross
ASIANPAINT,254,2011-08-17,326.5050048828125,2011-09-15,313.739990234375,-3242.313720703125,0.0,0.0,-3242.313720703125,29,bear_cross
NESTLEIND,379,2011-08-26,219.74749755859372,2011-09-19,208.75,-4168.05157470702,0.0,0.0,-4168.05157470702,24,bear_cross
SHRIRAMFIN,628,2011-09-07,135.44482421875,2011-09-26,118.27672576904295,-10781.565826416025,0.0,0.0,-10781.565826416025,19,bear_cross
NTPC,411,2011-09-26,140.2083282470703,2011-09-27,137.1666717529297,-1250.1208190917969,0.0,0.0,-1250.1208190917969,1,bear_cross
BAJAJ-AUTO,57,2011-08-17,1465.0,2011-09-29,1505.0,2280.0,0.0,0.0,2280.0,43,bear_cross
ADANIENT,925,2011-09-19,92.73140716552734,2011-10-03,79.94060516357422,-11831.49185180664,0.0,0.0,-11831.49185180664,14,bear_cross
DRREDDY,278,2011-09-20,303.79998779296875,2011-10-05,290.4200134277344,-3719.6328735351562,0.0,0.0,-3719.6328735351562,15,bear_cross
ICICIBANK,520,2011-10-03,156.36363220214844,2011-10-05,145.63636779785156,-5578.177490234375,0.0,0.0,-5578.177490234375,2,bear_cross
ULTRACEMCO,13,2011-07-18,999.7999877929688,2011-10-10,1101.050048828125,1316.2507934570312,0.0,78.0,1394.2507934570312,84,bear_cross
TVSMOTOR,1562,2011-08-25,54.75,2011-10-11,59.20000076293945,6950.901191711426,0.0,0.0,6950.901191711426,47,bear_cross
CIPLA,197,2011-09-29,287.6499938964844,2011-10-11,285.5,-423.5487976074219,0.0,0.0,-423.5487976074219,12,bear_cross
ADANIPORTS,532,2011-09-05,155.8000030517578,2011-10-12,155.25,-292.60162353515625,0.0,0.0,-292.60162353515625,37,bear_cross
DIVISLAB,201,2011-09-27,366.6499938964844,2011-10-12,365.0249938964844,-326.625,0.0,0.0,-326.625,15,bear_cross
IOC,1459,2011-10-05,53.49166488647461,2011-10-14,51.508331298828125,-2893.6837043762207,0.0,0.0,-2893.6837043762207,9,bear_cross
BPCL,1443,2011-10-11,55.587501525878906,2011-10-18,52.66666412353516,-4214.768371582021,0.0,0.0,-4214.768371582021,7,bear_cross
CGPOWER,1426,2011-10-13,57.73616027832031,2011-10-24,48.520545959472656,-13141.466018676758,0.0,1140.8,-12000.666018676759,11,bear_cross
M&M,219,2011-09-05,381.3500061035156,2011-11-16,381.625,60.223663330078125,0.0,0.0,60.223663330078125,72,bear_cross
ONGC,456,2011-10-07,179.26666259765625,2011-11-16,172.0,-3313.59814453125,0.0,0.0,-3313.59814453125,40,bear_cross
AXISBANK,322,2011-10-18,220.0,2011-11-16,201.6999969482422,-5892.600982666016,0.0,0.0,-5892.600982666016,29,bear_cross
GAIL,1006,2011-10-25,81.56253814697266,2011-11-16,76.35941314697266,-5234.34375,0.0,0.0,-5234.34375,22,bear_cross
NTPC,548,2011-10-12,146.2916717529297,2011-11-18,137.4166717529297,-4863.5,0.0,0.0,-4863.5,37,bear_cross
CANBK,42,2011-10-14,87.76264190673828,2011-11-21,84.27081298828125,-146.6568145751953,0.0,0.0,-146.6568145751953,38,bear_cross
GRASIM,251,2011-09-05,330.21630859375,2011-11-22,354.1255798339844,6001.227081298828,0.0,1000.023658,7001.250739298828,78,bear_cross
AMBUJACEM,636,2011-08-16,131.4499969482422,2011-11-23,145.5,8935.801940917969,0.0,0.0,8935.801940917969,99,bear_cross
POWERGRID,1352,2011-10-12,56.08126449584961,2011-11-24,53.94376373291016,-2889.901031494131,0.0,0.0,-2889.901031494131,43,bear_cross
DRREDDY,242,2011-10-13,306.0899963378906,2011-11-24,304.3999938964844,-408.9805908203125,0.0,0.0,-408.9805908203125,42,bear_cross
RECLTD,1059,2011-11-29,71.71875,2011-12-14,66.73124694824219,-5281.765731811523,0.0,0.0,-5281.765731811523,15,bear_cross
COALINDIA,230,2011-12-05,335.75,2011-12-14,305.54998779296875,-6946.0028076171875,0.0,0.0,-6946.0028076171875,9,bear_cross
BAJAJ-AUTO,44,2011-12-08,1723.9000244140625,2011-12-14,1660.0,-2811.60107421875,0.0,0.0,-2811.60107421875,6,bear_cross
DIVISLAB,201,2011-12-02,380.0249938964844,2011-12-15,366.5499877929688,-2708.4762268066293,0.0,0.0,-2708.4762268066293,13,bear_cross
TMPV,408,2011-12-07,188.9730682373047,2011-12-16,173.5386199951172,-6297.2548828125,0.0,0.0,-6297.2548828125,9,bear_cross
HINDALCO,567,2011-12-07,137.89999389648438,2011-12-19,124.5,-7597.796539306641,0.0,0.0,-7597.796539306641,12,bear_cross
ULTRACEMCO,65,2011-12-02,1162.5,2011-12-20,1148.949951171875,-880.753173828125,0.0,0.0,-880.753173828125,18,bear_cross
INFY,212,2011-12-19,336.25,2011-12-21,339.875,768.5,0.0,0.0,768.5,2,bear_cross
HCLTECH,711,2011-12-15,103.1875,2011-12-22,97.0,-4399.3125,0.0,0.0,-4399.3125,7,bear_cross
IOC,1608,2011-12-26,45.53333282470703,2011-12-29,42.01666641235352,-5654.799591064441,0.0,0.0,-5654.799591064441,3,bear_cross
MARUTI,3,2011-12-29,954.0,2012-01-02,923.0,-93.0,0.0,0.0,-93.0,4,bear_cross
HINDZINC,613,2011-12-05,125.5,2012-01-04,120.0500030517578,-3340.8481292724696,0.0,0.0,-3340.8481292724696,30,bear_cross
AMBUJACEM,459,2011-12-27,160.3000030517578,2012-01-06,152.5,-3580.201400756836,0.0,0.0,-3580.201400756836,10,bear_cross
HINDUNILVR,182,2011-12-20,396.6000061035156,2012-01-11,396.8500061035156,45.5,0.0,0.0,45.5,22,bear_cross
TCS,134,2011-12-02,567.4249877929688,2012-01-12,550.5,-2267.9483642578125,0.0,0.0,-2267.9483642578125,41,bear_cross
DIVISLAB,194,2011-12-20,370.7749938964844,2012-02-08,387.2999877929688,3205.8488159179797,0.0,0.0,3205.8488159179797,50,bear_cross
COALINDIA,228,2012-01-06,315.8999938964844,2012-02-08,326.25,2359.8013916015625,0.0,0.0,2359.8013916015625,33,bear_cross
DRREDDY,225,2011-12-19,321.0599975585937,2012-02-14,324.6000061035156,796.5019226074346,0.0,0.0,796.5019226074346,57,bear_cross
ITC,616,2012-02-14,130.05775451660156,2012-02-16,130.635498046875,355.8900146484375,0.0,0.0,355.8900146484375,2,bear_cross
COALINDIA,240,2012-02-13,335.0,2012-02-21,325.0,-2400.0,0.0,0.0,-2400.0,8,bear_cross
APOLLOHOSP,121,2012-01-12,612.0,2012-02-23,587.8499755859375,-2922.1529541015625,0.0,0.0,-2922.1529541015625,42,bear_cross
TECHM,458,2012-01-02,144.5,2012-02-28,148.0,1603.0,0.0,0.0,1603.0,57,bear_cross
ADANIPORTS,512,2012-01-11,136.0,2012-03-01,148.0,6144.0,0.0,153.6,6297.6,50,bear_cross
GRASIM,196,2011-12-23,372.1790466308594,2012-03-07,411.9815368652344,7801.2880859375,0.0,0.0,7801.2880859375,75,bear_cross
TATACONSUM,855,2011-12-07,91.0,2012-03-14,119.1500015258789,24068.251304626465,0.0,0.0,24068.251304626465,98,bear_cross
IOC,1673,2012-02-24,47.5,2012-03-16,45.5,-3346.0,0.0,0.0,-3346.0,21,bear_cross
WIPRO,948,2012-03-09,83.1562728881836,2012-03-16,80.64376831054688,-2381.8543395996094,0.0,0.0,-2381.8543395996094,7,bear_cross
ONGC,407,2012-03-15,195.6666717529297,2012-03-20,181.3333282470703,-5833.670806884766,0.0,407.0,-5426.670806884766,5,bear_cross
ICICIBANK,470,2012-03-19,168.5454559326172,2012-03-21,164.0181884765625,-2127.815704345703,0.0,0.0,-2127.815704345703,2,bear_cross
JINDALSTEL,136,2012-03-19,575.1500244140625,2012-03-21,586.0,1475.5966796875,0.0,0.0,1475.5966796875,2,bear_cross
ABB,100,2012-03-16,776.673095703125,2012-03-22,771.4075317382812,-526.556396484375,0.0,0.0,-526.556396484375,6,bear_cross
HCLTECH,38,2012-01-06,103.5,2012-03-27,120.0,627.0,0.0,19.0,646.0,81,bear_cross
TMPV,400,2011-12-26,184.0261383056641,2012-03-28,269.0145568847656,33995.36743164061,0.0,0.0,33995.36743164061,93,bear_cross
AMBUJACEM,452,2012-03-22,173.64999389648438,2012-04-13,164.0,-4361.7972412109375,0.0,0.0,-4361.7972412109375,22,bear_cross
COALINDIA,239,2012-03-06,327.0,2012-04-17,343.0,3824.0,0.0,2270.5,6094.5,42,bear_cross
APOLLOHOSP,122,2012-03-15,652.5499877929688,2012-04-17,604.9500122070312,-5807.197021484375,0.0,0.0,-5807.197021484375,33,bear_cross
AXISBANK,331,2012-04-18,244.0,2012-04-25,222.8000030517578,-7017.198989868164,0.0,0.0,-7017.198989868164,7,bear_cross
SHRIRAMFIN,692,2012-03-16,114.17469024658205,2012-04-27,113.05419158935548,-775.3850708007812,0.0,0.0,-775.3850708007812,42,bear_cross
TECHM,459,2012-03-22,172.5,2012-05-02,178.0,2524.5,0.0,0.0,2524.5,41,bear_cross
SIEMENS,168,2012-04-17,469.0126037597656,2012-05-02,454.0734558105469,-2509.77685546875,0.0,0.0,-2509.77685546875,15,bear_cross
COALINDIA,229,2012-04-18,353.5,2012-05-08,327.1000061035156,-6045.598602294922,0.0,0.0,-6045.598602294922,20,bear_cross
CUMMINSIND,160,2012-04-02,495.0,2012-05-09,445.9500122070313,-7847.998046874991,0.0,0.0,-7847.998046874991,37,bear_cross
ITC,591,2012-02-23,134.0699005126953,2012-05-14,150.21478271484375,9541.625381469727,0.0,0.0,9541.625381469727,81,bear_cross
TITAN,334,2012-05-07,238.0,2012-05-21,229.1999969482422,-2939.2010192871094,0.0,0.0,-2939.2010192871094,14,bear_cross
VEDL,414,2012-05-21,196.0,2012-05-29,188.3000030517578,-3187.7987365722656,0.0,0.0,-3187.7987365722656,8,bear_cross
IOC,1826,2012-05-08,44.16666412353516,2012-06-01,42.59999847412109,-2860.731475830104,0.0,0.0,-2860.731475830104,24,bear_cross
TCS,132,2012-04-30,602.0,2012-06-11,616.5,1914.0,0.0,1056.0,2970.0,42,bear_cross
HCLTECH,12,2012-06-01,126.25,2012-06-13,121.6125030517578,-55.64996337890642,0.0,0.0,-55.64996337890642,12,bear_cross
APOLLOHOSP,126,2012-05-09,619.8499755859375,2012-06-19,625.0999755859375,661.5,0.0,0.0,661.5,41,bear_cross
GODREJCP,359,2012-03-20,151.6666717529297,2012-06-21,188.3333282470703,13163.329681396484,0.0,209.416547,13372.746228396485,93,bear_cross
ASIANPAINT,245,2012-04-02,324.44000244140625,2012-07-02,387.7999877929688,15523.196411132827,0.0,747.25,16270.446411132827,91,bear_cross
AXISBANK,362,2012-06-11,212.0200042724609,2012-07-02,204.25,-2812.741546630849,0.0,1158.4,-1654.3415466308488,21,bear_cross
BAJAJ-AUTO,52,2012-06-13,1570.0,2012-07-12,1505.0,-3380.0,0.0,2340.0,-1040.0,29,bear_cross
INFY,264,2012-05-31,301.0,2012-07-13,277.25,-6270.0,0.0,0.0,-6270.0,43,bear_cross
ADANIPORTS,562,2012-07-02,121.4499969482422,2012-07-16,118.1500015258789,-1854.597427368172,0.0,0.0,-1854.597427368172,14,bear_cross
HINDZINC,624,2012-06-21,121.8000030517578,2012-07-17,119.1999969482422,-1622.4038085937323,0.0,561.6,-1060.8038085937324,26,bear_cross
SIEMENS,11,2012-06-19,399.7466430664063,2012-07-19,405.235107421875,60.373107910155625,0.0,0.0,60.373107910155625,30,bear_cross
SBIN,382,2012-05-31,208.0,2012-07-24,209.5,573.0,0.0,0.0,573.0,54,bear_cross
MARUTI,1,2012-07-02,1180.0,2012-07-25,1095.0,-85.0,0.0,0.0,-85.0,23,bear_cross
BPCL,1357,2012-05-14,58.75,2012-07-26,61.0,3053.25,0.0,1243.917119,4297.167119,73,bear_cross
GAIL,1299,2012-06-01,60.375030517578125,2012-07-26,65.40003204345703,6527.476982116699,0.0,0.0,6527.476982116699,55,bear_cross
TATAPOWER,878,2012-07-26,92.6416473388672,2012-07-27,91.48362731933594,-1016.74157714845,0.0,0.0,-1016.74157714845,1,bear_cross
TITAN,361,2012-07-23,227.5,2012-08-13,217.5,-3610.0,0.0,0.0,-3610.0,21,bear_cross
ADANIPORTS,526,2012-08-03,118.5,2012-08-27,110.0,-4471.0,0.0,0.0,-4471.0,24,bear_cross
BAJAJ-AUTO,52,2012-07-26,1565.0,2012-09-05,1642.0,4004.0,0.0,0.0,4004.0,41,bear_cross
AMBUJACEM,452,2012-07-27,180.5,2012-09-05,179.25,-565.0,0.0,632.8,67.79999999999995,40,bear_cross
DIVISLAB,210,2012-03-27,372.8500061035156,2012-09-07,574.0,42241.49871826172,0.0,1365.0,43606.49871826172,164,bear_cross
RELIANCE,485,2012-08-02,169.63157653808594,2012-09-07,177.9977264404297,4057.5827026367188,0.0,0.0,4057.5827026367188,36,bear_cross
SUNPHARMA,255,2012-07-31,323.125,2012-09-10,332.20001220703125,2314.1281127929688,0.0,541.875,2856.0031127929688,41,bear_cross
DIVISLAB,150,2012-09-12,571.0,2012-09-17,560.0,-1650.0,0.0,0.0,-1650.0,5,bear_cross
POWERGRID,1270,2012-07-30,64.37814331054688,2012-09-20,65.25001525878906,1107.2773742675781,0.0,935.83125,2043.108624267578,52,bear_cross
HCLTECH,635,2012-07-26,128.2624969482422,2012-10-15,146.08749389648438,11318.873062133789,0.0,0.0,11318.873062133789,81,bear_cross
RELIANCE,473,2012-09-12,181.38075256347656,2012-10-16,191.7584228515625,4908.638046264648,0.0,0.0,4908.638046264648,34,bear_cross
SIEMENS,212,2012-08-31,401.5076599121094,2012-10-17,407.9646301269531,1368.877685546875,0.0,0.0,1368.877685546875,47,bear_cross
GAIL,1225,2012-09-12,69.75003051757812,2012-10-18,69.79690551757812,57.421875,0.0,0.0,57.421875,36,bear_cross
HINDZINC,33,2012-08-13,125.6500015258789,2012-10-25,131.8000030517578,202.9500503540039,0.0,52.800000000000004,255.75005035400392,73,bear_cross
POWERGRID,1335,2012-10-19,67.50001525878906,2012-10-25,66.26251220703125,-1652.0665740966797,0.0,0.0,-1652.0665740966797,6,bear_cross
NTPC,640,2012-10-29,141.125,2012-10-31,138.4583282470703,-1706.669921875,0.0,0.0,-1706.669921875,2,bear_cross
HINDUNILVR,172,2012-07-25,473.6499938964844,2012-11-02,541.4500122070312,11661.603149414062,0.0,2150.0,13811.603149414062,100,bear_cross
CANBK,1090,2012-09-20,76.35340118408203,2012-11-02,80.7303466796875,4770.870590209961,0.0,0.0,4770.870590209961,43,bear_cross
ZYDUSLIFE,515,2012-10-29,172.00999450683594,2012-11-16,167.32000732421875,-2415.3433990478516,0.0,0.0,-2415.3433990478516,18,bear_cross
JSWSTEEL,1177,2012-11-02,76.80999755859375,2012-11-19,73.23500061035156,-4207.771408081055,0.0,0.0,-4207.771408081055,17,bear_cross
TCS,134,2012-10-31,654.5499877929688,2012-11-20,637.5,-2284.6983642578125,0.0,0.0,-2284.6983642578125,20,bear_cross
AMBUJACEM,438,2012-11-05,206.6999969482422,2012-11-20,201.8500061035156,-2124.2959899902467,0.0,0.0,-2124.2959899902467,15,bear_cross
KOTAKBANK,29,2012-11-16,63.900001525878906,2012-11-21,62.54499816894531,-39.29509735107422,0.0,0.0,-39.29509735107422,5,bear_cross
ASIANPAINT,230,2012-11-06,396.9949951171875,2012-11-23,396.7999877929688,-44.851684570299426,0.0,0.0,-44.851684570299426,17,bear_cross
INFY,242,2012-11-29,306.25,2012-12-11,289.5,-4053.5,0.0,0.0,-4053.5,12,bear_cross
HCLTECH,614,2012-10-17,149.75,2012-12-13,155.5,3530.5,0.0,614.0,4144.5,57,bear_cross
ULTRACEMCO,2,2012-12-11,1961.0,2012-12-13,1950.0,-22.0,0.0,0.0,-22.0,2,bear_cross
TITAN,363,2012-09-11,235.0,2012-12-18,282.95001220703125,17405.854431152344,0.0,0.0,17405.854431152344,98,bear_cross
SIEMENS,171,2012-12-13,404.0610961914063,2012-12-18,394.4636535644531,-1641.1626892089942,0.0,0.0,-1641.1626892089942,5,bear_cross
COALINDIA,250,2012-11-26,357.0,2012-12-19,352.54998779296875,-1112.5030517578125,0.0,0.0,-1112.5030517578125,23,bear_cross
CGPOWER,2389,2012-12-20,40.188385009765625,2012-12-28,39.44351577758789,-1779.4925956726074,0.0,0.0,-1779.4925956726074,8,bear_cross
KOTAKBANK,1422,2012-11-22,63.150001525878906,2013-01-01,65.29499816894531,3050.1852264404297,0.0,0.0,3050.1852264404297,40,bear_cross
HCLTECH,598,2012-12-20,161.1750030517578,2013-01-01,156.22500610351562,-2960.098175048828,0.0,0.0,-2960.098175048828,12,bear_cross
ULTRACEMCO,48,2012-12-14,1954.0,2013-01-14,1885.0,-3312.0,0.0,0.0,-3312.0,31,bear_cross
ADANIENT,2867,2012-09-17,29.13758850097656,2013-01-16,40.985748291015625,33968.674118042,0.0,0.0,33968.674118042,121,bear_cross
ASIANPAINT,220,2012-11-27,407.125,2013-01-16,429.7999877929688,4988.497314453138,0.0,0.0,4988.497314453138,50,bear_cross
BAJAJ-AUTO,49,2012-09-11,1700.0,2013-01-18,2065.0,17885.0,0.0,0.0,17885.0,129,bear_cross
CIPLA,215,2012-11-06,394.5,2013-01-21,410.1000061035156,3354.0013122558594,0.0,0.0,3354.0013122558594,76,bear_cross
GODREJCP,392,2013-01-18,245.8166656494141,2013-01-22,239.96665954589844,-2293.202392578136,0.0,0.0,-2293.202392578136,4,bear_cross
CGPOWER,2305,2013-01-02,41.27970886230469,2013-01-23,38.99312973022461,-5270.56489944458,0.0,0.0,-5270.56489944458,21,bear_cross
CANBK,1069,2012-11-29,85.35045623779297,2013-01-29,94.25025177001952,9513.88142395018,0.0,0.0,9513.88142395018,61,bear_cross
NTPC,704,2013-01-21,137.1666717529297,2013-02-05,128.4583282470703,-6130.673828125,0.0,0.0,-6130.673828125,15,bear_cross
BHARTIARTL,333,2013-01-03,291.1061096191406,2013-02-06,295.11669921875,1335.5263366699219,0.0,0.0,1335.5263366699219,34,bear_cross
SHRIRAMFIN,620,2013-02-01,154.18162536621094,2013-02-12,147.01039123535156,-4446.1651611328125,0.0,0.0,-4446.1651611328125,11,bear_cross
AMBUJACEM,443,2013-02-06,203.0,2013-02-12,188.5,-6423.5,0.0,0.0,-6423.5,6,bear_cross
IOC,2105,2012-12-31,44.98333358764648,2013-02-20,52.90833282470703,16682.123394012466,0.0,0.0,16682.123394012466,51,bear_cross
ITC,508,2013-01-24,188.0894470214844,2013-02-26,188.0894470214844,0.0,0.0,0.0,0.0,33,bear_cross
PFC,1131,2013-02-01,84.04000091552734,2013-02-27,79.91999816894531,-4659.723106384277,0.0,2714.4,-1945.3231063842773,26,bear_cross
APOLLOHOSP,86,2013-02-05,817.9500122070312,2013-02-27,807.0,-941.7010498046875,0.0,0.0,-941.7010498046875,22,bear_cross
ASIANPAINT,215,2013-01-25,441.8800048828125,2013-02-28,438.0,-834.2010498046875,0.0,0.0,-834.2010498046875,34,bear_cross
KOTAKBANK,1417,2013-01-29,66.80000305175781,2013-02-28,65.48999786376953,-1856.2773513793945,0.0,0.0,-1856.2773513793945,30,bear_cross
ADANIPORTS,662,2013-01-31,143.35000610351562,2013-03-01,139.5500030517578,-2515.602020263672,0.0,0.0,-2515.602020263672,29,bear_cross
HDFCBANK,553,2013-02-18,169.5,2013-03-01,156.25,-7327.25,0.0,0.0,-7327.25,11,bear_cross
ULTRACEMCO,48,2013-02-18,1921.0,2013-03-01,1870.0,-2448.0,0.0,0.0,-2448.0,11,bear_cross
GRASIM,54,2013-02-27,472.0748596191406,2013-03-01,451.9537353515625,-1086.5407104492188,0.0,0.0,-1086.5407104492188,2,bear_cross
AMBUJACEM,459,2013-02-27,197.5500030517578,2013-03-04,191.6000061035156,-2731.0485992431773,0.0,0.0,-2731.0485992431773,5,bear_cross
BAJAJFINSV,1075,2013-02-28,85.19999694824219,2013-03-06,81.34500122070312,-4144.120407104492,0.0,0.0,-4144.120407104492,6,bear_cross
APOLLOHOSP,108,2013-03-01,824.9500122070312,2013-03-19,804.2999877929688,-2230.20263671875,0.0,0.0,-2230.20263671875,18,bear_cross
BHARTIARTL,314,2013-03-12,289.3035888671875,2013-03-19,279.3897399902344,-3112.9485473632812,0.0,0.0,-3112.9485473632812,7,bear_cross
TMPV,300,2013-03-08,302.6537475585937,2013-03-20,278.6116027832031,-7212.64343261717,0.0,0.0,-7212.64343261717,12,bear_cross
DLF,317,2013-03-12,287.5,2013-03-21,249.6000061035156,-12014.298065185556,0.0,0.0,-12014.298065185556,9,bear_cross
SBIN,394,2013-03-19,226.6000061035156,2013-03-21,212.6000061035156,-5516.0,0.0,0.0,-5516.0,2,bear_cross
M&M,199,2013-03-12,457.5,2013-03-25,438.75,-3731.25,0.0,0.0,-3731.25,13,bear_cross
NESTLEIND,375,2013-03-01,238.0,2013-03-28,229.99749755859372,-3000.938415527354,0.0,0.0,-3000.938415527354,27,bear_cross
TECHM,34,2012-12-18,238.1875,2013-04-01,264.0625,879.75,0.0,0.0,879.75,104,bear_cross
SIEMENS,261,2013-03-20,332.32977294921875,2013-04-04,307.03009033203125,-6603.2171630859375,0.0,0.0,-6603.2171630859375,15,bear_cross
UNITDSPR,229,2013-04-02,375.7200012207031,2013-04-04,361.3999938964844,-3279.2816772460938,0.0,0.0,-3279.2816772460938,2,bear_cross
INFY,234,2013-04-03,368.6124877929688,2013-04-10,350.375,-4267.572143554701,0.0,0.0,-4267.572143554701,7,bear_cross
WIPRO,1168,2013-02-26,78.17814636230469,2013-04-11,76.38751983642578,-2091.4517822265625,0.0,0.0,-2091.4517822265625,44,bear_cross
ASIANPAINT,191,2013-03-12,476.1000061035156,2013-04-11,458.6000061035156,-3342.5,0.0,0.0,-3342.5,30,bear_cross
HINDZINC,6,2013-04-04,120.4000015258789,2013-04-11,118.5,-11.400009155273438,0.0,0.0,-11.400009155273438,7,bear_cross
CUMMINSIND,173,2013-04-04,495.0,2013-04-16,480.0,-2595.0,0.0,0.0,-2595.0,12,bear_cross
DIVISLAB,154,2013-04-10,514.4500122070312,2013-05-24,493.4500122070313,-3233.9999999999914,0.0,0.0,-3233.9999999999914,44,bear_cross
GODREJCP,346,2013-02-20,250.3333282470703,2013-05-29,276.6666564941406,9111.331573486328,0.0,230.666782,9341.998355486328,98,bear_cross
PFC,1087,2013-04-16,77.5999984741211,2013-05-29,78.0,434.8016586303711,0.0,0.0,434.8016586303711,43,bear_cross
MARUTI,58,2013-04-11,1414.0,2013-05-31,1625.0999755859375,12243.798583984375,0.0,0.0,12243.798583984375,50,bear_cross
RECLTD,105,2013-04-16,82.5,2013-06-05,82.875,39.375,0.0,0.0,39.375,50,bear_cross
HDFCBANK,533,2013-04-15,160.52499389648438,2013-06-07,170.4375,5283.365753173828,0.0,0.0,5283.365753173828,53,bear_cross
ADANIPORTS,613,2013-04-05,141.0,2013-06-10,152.1999969482422,6865.598129272461,0.0,0.0,6865.598129272461,66,bear_cross
POWERGRID,1451,2013-06-03,63.75939178466797,2013-06-10,62.43751525878906,-1918.042839050293,0.0,0.0,-1918.042839050293,7,bear_cross
HCLTECH,495,2013-05-30,186.4875030517578,2013-06-11,189.0500030517578,1268.4375,0.0,0.0,1268.4375,12,bear_cross
GODREJCP,222,2013-06-05,298.8999938964844,2013-06-14,258.01666259765625,-9076.099548339844,0.0,0.0,-9076.099548339844,9,bear_cross
JSWSTEEL,1310,2013-05-30,70.06999969482422,2013-06-17,68.63999938964844,-1873.3003997802734,0.0,0.0,-1873.3003997802734,18,bear_cross
APOLLOHOSP,103,2013-04-04,835.0,2013-06-19,992.0,16171.0,0.0,0.0,16171.0,76,bear_cross
DRREDDY,235,2013-04-04,366.9500122070313,2013-06-26,421.3999938964844,12795.745697021472,0.0,0.0,12795.745697021472,83,bear_cross
RELIANCE,484,2013-06-20,186.9581756591797,2013-06-26,185.0266571044922,-934.85498046875,0.0,0.0,-934.85498046875,6,bear_cross
APOLLOHOSP,93,2013-06-21,970.0,2013-06-26,945.0,-2325.0,0.0,0.0,-2325.0,5,bear_cross
HINDUNILVR,185,2013-03-21,468.8500061035156,2013-06-27,588.5999755859375,22153.744354248047,0.0,0.0,22153.744354248047,98,bear_cross
INFY,312,2013-05-27,292.6499938964844,2013-06-27,302.625,3112.201904296875,0.0,1053.0,4165.201904296875,31,bear_cross
APOLLOHOSP,88,2013-07-01,1054.0,2013-07-09,966.0,-7744.0,0.0,0.0,-7744.0,8,bear_cross
DIVISLAB,187,2013-07-01,497.0,2013-07-25,480.0750122070313,-3164.972717285146,0.0,1402.5,-1762.4727172851458,24,bear_cross
AMBUJACEM,491,2013-06-24,185.0,2013-07-30,170.75,-6996.75,0.0,687.4,-6309.35,36,bear_cross
EICHERMOT,62,2013-07-09,362.8999938964844,2013-08-01,349.5,-830.7996215820312,0.0,0.0,-830.7996215820312,23,bear_cross
BANKBARODA,702,2013-07-25,117.0,2013-08-02,104.01000213623048,-9118.978500366202,0.0,0.0,-9118.978500366202,8,bear_cross
DRREDDY,209,2013-07-01,443.5799865722656,2013-08-05,448.9599914550781,1124.4210205078125,0.0,627.0,1751.4210205078125,35,bear_cross
RELIANCE,470,2013-07-01,197.0386962890625,2013-08-05,196.5815277099609,-214.86923217774773,0.0,0.0,-214.86923217774773,35,bear_cross
BAJAJ-AUTO,42,2013-06-24,1830.0,2013-08-07,1814.699951171875,-642.60205078125,0.0,1890.0,1247.39794921875,44,bear_cross
CGPOWER,3213,2013-08-16,31.007417678833008,2013-08-21,29.53499984741211,-4730.878492355347,0.0,0.0,-4730.878492355347,5,bear_cross
GODREJCP,343,2013-08-13,285.3333435058594,2013-08-22,271.6666564941406,-4687.673645019531,0.0,0.0,-4687.673645019531,9,bear_cross
CIPLA,237,2013-08-16,420.0,2013-08-23,402.7999877929688,-4076.4028930663926,0.0,0.0,-4076.4028930663926,7,bear_cross
DIVISLAB,199,2013-08-16,495.125,2013-08-23,469.0499877929688,-5188.927429199208,0.0,0.0,-5188.927429199208,7,bear_cross
TMPV,140,2013-08-19,303.93994140625,2013-08-28,286.971923828125,-2375.5224609375,0.0,0.0,-2375.5224609375,9,bear_cross
RECLTD,1386,2013-08-26,71.34375,2013-09-04,61.89374923706055,-13097.701057434082,0.0,779.625,-12318.076057434082,9,bear_cross
TECHM,379,2013-06-17,241.375,2013-09-18,329.75,33494.125,0.0,0.0,33494.125,93,bear_cross
INFY,297,2013-07-01,308.625,2013-09-20,375.0,19713.375,0.0,0.0,19713.375,81,bear_cross
IOC,2617,2013-08-28,33.06666564941406,2013-09-30,34.775001525878906,4470.714988708496,0.0,0.0,4470.714988708496,33,bear_cross
JINDALSTEL,443,2013-08-16,222.6999969482422,2013-10-04,240.1000061035156,7708.20405578612,0.0,708.8000000000001,8417.00405578612,49,bear_cross
SHRIRAMFIN,900,2013-09-20,116.72750091552734,2013-10-14,112.05060577392578,-4209.205627441406,0.0,0.0,-4209.205627441406,24,bear_cross
PNB,1084,2013-10-14,98.0,2013-10-17,94.5,-3794.0,0.0,0.0,-3794.0,3,bear_cross
GODREJCP,362,2013-10-01,280.0,2013-10-18,273.0,-2534.0,0.0,0.0,-2534.0,17,bear_cross
HINDALCO,927,2013-08-23,104.3000030517578,2013-10-21,115.5999984741211,10475.095756530774,0.0,1297.8,11772.895756530774,59,bear_cross
HCLTECH,477,2013-06-13,191.2250061035156,2013-10-29,266.2749938964844,35798.84417724611,0.0,238.5,36037.34417724611,138,bear_cross
WIPRO,1447,2013-06-18,63.39376449584961,2013-10-31,89.08126831054688,37169.81801986694,0.0,1356.5625,38526.38051986694,135,bear_cross
APOLLOHOSP,118,2013-10-17,894.3499755859375,2013-10-31,890.0,-513.297119140625,0.0,0.0,-513.297119140625,14,bear_cross
TATAPOWER,1381,2013-10-30,77.39437866210938,2013-10-31,77.87688446044922,666.3405075073242,0.0,0.0,666.3405075073242,1,bear_cross
APOLLOHOSP,119,2013-11-01,911.7000122070312,2013-11-05,899.0499877929688,-1505.3529052734375,0.0,0.0,-1505.3529052734375,4,bear_cross
GODREJCP,373,2013-10-24,287.6666564941406,2013-11-12,284.3333435058594,-1243.3257446289062,0.0,0.0,-1243.3257446289062,19,bear_cross
ONGC,559,2013-10-21,189.3333282470703,2013-11-13,177.3333282470703,-6708.0,0.0,0.0,-6708.0,23,bear_cross
SHRIRAMFIN,915,2013-11-01,119.84542846679688,2013-11-14,107.58806610107422,-11215.48656463623,0.0,534.91998,-10680.56658463623,13,bear_cross
ADANIPORTS,718,2013-11-06,152.0,2013-11-18,153.6999969482422,1220.5978088378906,0.0,0.0,1220.5978088378906,12,bear_cross
VEDL,570,2013-08-23,157.1999969482422,2013-11-19,188.5,17841.001739501953,0.0,855.0,18696.001739501953,88,bear_cross
BRITANNIA,244,2013-11-21,446.5,2013-11-22,442.625,-945.5,0.0,0.0,-945.5,1,bear_cross
DRREDDY,4,2013-09-04,441.3999938964844,2013-11-27,482.739990234375,165.3599853515625,0.0,0.0,165.3599853515625,84,bear_cross
CANBK,1945,2013-09-18,43.380401611328125,2013-11-27,45.47161102294922,4067.4023056030273,0.0,0.0,4067.4023056030273,70,bear_cross
NTPC,877,2013-11-01,122.91666412353516,2013-12-02,122.625,-255.78943634033203,0.0,0.0,-255.78943634033203,31,bear_cross
GODREJCP,376,2013-11-14,281.3333435058594,2013-12-10,273.4166564941406,-2976.67431640625,0.0,125.333208,-2851.34110840625,26,bear_cross
DRREDDY,11,2013-12-02,499.7999877929688,2013-12-11,491.0,-96.79986572265688,0.0,0.0,-96.79986572265688,9,bear_cross
TMPV,156,2013-08-29,296.3216552734375,2013-12-13,360.2361145019531,9970.655639648438,0.0,0.0,9970.655639648438,106,bear_cross
HINDALCO,883,2013-11-20,124.0999984741211,2013-12-19,118.5,-4944.798652648926,0.0,0.0,-4944.798652648926,29,bear_cross
ONGC,557,2013-11-28,193.26666259765625,2013-12-19,187.73333740234372,-3082.0621337890784,0.0,1856.666481,-1225.3956527890784,21,bear_cross
RELIANCE,542,2013-12-12,200.69602966308597,2013-12-19,197.58729553222656,-1684.9338989257967,0.0,0.0,-1684.9338989257967,7,bear_cross
JINDALSTEL,437,2013-11-22,245.1000061035156,2013-12-20,249.6000061035156,1966.5,0.0,0.0,1966.5,28,bear_cross
UNITDSPR,196,2013-11-28,535.0,2014-01-01,524.3200073242188,-2093.278564453125,0.0,0.0,-2093.278564453125,34,bear_cross
ADANIPORTS,714,2013-11-19,154.0500030517578,2014-01-02,155.6999969482422,1178.0956420898438,0.0,0.0,1178.0956420898438,44,bear_cross
ADANIENT,4560,2013-10-07,22.68470764160156,2014-01-07,38.83223724365234,73632.73498535155,0.0,0.0,73632.73498535155,92,bear_cross
GODREJCP,382,2014-01-03,279.5333251953125,2014-01-07,276.9666748046875,-980.46044921875,0.0,0.0,-980.46044921875,4,bear_cross
HINDZINC,30,2013-12-13,130.3000030517578,2014-01-09,131.0,20.999908447265625,0.0,0.0,20.999908447265625,27,bear_cross
PFC,1675,2013-12-24,64.80000305175781,2014-01-09,62.2400016784668,-4288.002300262451,0.0,0.0,-4288.002300262451,16,bear_cross
RELIANCE,531,2013-12-24,204.92481994628903,2014-01-09,194.3985595703125,-5589.444259643539,0.0,0.0,-5589.444259643539,16,bear_cross
BHARTIARTL,359,2014-01-02,304.6249694824219,2014-01-17,284.7973022460937,-7118.132537841817,0.0,0.0,-7118.132537841817,15,bear_cross
COALINDIA,356,2013-12-10,290.25,2014-01-22,262.8999938964844,-9736.602172851562,0.0,10324.0,587.3978271484375,43,bear_cross
RELIANCE,10,2014-01-17,203.24473571777344,2014-01-27,195.66720581054688,-75.77529907226562,0.0,0.0,-75.77529907226562,10,bear_cross
ONGC,552,2014-01-17,189.36666870117188,2014-01-29,183.8333282470703,-3054.4039306640625,0.0,0.0,-3054.4039306640625,12,bear_cross
HINDZINC,761,2014-01-22,136.0,2014-01-30,127.0,-6849.0,0.0,0.0,-6849.0,8,bear_cross
SUNPHARMA,177,2014-01-08,600.0,2014-02-06,587.8499755859375,-2150.5543212890625,0.0,0.0,-2150.5543212890625,29,bear_cross
ITC,514,2014-01-14,209.2735748291016,2014-02-10,207.05886840820312,-1138.3591003418114,0.0,0.0,-1138.3591003418114,27,bear_cross
CIPLA,268,2013-12-24,406.0,2014-02-14,384.7000122070313,-5708.3967285156095,0.0,0.0,-5708.3967285156095,52,bear_cross
DRREDDY,215,2013-12-23,503.3999938964844,2014-02-18,530.780029296875,5886.707611083984,0.0,0.0,5886.707611083984,57,bear_cross
HINDUNILVR,182,2014-01-27,563.4000244140625,2014-02-18,560.0,-618.804443359375,0.0,0.0,-618.804443359375,22,bear_cross
APOLLOHOSP,116,2014-02-07,950.25,2014-02-20,926.3499755859376,-2772.402832031237,0.0,0.0,-2772.402832031237,13,bear_cross
TATASTEEL,2926,2014-02-14,35.146453857421875,2014-02-28,33.44105529785156,-4989.996185302734,0.0,0.0,-4989.996185302734,14,bear_cross
GAIL,1657,2014-01-13,64.82815551757812,2014-03-24,66.50628662109375,2780.6632385253906,0.0,1398.09375,4178.756988525391,70,bear_cross
DIVISLAB,195,2013-11-12,559.5,2014-03-28,669.6500244140625,21479.254760742188,0.0,0.0,21479.254760742188,136,bear_cross
ZYDUSLIFE,501,2014-02-07,172.00999450683594,2014-04-17,195.05999755859372,11548.05152893065,0.0,0.0,11548.05152893065,69,bear_cross
TVSMOTOR,1371,2014-02-04,78.6500015258789,2014-04-21,88.75,13847.09790802002,0.0,0.0,13847.09790802002,76,bear_cross
IOC,3052,2014-01-17,35.66666412353516,2014-04-23,46.16666412353516,32046.0,0.0,0.0,32046.0,96,bear_cross
TITAN,20,2014-02-10,225.0,2014-04-25,255.0,600.0,0.0,0.0,600.0,74,bear_cross
TATAPOWER,1386,2014-02-20,73.87206268310547,2014-05-02,78.94999694824219,7038.016891479492,0.0,0.0,7038.016891479492,71,bear_cross
IOC,2727,2014-04-29,44.49166488647461,2014-05-02,44.36666488647461,-340.875,0.0,0.0,-340.875,3,bear_cross
AMBUJACEM,673,2014-03-03,168.85000610351562,2014-05-06,204.5,23992.445892333984,0.0,0.0,23992.445892333984,64,bear_cross
GAIL,1725,2014-04-21,70.31253814697266,2014-05-07,69.33753204345703,-1681.8855285644531,0.0,0.0,-1681.8855285644531,16,bear_cross
HCLTECH,337,2014-04-23,363.25,2014-05-07,348.0,-5139.25,0.0,0.0,-5139.25,14,bear_cross
ADANIPORTS,679,2014-02-18,152.0,2014-05-08,190.0500030517578,25835.952072143555,0.0,0.0,25835.952072143555,79,bear_cross
CIPLA,245,2014-03-24,398.0,2014-05-08,391.0,-1715.0,0.0,0.0,-1715.0,45,bear_cross
ABB,37,2014-05-02,769.8641967773438,2014-05-08,740.041015625,-1103.4577026367188,0.0,0.0,-1103.4577026367188,6,bear_cross
BHARTIARTL,388,2014-03-28,280.291015625,2014-05-09,277.5872497558594,-1049.0611572265625,0.0,0.0,-1049.0611572265625,42,bear_cross
DRREDDY,218,2014-05-05,550.0,2014-05-19,482.0,-14824.0,0.0,0.0,-14824.0,14,bear_cross
INFY,13,2014-05-19,399.75,2014-05-20,381.125,-242.125,0.0,0.0,-242.125,1,bear_cross
MUTHOOTFIN,589,2014-04-21,178.75,2014-06-16,191.85000610351562,7715.903594970703,0.0,0.0,7715.903594970703,56,bear_cross
IOC,2581,2014-05-09,46.64166641235352,2014-06-20,55.16666412353516,22003.019092559814,0.0,0.0,22003.019092559814,42,bear_cross
BHARTIARTL,331,2014-05-20,306.4274597167969,2014-06-20,302.9125671386719,-1163.429443359375,0.0,0.0,-1163.429443359375,31,bear_cross
CGPOWER,2016,2014-05-13,62.014835357666016,2014-06-26,70.32967376708984,16762.714233398438,0.0,0.0,16762.714233398438,44,bear_cross
PFC,1520,2014-05-08,79.0,2014-07-11,121.04000091552734,63900.80139160156,0.0,0.0,63900.80139160156,64,bear_cross
AXISBANK,362,2014-06-25,386.7999877929688,2014-07-14,363.55999755859375,-8412.87646484377,0.0,0.0,-8412.87646484377,19,bear_cross
BPCL,1446,2014-07-01,101.6750030517578,2014-07-14,94.78333282470705,-9965.355148315388,0.0,0.0,-9965.355148315388,13,bear_cross
HDFCBANK,612,2014-05-13,200.0,2014-07-15,205.1875,3174.75,0.0,1048.05,4222.8,63,bear_cross
TITAN,442,2014-05-07,278.5,2014-07-16,325.5,20774.0,0.0,928.2,21702.2,70,bear_cross
CUMMINSIND,222,2014-07-22,655.9500122070312,2014-07-28,640.1500244140625,-3507.5972900390625,0.0,1776.0,-1731.5972900390625,6,bear_cross
DLF,665,2014-07-18,219.4499969482422,2014-07-30,192.5500030517578,-17888.49594116211,0.0,0.0,-17888.49594116211,12,bear_cross
TVSMOTOR,1075,2014-05-06,100.5999984741211,2014-07-31,147.25,50148.751640319824,0.0,0.0,50148.751640319824,86,bear_cross
RELIANCE,616,2014-07-30,229.4975128173828,2014-08-05,225.1772918701172,-2661.256103515625,0.0,0.0,-2661.256103515625,6,bear_cross
ADANIPORTS,591,2014-05-12,206.5,2014-08-06,265.8500061035156,35075.853607177734,0.0,591.0,35666.853607177734,86,bear_cross
AXISBANK,369,2014-07-21,402.7999877929688,2014-08-11,374.0,-10627.19549560549,0.0,0.0,-10627.19549560549,21,bear_cross
BPCL,1444,2014-08-08,95.5,2014-08-11,95.35832977294922,-204.57180786132812,0.0,0.0,-204.57180786132812,3,bear_cross
TATASTEEL,2753,2014-07-21,53.73434448242188,2014-08-14,50.83802795410156,-7973.55940246584,0.0,0.0,-7973.55940246584,24,bear_cross
ICICIBANK,545,2014-07-22,270.463623046875,2014-08-14,265.12725830078125,-2908.3187866210938,0.0,0.0,-2908.3187866210938,23,bear_cross
DIVISLAB,12,2014-06-16,678.25,2014-08-18,735.0,681.0,0.0,120.0,801.0,63,bear_cross
BANKBARODA,334,2014-07-28,172.8000030517578,2014-09-05,174.42999267578125,544.4165344238281,0.0,0.0,544.4165344238281,39,bear_cross
APOLLOHOSP,127,2014-08-18,1133.449951171875,2014-09-22,1150.050048828125,2108.21240234375,0.0,0.0,2108.21240234375,35,bear_cross
BPCL,1409,2014-08-18,102.83333587646484,2014-09-23,112.3499984741211,13408.977600097656,0.0,3992.166197,17401.143797097655,36,bear_cross
CUMMINSIND,211,2014-08-11,662.0,2014-09-24,666.1500244140625,875.6551513671875,0.0,1055.0,1930.6551513671875,44,bear_cross
ICICIBANK,535,2014-08-18,270.2727355957031,2014-09-26,266.5454406738281,-1994.102783203125,0.0,0.0,-1994.102783203125,39,bear_cross
UNITDSPR,130,2014-09-22,469.0,2014-09-26,469.3399963378906,44.19952392578125,0.0,0.0,44.19952392578125,4,bear_cross
AMBUJACEM,738,2014-09-25,212.1000061035156,2014-09-29,213.3000030517578,885.5977478027553,0.0,0.0,885.5977478027553,4,bear_cross
PIDILITIND,886,2014-06-25,157.5,2014-10-09,196.0249938964844,34133.14459228518,0.0,1196.1000000000001,35329.24459228518,106,bear_cross
UNITDSPR,325,2014-09-30,475.7999877929688,2014-10-09,464.7999877929688,-3575.0,0.0,0.0,-3575.0,9,bear_cross
ABB,138,2014-09-05,971.136474609375,2014-10-10,980.3058471679688,1265.3734130859375,0.0,0.0,1265.3734130859375,35,bear_cross
SHREECEM,19,2014-08-05,7424.9501953125,2014-10-13,8310.0,16815.9462890625,0.0,418.0,17233.9462890625,69,bear_cross
SUNPHARMA,192,2014-10-09,799.5,2014-10-14,797.5,-384.0,0.0,0.0,-384.0,5,bear_cross
MARUTI,54,2014-08-04,2590.0,2014-10-16,2956.10009765625,19769.4052734375,0.0,648.0,20417.4052734375,73,bear_cross
EICHERMOT,224,2014-02-20,490.7000122070313,2014-10-17,1100.5050048828125,136596.318359375,0.0,672.0,137268.318359375,239,bear_cross
TITAN,74,2014-08-11,341.95001220703125,2014-10-20,385.0,3185.6990966796875,0.0,0.0,3185.6990966796875,70,bear_cross
ASIANPAINT,233,2014-10-14,663.9000244140625,2014-10-21,652.0,-2772.7056884765625,0.0,0.0,-2772.7056884765625,7,bear_cross
COALINDIA,433,2014-10-22,357.0,2014-11-14,345.0,-5196.0,0.0,0.0,-5196.0,23,bear_cross
UNIONBANK,723,2014-10-17,210.0,2014-11-25,214.0,2892.0,0.0,0.0,2892.0,39,bear_cross
NTPC,1288,2014-10-09,120.16666412353516,2014-11-26,116.75,-4400.663391113281,0.0,0.0,-4400.663391113281,48,bear_cross
GAIL,1707,2014-10-22,90.76879119873048,2014-11-27,91.9781723022461,2064.413543701148,0.0,0.0,2064.413543701148,36,bear_cross
CANBK,2027,2014-10-22,76.78136444091797,2014-11-28,75.2056655883789,-3193.9415740966797,0.0,0.0,-3193.9415740966797,37,bear_cross
BHARTIARTL,399,2014-11-25,365.8203125,2014-11-28,347.88531494140625,-7156.064025878906,0.0,0.0,-7156.064025878906,3,bear_cross
GAIL,1792,2014-12-01,91.2187957763672,2014-12-02,89.1187973022461,-3763.1972656250255,0.0,0.0,-3763.1972656250255,1,bear_cross
BPCL,1318,2014-10-21,116.625,2014-12-09,115.5250015258789,-1449.7979888916016,0.0,0.0,-1449.7979888916016,49,bear_cross
TATACONSUM,1017,2014-12-01,161.85000610351562,2014-12-12,155.1999969482422,-6763.059310913086,0.0,0.0,-6763.059310913086,11,bear_cross
PFC,1463,2014-10-21,104.62000274658205,2014-12-15,109.6999969482422,7432.031517028809,0.0,0.0,7432.031517028809,55,bear_cross
M&M,247,2014-12-01,663.4749755859375,2014-12-16,620.0999755859375,-10713.625,0.0,0.0,-10713.625,15,bear_cross
HINDZINC,551,2014-12-09,172.8000030517578,2014-12-17,156.6999969482422,-8871.10336303711,0.0,0.0,-8871.10336303711,8,bear_cross
CIPLA,253,2014-11-28,642.0,2014-12-18,609.0,-8349.0,0.0,0.0,-8349.0,20,bear_cross
DLF,104,2014-11-14,141.60000610351562,2014-12-19,136.5,-530.400634765625,0.0,0.0,-530.400634765625,35,bear_cross
CUMMINSIND,221,2014-10-21,688.0,2014-12-22,861.5499877929688,38354.547302246094,0.0,0.0,38354.547302246094,62,bear_cross
SBIN,596,2014-10-21,258.0,2014-12-24,306.0,28608.0,0.0,0.0,28608.0,64,bear_cross
MARUTI,46,2014-12-24,3400.0,2015-01-02,3360.0,-1840.0,0.0,0.0,-1840.0,9,bear_cross
ICICIBANK,490,2014-12-26,321.9545593261719,2015-01-12,311.5909118652344,-5078.187255859375,0.0,0.0,-5078.187255859375,17,bear_cross
UNIONBANK,690,2014-12-23,228.8999938964844,2015-02-02,207.1999969482422,-14972.99789428713,0.0,0.0,-14972.99789428713,41,bear_cross
BANKBARODA,721,2014-12-29,215.57000732421875,2015-02-03,190.0,-18435.97528076172,0.0,0.0,-18435.97528076172,36,bear_cross
CANBK,2013,2014-12-03,81.00269317626953,2015-02-06,83.54132080078125,5110.25740814209,0.0,0.0,5110.25740814209,65,bear_cross
MOTHERSON,4538,2014-12-26,34.77745819091797,2015-02-06,35.45746612548828,3085.876007080078,0.0,0.0,3085.876007080078,42,bear_cross
PFC,1344,2015-02-03,124.8000030517578,2015-02-09,112.5,-16531.20410156248,0.0,0.0,-16531.20410156248,6,bear_cross
ASIANPAINT,197,2015-01-05,779.9000244140625,2015-02-10,801.9000244140625,4334.0,0.0,0.0,4334.0,36,bear_cross
HINDUNILVR,6,2015-01-12,867.5,2015-02-18,902.0,207.0,0.0,0.0,207.0,37,bear_cross
ULTRACEMCO,60,2014-12-26,2647.0,2015-02-25,2995.199951171875,20891.9970703125,0.0,0.0,20891.9970703125,61,bear_cross
AXISBANK,364,2014-10-22,427.0,2015-02-26,552.6500244140625,45736.60888671875,0.0,0.0,45736.60888671875,127,bear_cross
EICHERMOT,107,2014-12-23,1479.300048828125,2015-03-02,1655.0,18799.894775390625,0.0,0.0,18799.894775390625,69,bear_cross
ITC,696,2015-02-04,235.9142303466797,2015-03-05,222.75439453125,-9159.245727539062,0.0,0.0,-9159.245727539062,29,bear_cross
HINDALCO,1069,2015-02-11,149.5500030517578,2015-03-11,138.85000610351562,-11438.296737670898,0.0,0.0,-11438.296737670898,28,bear_cross
ADANIPORTS,469,2015-03-02,334.5,2015-03-11,318.8999938964844,-7316.402862548828,0.0,0.0,-7316.402862548828,9,bear_cross
VEDL,468,2015-02-06,207.5,2015-03-12,194.6499938964844,-6013.802856445299,0.0,0.0,-6013.802856445299,34,bear_cross
EICHERMOT,99,2015-03-11,1602.0,2015-03-12,1614.0,1188.0,0.0,0.0,1188.0,1,bear_cross
ICICIBANK,224,2015-03-11,303.2727355957031,2015-03-12,306.8636474609375,804.3642578125,0.0,0.0,804.3642578125,1,bear_cross
SHREECEM,16,2014-12-26,9250.0,2015-03-13,10917.0,26672.0,0.0,0.0,26672.0,77,bear_cross
ABB,128,2015-02-11,1248.3056640625,2015-03-13,1202.867431640625,-5816.09375,0.0,0.0,-5816.09375,30,bear_cross
TECHM,222,2015-03-18,718.5,2015-03-20,688.9500122070312,-6560.0972900390625,0.0,0.0,-6560.0972900390625,2,bear_cross
BANKBARODA,866,2015-03-19,184.4499969482422,2015-03-23,173.6999969482422,-9309.5,0.0,0.0,-9309.5,4,bear_cross
EICHERMOT,99,2015-03-18,1595.0,2015-03-24,1589.5,-544.5,0.0,0.0,-544.5,6,bear_cross
ASIANPAINT,173,2015-03-20,836.0,2015-03-25,813.7999877929688,-3840.6021118164062,0.0,0.0,-3840.6021118164062,5,bear_cross
BPCL,1266,2015-03-25,123.33333587646484,2015-03-26,123.81666564941406,611.8954925537109,0.0,0.0,611.8954925537109,1,bear_cross
KOTAKBANK,1166,2015-03-25,133.80999755859375,2015-03-26,131.47000122070312,-2728.4357299804688,0.0,0.0,-2728.4357299804688,1,bear_cross
NESTLEIND,444,2015-03-05,365.0,2015-03-27,344.8999938964844,-8924.402709960938,0.0,0.0,-8924.402709960938,22,bear_cross
MARUTI,43,2015-04-06,3646.0,2015-04-13,3661.0,645.0,0.0,0.0,645.0,7,bear_cross
INDHOTEL,1472,2015-04-01,105.26907348632812,2015-04-21,94.51528930664062,-15829.5703125,0.0,0.0,-15829.5703125,20,bear_cross
BRITANNIA,162,2015-02-16,1017.0,2015-04-24,1085.0,11016.0,0.0,0.0,11016.0,67,bear_cross
DIVISLAB,186,2015-02-26,874.25,2015-04-24,895.0,3859.5,0.0,0.0,3859.5,57,bear_cross
DRREDDY,226,2015-02-18,663.4000244140625,2015-04-28,677.4000244140625,3164.0,0.0,0.0,3164.0,69,bear_cross
ADANIPORTS,391,2015-04-13,320.5,2015-04-28,307.0,-5278.5,0.0,0.0,-5278.5,15,bear_cross
IOC,237,2015-02-25,55.01666641235352,2015-04-29,58.66666412353516,865.0494575500488,0.0,0.0,865.0494575500488,63,bear_cross
BHARTIARTL,444,2015-03-13,359.5565795898437,2015-04-29,355.0953674316406,-1980.7781982421623,0.0,0.0,-1980.7781982421623,47,bear_cross
BAJFINANCE,3693,2015-04-08,43.4114990234375,2015-04-29,40.77000045776367,-9755.054203033447,0.0,0.0,-9755.054203033447,21,bear_cross
ZYDUSLIFE,473,2015-03-18,347.239990234375,2015-04-30,336.0,-5316.515380859375,0.0,0.0,-5316.515380859375,43,bear_cross
BPCL,1156,2015-04-01,135.15834045410156,2015-04-30,126.00833129882812,-10577.410583496094,0.0,0.0,-10577.410583496094,29,bear_cross
AXISBANK,266,2015-05-06,564.0499877929688,2015-05-12,553.0,-2939.2967529296875,0.0,0.0,-2939.2967529296875,6,bear_cross
ICICIBANK,502,2015-05-04,302.5,2015-05-13,284.68182373046875,-8944.724487304688,0.0,0.0,-8944.724487304688,9,bear_cross
MARUTI,40,2015-05-04,3797.0,2015-05-13,3620.0,-7080.0,0.0,0.0,-7080.0,9,bear_cross
ONGC,661,2015-05-06,226.3999938964844,2015-05-15,210.6000061035156,-10443.791931152382,0.0,0.0,-10443.791931152382,9,bear_cross
PIDILITIND,497,2015-05-15,298.5,2015-05-25,275.7250061035156,-11319.171966552734,0.0,0.0,-11319.171966552734,10,bear_cross
HINDALCO,1059,2015-05-11,140.8000030517578,2015-05-29,130.9499969482422,-10431.156463623047,0.0,0.0,-10431.156463623047,18,bear_cross
ADANIPORTS,434,2015-05-05,349.6000061035156,2015-06-03,311.0,-16752.40264892578,0.0,477.40000000000003,-16275.002648925782,29,bear_cross
ASIANPAINT,195,2015-06-04,763.9000244140625,2015-06-09,744.7999877929688,-3724.5071411132812,0.0,0.0,-3724.5071411132812,5,bear_cross
HCLTECH,320,2015-05-15,462.5,2015-06-10,457.5,-1600.0,0.0,0.0,-1600.0,26,bear_cross
SHREECEM,11,2015-05-15,11385.0,2015-06-11,10666.0,-7909.0,0.0,0.0,-7909.0,27,bear_cross
EICHERMOT,25,2015-05-12,1695.0,2015-06-12,1724.9849853515625,749.6246337890625,0.0,0.0,749.6246337890625,31,bear_cross
INFY,269,2015-05-29,501.2124938964844,2015-06-17,505.5,1153.3391418457031,0.0,1983.875,3137.214141845703,19,bear_cross
BAJFINANCE,3441,2015-05-12,43.64849853515625,2015-07-22,51.70000076293945,27705.219165802002,0.0,619.38,28324.599165802003,71,bear_cross
MOTHERSON,3860,2015-06-18,39.39988327026367,2015-07-29,40.733585357666016,5148.090057373047,0.0,1524.9393200000002,6673.029377373047,41,bear_cross
TVSMOTOR,473,2015-06-18,230.75,2015-07-29,235.3999938964844,2199.447113037123,0.0,0.0,2199.447113037123,41,bear_cross
EICHERMOT,78,2015-06-18,1933.614990234375,2015-07-30,1939.4000244140625,451.232666015625,0.0,0.0,451.232666015625,42,bear_cross
BAJAJ-AUTO,69,2015-05-11,2131.0,2015-07-31,2533.0,27738.0,0.0,3450.0,31188.0,81,bear_cross
BPCL,1163,2015-05-25,130.6666717529297,2015-08-13,145.73333740234375,17522.532150268555,0.0,0.0,17522.532150268555,80,bear_cross
ITC,796,2015-08-04,212.7721710205078,2015-08-19,201.57025146484372,-8916.727966308616,0.0,0.0,-8916.727966308616,15,bear_cross
GODREJCP,399,2015-06-10,373.3166809082031,2015-08-25,409.0,14237.644317626953,0.0,132.999867,14370.644184626954,76,bear_cross
BAJFINANCE,3065,2015-07-31,54.04999923706055,2015-08-25,49.14550018310547,-15032.289600372314,0.0,0.0,-15032.289600372314,25,bear_cross
BAJAJFINSV,1028,2015-05-07,144.59500122070312,2015-08-26,170.1999969482422,26321.935607910156,0.0,179.89999999999998,26501.835607910158,111,bear_cross
ZYDUSLIFE,263,2015-08-13,407.7999877929688,2015-08-26,368.3999938964844,-10362.198394775405,0.0,0.0,-10362.198394775405,13,bear_cross
EICHERMOT,80,2015-08-20,2124.800048828125,2015-08-26,1868.9949951171875,-20464.404296875,0.0,0.0,-20464.404296875,6,bear_cross
BRITANNIA,131,2015-05-07,1122.5,2015-08-27,1465.0,44867.5,0.0,1048.0,45915.5,112,bear_cross
PNB,1116,2015-08-03,151.0,2015-08-28,148.39999389648438,-2901.6068115234375,0.0,0.0,-2901.6068115234375,25,bear_cross
INFY,17,2015-07-22,552.5,2015-08-31,567.4249877929688,253.72479248046875,0.0,0.0,253.72479248046875,40,bear_cross
ADANIPORTS,512,2015-08-04,332.25,2015-09-08,323.6499938964844,-4403.203125,0.0,0.0,-4403.203125,35,bear_cross
HCLTECH,338,2015-09-07,470.0,2015-09-08,459.0,-3718.0,0.0,0.0,-3718.0,1,bear_cross
TORNTPHARM,235,2015-06-11,642.2999877929688,2015-09-11,709.75,15850.752868652344,0.0,734.375,16585.127868652344,92,bear_cross
TATASTEEL,7077,2015-09-18,22.29403686523437,2015-09-22,21.722394943237305,-4045.5098819732416,0.0,0.0,-4045.5098819732416,4,bear_cross
BANKBARODA,182,2015-09-22,193.5500030517578,2015-10-14,174.0,-3558.100555419922,0.0,0.0,-3558.100555419922,22,bear_cross
RECLTD,1598,2015-09-21,98.25,2015-10-19,97.3874969482422,-1378.2798767089616,0.0,0.0,-1378.2798767089616,28,bear_cross
WIPRO,1427,2015-09-18,108.88127899169922,2015-10-20,108.56253051757812,-454.8540725708008,0.0,0.0,-454.8540725708008,32,bear_cross
TECHM,280,2015-09-21,553.0,2015-10-20,544.9000244140625,-2267.9931640625,0.0,0.0,-2267.9931640625,29,bear_cross
ADANIPORTS,484,2015-10-16,330.45001220703125,2015-10-26,315.29998779296875,-7332.61181640625,0.0,0.0,-7332.61181640625,10,bear_cross
DLF,1257,2015-09-11,126.0,2015-10-27,128.85000610351562,3582.4576721191406,0.0,0.0,3582.4576721191406,46,bear_cross
APOLLOHOSP,113,2015-09-16,1375.0,2015-10-27,1420.0,5085.0,0.0,0.0,5085.0,41,bear_cross
AXISBANK,50,2015-10-19,502.0,2015-11-02,477.7999877929688,-1210.0006103515598,0.0,0.0,-1210.0006103515598,14,bear_cross
SHRIRAMFIN,920,2015-09-16,169.0892333984375,2015-11-03,184.12350463867188,13831.529541015625,0.0,0.0,13831.529541015625,48,bear_cross
BOSCHLTD,7,2015-10-20,21200.0,2015-11-05,20254.0,-6622.0,0.0,0.0,-6622.0,16,bear_cross
HINDUNILVR,195,2015-10-29,811.0,2015-11-06,806.7000122070312,-838.4976196289062,0.0,0.0,-838.4976196289062,8,bear_cross
JSWSTEEL,1725,2015-10-30,92.0999984741211,2015-11-06,86.6050033569336,-9478.866577148438,0.0,0.0,-9478.866577148438,7,bear_cross
AMBUJACEM,768,2015-11-05,209.0,2015-11-06,208.1000061035156,-691.1953125000218,0.0,0.0,-691.1953125000218,1,bear_cross
INFY,266,2015-10-26,577.0,2015-11-10,563.75,-3524.5,0.0,0.0,-3524.5,15,bear_cross
SHREECEM,13,2015-09-16,11500.0,2015-11-13,11916.0,5408.0,0.0,182.0,5590.0,58,bear_cross
AMBUJACEM,757,2015-11-09,203.3000030517578,2015-11-13,195.25,-6093.852310180664,0.0,0.0,-6093.852310180664,4,bear_cross
HCLTECH,330,2015-11-06,438.75,2015-11-19,425.0,-4537.5,0.0,0.0,-4537.5,13,bear_cross
COALINDIA,456,2015-11-10,336.6000061035156,2015-11-19,335.5,-501.602783203125,0.0,0.0,-501.602783203125,9,bear_cross
BANKBARODA,933,2015-11-23,172.10000610351562,2015-11-24,169.0,-2892.305694580078,0.0,0.0,-2892.305694580078,1,bear_cross
UNITDSPR,42,2015-11-03,677.9600219726562,2015-12-01,626.2000122070312,-2173.92041015625,0.0,0.0,-2173.92041015625,28,bear_cross
NTPC,1458,2015-09-18,106.54166412353516,2015-12-07,108.33333587646484,2612.2574157714844,0.0,0.0,2612.2574157714844,80,bear_cross
DIVISLAB,137,2015-11-02,1159.0,2015-12-09,1130.0,-3973.0,0.0,0.0,-3973.0,37,bear_cross
TVSMOTOR,669,2015-09-16,232.1000061035156,2015-12-10,272.04998779296875,26726.53775024416,0.0,0.0,26726.53775024416,85,bear_cross
KOTAKBANK,1167,2015-11-18,134.2100067138672,2015-12-10,133.8800048828125,-385.1121368408203,0.0,0.0,-385.1121368408203,22,bear_cross
MARUTI,35,2015-10-21,4489.0,2015-12-11,4519.75,1076.25,0.0,0.0,1076.25,51,bear_cross
DLF,250,2015-12-07,117.5,2015-12-14,107.5,-2500.0,0.0,0.0,-2500.0,7,bear_cross
BPCL,1064,2015-11-09,147.96665954589844,2015-12-16,150.0,2163.4742431640625,0.0,0.0,2163.4742431640625,37,bear_cross
M&M,247,2015-11-17,639.5,2015-12-16,627.625,-2933.125,0.0,0.0,-2933.125,29,bear_cross
TECHM,286,2015-12-15,548.0,2015-12-16,522.5499877929688,-7278.7034912109375,0.0,0.0,-7278.7034912109375,1,bear_cross
BAJAJ-AUTO,61,2015-12-18,2490.25,2016-01-11,2359.89990234375,-7951.35595703125,0.0,0.0,-7951.35595703125,24,bear_cross
CUMMINSIND,151,2015-12-21,1028.0,2016-01-12,988.9500122070312,-5896.548156738281,0.0,0.0,-5896.548156738281,22,bear_cross
GODREJCP,353,2015-12-16,440.2999877929688,2016-01-13,425.0,-5400.895690917989,0.0,0.0,-5400.895690917989,28,bear_cross
CGPOWER,2408,2015-11-24,66.39745330810547,2016-01-14,62.74238586425781,-8801.402404785156,0.0,0.0,-8801.402404785156,51,bear_cross
KOTAKBANK,1113,2015-12-17,139.3800048828125,2016-01-15,135.8800048828125,-3895.5,0.0,0.0,-3895.5,29,bear_cross
JSWSTEEL,1702,2015-12-02,94.625,2016-01-18,97.3550033569336,4646.465713500977,0.0,0.0,4646.465713500977,47,bear_cross
TVSMOTOR,535,2016-01-13,293.70001220703125,2016-01-19,275.95001220703125,-9496.25,0.0,0.0,-9496.25,6,bear_cross
GAIL,1640,2015-11-24,67.96878051757812,2016-01-20,63.82503128051758,-6795.748748779297,0.0,0.0,-6795.748748779297,57,bear_cross
NTPC,1382,2015-12-18,113.25,2016-01-21,110.75,-3455.0,0.0,0.0,-3455.0,34,bear_cross
SUNPHARMA,197,2015-12-17,791.0499877929688,2016-01-22,779.0,-2373.8475952148438,0.0,0.0,-2373.8475952148438,36,bear_cross
BPCL,976,2016-01-18,155.09165954589844,2016-01-25,147.25833129882812,-7645.328369140625,0.0,0.0,-7645.328369140625,7,bear_cross
RELIANCE,691,2015-12-17,224.02294921875,2016-01-27,230.4347076416016,4430.52507019045,0.0,0.0,4430.52507019045,41,bear_cross
JSWSTEEL,1348,2016-01-27,110.5,2016-02-05,101.625,-11963.5,0.0,0.0,-11963.5,9,bear_cross
GAIL,2175,2016-02-01,69.00003051757812,2016-02-08,63.69378280639648,-11541.088771820083,0.0,0.0,-11541.088771820083,7,bear_cross
HCLTECH,347,2016-02-01,432.8999938964844,2016-02-12,407.0,-8987.297882080078,0.0,0.0,-8987.297882080078,11,bear_cross
TVSMOTOR,514,2016-02-01,293.5,2016-02-12,276.3999938964844,-8789.403137207031,0.0,514.0,-8275.403137207031,11,bear_cross
INFY,266,2016-01-18,569.9500122070312,2016-02-15,548.125,-5805.4532470703125,0.0,0.0,-5805.4532470703125,28,bear_cross
ASIANPAINT,27,2016-02-05,889.0,2016-02-16,855.0499877929688,-916.6503295898438,0.0,0.0,-916.6503295898438,11,bear_cross
AMBUJACEM,727,2016-02-16,198.8999938964844,2016-02-17,194.0,-3562.295562744161,0.0,0.0,-3562.295562744161,1,bear_cross
TITAN,413,2016-02-01,364.5,2016-02-19,333.0,-13009.5,0.0,0.0,-13009.5,18,bear_cross
BAJAJ-AUTO,60,2016-02-18,2370.050048828125,2016-03-01,2205.10009765625,-9896.9970703125,0.0,0.0,-9896.9970703125,12,bear_cross
APOLLOHOSP,100,2016-02-02,1506.9000244140625,2016-03-11,1404.0,-10290.00244140625,0.0,0.0,-10290.00244140625,38,bear_cross
SUNPHARMA,182,2016-01-28,817.0,2016-03-18,825.0499877929688,1465.0977783203125,0.0,0.0,1465.0977783203125,50,bear_cross
BHARTIARTL,486,2016-02-15,296.1080627441406,2016-04-11,307.7342834472656,5650.34326171875,0.0,0.0,5650.34326171875,56,bear_cross
ONGC,999,2016-03-18,142.5,2016-04-11,139.06666564941406,-3429.9010162353516,0.0,0.0,-3429.9010162353516,24,bear_cross
HINDZINC,936,2016-01-28,159.0,2016-04-12,160.5500030517578,1450.8028564453125,0.0,22464.0,23914.802856445312,75,bear_cross
ULTRACEMCO,52,2016-02-01,2860.0,2016-05-05,3199.699951171875,17664.3974609375,0.0,0.0,17664.3974609375,94,bear_cross
HINDUNILVR,29,2016-02-19,831.8499755859375,2016-05-05,859.0,787.3507080078125,0.0,0.0,787.3507080078125,76,bear_cross
PIDILITIND,500,2016-04-12,304.0,2016-05-06,294.5,-4750.0,0.0,0.0,-4750.0,24,bear_cross
CANBK,3539,2016-03-11,34.50979232788086,2016-05-10,38.05998229980469,12564.122310638428,0.0,0.0,12564.122310638428,60,bear_cross
BANKBARODA,1037,2016-02-19,136.75,2016-05-18,140.0,3370.25,0.0,0.0,3370.25,89,bear_cross
BHARTIARTL,496,2016-04-18,319.99139404296875,2016-05-20,311.744873046875,-4090.2744140625,0.0,0.0,-4090.2744140625,32,bear_cross
ZYDUSLIFE,481,2016-05-12,336.0,2016-05-23,323.70001220703125,-5916.294128417969,0.0,0.0,-5916.294128417969,11,bear_cross
M&M,244,2016-04-12,618.5,2016-05-24,635.875,4239.5,0.0,0.0,4239.5,42,bear_cross
DLF,1348,2016-03-03,109.1500015258789,2016-05-25,122.75,18332.797943115234,0.0,2696.0,21028.797943115234,83,bear_cross
UNITDSPR,304,2016-05-09,518.760009765625,2016-05-26,501.7999877929688,-5155.846679687483,0.0,0.0,-5155.846679687483,17,bear_cross
APOLLOHOSP,115,2016-05-23,1335.0,2016-06-16,1320.0,-1725.0,0.0,0.0,-1725.0,24,bear_cross
DRREDDY,256,2016-05-24,605.0,2016-06-21,615.7999877929688,2764.796875,0.0,0.0,2764.796875,28,bear_cross
SHRIRAMFIN,809,2016-02-08,165.58155822753906,2016-06-24,221.13917541503903,44946.11230468748,0.0,0.0,44946.11230468748,137,bear_cross
BOSCHLTD,7,2016-05-16,20650.099609375,2016-06-28,20807.099609375,1099.0,0.0,595.0,1694.0,43,bear_cross
TATAPOWER,2167,2016-05-26,73.5,2016-06-28,72.25,-2708.75,0.0,0.0,-2708.75,33,bear_cross
DRREDDY,248,2016-06-28,648.0,2016-07-29,593.2000122070312,-13590.39697265625,0.0,992.0,-12598.39697265625,31,bear_cross
GAIL,2061,2016-06-21,72.93753814697266,2016-08-02,71.23128509521484,-3516.5875396728516,0.0,0.0,-3516.5875396728516,42,bear_cross
LT,162,2016-05-27,982.6666870117188,2016-08-04,997.3333129882812,2375.993408203125,0.0,0.0,2375.993408203125,69,bear_cross
GODREJCP,335,2016-05-13,477.6666564941406,2016-08-05,531.6666870117188,18090.010223388672,0.0,111.666555,18201.67677838867,84,bear_cross
GRASIM,239,2016-06-28,675.1531372070312,2016-08-18,697.912841796875,5439.569396972656,0.0,0.0,5439.569396972656,51,bear_cross
NESTLEIND,12,2016-05-18,308.0199890136719,2016-08-19,335.0,323.7601318359375,0.0,7.199999999999999,330.9601318359375,93,bear_cross
HCLTECH,409,2016-07-29,374.5,2016-09-01,390.6499938964844,6605.347503662109,0.0,1227.0,7832.347503662109,34,bear_cross
SHREECEM,13,2016-02-17,10272.0,2016-09-19,16800.0,84864.0,0.0,364.0,85228.0,215,bear_cross
TATAPOWER,2323,2016-08-11,74.19999694824219,2016-09-20,77.4000015258789,7433.610633850098,0.0,3019.9,10453.510633850097,40,bear_cross
ITC,670,2016-05-20,209.75503540039065,2016-09-27,239.4288787841797,19881.475067138654,0.0,3796.6668900000004,23678.141957138654,130,bear_cross
KOTAKBANK,1127,2016-08-08,155.39999389648438,2016-09-28,156.60000610351562,1352.4137573242188,0.0,0.0,1352.4137573242188,51,bear_cross
GAIL,2194,2016-09-02,73.31253814697266,2016-09-29,71.02503204345703,-5018.788391113281,0.0,1234.125,-3784.6633911132812,27,bear_cross
INFY,341,2016-09-20,526.6500244140625,2016-10-03,517.75,-3034.9083251953125,0.0,0.0,-3034.9083251953125,13,bear_cross
UNIONBANK,1261,2016-08-23,133.6999969482422,2016-10-04,144.0,12988.303848266602,0.0,0.0,12988.303848266602,42,bear_cross
CIPLA,325,2016-06-29,498.7999877929688,2016-10-10,570.25,23221.253967285138,0.0,650.0,23871.253967285138,103,bear_cross
INDHOTEL,1550,2016-09-30,116.11360168457033,2016-10-14,115.97747802734376,-210.99166870117188,0.0,0.0,-210.99166870117188,14,bear_cross
BRITANNIA,107,2016-10-10,1695.0,2016-10-14,1677.0,-1926.0,0.0,0.0,-1926.0,4,bear_cross
GRASIM,8,2016-09-19,748.8869018554688,2016-10-27,748.2927856445312,-4.7529296875,0.0,0.0,-4.7529296875,38,bear_cross
UNITDSPR,338,2016-10-03,483.0,2016-10-27,465.2000122070313,-6016.395874023418,0.0,0.0,-6016.395874023418,24,bear_cross
SHREECEM,10,2016-10-04,17900.0,2016-10-28,16600.05078125,-12999.4921875,0.0,0.0,-12999.4921875,24,bear_cross
WIPRO,2022,2016-10-20,93.35626983642578,2016-11-01,87.1968994140625,-12454.246994018555,0.0,0.0,-12454.246994018555,12,bear_cross
APOLLOHOSP,136,2016-10-19,1390.0,2016-11-02,1321.0,-9384.0,0.0,0.0,-9384.0,14,bear_cross
CHOLAFIN,805,2016-09-29,229.4600067138672,2016-11-03,233.5800018310547,3316.5960693359375,0.0,0.0,3316.5960693359375,35,bear_cross
BHARTIARTL,669,2016-11-03,278.4884948730469,2016-11-07,281.1021423339844,1748.5301513671875,0.0,0.0,1748.5301513671875,4,bear_cross
BAJAJFINSV,825,2016-06-16,194.8950042724609,2016-11-10,308.7699890136719,93946.86241149905,0.0,0.0,93946.86241149905,147,bear_cross
ONGC,1125,2016-08-11,152.5,2016-11-10,182.0,33187.5,0.0,5812.5003750000005,39000.000375,91,bear_cross
TVSMOTOR,376,2016-08-18,314.0,2016-11-15,361.0,17672.0,0.0,470.0,18142.0,89,bear_cross
HINDZINC,797,2016-09-28,228.9499969482422,2016-11-17,240.0,8806.852432250977,0.0,1514.3,10321.152432250976,50,bear_cross
COALINDIA,506,2016-11-03,327.79998779296875,2016-11-18,307.20001220703125,-10423.587646484375,0.0,0.0,-10423.587646484375,15,bear_cross
KOTAKBANK,1011,2016-10-28,161.30999755859375,2016-11-21,156.0,-5368.407531738281,0.0,0.0,-5368.407531738281,24,bear_cross
CGPOWER,2123,2016-11-08,86.5,2016-11-21,73.0,-28660.5,0.0,0.0,-28660.5,13,bear_cross
PNB,1158,2016-11-15,157.0,2016-11-24,135.8000030517578,-24549.596466064453,0.0,0.0,-24549.596466064453,9,bear_cross
DRREDDY,259,2016-10-27,652.0,2016-11-25,624.7999877929688,-7044.803161621094,0.0,0.0,-7044.803161621094,29,bear_cross
CANBK,2793,2016-11-18,63.417091369628906,2016-11-28,59.04014587402344,-12224.808769226074,0.0,0.0,-12224.808769226074,10,bear_cross
SBIN,412,2016-11-15,275.1499938964844,2016-11-29,254.25,-8610.797485351562,0.0,0.0,-8610.797485351562,14,bear_cross
UNIONBANK,998,2016-11-18,150.9499969482422,2016-12-09,142.5,-8433.096954345703,0.0,0.0,-8433.096954345703,21,bear_cross
POWERGRID,1736,2016-11-11,104.6250228881836,2016-12-16,103.24690246582033,-2392.4170532226317,0.0,0.0,-2392.4170532226317,35,bear_cross
ZYDUSLIFE,185,2016-11-29,412.0,2016-12-16,381.0,-5735.0,0.0,0.0,-5735.0,17,bear_cross
RECLTD,1695,2016-11-28,104.3249969482422,2016-12-20,97.125,-12203.994827270531,0.0,0.0,-12203.994827270531,22,bear_cross
INDHOTEL,32,2016-12-16,90.2954559326172,2016-12-21,87.2099838256836,-98.73510742187545,0.0,0.0,-98.73510742187545,5,bear_cross
HINDALCO,1136,2016-11-04,164.0,2016-12-22,168.6999969482422,5339.196533203125,0.0,0.0,5339.196533203125,48,bear_cross
BOSCHLTD,5,2016-12-09,20922.099609375,2016-12-22,19350.0,-7860.498046875,0.0,0.0,-7860.498046875,13,bear_cross
PFC,1705,2016-11-24,100.87999725341795,2016-12-23,99.5999984741211,-2182.397918701148,0.0,0.0,-2182.397918701148,29,bear_cross
HINDZINC,637,2016-11-25,276.79998779296875,2016-12-26,255.0500030517578,-13854.740280151367,0.0,0.0,-13854.740280151367,31,bear_cross
VEDL,785,2016-11-25,223.6999969482422,2016-12-26,214.0500030517578,-7575.245208740234,0.0,0.0,-7575.245208740234,31,bear_cross
DLF,1474,2016-12-26,112.3000030517578,2016-12-27,103.5,-12971.204498290994,0.0,0.0,-12971.204498290994,1,bear_cross
GODREJCP,295,2016-12-16,486.1166687011719,2016-12-28,485.0666809082031,-309.74639892578125,0.0,0.0,-309.74639892578125,12,bear_cross
ONGC,927,2016-11-29,189.5,2016-12-29,190.0,463.5,0.0,0.0,463.5,30,bear_cross
NTPC,1307,2016-11-01,126.41666412353516,2016-12-30,136.0,12525.41999053955,0.0,0.0,12525.41999053955,59,bear_cross
TMPV,358,2016-12-21,473.5,2017-02-13,512.7000122070312,14033.604370117188,0.0,0.0,14033.604370117188,54,bear_cross
NTPC,1225,2017-01-02,137.5416717529297,2017-02-16,141.25,4542.702102661133,0.0,2664.375,7207.077102661133,45,bear_cross
BOSCHLTD,7,2017-01-02,21200.0,2017-02-22,21789.0,4123.0,0.0,525.0,4648.0,51,bear_cross
CHOLAFIN,882,2016-12-29,188.1999969482422,2017-03-01,195.1999969482422,6174.0,0.0,617.4,6791.4,62,bear_cross
ITC,738,2016-12-30,228.64422607421875,2017-03-01,252.66896057128903,17730.25405883787,0.0,0.0,17730.25405883787,61,bear_cross
ADANIPORTS,609,2017-03-02,303.75,2017-03-03,293.0,-6546.75,0.0,0.0,-6546.75,1,bear_cross
IOC,1681,2016-12-21,101.25,2017-03-08,126.46666717529295,42389.21752166746,0.0,7564.5,49953.71752166746,77,bear_cross
TECHM,60,2017-02-13,500.0,2017-03-15,483.3999938964844,-996.0003662109375,0.0,0.0,-996.0003662109375,30,bear_cross
GAIL,2072,2016-12-26,80.62503814697266,2017-03-20,93.45001983642578,26573.362060546875,0.0,3302.2520719999998,29875.614132546874,84,bear_cross
M&M,274,2017-01-03,615.0,2017-03-23,638.0,6302.0,0.0,0.0,6302.0,79,bear_cross
CIPLA,287,2017-02-22,592.2000122070312,2017-04-11,590.0,-631.4035034179688,0.0,0.0,-631.4035034179688,48,bear_cross
HINDALCO,921,2017-03-06,198.6999969482422,2017-04-17,182.5,-14920.197189331055,0.0,0.0,-14920.197189331055,42,bear_cross
WIPRO,2029,2017-02-17,90.3750228881836,2017-04-19,93.2812728881836,5896.78125,0.0,0.0,5896.78125,61,bear_cross
GODREJCP,338,2016-12-29,490.6499938964844,2017-04-20,554.933349609375,21727.77423095703,0.0,112.66655399999999,21840.44078495703,112,bear_cross
ADANIPORTS,608,2017-03-14,305.6499938964844,2017-04-20,327.45001220703125,13254.4111328125,0.0,0.0,13254.4111328125,37,bear_cross
INDIGO,208,2017-03-09,879.7999877929688,2017-05-22,1064.449951171875,38407.1923828125,0.0,0.0,38407.1923828125,74,bear_cross
BEL,3658,2017-03-15,47.7242431640625,2017-05-23,53.31818008422852,20462.62125396731,0.0,997.635366,21460.25661996731,69,bear_cross
BPCL,773,2017-04-11,234.63333129882807,2017-05-23,231.3999938964844,-2499.369812011653,0.0,0.0,-2499.369812011653,42,bear_cross
SUNPHARMA,199,2017-05-22,654.0,2017-05-23,628.0,-5174.0,0.0,0.0,-5174.0,1,bear_cross
CUMMINSIND,205,2017-03-23,904.0,2017-05-24,930.0,5330.0,0.0,0.0,5330.0,62,bear_cross
BAJAJ-AUTO,68,2017-04-27,2870.14990234375,2017-05-26,2820.0,-3410.193359375,0.0,0.0,-3410.193359375,29,bear_cross
ULTRACEMCO,47,2017-04-25,4165.0,2017-05-29,4165.0,0.0,0.0,0.0,0.0,34,bear_cross
ASIANPAINT,177,2017-04-27,1104.9000244140625,2017-05-29,1125.0,3557.6956787109375,0.0,0.0,3557.6956787109375,32,bear_cross
DLF,232,2017-03-20,147.60000610351562,2017-05-31,178.89999389648438,7261.59716796875,0.0,0.0,7261.59716796875,72,bear_cross
NESTLEIND,585,2017-05-30,330.0849914550781,2017-05-31,330.37750244140625,171.11892700195312,0.0,0.0,171.11892700195312,1,bear_cross
BPCL,12,2017-05-31,246.73333740234372,2017-06-09,236.3999938964844,-124.00012207031182,0.0,3.999996,-120.00012607031182,9,bear_cross
TMPV,427,2017-05-24,470.0,2017-06-19,453.7999877929688,-6917.405212402319,0.0,0.0,-6917.405212402319,26,bear_cross
HINDALCO,981,2017-05-29,198.3000030517578,2017-06-27,189.3999938964844,-8730.908981323215,0.0,0.0,-8730.908981323215,29,bear_cross
AXISBANK,257,2017-05-31,514.0,2017-06-28,493.7999877929688,-5191.403137207017,0.0,0.0,-5191.403137207017,28,bear_cross
M&M,284,2017-05-30,682.0,2017-06-29,680.0,-568.0,0.0,0.0,-568.0,30,bear_cross
NTPC,367,2017-06-19,134.25,2017-06-29,132.5,-642.25,0.0,0.0,-642.25,10,bear_cross
BOSCHLTD,8,2017-05-29,23620.0,2017-06-30,23200.0,-3360.0,0.0,720.0,-2640.0,32,bear_cross
ASIANPAINT,167,2017-05-31,1159.0,2017-06-30,1099.949951171875,-9861.358154296875,0.0,1277.55,-8583.808154296876,30,bear_cross
JINDALSTEL,1558,2017-05-29,127.0,2017-07-03,123.4499969482422,-5530.90475463865,0.0,0.0,-5530.90475463865,35,bear_cross
HDFCBANK,557,2017-01-02,302.36248779296875,2017-07-07,415.2124938964844,62857.4533996582,0.0,1531.75,64389.2033996582,186,bear_cross
SHRIRAMFIN,815,2017-07-04,202.4315948486328,2017-07-20,190.3885955810547,-9815.044403076172,0.0,0.0,-9815.044403076172,16,bear_cross
SHREECEM,10,2017-07-10,18000.0,2017-07-28,17600.69921875,-3993.0078125,0.0,240.0,-3753.0078125,18,bear_cross
SUNPHARMA,345,2017-07-03,556.0,2017-08-02,537.0,-6555.0,0.0,0.0,-6555.0,30,bear_cross
TATAPOWER,2214,2017-06-28,81.80000305175781,2017-08-07,80.69999694824219,-2435.4135131835938,0.0,0.0,-2435.4135131835938,40,bear_cross
GODREJCP,336,2017-04-26,588.3333129882812,2017-08-08,646.3666381835938,19499.197265625,0.0,1568.0001120000002,21067.197377625,104,bear_cross
BANKBARODA,1241,2017-07-31,161.8000030517578,2017-08-08,161.1999969482422,-744.6075744628906,0.0,0.0,-744.6075744628906,8,bear_cross
JINDALSTEL,1497,2017-07-04,129.0,2017-08-11,121.0,-11976.0,0.0,0.0,-11976.0,38,bear_cross
SHREECEM,6,2017-08-02,18600.0,2017-08-11,17300.0,-7800.0,0.0,0.0,-7800.0,9,bear_cross
PFC,1935,2017-08-07,103.4000015258789,2017-08-17,94.76000213623048,-16718.398818969697,0.0,0.0,-16718.398818969697,10,bear_cross
BAJAJ-AUTO,20,2017-07-20,2823.39990234375,2017-08-21,2811.0,-247.998046875,0.0,0.0,-247.998046875,32,bear_cross
INFY,379,2017-08-18,508.9500122070313,2017-08-21,462.0,-17794.054626464866,0.0,0.0,-17794.054626464866,3,bear_cross
POWERGRID,1620,2017-07-03,118.12503051757812,2017-08-30,121.97815704345705,6242.064971923851,0.0,0.0,6242.064971923851,58,bear_cross
BHARTIARTL,557,2017-06-30,344.68585205078125,2017-09-07,362.8461608886719,10115.292022705078,0.0,502.00014899999996,10617.292171705078,69,bear_cross
ICICIBANK,666,2017-08-31,300.8999938964844,2017-09-08,294.79998779296875,-4062.6040649414062,0.0,0.0,-4062.6040649414062,8,bear_cross
IOC,1255,2017-08-08,143.6666717529297,2017-09-18,140.28334045410156,-4246.080780029297,0.0,418.332915,-3827.747865029297,41,bear_cross
CGPOWER,75,2017-09-07,87.9000015258789,2017-09-25,79.5,-630.000114440918,0.0,0.0,-630.000114440918,18,bear_cross
AMBUJACEM,792,2017-06-28,240.8000030517578,2017-09-26,263.0,17582.397583007812,0.0,1267.2,18849.597583007813,90,bear_cross
JSWSTEEL,968,2017-06-12,199.75,2017-09-27,245.6999969482422,44479.59704589844,0.0,0.0,44479.59704589844,107,bear_cross
PIDILITIND,471,2017-08-21,410.75,2017-09-27,396.125,-6888.375,0.0,1118.625,-5769.75,37,bear_cross
ZYDUSLIFE,361,2017-09-25,494.9500122070313,2017-09-27,473.7999877929688,-7635.1588134765625,0.0,0.0,-7635.1588134765625,2,bear_cross
ADANIPORTS,483,2017-09-18,406.8999938964844,2017-09-29,374.3999938964844,-15697.5,0.0,0.0,-15697.5,11,bear_cross
TATACONSUM,1000,2017-08-17,194.0,2017-10-03,207.25,13250.0,0.0,0.0,13250.0,47,bear_cross
CUMMINSIND,214,2017-10-05,931.0,2017-10-11,908.7999877929688,-4750.8026123046875,0.0,0.0,-4750.8026123046875,6,bear_cross
TATACONSUM,968,2017-10-05,204.9499969482422,2017-10-24,204.0,-919.5970458984375,0.0,0.0,-919.5970458984375,19,bear_cross
APOLLOHOSP,23,2017-10-11,1096.0,2017-10-27,1026.5,-1598.5,0.0,0.0,-1598.5,16,bear_cross
DMART,207,2017-08-22,937.0,2017-11-08,1108.800048828125,35562.610107421875,0.0,0.0,35562.610107421875,78,bear_cross
BAJAJHLDNG,67,2017-10-05,2935.10009765625,2017-11-10,2928.0,-475.70654296875,0.0,0.0,-475.70654296875,36,bear_cross
DRREDDY,438,2017-09-08,445.7999877929688,2017-11-13,470.9400024414063,11011.326416015625,0.0,0.0,11011.326416015625,66,bear_cross
SHREECEM,10,2017-10-04,18590.0,2017-11-13,18344.55078125,-2454.4921875,0.0,0.0,-2454.4921875,40,bear_cross
HINDZINC,635,2017-10-05,314.0,2017-11-14,312.95001220703125,-666.7422485351562,0.0,1270.0,603.2577514648438,40,bear_cross
PFC,1773,2017-10-24,106.31999969482422,2017-11-15,99.91999816894533,-11347.202705383275,0.0,8510.4,-2836.8027053832757,22,bear_cross
GAIL,2026,2017-08-24,96.63752746582033,2017-11-20,111.00003051757812,29098.4311828613,0.0,1367.5500000000002,30465.9811828613,88,bear_cross
ASIANPAINT,170,2017-11-16,1183.0,2017-11-20,1173.0,-1700.0,0.0,0.0,-1700.0,4,bear_cross
GRASIM,165,2017-10-27,1194.05224609375,2017-11-21,1185.2869873046875,-1446.2677001953125,0.0,0.0,-1446.2677001953125,25,bear_cross
RELIANCE,478,2017-11-23,425.6218872070313,2017-12-06,416.0213928222656,-4589.036315917996,0.0,0.0,-4589.036315917996,13,bear_cross
GAIL,1735,2017-11-23,117.50003051757812,2017-12-07,114.01252746582033,-6050.81779479978,0.0,0.0,-6050.81779479978,14,bear_cross
NTPC,1343,2017-11-23,151.5833282470703,2017-12-07,147.5,-5483.90983581543,0.0,0.0,-5483.90983581543,14,bear_cross
ABB,162,2017-11-20,1244.3565673828125,2017-12-08,1244.67431640625,51.475341796875,0.0,0.0,51.475341796875,18,bear_cross
CGPOWER,2354,2017-11-22,86.0999984741211,2017-12-08,84.94999694824219,-2707.1035919189453,0.0,0.0,-2707.1035919189453,16,bear_cross
HDFCBANK,438,2017-11-23,464.75,2017-12-08,453.5,-4927.5,0.0,0.0,-4927.5,15,bear_cross
DMART,178,2017-12-08,1145.0999755859375,2017-12-14,1115.0,-5357.795654296875,0.0,0.0,-5357.795654296875,6,bear_cross
BEL,3217,2017-12-13,60.33333206176758,2017-12-18,59.91666412353516,-1340.4207572936782,0.0,0.0,-1340.4207572936782,5,bear_cross
APOLLOHOSP,177,2017-11-23,1149.0,2018-01-11,1175.75,4734.75,0.0,0.0,4734.75,49,bear_cross
BHARTIARTL,428,2017-12-12,480.4602355957031,2018-01-15,459.4609680175781,-8987.6865234375,0.0,0.0,-8987.6865234375,34,bear_cross
TVSMOTOR,250,2017-08-24,584.5999755859375,2018-01-16,739.2000122070312,38650.00915527344,0.0,500.0,39150.00915527344,145,bear_cross
PNB,1150,2018-01-11,170.3000030517578,2018-01-17,165.5,-5520.003509521484,0.0,0.0,-5520.003509521484,6,bear_cross
GAIL,1654,2017-12-08,124.25003051757812,2018-01-18,117.52503204345705,-11123.147476196265,0.0,3163.275,-7959.872476196266,41,bear_cross
PIDILITIND,492,2017-11-15,406.8500061035156,2018-01-22,445.5249938964844,19028.093994140625,0.0,0.0,19028.093994140625,68,bear_cross
SHRIRAMFIN,958,2017-10-04,208.39463806152344,2018-01-25,276.7747497558594,65508.14700317383,0.0,933.4301740000001,66441.57717717382,113,bear_cross
BOSCHLTD,9,2018-01-16,19911.0,2018-01-29,19635.0,-2484.0,0.0,0.0,-2484.0,13,bear_cross
SBILIFE,304,2017-12-08,664.0499877929688,2018-01-31,670.0,1808.8037109375,0.0,0.0,1808.8037109375,54,bear_cross
CGPOWER,93,2017-12-14,85.4000015258789,2018-02-01,90.9499969482422,516.1495742797865,0.0,0.0,516.1495742797865,49,bear_cross
CANBK,2266,2018-01-25,76.94000244140625,2018-02-01,68.4000015258789,-19351.64207458496,0.0,0.0,-19351.64207458496,7,bear_cross
BANKBARODA,1235,2018-01-24,173.14999389648438,2018-02-02,150.1999969482422,-28343.2462310791,0.0,0.0,-28343.2462310791,9,bear_cross
CIPLA,343,2018-01-24,621.9500122070312,2018-02-02,586.0,-12330.854187011719,0.0,0.0,-12330.854187011719,9,bear_cross
BRITANNIA,87,2018-02-06,2250.0,2018-02-07,2307.449951171875,4998.145751953125,0.0,0.0,4998.145751953125,1,bear_cross
AXISBANK,348,2017-12-18,537.9500122070312,2018-02-08,562.7999877929688,8647.79150390625,0.0,0.0,8647.79150390625,52,bear_cross
BAJAJ-AUTO,63,2018-01-29,3317.0,2018-02-08,3155.0,-10206.0,0.0,0.0,-10206.0,10,bear_cross
KOTAKBANK,1027,2018-01-15,205.0,2018-02-14,210.0,5135.0,0.0,0.0,5135.0,30,bear_cross
GODREJCP,314,2018-01-18,668.5333251953125,2018-02-14,689.2000122070312,6489.3397216796875,0.0,209.333438,6698.673159679687,27,bear_cross
HCLTECH,467,2017-12-12,440.5,2018-02-15,472.0,14710.5,0.0,467.0,15177.5,65,bear_cross
IOC,1491,2018-01-31,140.63333129882812,2018-02-15,126.26666259765624,-21420.703033447287,0.0,9442.999503,-11977.703530447288,15,bear_cross
SBILIFE,277,2018-02-09,700.0,2018-02-15,685.0,-4155.0,0.0,0.0,-4155.0,6,bear_cross
EICHERMOT,70,2018-02-16,2840.0,2018-02-20,2712.0,-8960.0,0.0,0.0,-8960.0,4,bear_cross
SUNPHARMA,340,2018-02-19,575.0,2018-02-21,560.0499877929688,-5083.004150390625,0.0,0.0,-5083.004150390625,2,bear_cross
CIPLA,328,2018-02-16,611.2999877929688,2018-02-23,591.7999877929688,-6396.0,0.0,0.0,-6396.0,7,bear_cross
TORNTPHARM,279,2018-02-16,706.0,2018-02-23,661.5,-12415.5,0.0,0.0,-12415.5,7,bear_cross
BAJAJFINSV,381,2018-02-15,520.0,2018-02-26,505.1000061035156,-5676.897674560547,0.0,0.0,-5676.897674560547,11,bear_cross
BAJAJFINSV,385,2018-02-27,520.7999877929688,2018-03-08,486.3949890136719,-13245.924530029297,0.0,0.0,-13245.924530029297,9,bear_cross
APOLLOHOSP,164,2018-02-16,1235.0,2018-03-12,1152.0,-13612.0,0.0,0.0,-13612.0,24,bear_cross
INDIGO,157,2018-02-12,1238.1500244140625,2018-03-20,1191.0999755859375,-7386.857666015625,0.0,0.0,-7386.857666015625,36,bear_cross
IOC,1456,2018-03-14,136.0,2018-03-21,116.26666259765624,-28731.739257812522,0.0,0.0,-28731.739257812522,7,bear_cross
KOTAKBANK,917,2018-02-26,216.1999969482422,2018-03-22,210.22000122070312,-5483.65608215332,0.0,0.0,-5483.65608215332,24,bear_cross
HINDZINC,145,2018-02-20,312.29998779296875,2018-03-23,300.0,-1783.4982299804688,0.0,870.0,-913.4982299804688,31,bear_cross
MUTHOOTFIN,478,2018-03-21,392.0,2018-03-23,385.0,-3346.0,0.0,0.0,-3346.0,2,bear_cross
BRITANNIA,83,2018-02-16,2400.5,2018-03-27,2437.5,3071.0,0.0,0.0,3071.0,39,bear_cross
INFY,326,2018-02-23,581.75,2018-04-03,567.3499755859375,-4694.407958984375,0.0,0.0,-4694.407958984375,39,bear_cross
GODREJCP,262,2018-02-21,706.5999755859375,2018-04-13,724.0,4558.806396484375,0.0,0.0,4558.806396484375,51,bear_cross
ADANIENT,2048,2018-04-13,90.0836181640625,2018-04-19,86.9396743774414,-6438.796875,0.0,0.0,-6438.796875,6,bear_cross
HCLTECH,398,2018-03-28,480.7749938964844,2018-05-08,465.1000061035156,-6238.6451416015625,0.0,0.0,-6238.6451416015625,41,bear_cross
COALINDIA,645,2018-04-19,285.25,2018-05-08,268.04998779296875,-11094.007873535156,0.0,0.0,-11094.007873535156,19,bear_cross
SHRIRAMFIN,753,2018-03-13,264.4394226074219,2018-05-11,290.7664489746094,19824.250854492188,0.0,0.0,19824.250854492188,59,bear_cross
DMART,166,2018-02-19,1179.0,2018-05-15,1434.9000244140625,42479.404052734375,0.0,0.0,42479.404052734375,85,bear_cross
CHOLAFIN,712,2018-02-15,280.3999938964844,2018-05-16,313.79998779296875,23780.795654296875,0.0,0.0,23780.795654296875,90,bear_cross
MUTHOOTFIN,472,2018-04-02,408.70001220703125,2018-05-16,431.8999938964844,10950.391357421875,0.0,0.0,10950.391357421875,44,bear_cross
EICHERMOT,66,2018-05-15,3049.52490234375,2018-05-21,2990.080078125,-3923.3583984375,0.0,0.0,-3923.3583984375,6,bear_cross
GAIL,1554,2018-05-08,114.46666717529295,2018-05-23,109.16666412353516,-8236.204742431619,0.0,0.0,-8236.204742431619,15,bear_cross
IOC,1516,2018-05-15,112.66666412353516,2018-05-23,106.13333129882812,-9904.53256225586,0.0,0.0,-9904.53256225586,8,bear_cross
M&M,205,2018-03-20,740.4000244140625,2018-05-24,837.0,19802.994995117188,0.0,0.0,19802.994995117188,65,bear_cross
TATASTEEL,3384,2018-05-11,59.70000076293945,2018-05-24,54.38999938964844,-17969.044647216797,0.0,0.0,-17969.044647216797,13,bear_cross
BPCL,1005,2018-05-23,196.8999938964844,2018-05-24,188.0,-8944.493865966826,0.0,0.0,-8944.493865966826,1,bear_cross
AXISBANK,365,2018-05-29,547.0,2018-06-11,539.7999877929688,-2628.0044555664062,0.0,0.0,-2628.0044555664062,13,bear_cross
ASIANPAINT,24,2018-04-03,1145.050048828125,2018-06-19,1273.0,3070.798828125,0.0,145.2,3215.998828125,77,bear_cross
HDFCBANK,408,2018-04-02,472.625,2018-06-20,506.5,13821.0,0.0,1326.0,15147.0,79,bear_cross
COALINDIA,702,2018-05-30,281.0,2018-06-21,270.70001220703125,-7230.5914306640625,0.0,0.0,-7230.5914306640625,22,bear_cross
WIPRO,1955,2018-06-19,99.73127746582033,2018-06-21,97.8750228881836,-3628.977699279813,0.0,0.0,-3628.977699279813,2,bear_cross
SBIN,746,2018-05-24,263.8500061035156,2018-06-29,258.25,-4177.604553222656,0.0,0.0,-4177.604553222656,36,bear_cross
ICICIBANK,677,2018-06-25,299.79998779296875,2018-06-29,272.0,-18820.591735839844,0.0,0.0,-18820.591735839844,4,bear_cross
TVSMOTOR,345,2018-06-22,579.7000122070312,2018-07-02,563.6500244140625,-5537.245788574219,0.0,0.0,-5537.245788574219,10,bear_cross
BAJAJFINSV,349,2018-05-21,573.5,2018-07-03,577.780029296875,1493.730224609375,0.0,0.0,1493.730224609375,43,bear_cross
AMBUJACEM,962,2018-07-02,207.8000030517578,2018-07-03,200.3500061035156,-7166.897064209012,0.0,0.0,-7166.897064209012,1,bear_cross
M&M,228,2018-05-30,879.0,2018-07-04,895.0,3648.0,0.0,0.0,3648.0,35,bear_cross
RELIANCE,331,2018-06-11,451.2689208984375,2018-07-04,444.2742614746094,-2315.2322692871094,0.0,983.67573,-1331.5565392871094,23,bear_cross
BAJAJ-AUTO,67,2018-07-06,2983.0,2018-07-25,2670.0,-20971.0,0.0,0.0,-20971.0,19,bear_cross
HDFCBANK,391,2018-06-22,514.2374877929688,2018-08-08,533.9625244140625,7712.489318847656,0.0,0.0,7712.489318847656,47,bear_cross
BRITANNIA,78,2018-03-28,2482.39990234375,2018-08-09,3160.0,52852.8076171875,0.0,975.0,53827.8076171875,134,bear_cross
HCLTECH,408,2018-07-02,463.5,2018-08-10,480.6499938964844,6997.197509765625,0.0,408.0,7405.197509765625,39,bear_cross
GODREJCP,267,2018-05-29,749.1666870117188,2018-08-14,874.6333618164062,33499.60217285156,0.0,355.99991100000005,33855.60208385156,77,bear_cross
ASIANPAINT,151,2018-07-06,1325.0,2018-08-21,1416.449951171875,13808.942626953125,0.0,0.0,13808.942626953125,46,bear_cross
MUTHOOTFIN,489,2018-07-06,410.25,2018-08-28,410.75,244.5,0.0,0.0,244.5,53,bear_cross
GAIL,1737,2018-07-06,116.5,2018-09-03,125.26666259765624,15227.69293212888,0.0,833.76,16061.452932128881,59,bear_cross
BAJFINANCE,971,2018-05-18,206.9900054931641,2018-09-07,269.8399963378906,61027.34111022946,0.0,388.40000000000003,61415.741110229465,112,bear_cross
UNITDSPR,338,2018-08-13,605.0,2018-09-10,603.0,-676.0,0.0,0.0,-676.0,28,bear_cross
ULTRACEMCO,1,2018-07-02,3798.0,2018-09-11,4154.75,356.75,0.0,10.5,367.25,71,bear_cross
ADANIENSOL,786,2018-07-25,180.0,2018-09-19,183.85000610351562,3026.1047973632812,0.0,0.0,3026.1047973632812,56,bear_cross
SBILIFE,313,2018-09-12,673.4000244140625,2018-09-19,623.3499755859375,-15665.665283203125,0.0,0.0,-15665.665283203125,7,bear_cross
DLF,1030,2018-09-17,207.0,2018-09-19,201.6999969482422,-5459.003143310547,0.0,0.0,-5459.003143310547,2,bear_cross
APOLLOHOSP,191,2018-08-14,1062.0,2018-09-21,1078.0,3056.0,0.0,955.0,4011.0,38,bear_cross
INDHOTEL,1709,2018-09-17,125.57234954833984,2018-09-25,120.2876434326172,-9031.562751769996,0.0,0.0,-9031.562751769996,8,bear_cross
JINDALSTEL,1043,2018-08-28,209.0500030517578,2018-10-03,191.6499938964844,-18148.209548950166,0.0,0.0,-18148.209548950166,36,bear_cross
BAJAJ-AUTO,79,2018-09-03,2765.0,2018-10-03,2735.0,-2370.0,0.0,0.0,-2370.0,30,bear_cross
DRREDDY,389,2018-08-08,452.6000061035156,2018-10-05,471.2000122070313,7235.4023742676,0.0,0.0,7235.4023742676,58,bear_cross
TATACONSUM,897,2018-09-25,233.3000030517578,2018-10-05,217.0,-14621.102737426758,0.0,0.0,-14621.102737426758,10,bear_cross
ONGC,1189,2018-09-21,177.3000030517578,2018-10-08,149.0,-33648.70362854004,0.0,0.0,-33648.70362854004,17,bear_cross
GAIL,1625,2018-09-24,130.0,2018-10-08,110.01666259765624,-32472.923278808616,0.0,0.0,-32472.923278808616,14,bear_cross
BPCL,1154,2018-09-26,185.3999938964844,2018-10-08,136.5,-56430.592956543005,0.0,0.0,-56430.592956543005,12,bear_cross
LTM,112,2018-08-21,1881.0999755859375,2018-10-10,1725.5999755859375,-17416.0,0.0,0.0,-17416.0,50,bear_cross
HINDALCO,911,2018-08-10,228.75,2018-10-11,216.8999938964844,-10795.355560302709,0.0,1093.2,-9702.155560302708,62,bear_cross
TATACONSUM,793,2018-10-17,237.6999969482422,2018-10-25,217.8999938964844,-15701.402420043923,0.0,0.0,-15701.402420043923,8,bear_cross
DRREDDY,371,2018-10-23,504.989990234375,2018-10-25,482.3200073242188,-8410.563659667947,0.0,0.0,-8410.563659667947,2,bear_cross
TATAPOWER,2690,2018-10-23,69.30000305175781,2018-10-29,69.19999694824219,-269.01641845703125,0.0,0.0,-269.01641845703125,6,bear_cross
KOTAKBANK,804,2018-10-23,230.0,2018-11-01,224.7400054931641,-4229.035583496071,0.0,0.0,-4229.035583496071,9,bear_cross
COALINDIA,679,2018-10-23,274.5,2018-11-05,261.95001220703125,-8521.441711425781,0.0,0.0,-8521.441711425781,13,bear_cross
ADANIENT,1185,2018-10-17,160.10000610351562,2018-11-22,161.89999389648438,2132.9855346679688,0.0,0.0,2132.9855346679688,36,bear_cross
BEL,6760,2018-10-22,27.966665267944336,2018-12-03,28.049999237060547,563.3376312255859,0.0,0.0,563.3376312255859,42,bear_cross
RECLTD,2335,2018-10-26,80.2874984741211,2018-12-03,75.9375,-10157.246437072754,0.0,0.0,-10157.246437072754,38,bear_cross
BANKBARODA,1671,2018-11-01,111.6999969482422,2018-12-03,106.25,-9106.944900512719,0.0,0.0,-9106.944900512719,32,bear_cross
SBILIFE,334,2018-12-03,565.2000122070312,2018-12-04,569.0,1269.1959228515625,0.0,0.0,1269.1959228515625,1,bear_cross
PFC,2888,2018-10-23,64.4000015258789,2018-12-05,76.27999877929688,34309.432067871094,0.0,0.0,34309.432067871094,43,bear_cross
ICICIBANK,572,2018-10-23,323.0,2018-12-10,346.5,13442.0,0.0,0.0,13442.0,48,bear_cross
DLF,1054,2018-11-05,170.0,2018-12-12,172.8000030517578,2951.2032165527344,0.0,0.0,2951.2032165527344,37,bear_cross
TECHM,272,2018-12-04,712.7000122070312,2018-12-12,700.0,-3454.4033203125,0.0,0.0,-3454.4033203125,8,bear_cross
TVSMOTOR,352,2018-12-04,550.0,2018-12-12,549.0999755859375,-316.80859375,0.0,0.0,-316.80859375,8,bear_cross
APOLLOHOSP,165,2018-10-16,1131.800048828125,2018-12-14,1228.0,15872.991943359375,0.0,0.0,15872.991943359375,59,bear_cross
INFY,282,2018-12-05,683.0,2018-12-27,652.75,-8530.5,0.0,0.0,-8530.5,22,bear_cross
DRREDDY,342,2018-11-22,516.0,2019-01-01,523.6199951171875,2606.038330078125,0.0,0.0,2606.038330078125,40,bear_cross
DLF,1075,2018-12-17,179.75,2019-01-03,173.10000610351562,-7148.743438720703,0.0,0.0,-7148.743438720703,17,bear_cross
TVSMOTOR,335,2018-12-13,579.0499877929688,2019-01-04,537.0,-14086.745910644531,0.0,0.0,-14086.745910644531,22,bear_cross
INDHOTEL,1497,2018-10-29,123.43907165527344,2019-01-08,140.6022491455078,25693.27670288086,0.0,0.0,25693.27670288086,71,bear_cross
INDIGO,15,2018-10-29,869.0,2019-01-16,1081.699951171875,3190.499267578125,0.0,0.0,3190.499267578125,79,bear_cross
BOSCHLTD,9,2018-12-17,19750.0,2019-01-17,19150.0,-5400.0,0.0,0.0,-5400.0,31,bear_cross
BEL,6460,2018-12-27,30.083332061767575,2019-01-23,28.466665267944336,-10443.66748809812,0.0,0.0,-10443.66748809812,27,bear_cross
BANKBARODA,1725,2018-12-17,111.6999969482422,2019-01-24,112.0,517.505264282202,0.0,0.0,517.505264282202,38,bear_cross
BHARTIARTL,671,2019-01-03,281.64288330078125,2019-01-24,276.41558837890625,-3507.514892578125,0.0,0.0,-3507.514892578125,21,bear_cross
BPCL,1029,2019-01-24,178.5749969482422,2019-01-28,178.5,-77.17185974121094,0.0,0.0,-77.17185974121094,4,bear_cross
SIEMENS,10,2018-12-03,563.2260131835938,2019-01-29,576.4334716796875,132.0745849609375,0.0,70.0,202.0745849609375,57,bear_cross
ITC,705,2019-01-02,271.7828369140625,2019-01-29,265.090576171875,-4718.0438232421875,0.0,0.0,-4718.0438232421875,27,bear_cross
PIDILITIND,335,2019-01-18,576.0,2019-01-29,550.3250122070312,-8601.120910644531,0.0,0.0,-8601.120910644531,11,bear_cross
TMPV,1094,2019-01-08,176.10000610351562,2019-01-30,174.3000030517578,-1969.2033386230469,0.0,0.0,-1969.2033386230469,22,bear_cross
BAJFINANCE,756,2019-01-17,257.3999938964844,2019-01-31,260.79998779296875,2570.3953857421875,0.0,0.0,2570.3953857421875,14,bear_cross
APOLLOHOSP,153,2018-12-17,1246.0,2019-02-11,1300.0,8262.0,0.0,0.0,8262.0,56,bear_cross
TMPV,1056,2019-02-05,180.6999969482422,2019-02-11,150.14999389648438,-32260.80322265625,0.0,0.0,-32260.80322265625,6,bear_cross
IOC,2012,2019-01-29,92.0,2019-02-15,84.63333129882812,-14821.737426757812,0.0,0.0,-14821.737426757812,17,bear_cross
SHREECEM,11,2019-02-15,15467.0498046875,2019-02-18,15588.0,1330.4521484375,0.0,0.0,1330.4521484375,3,bear_cross
DRREDDY,332,2019-01-23,527.969970703125,2019-02-19,516.7899780273438,-3711.757568359375,0.0,0.0,-3711.757568359375,27,bear_cross
ASIANPAINT,134,2019-02-01,1412.4000244140625,2019-02-20,1380.0,-4341.603271484375,0.0,0.0,-4341.603271484375,19,bear_cross
INDIGO,158,2019-01-29,1170.0,2019-02-21,1119.800048828125,-7931.59228515625,0.0,0.0,-7931.59228515625,23,bear_cross
LTM,108,2019-02-05,1750.0,2019-02-21,1729.949951171875,-2165.4052734375,0.0,0.0,-2165.4052734375,16,bear_cross
TCS,2,2019-01-29,1962.0,2019-02-25,1932.5,-59.0,0.0,0.0,-59.0,27,bear_cross
HCLTECH,396,2019-01-25,474.5,2019-03-12,503.5499877929688,11503.795166015647,0.0,396.0,11899.795166015647,46,bear_cross
EICHERMOT,5,2019-02-11,2043.4000244140625,2019-04-01,2078.8701171875,177.3504638671875,0.0,0.0,177.3504638671875,49,bear_cross
DMART,128,2019-02-11,1470.0,2019-04-08,1449.0,-2688.0,0.0,0.0,-2688.0,56,bear_cross
MUTHOOTFIN,345,2019-02-22,537.5999755859375,2019-04-25,586.9500122070312,17025.762634277344,0.0,4140.0,21165.762634277344,62,bear_cross
JINDALSTEL,1230,2019-02-21,149.9499969482422,2019-04-30,175.5,31426.50375366211,0.0,0.0,31426.50375366211,68,bear_cross
PFC,2090,2019-02-22,88.0,2019-04-30,91.91999816894533,8192.796173095732,0.0,0.0,8192.796173095732,67,bear_cross
RECLTD,1924,2019-02-21,95.7750015258789,2019-05-02,110.9250030517578,29148.602935790987,0.0,15873.0,45021.60293579099,70,bear_cross
MARUTI,2,2019-04-08,7107.0,2019-05-02,6550.0,-1114.0,0.0,0.0,-1114.0,24,bear_cross
INDHOTEL,1346,2019-02-25,139.14773559570312,2019-05-09,142.7355194091797,4829.157012939453,0.0,0.0,4829.157012939453,73,bear_cross
TITAN,203,2019-01-04,934.0,2019-05-10,1108.0,35322.0,0.0,0.0,35322.0,126,bear_cross
BAJFINANCE,702,2019-02-26,263.7300109863281,2019-05-13,292.989990234375,20540.505432128906,0.0,0.0,20540.505432128906,76,bear_cross
ABB,123,2019-03-12,1156.339599609375,2019-05-15,1237.411376953125,9971.82861328125,0.0,590.4,10562.22861328125,64,bear_cross
HCLTECH,360,2019-04-02,555.0,2019-05-15,536.4749755859375,-6669.0087890625,0.0,0.0,-6669.0087890625,43,bear_cross
HDFCBANK,345,2019-05-03,591.0499877929688,2019-05-16,570.1375122070312,-7214.8040771484375,0.0,0.0,-7214.8040771484375,13,bear_cross
BPCL,1031,2019-05-07,194.2250061035156,2019-05-16,178.0,-16727.98129272458,0.0,0.0,-16727.98129272458,9,bear_cross
BPCL,1047,2019-05-20,195.0,2019-06-18,189.4750061035156,-5784.668609619171,0.0,0.0,-5784.668609619171,29,bear_cross
VBL,3888,2019-05-03,52.44444274902344,2019-06-19,53.52888870239258,4216.325866699219,0.0,0.0,4216.325866699219,47,bear_cross
LTM,106,2019-04-25,1703.9000244140625,2019-06-20,1738.0,3614.597412109375,0.0,0.0,3614.597412109375,56,bear_cross
JINDALSTEL,76,2019-06-18,155.25,2019-06-20,146.1999969482422,-687.8002319335938,0.0,0.0,-687.8002319335938,2,bear_cross
HINDUNILVR,108,2019-05-21,1772.9000244140625,2019-06-26,1753.0,-2149.20263671875,0.0,1404.0,-745.20263671875,36,bear_cross
SHRIRAMFIN,869,2019-06-26,218.83970642089844,2019-07-02,206.1049041748047,-11066.543151855469,0.0,0.0,-11066.543151855469,6,bear_cross
LTM,101,2019-07-02,1850.0,2019-07-08,1652.199951171875,-19977.804931640625,0.0,0.0,-19977.804931640625,6,bear_cross
INDHOTEL,1357,2019-06-25,149.3777618408203,2019-07-09,142.05674743652344,-9934.61654663086,0.0,0.0,-9934.61654663086,14,bear_cross
TITAN,168,2019-05-15,1160.0,2019-07-10,1103.0,-9576.0,0.0,0.0,-9576.0,56,bear_cross
BAJAJFINSV,246,2019-05-20,805.5999755859375,2019-07-10,781.989990234375,-5808.056396484375,0.0,0.0,-5808.056396484375,51,bear_cross
HDFCBANK,333,2019-05-20,602.0,2019-07-11,600.75,-416.25,0.0,1248.75,832.5,52,bear_cross
DRREDDY,343,2019-07-08,517.02001953125,2019-07-11,517.2000122070312,61.73748779296875,0.0,0.0,61.73748779296875,3,bear_cross
BAJFINANCE,584,2019-05-21,341.80499267578125,2019-07-12,347.0,3033.88427734375,0.0,350.4,3384.28427734375,52,bear_cross
UNIONBANK,52,2019-06-26,75.9000015258789,2019-07-19,75.30000305175781,-31.199920654296875,0.0,0.0,-31.199920654296875,23,bear_cross
CANBK,3731,2019-06-24,54.20000076293945,2019-07-23,53.20000076293945,-3731.0,0.0,0.0,-3731.0,29,bear_cross
ADANIPORTS,416,2019-07-19,414.5499877929688,2019-07-23,409.0,-2308.7949218750236,0.0,0.0,-2308.7949218750236,4,bear_cross
BANKBARODA,1354,2019-07-09,123.9000015258789,2019-07-24,112.5999984741211,-15300.204132080078,0.0,0.0,-15300.204132080078,15,bear_cross
SBIN,616,2019-05-20,332.0,2019-07-25,341.70001220703125,5975.20751953125,0.0,0.0,5975.20751953125,66,bear_cross
DLF,1032,2019-07-17,190.4499969482422,2019-07-25,177.0,-13880.396850585938,0.0,2064.0,-11816.396850585938,8,bear_cross
HINDALCO,1,2019-07-23,202.0500030517578,2019-07-26,196.75,-5.3000030517578125,0.0,0.0,-5.3000030517578125,3,bear_cross
DRREDDY,370,2019-07-12,529.5999755859375,2019-08-05,504.6000061035156,-9249.988708496094,0.0,1480.0,-7769.988708496094,24,bear_cross
APOLLOHOSP,142,2019-07-17,1388.300048828125,2019-08-06,1290.0,-13958.60693359375,0.0,0.0,-13958.60693359375,20,bear_cross
VBL,3365,2019-07-31,56.54222106933594,2019-08-06,52.39555358886719,-13953.536071777344,0.0,0.0,-13953.536071777344,6,bear_cross
INDIGO,122,2019-07-29,1574.0,2019-08-08,1497.0,-9394.0,0.0,0.0,-9394.0,10,bear_cross
UNITDSPR,204,2019-08-08,602.5499877929688,2019-08-22,577.0999755859375,-5191.802490234375,0.0,0.0,-5191.802490234375,14,bear_cross
SUNPHARMA,463,2019-07-16,420.7999877929688,2019-08-23,415.0,-2685.3943481445576,0.0,1273.25,-1412.1443481445576,38,bear_cross
BHARTIARTL,524,2019-08-08,359.2549743652344,2019-09-04,329.807861328125,-15430.287231445312,0.0,0.0,-15430.287231445312,27,bear_cross
MUTHOOTFIN,300,2019-08-08,631.0,2019-09-05,594.0,-11100.0,0.0,0.0,-11100.0,28,bear_cross
TITAN,173,2019-08-27,1108.0,2019-09-09,1065.0,-7439.0,0.0,0.0,-7439.0,13,bear_cross
ASIANPAINT,7,2019-07-23,1409.0,2019-09-11,1545.0,952.0,0.0,0.0,952.0,50,bear_cross
TCS,85,2019-08-05,2199.89990234375,2019-09-12,2155.0,-3816.49169921875,0.0,0.0,-3816.49169921875,38,bear_cross
TATACONSUM,699,2019-08-08,271.5,2019-09-12,259.79998779296875,-8178.308532714844,0.0,0.0,-8178.308532714844,35,bear_cross
SBILIFE,314,2019-04-30,635.0999755859375,2019-09-16,785.9000244140625,47351.21533203125,0.0,0.0,47351.21533203125,139,bear_cross
PIDILITIND,310,2019-07-29,619.4500122070312,2019-09-20,650.0,9470.496215820312,0.0,0.0,9470.496215820312,53,bear_cross
NTPC,1456,2019-09-11,126.5,2019-09-24,116.3000030517578,-14851.195556640645,0.0,0.0,-14851.195556640645,13,bear_cross
INFY,251,2019-07-17,783.9000244140625,2019-09-26,787.75,966.3438720703125,0.0,0.0,966.3438720703125,71,bear_cross
HINDALCO,953,2019-09-09,188.5,2019-10-07,182.25,-5956.25,0.0,0.0,-5956.25,28,bear_cross
COALINDIA,868,2019-09-16,197.64999389648438,2019-10-09,184.8000030517578,-11153.792053222656,0.0,0.0,-11153.792053222656,23,bear_cross
HINDZINC,867,2019-10-07,208.0,2019-10-09,205.4499969482422,-2210.8526458740234,0.0,0.0,-2210.8526458740234,2,bear_cross
GAIL,2019,2019-09-05,84.06666564941406,2019-10-11,84.83333587646484,1547.9071884155273,0.0,0.0,1547.9071884155273,36,bear_cross
SHRIRAMFIN,920,2019-09-13,202.65570068359372,2019-10-22,211.5417938232422,8175.205688476589,0.0,0.0,8175.205688476589,39,bear_cross
AMBUJACEM,902,2019-10-22,205.0,2019-10-29,197.8999938964844,-6404.205505371068,0.0,0.0,-6404.205505371068,7,bear_cross
ADANIPORTS,46,2019-09-12,375.0,2019-10-31,399.25,1115.5,0.0,0.0,1115.5,49,bear_cross
ABB,133,2019-09-24,1425.338134765625,2019-11-04,1332.4642333984375,-12352.228881835938,0.0,0.0,-12352.228881835938,41,bear_cross
DIVISLAB,74,2019-09-04,1648.0,2019-11-14,1668.5,1517.0,0.0,0.0,1517.0,71,bear_cross
HINDUNILVR,95,2019-09-23,1984.0,2019-11-19,2060.050048828125,7224.754638671875,0.0,1045.0,8269.754638671875,57,bear_cross
ONGC,1340,2019-10-15,137.0,2019-11-19,135.0,-2680.0,0.0,0.0,-2680.0,35,bear_cross
HCLTECH,337,2019-10-16,544.5,2019-11-27,554.5,3370.0,0.0,337.0,3707.0,42,bear_cross
BPCL,735,2019-11-20,264.45001220703125,2019-11-27,246.5,-13193.258972167969,0.0,0.0,-13193.258972167969,7,bear_cross
BAJAJHLDNG,52,2019-09-26,3501.10009765625,2019-11-28,3653.14990234375,7906.58984375,0.0,0.0,7906.58984375,63,bear_cross
TECHM,274,2019-08-23,684.25,2019-12-09,759.4500122070312,20604.803344726562,0.0,0.0,20604.803344726562,108,bear_cross
AXISBANK,265,2019-10-15,682.5999755859375,2019-12-09,713.4500122070312,8175.259704589844,0.0,0.0,8175.259704589844,55,bear_cross
TVSMOTOR,358,2019-11-29,484.0,2019-12-09,446.9500122070313,-13263.895629882792,0.0,0.0,-13263.895629882792,10,bear_cross
HINDZINC,838,2019-11-20,215.6999969482422,2019-12-10,209.6499938964844,-5069.902557373023,0.0,0.0,-5069.902557373023,20,bear_cross
AMBUJACEM,942,2019-11-05,203.8500061035156,2019-12-11,196.5,-6923.705749511692,0.0,0.0,-6923.705749511692,36,bear_cross
APOLLOHOSP,8,2019-12-09,1466.0,2019-12-12,1395.0,-568.0,0.0,0.0,-568.0,3,bear_cross
CANBK,4833,2019-10-29,38.400001525878906,2019-12-13,43.79999923706055,26098.18893814087,0.0,0.0,26098.18893814087,45,bear_cross
ABB,138,2019-12-13,1354.9791259765625,2019-12-24,1264.949951171875,-12424.026123046875,0.0,0.0,-12424.026123046875,11,bear_cross
TITAN,157,2019-12-16,1188.550048828125,2020-01-06,1162.0,-4168.357666015625,0.0,0.0,-4168.357666015625,21,bear_cross
CANBK,4076,2019-12-17,45.59999847412109,2020-01-07,42.68000030517578,-11901.912536621065,0.0,0.0,-11901.912536621065,21,bear_cross
KOTAKBANK,593,2019-11-29,322.0,2020-01-08,330.94000244140625,5301.421447753906,0.0,0.0,5301.421447753906,40,bear_cross
CIPLA,35,2019-12-24,467.25,2020-01-27,457.5,-341.25,0.0,0.0,-341.25,34,bear_cross
JSWSTEEL,802,2019-10-31,235.6999969482422,2020-01-28,260.79998779296875,20130.192657470703,0.0,0.0,20130.192657470703,89,bear_cross
TATASTEEL,4465,2019-12-13,43.025001525878906,2020-01-29,45.27999877929688,10068.562736511261,0.0,0.0,10068.562736511261,47,bear_cross
TMPV,1060,2019-12-17,176.0,2020-01-29,178.8000030517578,2968.0032348632812,0.0,0.0,2968.0032348632812,43,bear_cross
ADANIPORTS,440,2020-01-06,388.0,2020-02-03,364.0,-10560.0,0.0,0.0,-10560.0,28,bear_cross
MUTHOOTFIN,262,2019-12-13,712.9000244140625,2020-02-04,753.0,10506.193603515625,0.0,0.0,10506.193603515625,53,bear_cross
GODREJCP,244,2020-01-08,704.25,2020-02-04,670.5999755859375,-8210.60595703125,0.0,0.0,-8210.60595703125,27,bear_cross
PFC,2028,2020-02-03,88.36000061035156,2020-02-04,92.0,7381.918762207031,0.0,0.0,7381.918762207031,1,bear_cross
AMBUJACEM,912,2020-01-07,198.1000061035156,2020-02-07,207.6000061035156,8664.0,0.0,0.0,8664.0,31,bear_cross
LT,144,2020-01-27,1340.0,2020-02-10,1300.0,-5760.0,0.0,0.0,-5760.0,14,bear_cross
ABB,19,2020-01-28,1340.8499755859375,2020-02-14,1268.8499755859375,-1368.0,0.0,0.0,-1368.0,17,bear_cross
ADANIENSOL,583,2020-02-10,332.1499938964844,2020-02-18,313.0,-11164.44644165039,0.0,0.0,-11164.44644165039,8,bear_cross
GAIL,2219,2020-02-14,86.66666412353516,2020-02-19,80.0,-14793.327690124512,0.0,9467.734073,-5325.593617124512,5,bear_cross
BAJAJ-AUTO,54,2020-02-04,3270.0,2020-02-20,3091.0,-9666.0,0.0,0.0,-9666.0,16,bear_cross
ADANIGREEN,947,2020-02-07,208.9499969482422,2020-02-25,184.75,-22917.39710998535,0.0,0.0,-22917.39710998535,18,bear_cross
BOSCHLTD,13,2020-02-20,14512.0498046875,2020-02-25,14100.0,-5356.6474609375,0.0,0.0,-5356.6474609375,5,bear_cross
INDIGO,128,2020-02-19,1475.0,2020-02-27,1380.0,-12160.0,0.0,0.0,-12160.0,8,bear_cross
ASIANPAINT,100,2020-02-04,1870.0,2020-03-02,1815.0999755859373,-5490.002441406273,0.0,0.0,-5490.002441406273,27,bear_cross
BAJAJHLDNG,1,2020-02-04,3619.0,2020-03-02,3460.0,-159.0,0.0,0.0,-159.0,27,bear_cross
AXISBANK,256,2020-02-28,718.9000244140625,2020-03-02,709.2999877929688,-2457.609375,0.0,0.0,-2457.609375,3,bear_cross
BHARTIARTL,395,2019-11-18,388.7021179199219,2020-03-05,513.1653442382812,49162.97439575195,0.0,0.0,49162.97439575195,108,bear_cross
BAJFINANCE,451,2020-01-29,424.489990234375,2020-03-05,431.0,2936.014404296875,0.0,451.0,3387.014404296875,36,bear_cross
AMBUJACEM,892,2020-02-28,207.75,2020-03-05,208.1999969482422,401.39727783203125,0.0,0.0,401.39727783203125,6,bear_cross
UNITDSPR,25,2020-01-29,652.0,2020-03-09,638.0,-350.0,0.0,0.0,-350.0,40,bear_cross
POWERGRID,1724,2020-03-09,104.00627899169922,2020-03-13,91.57501983642578,-21431.490783691406,0.0,0.0,-21431.490783691406,4,bear_cross
TORNTPHARM,202,2019-11-28,935.0,2020-03-17,977.5,8585.0,0.0,0.0,8585.0,110,bear_cross
MUTHOOTFIN,218,2020-02-18,870.0,2020-03-17,728.8499755859375,-30770.705322265625,0.0,0.0,-30770.705322265625,28,bear_cross
ASIANPAINT,97,2020-03-12,1864.949951171875,2020-03-17,1699.0,-16097.145263671875,0.0,0.0,-16097.145263671875,5,bear_cross
ZYDUSLIFE,631,2020-03-25,270.0,2020-04-01,270.0,0.0,0.0,0.0,0.0,7,bear_cross
HINDUNILVR,76,2020-04-01,2293.199951171875,2020-05-06,2049.949951171875,-18487.0,0.0,0.0,-18487.0,35,bear_cross
NESTLEIND,231,2020-04-07,778.75,2020-05-18,822.0499877929688,10002.297180175781,0.0,0.0,10002.297180175781,41,bear_cross
DRREDDY,282,2020-04-03,617.0,2020-05-19,740.030029296875,34694.46826171875,0.0,0.0,34694.46826171875,46,bear_cross
SUNPHARMA,424,2020-04-09,454.3999938964844,2020-05-20,439.8999938964844,-6148.0,0.0,0.0,-6148.0,41,bear_cross
HINDZINC,1109,2020-04-08,167.0,2020-05-27,167.3000030517578,332.70338439941406,0.0,18298.5,18631.203384399414,49,bear_cross
DLF,1080,2020-05-18,138.5,2020-05-27,137.5,-1080.0,0.0,0.0,-1080.0,9,bear_cross
DMART,81,2020-04-09,2392.64990234375,2020-06-02,2309.10009765625,-6767.5341796875,0.0,0.0,-6767.5341796875,54,bear_cross
TORNTPHARM,99,2020-04-09,1349.5,2020-06-03,1191.0999755859375,-15681.602416992188,0.0,0.0,-15681.602416992188,55,bear_cross
COALINDIA,1107,2020-06-02,149.14999389648438,2020-06-22,137.25,-13173.293243408203,0.0,0.0,-13173.293243408203,20,bear_cross
ITC,1047,2020-05-27,185.36119079589844,2020-06-23,178.5244903564453,-7158.025360107422,0.0,0.0,-7158.025360107422,27,bear_cross
CIPLA,389,2020-04-07,479.0,2020-07-02,630.0,58739.0,0.0,0.0,58739.0,86,bear_cross
UNITDSPR,350,2020-05-19,552.9500122070312,2020-07-02,600.5,16642.495727539062,0.0,0.0,16642.495727539062,44,bear_cross
COALINDIA,1046,2020-06-23,144.9499969482422,2020-07-03,134.39999389648438,-11035.303192138672,0.0,0.0,-11035.303192138672,10,bear_cross
APOLLOHOSP,136,2020-06-03,1370.0,2020-07-06,1384.800048828125,2012.806640625,0.0,0.0,2012.806640625,33,bear_cross
ZYDUSLIFE,584,2020-04-08,334.0,2020-07-08,362.2000122070313,16468.807128906283,0.0,0.0,16468.807128906283,91,bear_cross
ZYDUSLIFE,604,2020-07-09,361.1000061035156,2020-07-13,357.8999938964844,-1932.807373046875,0.0,0.0,-1932.807373046875,4,bear_cross
ADANIGREEN,1152,2020-04-07,153.5,2020-07-16,353.0,229824.0,0.0,0.0,229824.0,100,bear_cross
ADANIENT,1376,2020-05-28,141.6999969482422,2020-07-17,149.75,11076.80419921875,0.0,0.0,11076.80419921875,50,bear_cross
UNITDSPR,345,2020-07-10,621.6500244140625,2020-07-22,596.4500122070312,-8694.004211425781,0.0,0.0,-8694.004211425781,12,bear_cross
SUNPHARMA,432,2020-07-14,500.0,2020-07-27,484.8500061035156,-6544.79736328125,0.0,0.0,-6544.79736328125,13,bear_cross
BHARTIARTL,388,2020-07-07,568.32958984375,2020-07-28,548.2073974609375,-7807.41064453125,0.0,0.0,-7807.41064453125,21,bear_cross
GAIL,3274,2020-07-27,66.80000305175781,2020-07-28,65.4000015258789,-4583.604995727539,0.0,0.0,-4583.604995727539,1,bear_cross
GODREJCP,342,2020-05-20,556.0,2020-07-29,667.0,37962.0,0.0,0.0,37962.0,70,bear_cross
ONGC,2758,2020-07-29,79.80000305175781,2020-07-30,80.0,551.5915832519531,0.0,0.0,551.5915832519531,1,bear_cross
IOC,3483,2020-07-22,62.36666488647461,2020-08-06,57.86666488647461,-15673.5,0.0,0.0,-15673.5,15,bear_cross
HDFCLIFE,229,2020-06-22,524.9500122070312,2020-08-14,600.0,17186.447204589844,0.0,0.0,17186.447204589844,53,bear_cross
BPCL,1083,2020-07-17,202.25,2020-08-19,202.4499969482422,216.59669494628906,0.0,0.0,216.59669494628906,33,bear_cross
ADANIENSOL,927,2020-08-14,242.8000030517578,2020-08-20,242.0,-741.6028289794922,0.0,0.0,-741.6028289794922,6,bear_cross
GODREJCP,201,2020-08-19,693.0,2020-08-24,683.3499755859375,-1939.6549072265625,0.0,0.0,-1939.6549072265625,5,bear_cross
SHREECEM,10,2020-08-24,22317.75,2020-09-01,20449.0,-18687.5,0.0,0.0,-18687.5,8,bear_cross
APOLLOHOSP,156,2020-07-08,1427.0,2020-09-02,1687.699951171875,40669.1923828125,0.0,0.0,40669.1923828125,56,bear_cross
HCLTECH,375,2020-07-08,594.75,2020-09-04,695.1500244140625,37650.00915527344,0.0,750.0,38400.00915527344,58,bear_cross
CIPLA,316,2020-07-17,674.5,2020-09-07,728.0,16906.0,0.0,0.0,16906.0,52,bear_cross
SUNPHARMA,428,2020-07-31,514.25,2020-09-08,512.0,-963.0,0.0,428.0,-535.0,39,bear_cross
CANBK,10221,2020-08-20,21.0,2020-09-10,19.729999542236328,-12980.67467880249,0.0,0.0,-12980.67467880249,21,bear_cross
MOTHERSON,7963,2020-08-06,27.56757164001465,2020-09-14,30.73688697814941,25237.25803756711,0.0,0.0,25237.25803756711,39,bear_cross
BPCL,1066,2020-09-14,212.9499969482422,2020-09-22,201.5249938964844,-12179.053253173797,0.0,0.0,-12179.053253173797,8,bear_cross
CUMMINSIND,535,2020-08-04,406.6000061035156,2020-09-25,441.5499877929688,18698.24020385745,0.0,3745.0,22443.24020385745,52,bear_cross
TMPV,1913,2020-08-04,112.9499969482422,2020-09-25,123.6999969482422,20564.75,0.0,0.0,20564.75,52,bear_cross
BAJAJ-AUTO,57,2020-09-22,2984.199951171875,2020-09-28,2976.89990234375,-416.102783203125,0.0,0.0,-416.102783203125,6,bear_cross
BOSCHLTD,16,2020-10-05,13660.0,2020-10-14,12159.900390625,-24001.59375,0.0,0.0,-24001.59375,9,bear_cross
RELIANCE,225,2020-09-10,1007.5003051757812,2020-10-20,1005.608154296875,-425.73394775390625,0.0,0.0,-425.73394775390625,40,bear_cross
GODREJCP,332,2020-09-16,710.0,2020-10-20,688.5,-7138.0,0.0,0.0,-7138.0,34,bear_cross
TVSMOTOR,3,2020-05-06,303.0,2020-10-22,445.8999938964844,428.6999816894531,0.0,0.0,428.6999816894531,169,bear_cross
BAJAJFINSV,325,2020-10-20,597.2000122070312,2020-10-27,570.0,-8840.003967285156,0.0,0.0,-8840.003967285156,7,bear_cross
CUMMINSIND,512,2020-10-22,460.0,2020-10-30,443.7999877929688,-8294.40624999997,0.0,0.0,-8294.40624999997,8,bear_cross
HINDALCO,23,2020-10-20,181.8000030517578,2020-11-02,171.5,-236.9000701904297,0.0,0.0,-236.9000701904297,13,bear_cross
TCS,100,2020-09-04,2275.0,2020-11-03,2604.0,32900.0,0.0,1200.0,34100.0,60,bear_cross
HCLTECH,310,2020-09-09,712.0999755859375,2020-11-03,828.0,35929.007568359375,0.0,1860.0,37789.007568359375,55,bear_cross
TITAN,191,2020-10-05,1201.0,2020-11-03,1178.0,-4393.0,0.0,0.0,-4393.0,29,bear_cross
WIPRO,1596,2020-09-09,139.89999389648438,2020-11-04,169.0,46443.60974121094,0.0,0.0,46443.60974121094,56,bear_cross
INFY,238,2020-09-16,986.0,2020-11-04,1068.0,19516.0,0.0,2856.0,22372.0,49,bear_cross
WIPRO,1388,2020-11-05,173.97500610351562,2020-11-18,174.875,1249.1915283203125,0.0,0.0,1249.1915283203125,13,bear_cross
TORNTPHARM,192,2020-11-19,1340.0,2020-11-26,1298.875,-7896.0,0.0,0.0,-7896.0,7,bear_cross
TRENT,340,2020-11-02,662.8499755859375,2020-12-07,680.9000244140625,6137.0166015625,0.0,0.0,6137.0166015625,35,bear_cross
AMBUJACEM,1057,2020-10-06,222.9499969482422,2020-12-10,250.6999969482422,29331.75,0.0,17969.0,47300.75,65,bear_cross
RELIANCE,272,2020-12-10,932.9680786132812,2020-12-22,899.4631958007812,-9113.328125,0.0,0.0,-9113.328125,12,bear_cross
HDFCLIFE,318,2020-10-30,590.0,2020-12-23,641.25,16297.5,0.0,0.0,16297.5,54,bear_cross
BPCL,1308,2020-11-06,184.0,2020-12-23,186.5,3270.0,0.0,0.0,3270.0,47,bear_cross
SHRIRAMFIN,1368,2020-10-14,129.8000030517578,2020-12-28,200.97000122070312,97360.55749511719,0.0,1641.6,99002.1574951172,75,bear_cross
BRITANNIA,72,2020-11-26,3569.800048828125,2020-12-30,3602.25,2336.396484375,0.0,0.0,2336.396484375,34,bear_cross
RELIANCE,290,2020-12-31,919.9999389648438,2021-01-08,885.1566772460938,-10104.5458984375,0.0,0.0,-10104.5458984375,8,bear_cross
CGPOWER,5952,2020-12-30,45.5,2021-01-11,43.29999923706055,-13094.404541015625,0.0,0.0,-13094.404541015625,12,bear_cross
DIVISLAB,74,2020-11-05,3210.89990234375,2021-01-19,3576.0,27017.4072265625,0.0,0.0,27017.4072265625,75,bear_cross
TATACONSUM,23,2020-11-03,497.7999877929688,2021-01-25,587.7999877929688,2069.9999999999986,0.0,0.0,2069.9999999999986,83,bear_cross
INDHOTEL,2098,2021-01-19,123.1481704711914,2021-01-25,119.60887145996094,-7425.449325561523,0.0,0.0,-7425.449325561523,6,bear_cross
POWERGRID,2203,2021-01-11,114.75003051757812,2021-01-28,107.4094009399414,-16171.406959533691,0.0,0.0,-16171.406959533691,17,bear_cross
HINDUNILVR,2,2021-01-28,2367.89990234375,2021-01-29,2315.10009765625,-105.599609375,0.0,0.0,-105.599609375,1,bear_cross
HDFCLIFE,398,2020-12-30,679.0,2021-02-01,678.2999877929688,-278.6048583984375,0.0,0.0,-278.6048583984375,33,bear_cross
HDFCBANK,374,2020-12-31,717.5,2021-02-01,705.125,-4628.25,0.0,0.0,-4628.25,32,bear_cross
IOC,4421,2020-12-31,60.33333206176758,2021-02-01,63.86666488647461,15620.864418029785,0.0,0.0,15620.864418029785,32,bear_cross
BPCL,884,2021-01-08,197.5,2021-02-01,194.0,-3094.0,0.0,0.0,-3094.0,24,bear_cross
IOC,4090,2021-02-04,68.53333282470703,2021-02-17,63.70000076293945,-19768.328132629395,0.0,20450.0,681.6718673706055,13,bear_cross
CIPLA,342,2020-12-07,766.9500122070312,2021-02-22,811.4000244140625,15201.904174804688,0.0,0.0,15201.904174804688,77,bear_cross
ITC,1316,2021-02-03,213.2857208251953,2021-02-23,200.286376953125,-17107.13653564453,0.0,6580.0,-10527.136535644531,20,bear_cross
PIDILITIND,8,2021-02-17,900.0,2021-02-26,850.5,-396.0,0.0,0.0,-396.0,9,bear_cross
MAZDOCK,1942,2021-02-26,107.5999984741211,2021-03-01,107.4749984741211,-242.75,0.0,0.0,-242.75,3,bear_cross
HDFCBANK,354,2021-02-03,789.5,2021-03-12,800.0,3717.0,0.0,0.0,3717.0,37,bear_cross
BANKBARODA,5064,2020-10-27,42.70000076293945,2021-03-15,77.94999694824219,178505.98068237305,0.0,0.0,178505.98068237305,139,bear_cross
BAJAJFINSV,279,2021-01-28,902.0,2021-03-15,996.9000244140624,26477.106811523405,0.0,0.0,26477.106811523405,46,bear_cross
SBIN,1151,2020-11-04,203.5,2021-03-16,385.6000061035156,209597.10702514648,0.0,0.0,209597.10702514648,132,bear_cross
PNB,3169,2021-02-04,38.5,2021-03-18,39.0,1584.5,0.0,0.0,1584.5,42,bear_cross
NESTLEIND,344,2021-03-16,841.75,2021-03-18,823.39501953125,-6314.11328125,0.0,0.0,-6314.11328125,2,bear_cross
COALINDIA,2053,2021-02-25,146.89999389648438,2021-03-22,137.60000610351562,-19092.874938964844,0.0,10265.0,-8827.874938964844,25,bear_cross
ASIANPAINT,102,2021-03-18,2468.85009765625,2021-03-22,2390.0,-8042.7099609375,0.0,0.0,-8042.7099609375,4,bear_cross
IOC,4453,2021-02-26,66.33333587646484,2021-03-24,64.0,-10390.34465789795,0.0,8906.0,-1484.3446578979492,26,bear_cross
APOLLOHOSP,94,2021-03-17,3080.0,2021-03-24,2957.85009765625,-11482.0908203125,0.0,0.0,-11482.0908203125,7,bear_cross
INDIGO,135,2021-03-03,1704.0,2021-04-05,1601.0,-13905.0,0.0,0.0,-13905.0,33,bear_cross
ADANIGREEN,260,2021-01-28,1016.5,2021-04-06,1175.9000244140625,41444.00634765625,0.0,0.0,41444.00634765625,68,bear_cross
EICHERMOT,108,2021-03-23,2679.0,2021-04-06,2534.800048828125,-15573.5947265625,0.0,0.0,-15573.5947265625,14,bear_cross
ITC,1334,2021-03-23,216.6559295654297,2021-04-13,199.32345581054688,-23121.519989013672,0.0,0.0,-23121.519989013672,21,bear_cross
SBILIFE,322,2021-04-15,895.0,2021-04-20,917.0,7084.0,0.0,0.0,7084.0,5,bear_cross
LTM,69,2021-03-15,4048.0,2021-04-23,3918.0,-8970.0,0.0,0.0,-8970.0,39,bear_cross
AMBUJACEM,1001,2021-02-03,276.1000061035156,2021-04-26,297.0,20920.89389038086,0.0,1001.0,21921.89389038086,82,bear_cross
TCS,2,2021-03-18,3125.949951171875,2021-04-27,3106.0,-39.89990234375,0.0,0.0,-39.89990234375,40,bear_cross
HINDUNILVR,131,2021-03-16,2221.35009765625,2021-05-03,2343.0,15936.13720703125,0.0,0.0,15936.13720703125,48,bear_cross
PIDILITIND,323,2021-03-25,897.375,2021-05-07,907.5,3270.375,0.0,0.0,3270.375,43,bear_cross
ASIANPAINT,121,2021-03-24,2410.300048828125,2021-05-12,2577.0,20170.694091796875,0.0,0.0,20170.694091796875,49,bear_cross
CIPLA,354,2021-04-05,825.0,2021-05-19,887.8499755859375,22248.891357421875,0.0,0.0,22248.891357421875,44,bear_cross
SUNPHARMA,469,2021-04-07,621.0,2021-06-07,673.9500122070312,24833.555725097656,0.0,0.0,24833.555725097656,61,bear_cross
HINDALCO,830,2021-04-07,350.3999938964844,2021-06-14,392.9500122070313,35316.51519775395,0.0,0.0,35316.51519775395,68,bear_cross
ITC,1518,2021-05-19,202.2603454589844,2021-06-17,199.2753143310547,-4531.277252197308,0.0,8728.5,4197.222747802692,29,bear_cross
HINDZINC,916,2021-04-26,304.70001220703125,2021-06-24,332.5,25464.788818359375,0.0,0.0,25464.788818359375,59,bear_cross
BHARTIARTL,605,2021-06-23,528.085205078125,2021-06-24,525.1405029296875,-1781.5447998046875,0.0,0.0,-1781.5447998046875,1,bear_cross
BPCL,1376,2021-05-07,217.5249938964844,2021-06-28,235.5,24733.60839843746,0.0,0.0,24733.60839843746,52,bear_cross
ADANIPOWER,14770,2021-06-07,22.51000022888184,2021-07-02,20.489999771118164,-29835.406761169485,0.0,0.0,-29835.406761169485,25,bear_cross
PFC,3100,2021-05-12,94.5199966430664,2021-07-06,98.5199966430664,12400.0,0.0,4960.0,17360.0,55,bear_cross
AXISBANK,26,2021-05-03,706.0,2021-07-28,734.7999877929688,748.7996826171875,0.0,0.0,748.7996826171875,86,bear_cross
CUMMINSIND,359,2021-06-14,835.5,2021-07-28,848.0,4487.5,0.0,0.0,4487.5,44,bear_cross
BEL,5652,2021-06-24,56.31666564941406,2021-08-09,55.0,-7441.794250488281,0.0,0.0,-7441.794250488281,46,bear_cross
HAL,591,2021-07-05,538.0499877929688,2021-08-11,557.5,11494.957214355469,0.0,0.0,11494.957214355469,37,bear_cross
AMBUJACEM,959,2021-04-27,303.95001220703125,2021-08-24,392.7000122070313,85111.25000000006,0.0,0.0,85111.25000000006,119,bear_cross
JINDALSTEL,720,2021-07-28,420.1000061035156,2021-08-24,369.9500122070313,-36107.995605468706,0.0,0.0,-36107.995605468706,27,bear_cross
AXISBANK,392,2021-08-11,765.0,2021-08-26,734.0999755859375,-12112.8095703125,0.0,0.0,-12112.8095703125,15,bear_cross
ADANIENT,1,2021-08-09,1546.699951171875,2021-09-21,1420.0,-126.699951171875,0.0,0.0,-126.699951171875,43,bear_cross
APOLLOHOSP,88,2021-06-28,3447.85009765625,2021-09-29,4420.0,85549.19140625,0.0,264.0,85813.19140625,93,bear_cross
HAL,13,2021-08-24,561.9749755859375,2021-10-04,670.0250244140625,1404.650634765625,0.0,0.0,1404.650634765625,41,bear_cross
ICICIBANK,491,2021-07-08,650.5,2021-10-05,693.0,20867.5,0.0,982.0,21849.5,89,bear_cross
ASIANPAINT,106,2021-08-24,3092.800048828125,2021-10-06,3262.0,17935.19482421875,0.0,0.0,17935.19482421875,43,bear_cross
HDFCLIFE,492,2021-08-27,700.3499755859375,2021-10-07,730.0,14587.81201171875,0.0,0.0,14587.81201171875,41,bear_cross
ETERNAL,1622,2021-09-29,138.0,2021-10-08,138.0,0.0,0.0,0.0,0.0,9,bear_cross
ABB,198,2021-10-08,1877.9000244140625,2021-10-11,1846.4000244140625,-6237.0,0.0,0.0,-6237.0,3,bear_cross
ZYDUSLIFE,676,2021-10-08,553.7999877929688,2021-10-11,554.0,135.208251953125,0.0,0.0,135.208251953125,3,bear_cross
SBILIFE,277,2021-04-23,896.3499755859375,2021-10-14,1192.949951171875,82158.19323730469,0.0,0.0,82158.19323730469,174,bear_cross
ADANIENSOL,220,2021-10-11,1682.0,2021-10-19,1760.0,17160.0,0.0,0.0,17160.0,8,bear_cross
EICHERMOT,129,2021-10-14,2905.0,2021-10-21,2677.0,-29412.0,0.0,0.0,-29412.0,7,bear_cross
DIVISLAB,29,2021-10-11,5104.0,2021-10-27,5007.85009765625,-2788.34716796875,0.0,0.0,-2788.34716796875,16,bear_cross
MUTHOOTFIN,4,2021-10-11,1536.050048828125,2021-11-01,1483.0,-212.2001953125,0.0,0.0,-212.2001953125,21,bear_cross
BAJAJFINSV,296,2021-04-22,970.0,2021-11-02,1765.0,235320.0,0.0,88.8,235408.8,194,bear_cross
BAJAJHLDNG,87,2021-06-25,3623.60009765625,2021-11-02,4784.0,100954.79150390625,0.0,11310.0,112264.79150390625,130,bear_cross
POWERGRID,2714,2021-09-21,132.03750610351562,2021-11-02,141.4875030517578,25647.291717529297,0.0,0.0,25647.291717529297,42,bear_cross
AXISBANK,471,2021-10-19,820.0,2021-11-02,752.5,-31792.5,0.0,0.0,-31792.5,14,bear_cross
JINDALSTEL,50,2021-10-05,418.4500122070313,2021-11-11,402.9500122070313,-775.0,0.0,0.0,-775.0,37,bear_cross
DIVISLAB,73,2021-11-02,5230.0,2021-11-11,4900.0,-24090.0,0.0,0.0,-24090.0,9,bear_cross
TATASTEEL,7,2021-11-02,137.0,2021-11-12,134.0,-21.0,0.0,0.0,-21.0,10,bear_cross
ADANIPOWER,18171,2021-11-15,22.049999237060547,2021-11-16,21.520000457763672,-9630.607818603516,0.0,0.0,-9630.607818603516,1,bear_cross
IRFC,15907,2021-10-05,23.799999237060547,2021-11-22,23.5,-4772.087863922119,0.0,12248.39,7476.30213607788,48,bear_cross
CIPLA,121,2021-11-16,943.1500244140624,2021-11-25,894.0,-5947.152954101549,0.0,0.0,-5947.152954101549,9,bear_cross
CUMMINSIND,422,2021-11-11,924.0,2021-11-26,891.0,-13926.0,0.0,0.0,-13926.0,15,bear_cross
INDIGO,12,2021-11-02,2165.10009765625,2021-11-29,1870.0,-3541.201171875,0.0,0.0,-3541.201171875,27,bear_cross
CGPOWER,4022,2021-08-03,83.05000305175781,2021-12-02,151.0,273294.8877258301,0.0,0.0,273294.8877258301,121,bear_cross
ABB,210,2021-10-27,1920.050048828125,2021-12-03,2090.300048828125,35752.5,0.0,0.0,35752.5,37,bear_cross
BHARTIARTL,541,2021-11-03,725.75,2021-12-08,705.0,-11225.75,0.0,0.0,-11225.75,35,bear_cross
ASIANPAINT,119,2021-11-22,3241.0,2021-12-08,3031.89990234375,-24882.91162109375,0.0,0.0,-24882.91162109375,16,bear_cross
CIPLA,393,2021-11-30,965.0,2021-12-09,900.0,-25545.0,0.0,0.0,-25545.0,9,bear_cross
ADANIENT,235,2021-11-11,1650.0,2021-12-21,1621.0999755859375,-6791.5057373046875,0.0,0.0,-6791.5057373046875,40,bear_cross
HINDZINC,414,2021-12-01,333.3999938964844,2021-12-21,310.54998779296875,-9459.902526855469,0.0,7452.0,-2007.9025268554688,20,bear_cross
ADANIPORTS,506,2021-12-09,766.7000122070312,2021-12-22,727.0,-20088.206176757812,0.0,0.0,-20088.206176757812,13,bear_cross
CUMMINSIND,405,2021-12-07,928.0,2021-12-23,934.0,2430.0,0.0,0.0,2430.0,16,bear_cross
BAJAJHLDNG,79,2021-11-03,4889.0,2021-12-24,5124.89990234375,18636.09228515625,0.0,0.0,18636.09228515625,51,bear_cross
GODREJCP,392,2021-12-24,964.7999877929688,2022-01-14,915.9000244140624,-19168.785644531294,0.0,0.0,-19168.785644531294,21,bear_cross
DRREDDY,402,2021-12-28,947.3800048828124,2022-01-19,939.0,-3368.7619628905795,0.0,0.0,-3368.7619628905795,22,bear_cross
LTM,53,2021-12-23,7200.0,2022-01-20,6949.7998046875,-13260.6103515625,0.0,0.0,-13260.6103515625,28,bear_cross
TECHM,247,2021-10-21,1546.1500244140625,2022-01-21,1650.0,25650.943969726562,0.0,3705.0,29355.943969726562,92,bear_cross
DIVISLAB,77,2022-01-19,4550.0,2022-01-21,4328.2998046875,-17070.9150390625,0.0,0.0,-17070.9150390625,2,bear_cross
HCLTECH,244,2021-12-08,1157.4000244140625,2022-01-24,1162.5,1244.39404296875,0.0,2440.0,3684.39404296875,47,bear_cross
HDFCLIFE,143,2022-01-14,668.0,2022-01-25,627.2000122070312,-5834.398254394531,0.0,0.0,-5834.398254394531,11,bear_cross
HINDZINC,1179,2022-01-20,325.0,2022-01-27,309.5,-18274.5,0.0,0.0,-18274.5,7,bear_cross
TORNTPHARM,250,2021-11-30,1518.050048828125,2022-01-28,1352.5,-41387.51220703125,0.0,0.0,-41387.51220703125,59,bear_cross
SUNPHARMA,474,2021-12-23,801.8499755859375,2022-01-28,816.0,6707.111572265625,0.0,0.0,6707.111572265625,36,bear_cross
TCS,105,2021-12-03,3646.449951171875,2022-01-31,3749.0,10767.755126953125,0.0,735.0,11502.755126953125,59,bear_cross
LT,204,2021-12-28,1872.0999755859373,2022-02-01,1928.6500244140625,11536.209960937547,0.0,0.0,11536.209960937547,35,bear_cross
ABB,167,2021-12-10,2300.0,2022-02-04,2305.0,835.0,0.0,0.0,835.0,56,bear_cross
SOLARINDS,150,2022-01-31,2567.699951171875,2022-02-08,2359.699951171875,-31200.0,0.0,0.0,-31200.0,8,bear_cross
DLF,934,2022-02-08,388.7999877929688,2022-02-09,387.5,-1214.1885986328657,0.0,0.0,-1214.1885986328657,1,bear_cross
POWERGRID,2242,2022-01-21,160.4250030517578,2022-02-15,151.5,-20009.856842041016,0.0,0.0,-20009.856842041016,25,bear_cross
SHRIRAMFIN,1419,2022-02-02,258.20001220703125,2022-02-15,234.1999969482422,-34056.02165222168,0.0,0.0,-34056.02165222168,13,bear_cross
RECLTD,3464,2022-02-03,107.1750030517578,2022-02-16,97.5,-33514.21057128901,0.0,15588.0,-17926.21057128901,13,bear_cross
UNIONBANK,7781,2022-01-31,47.95000076293945,2022-02-17,44.54999923706055,-26455.41187286377,0.0,0.0,-26455.41187286377,17,bear_cross
LODHA,592,2022-01-24,640.0,2022-02-18,629.9749755859375,-5934.814453125,0.0,0.0,-5934.814453125,25,bear_cross
BHARTIARTL,488,2022-02-17,724.4500122070312,2022-02-18,712.0499877929688,-6051.2119140625,0.0,0.0,-6051.2119140625,1,bear_cross
ADANIENSOL,173,2022-02-18,2018.0,2022-02-21,1960.0,-10034.0,0.0,0.0,-10034.0,3,bear_cross
SHRIRAMFIN,1256,2022-02-18,253.8000030517578,2022-02-21,248.8000030517578,-6280.0,0.0,0.0,-6280.0,3,bear_cross
CIPLA,384,2022-02-02,945.5,2022-02-22,893.2000122070312,-20083.1953125,0.0,0.0,-20083.1953125,20,bear_cross
ITC,1650,2022-02-03,223.540771484375,2022-02-22,207.0267791748047,-27248.087310791016,0.0,8662.5,-18585.587310791016,19,bear_cross
SUNPHARMA,407,2022-02-02,890.0,2022-02-24,830.5999755859375,-24175.809936523438,0.0,2849.0,-21326.809936523438,22,bear_cross
SHRIRAMFIN,1419,2022-02-23,243.6000061035156,2022-02-24,228.0,-22136.408660888632,0.0,0.0,-22136.408660888632,1,bear_cross
JINDALSTEL,103,2022-02-04,418.7000122070313,2022-02-25,383.4500122070313,-3630.75,0.0,0.0,-3630.75,21,bear_cross
INDIGO,165,2022-02-09,2190.0,2022-02-25,1900.0,-47850.0,0.0,0.0,-47850.0,16,bear_cross
DIVISLAB,78,2022-02-17,4465.64990234375,2022-02-25,4049.949951171875,-32424.59619140625,0.0,0.0,-32424.59619140625,8,bear_cross
HDFCBANK,452,2022-02-23,762.5499877929688,2022-02-25,719.9749755859375,-19243.905517578125,0.0,0.0,-19243.905517578125,2,bear_cross
SOLARINDS,145,2022-02-24,2290.0,2022-02-25,2281.0,-1305.0,0.0,0.0,-1305.0,1,bear_cross
TITAN,136,2022-02-24,2402.0,2022-02-25,2423.5,2924.0,0.0,0.0,2924.0,1,bear_cross
BAJAJHLDNG,64,2022-02-21,5265.0,2022-02-28,5158.0,-6848.0,0.0,0.0,-6848.0,7,bear_cross
EICHERMOT,125,2022-02-23,2733.89990234375,2022-03-02,2574.800048828125,-19887.481689453125,0.0,0.0,-19887.481689453125,7,bear_cross
SOLARINDS,143,2022-03-02,2301.050048828125,2022-03-03,2314.550048828125,1930.5,0.0,0.0,1930.5,1,bear_cross
TITAN,130,2022-03-02,2550.0,2022-03-11,2478.0,-9360.0,0.0,0.0,-9360.0,9,bear_cross
DMART,76,2022-03-02,4299.9501953125,2022-03-14,4190.0,-8356.21484375,0.0,0.0,-8356.21484375,12,bear_cross
HINDZINC,986,2022-03-04,340.0,2022-03-14,313.0,-26622.0,0.0,0.0,-26622.0,10,bear_cross
APOLLOHOSP,69,2022-03-02,4827.0,2022-03-29,4685.89990234375,-9735.90673828125,0.0,0.0,-9735.90673828125,27,bear_cross
BEL,4682,2022-03-04,71.33333587646484,2022-03-31,70.06666564941406,-5930.550003051758,0.0,2341.0,-3589.550003051758,27,bear_cross
INDIGO,161,2022-03-31,1990.3499755859375,2022-04-25,1880.0999755859375,-17750.25,0.0,0.0,-17750.25,25,bear_cross
CUMMINSIND,356,2022-02-18,983.0,2022-04-26,1003.5,7298.0,0.0,2848.0,10146.0,67,bear_cross
CANBK,6182,2022-03-29,45.9900016784668,2022-04-29,46.880001068115234,5501.976226806641,0.0,0.0,5501.976226806641,31,bear_cross
SOLARINDS,14,2022-03-11,2401.0,2022-05-02,2798.949951171875,5571.29931640625,0.0,0.0,5571.29931640625,52,bear_cross
SUNPHARMA,371,2022-03-15,893.7000122070312,2022-05-02,922.4500122070312,10666.25,0.0,0.0,10666.25,48,bear_cross
BAJAJHLDNG,62,2022-04-29,5542.0,2022-05-02,5170.0,-23064.0,0.0,0.0,-23064.0,3,bear_cross
COALINDIA,1808,2022-03-03,189.60000610351562,2022-05-04,188.75,-1536.81103515625,0.0,0.0,-1536.81103515625,62,bear_cross
GAIL,3166,2022-03-04,106.0,2022-05-04,104.66666412353516,-4221.341384887695,0.0,10553.332278,6331.990893112305,61,bear_cross
JINDALSTEL,754,2022-03-04,447.1000061035156,2022-05-04,537.7000122070312,68312.40460205078,0.0,754.0,69066.40460205078,61,bear_cross
DIVISLAB,75,2022-03-15,4365.10009765625,2022-05-06,4275.0,-6757.50732421875,0.0,0.0,-6757.50732421875,52,bear_cross
SHRIRAMFIN,1394,2022-05-04,246.3999938964844,2022-05-12,224.0,-31225.59149169926,0.0,0.0,-31225.59149169926,8,bear_cross
ADANIENSOL,155,2022-03-02,2111.0,2022-05-13,2231.0,18600.0,0.0,0.0,18600.0,72,bear_cross
SOLARINDS,113,2022-05-06,2980.0,2022-05-16,2790.14990234375,-21453.06103515625,0.0,0.0,-21453.06103515625,10,bear_cross
GODREJCP,402,2022-05-18,827.0,2022-05-26,759.7999877929688,-27014.404907226562,0.0,0.0,-27014.404907226562,8,bear_cross
KOTAKBANK,960,2022-05-05,360.20001220703125,2022-06-14,347.1199951171875,-12556.81640625,0.0,0.0,-12556.81640625,40,bear_cross
BRITANNIA,95,2022-05-23,3451.25,2022-06-14,3359.550048828125,-8711.495361328125,0.0,0.0,-8711.495361328125,22,bear_cross
ITC,1234,2022-05-20,266.7275085449219,2022-06-16,257.0983581542969,-11882.37158203125,0.0,7712.5,-4169.87158203125,27,bear_cross
ABB,146,2022-05-10,2295.0,2022-06-20,2148.0,-21462.0,0.0,0.0,-21462.0,41,bear_cross
BAJAJ-AUTO,86,2022-05-23,3836.0,2022-06-20,3620.25,-18554.5,0.0,0.0,-18554.5,28,bear_cross
TRENT,299,2022-06-16,1105.25,2022-06-21,1056.0999755859375,-14695.857299804688,0.0,0.0,-14695.857299804688,5,bear_cross
EICHERMOT,122,2022-05-19,2622.0,2022-06-23,2665.10009765625,5258.2119140625,0.0,0.0,5258.2119140625,35,bear_cross
HAL,373,2022-05-23,886.5,2022-06-24,895.0,3170.5,0.0,0.0,3170.5,32,bear_cross
HDFCAMC,350,2022-06-23,914.0,2022-06-24,917.5,1225.0,0.0,0.0,1225.0,1,bear_cross
DRREDDY,47,2022-05-26,863.2000122070312,2022-06-27,879.969970703125,788.1880493164062,0.0,0.0,788.1880493164062,32,bear_cross
HDFCAMC,359,2022-06-27,906.5,2022-06-29,884.8499755859375,-7772.3587646484375,0.0,0.0,-7772.3587646484375,2,bear_cross
BAJAJ-AUTO,5,2022-06-29,3880.0,2022-07-06,3682.0,-990.0,0.0,700.0,-290.0,7,bear_cross
SOLARINDS,115,2022-06-22,2755.0,2022-07-07,2704.300048828125,-5830.494384765625,0.0,0.0,-5830.494384765625,15,bear_cross
DRREDDY,376,2022-06-28,865.8499755859375,2022-07-27,841.5900268554688,-9121.74072265625,0.0,2256.0,-6865.74072265625,29,bear_cross
UNITDSPR,390,2022-07-06,794.0,2022-08-03,785.4500122070312,-3334.4952392578125,0.0,0.0,-3334.4952392578125,28,bear_cross
APOLLOHOSP,83,2022-06-21,3849.949951171875,2022-08-25,4215.0,30299.154052734375,0.0,975.25,31274.404052734375,65,bear_cross
MARUTI,42,2022-05-25,7840.0,2022-08-26,8800.0,40320.0,0.0,2520.0,42840.0,93,bear_cross
TCS,108,2022-08-01,3327.0,2022-08-30,3155.0,-18576.0,0.0,0.0,-18576.0,29,bear_cross
CGPOWER,1754,2022-06-27,188.0,2022-09-02,228.0,70160.0,0.0,0.0,70160.0,67,bear_cross
ONGC,1919,2022-08-03,136.0,2022-09-07,131.0,-9595.0,0.0,6236.75,-3358.25,35,bear_cross
ASIANPAINT,10,2022-07-07,2901.39990234375,2022-09-19,3320.64990234375,4192.5,0.0,0.0,4192.5,74,bear_cross
MOTHERSON,5205,2022-09-19,55.5555534362793,2022-09-22,54.377777099609375,-6130.325832366943,0.0,0.0,-6130.325832366943,3,bear_cross
GODREJCP,380,2022-06-28,795.9000244140625,2022-09-26,886.4500122070312,34408.995361328125,0.0,0.0,34408.995361328125,90,bear_cross
ADANIENSOL,151,2022-06-28,2150.0,2022-09-29,3647.0,226047.0,0.0,0.0,226047.0,93,bear_cross
CUMMINSIND,311,2022-09-08,1233.6500244140625,2022-09-29,1183.300048828125,-15658.842407226562,0.0,0.0,-15658.842407226562,21,bear_cross
SBIN,714,2022-09-02,537.0,2022-09-30,524.0,-9282.0,0.0,0.0,-9282.0,28,bear_cross
APOLLOHOSP,89,2022-09-02,4309.7998046875,2022-10-03,4385.0,6692.8173828125,0.0,0.0,6692.8173828125,31,bear_cross
MARUTI,42,2022-09-02,9026.5,2022-10-03,8970.0,-2373.0,0.0,0.0,-2373.0,31,bear_cross
TVSMOTOR,482,2022-05-20,693.8499755859375,2022-10-06,1039.75,166723.81176757812,0.0,0.0,166723.81176757812,139,bear_cross
EICHERMOT,113,2022-06-27,2909.0,2022-10-12,3425.050048828125,58313.655517578125,0.0,2373.0,60686.655517578125,107,bear_cross
HINDUNILVR,116,2022-09-26,2668.5,2022-10-12,2563.449951171875,-12185.8056640625,0.0,0.0,-12185.8056640625,16,bear_cross
APOLLOHOSP,86,2022-10-07,4379.60009765625,2022-10-12,4280.0,-8565.6083984375,0.0,0.0,-8565.6083984375,5,bear_cross
CUMMINSIND,310,2022-10-12,1206.3499755859375,2022-10-14,1200.0,-1968.492431640625,0.0,0.0,-1968.492431640625,2,bear_cross
UNITDSPR,259,2022-09-02,813.9000244140625,2022-10-17,823.0,2356.8936767578125,0.0,0.0,2356.8936767578125,45,bear_cross
ETERNAL,5785,2022-10-07,65.1500015258789,2022-10-20,61.70000076293945,-19958.254413604736,0.0,0.0,-19958.254413604736,13,bear_cross
ABB,114,2022-10-13,3259.0,2022-10-24,3060.0,-22686.0,0.0,0.0,-22686.0,11,bear_cross
ZYDUSLIFE,913,2022-10-04,414.0,2022-11-18,408.3999938964844,-5112.805572509766,0.0,0.0,-5112.805572509766,45,bear_cross
DRREDDY,430,2022-09-30,876.510009765625,2022-11-22,874.3200073242188,-941.7010498046875,0.0,0.0,-941.7010498046875,53,bear_cross
ITC,1119,2022-10-20,334.131591796875,2022-11-22,324.50244140625,-10775.019287109375,0.0,0.0,-10775.019287109375,33,bear_cross
NESTLEIND,378,2022-10-20,985.9500122070312,2022-11-24,981.25,-1776.6046142578125,0.0,2268.0,491.3953857421875,35,bear_cross
TORNTPHARM,242,2022-09-30,1548.9000244140625,2022-11-25,1614.1500244140625,15790.5,0.0,0.0,15790.5,56,bear_cross
MAXHEALTH,899,2022-11-29,442.25,2022-12-09,436.1499938964844,-5483.905487060547,0.0,0.0,-5483.905487060547,10,bear_cross
SUNPHARMA,9,2022-09-26,917.9500122070312,2022-12-12,994.9000244140624,692.5501098632802,0.0,0.0,692.5501098632802,77,bear_cross
HCLTECH,400,2022-10-06,955.5,2022-12-13,1032.0999755859375,30639.990234375,0.0,4000.0,34639.990234375,68,bear_cross
BHARTIARTL,475,2022-10-24,800.0,2022-12-13,822.0,10450.0,0.0,0.0,10450.0,50,bear_cross
ASIANPAINT,126,2022-11-30,3139.89990234375,2022-12-21,3085.0,-6917.3876953125,0.0,0.0,-6917.3876953125,21,bear_cross
CANBK,7497,2022-10-20,49.59000015258789,2022-12-23,61.2599983215332,87489.97627258301,0.0,0.0,87489.97627258301,64,bear_cross
INDHOTEL,987,2022-12-09,327.8999938964844,2022-12-23,298.0,-29511.293975830078,0.0,0.0,-29511.293975830078,14,bear_cross
NTPC,210,2022-12-21,170.0,2022-12-23,164.3000030517578,-1196.9993591308594,0.0,0.0,-1196.9993591308594,2,bear_cross
DMART,96,2022-12-14,4089.10009765625,2022-12-26,3896.0,-18537.609375,0.0,0.0,-18537.609375,12,bear_cross
HDFCLIFE,714,2022-11-24,551.9000244140625,2022-12-29,566.0,10067.382568359375,0.0,0.0,10067.382568359375,35,bear_cross
SIEMENS,222,2022-12-13,1782.1597900390625,2022-12-29,1678.2315673828125,-23072.0654296875,0.0,0.0,-23072.0654296875,16,bear_cross
CIPLA,353,2022-12-29,1086.0,2022-12-30,1094.949951171875,3159.332763671875,0.0,0.0,3159.332763671875,1,bear_cross
SHREECEM,15,2022-12-29,24110.0,2022-12-30,23400.0,-10650.0,0.0,0.0,-10650.0,1,bear_cross
NESTLEIND,388,2022-12-14,1019.2575073242188,2023-01-02,980.83251953125,-14908.895263671875,0.0,0.0,-14908.895263671875,19,bear_cross
BOSCHLTD,22,2023-01-03,17219.94921875,2023-01-04,17133.69921875,-1897.5,0.0,0.0,-1897.5,1,bear_cross
DMART,94,2023-01-02,4075.0,2023-01-06,3870.0,-19270.0,0.0,0.0,-19270.0,4,bear_cross
HDFCBANK,469,2022-12-30,822.5,2023-01-09,798.0,-11490.5,0.0,0.0,-11490.5,10,bear_cross
TVSMOTOR,350,2022-12-30,1103.0,2023-01-10,1026.25,-26862.5,0.0,0.0,-26862.5,11,bear_cross
LODHA,747,2022-11-22,491.0,2023-01-12,520.5,22036.5,0.0,0.0,22036.5,51,bear_cross
AXISBANK,461,2022-10-13,807.0,2023-01-18,921.9000244140624,52968.91125488276,0.0,0.0,52968.91125488276,97,bear_cross
MAXHEALTH,857,2022-12-27,446.95001220703125,2023-01-27,438.95001220703125,-6856.0,0.0,0.0,-6856.0,31,bear_cross
MOTHERSON,7745,2023-01-02,49.53333282470703,2023-01-27,48.400001525878906,-8777.650909423828,0.0,0.0,-8777.650909423828,25,bear_cross
ADANIGREEN,176,2023-01-18,2166.14990234375,2023-01-31,1135.0,-181482.3828125,0.0,0.0,-181482.3828125,13,bear_cross
HDFCLIFE,595,2023-01-06,608.0,2023-01-31,587.9500122070312,-11929.742736816406,0.0,0.0,-11929.742736816406,25,bear_cross
HINDALCO,824,2022-12-29,459.2999877929688,2023-02-03,467.75,6962.810058593703,0.0,0.0,6962.810058593703,36,bear_cross
BPCL,2117,2023-01-09,173.9250030517578,2023-02-03,165.97500610351562,-16830.14353942871,0.0,0.0,-16830.14353942871,25,bear_cross
IOC,282,2023-01-04,78.9000015258789,2023-02-07,79.25,98.69956970214844,0.0,0.0,98.69956970214844,34,bear_cross
HINDUNILVR,137,2023-02-06,2631.0,2023-02-14,2585.0,-6302.0,0.0,0.0,-6302.0,8,bear_cross
GODREJCP,424,2022-11-18,840.0,2023-02-28,915.0,31800.0,0.0,0.0,31800.0,102,bear_cross
EICHERMOT,109,2023-02-01,3280.0,2023-03-01,3106.0,-18966.0,0.0,0.0,-18966.0,28,bear_cross
CGPOWER,1280,2023-01-10,286.5,2023-03-02,308.8999938964844,28671.9921875,0.0,0.0,28671.9921875,51,bear_cross
BAJAJFINSV,263,2023-02-15,1398.0,2023-03-02,1375.0,-6049.0,0.0,0.0,-6049.0,15,bear_cross
DRREDDY,413,2023-02-03,875.0,2023-03-03,882.52001953125,3105.76806640625,0.0,0.0,3105.76806640625,28,bear_cross
CHOLAFIN,519,2023-01-27,718.2999877929688,2023-03-08,769.2000122070312,26417.112670898438,0.0,674.7,27091.81267089844,40,bear_cross
LTM,14,2023-01-27,4400.0,2023-03-15,4581.0,2534.0,0.0,280.0,2814.0,47,bear_cross
BEL,3819,2023-03-06,96.3499984741211,2023-03-15,93.5,-10884.144172668457,0.0,0.0,-10884.144172668457,9,bear_cross
BANKBARODA,1548,2023-03-08,171.0,2023-03-17,162.0500030517578,-13854.595275878906,0.0,0.0,-13854.595275878906,9,bear_cross
BAJAJHLDNG,60,2023-02-01,5972.2001953125,2023-03-20,5950.0,-1332.01171875,0.0,0.0,-1332.01171875,47,bear_cross
INDHOTEL,1159,2023-03-03,316.04998779296875,2023-03-28,306.5,-11068.435852050781,0.0,0.0,-11068.435852050781,25,bear_cross
ASIANPAINT,128,2023-03-03,2837.050048828125,2023-03-29,2784.449951171875,-6732.8125,0.0,0.0,-6732.8125,26,bear_cross
ADANIPORTS,534,2023-03-06,690.0,2023-04-03,638.5499877929688,-27474.306518554688,0.0,0.0,-27474.306518554688,28,bear_cross
BPCL,518,2023-03-17,175.5,2023-04-13,169.4499969482422,-3133.901580810547,0.0,0.0,-3133.901580810547,27,bear_cross
ABB,123,2023-02-07,2949.949951171875,2023-04-17,3250.0,36906.156005859375,0.0,0.0,36906.156005859375,69,bear_cross
SIEMENS,210,2023-01-12,1726.365478515625,2023-04-24,1907.748291015625,38090.390625,0.0,2100.0,40190.390625,102,bear_cross
ADANIENSOL,239,2023-03-20,986.0999755859375,2023-04-27,989.8499755859375,896.25,0.0,0.0,896.25,38,bear_cross
ADANIGREEN,492,2023-03-16,766.1500244140625,2023-05-11,904.4000244140625,68019.0,0.0,0.0,68019.0,56,bear_cross
POWERGRID,2184,2023-03-01,166.16250610351562,2023-05-24,178.35000610351562,26617.5,0.0,0.0,26617.5,84,bear_cross
HDFCAMC,378,2023-04-13,893.5250244140625,2023-05-25,871.0,-8514.459228515625,0.0,0.0,-8514.459228515625,42,bear_cross
ICICIBANK,425,2023-03-28,855.5499877929688,2023-06-13,935.9000244140624,34148.76556396479,0.0,0.0,34148.76556396479,77,bear_cross
WIPRO,2006,2023-04-27,188.1999969482422,2023-06-19,191.0,5616.806121826172,0.0,0.0,5616.806121826172,53,bear_cross
INFY,298,2023-05-25,1294.5,2023-06-26,1270.25,-7226.5,0.0,5215.0,-2011.5,32,bear_cross
GAIL,3788,2023-06-20,107.9000015258789,2023-06-27,104.8000030517578,-11742.794219970758,0.0,0.0,-11742.794219970758,7,bear_cross
HCLTECH,265,2023-05-11,1082.1500244140625,2023-07-13,1100.0,4730.2435302734375,0.0,0.0,4730.2435302734375,63,bear_cross
TRENT,258,2023-04-03,1393.0,2023-07-17,1696.449951171875,78290.08740234375,0.0,378.400086,78668.48748834374,105,bear_cross
GODREJCP,399,2023-07-04,1065.0,2023-07-19,1044.800048828125,-8059.780517578125,0.0,0.0,-8059.780517578125,15,bear_cross
BRITANNIA,85,2023-04-24,4327.7998046875,2023-07-26,4900.0,48637.0166015625,0.0,0.0,48637.0166015625,93,bear_cross
HDFCLIFE,721,2023-03-29,491.29998779296875,2023-08-02,642.75,109195.45880126953,0.0,1369.8999999999999,110565.35880126953,126,bear_cross
HDFCBANK,452,2023-06-26,822.5,2023-08-03,820.0,-1130.0,0.0,0.0,-1130.0,38,bear_cross
BAJAJFINSV,72,2023-04-17,1345.0,2023-08-04,1501.949951171875,11300.396484375,0.0,57.6,11357.996484375,109,bear_cross
INDHOTEL,1088,2023-07-18,393.9500122070313,2023-08-11,383.0,-11913.613281250062,0.0,0.0,-11913.613281250062,24,bear_cross
ADANIGREEN,432,2023-07-20,981.9500122070312,2023-08-11,979.0499877929688,-1252.810546875,0.0,0.0,-1252.810546875,22,bear_cross
TVSMOTOR,266,2023-07-13,1339.0,2023-08-16,1334.0,-1330.0,0.0,0.0,-1330.0,34,bear_cross
SHREECEM,17,2023-08-07,24400.0,2023-08-21,23669.94921875,-12410.86328125,0.0,0.0,-12410.86328125,14,bear_cross
SBILIFE,4,2023-08-11,1340.0,2023-08-21,1282.949951171875,-228.2001953125,0.0,0.0,-228.2001953125,10,bear_cross
COALINDIA,1708,2023-08-02,241.14999389648438,2023-08-23,231.25,-16909.189575195312,0.0,6832.0,-10077.189575195312,21,bear_cross
EICHERMOT,126,2023-08-07,3359.949951171875,2023-08-23,3343.39990234375,-2085.30615234375,0.0,4662.0,2576.69384765625,16,bear_cross
TORNTPHARM,238,2023-03-15,1529.4000244140625,2023-08-24,1970.0,104862.79418945312,0.0,1904.0,106766.79418945312,162,bear_cross
DRREDDY,412,2023-06-13,940.0,2023-09-04,1117.0,72924.0,0.0,3296.0,76220.0,83,bear_cross
ADANIENSOL,354,2023-07-26,839.9000244140625,2023-09-06,815.0499877929688,-8796.912963867188,0.0,0.0,-8796.912963867188,42,bear_cross
BAJAJHLDNG,46,2023-09-04,7340.0498046875,2023-09-06,7200.0,-6442.291015625,0.0,0.0,-6442.291015625,2,bear_cross
SIEMENS,188,2023-08-29,2271.10107421875,2023-09-25,2177.76806640625,-17546.60546875,0.0,0.0,-17546.60546875,27,bear_cross
INDHOTEL,1081,2023-08-28,393.0,2023-09-29,408.8999938964844,17187.89340209961,0.0,0.0,17187.89340209961,32,bear_cross
HDFCLIFE,672,2023-09-06,643.5,2023-10-03,634.4500122070312,-6081.591796875,0.0,0.0,-6081.591796875,27,bear_cross
LTM,22,2023-08-11,5115.0,2023-10-04,5181.0,1452.0,0.0,0.0,1452.0,54,bear_cross
M&M,272,2023-08-16,1559.050048828125,2023-10-04,1531.800048828125,-7412.0,0.0,0.0,-7412.0,49,bear_cross
ASIANPAINT,131,2023-09-25,3272.300048828125,2023-10-04,3164.949951171875,-14062.86279296875,0.0,0.0,-14062.86279296875,9,bear_cross
SHRIRAMFIN,1415,2023-05-25,273.92999267578125,2023-10-05,370.3999938964844,136505.05172729492,0.0,5660.0,142165.05172729492,133,bear_cross
ADANIPORTS,512,2023-10-05,830.8499755859375,2023-10-10,800.5499877929688,-15513.59375,0.0,0.0,-15513.59375,5,bear_cross
HINDALCO,951,2023-08-29,448.0,2023-10-11,485.6499938964844,35805.14419555664,0.0,0.0,35805.14419555664,43,bear_cross
TORNTPHARM,224,2023-10-09,1880.0,2023-10-11,1875.449951171875,-1019.2109375,0.0,0.0,-1019.2109375,2,bear_cross
AXISBANK,434,2023-08-25,974.0,2023-10-12,1022.0,20832.0,0.0,0.0,20832.0,48,bear_cross
AXISBANK,420,2023-10-13,1009.0,2023-10-16,990.0,-7980.0,0.0,0.0,-7980.0,3,bear_cross
INFY,285,2023-10-12,1491.9000244140625,2023-10-17,1440.25,-14720.256958007812,0.0,0.0,-14720.256958007812,5,bear_cross
MAZDOCK,44,2023-09-06,960.0,2023-10-20,1062.425048828125,4506.7021484375,0.0,150.92000000000002,4657.6221484375,44,bear_cross
BPCL,2340,2023-10-20,175.3000030517578,2023-10-23,172.77499389648438,-5908.521423339844,0.0,0.0,-5908.521423339844,3,bear_cross
AMBUJACEM,961,2023-10-13,444.5,2023-10-25,417.0,-26427.5,0.0,0.0,-26427.5,12,bear_cross
DMART,109,2023-10-06,3860.0,2023-10-26,3728.050048828125,-14382.544677734375,0.0,0.0,-14382.544677734375,20,bear_cross
ITC,992,2023-10-16,431.3860168457031,2023-10-26,413.6202392578125,-17623.6513671875,0.0,0.0,-17623.6513671875,10,bear_cross
HCLTECH,51,2023-10-23,1248.0,2023-10-26,1215.0,-1683.0,0.0,0.0,-1683.0,3,bear_cross
TITAN,138,2023-08-21,3051.0,2023-10-27,3095.10009765625,6085.8134765625,0.0,0.0,6085.8134765625,67,bear_cross
CIPLA,343,2023-10-26,1154.800048828125,2023-10-27,1152.0,-960.416748046875,0.0,0.0,-960.416748046875,1,bear_cross
INDIGO,170,2023-10-10,2490.89990234375,2023-10-30,2471.199951171875,-3348.99169921875,0.0,0.0,-3348.99169921875,20,bear_cross
HINDUNILVR,168,2023-10-11,2518.35009765625,2023-10-30,2471.0,-7954.81640625,0.0,0.0,-7954.81640625,19,bear_cross
BRITANNIA,93,2023-10-17,4586.2001953125,2023-10-30,4500.0,-8016.6181640625,0.0,0.0,-8016.6181640625,13,bear_cross
DRREDDY,353,2023-10-25,1120.0,2023-10-30,1078.7900390625,-14547.1162109375,0.0,0.0,-14547.1162109375,5,bear_cross
BOSCHLTD,21,2023-10-12,19601.25,2023-11-02,19500.0,-2126.25,0.0,0.0,-2126.25,21,bear_cross
CIPLA,340,2023-11-03,1215.0,2023-12-01,1213.449951171875,-527.0166015625,0.0,0.0,-527.0166015625,28,bear_cross
ULTRACEMCO,49,2023-11-02,8385.5,2024-01-16,9953.9501953125,76854.0595703125,0.0,0.0,76854.0595703125,75,bear_cross
ADANIPOWER,5518,2023-11-03,75.36000061035156,2024-01-24,104.55999755859376,161125.58316040048,0.0,0.0,161125.58316040048,82,bear_cross
ICICIBANK,473,2024-01-24,1029.449951171875,2024-01-25,998.4000244140624,-14686.615356445367,0.0,0.0,-14686.615356445367,1,bear_cross
ADANIENT,16,2023-12-01,2370.0,2024-01-29,2929.0,8944.0,0.0,0.0,8944.0,59,bear_cross
TRENT,187,2023-11-02,2210.0,2024-02-07,3080.0,162690.0,0.0,0.0,162690.0,97,bear_cross
TECHM,297,2024-01-16,1330.0999755859375,2024-02-16,1305.0999755859375,-7425.0,0.0,0.0,-7425.0,31,bear_cross
MAXHEALTH,707,2023-11-03,585.4500122070312,2024-03-05,742.0499877929688,110716.18273925781,0.0,0.0,110716.18273925781,123,bear_cross
HCLTECH,323,2023-11-03,1282.5999755859375,2024-03-13,1638.75,115036.45788574219,0.0,3876.0,118912.45788574219,131,bear_cross
ADANIPOWER,4555,2024-01-30,115.0,2024-03-15,107.22000122070312,-35437.894439697266,0.0,0.0,-35437.894439697266,45,bear_cross
CANBK,5362,2023-11-02,77.38999938964844,2024-03-18,110.0,174854.82327270508,0.0,0.0,174854.82327270508,137,bear_cross
DLF,715,2023-11-02,579.0,2024-03-18,826.0499877929688,176640.74127197266,0.0,0.0,176640.74127197266,137,bear_cross
BPCL,2283,2023-11-03,180.5749969482422,2024-03-18,293.2250061035156,257179.97090148926,0.0,23971.5,281151.47090148926,136,bear_cross
HCLTECH,330,2024-03-15,1677.0,2024-03-19,1641.550048828125,-11698.48388671875,0.0,0.0,-11698.48388671875,4,bear_cross
TORNTPHARM,226,2023-10-12,1893.0,2024-03-20,2519.0,141476.0,0.0,4972.0,146448.0,160,bear_cross
DRREDDY,440,2024-01-25,1180.4200439453125,2024-03-20,1224.989990234375,19610.7763671875,0.0,0.0,19610.7763671875,55,bear_cross
SBILIFE,47,2024-02-07,1472.5999755859375,2024-03-20,1460.0,-592.1988525390625,0.0,126.9,-465.2988525390625,42,bear_cross
PIDILITIND,422,2024-02-19,1355.800048828125,2024-04-22,1418.5250244140625,26469.939697265625,0.0,0.0,26469.939697265625,63,bear_cross
KOTAKBANK,1564,2024-03-20,350.2799987792969,2024-04-29,322.0199890136719,-44198.6552734375,0.0,0.0,-44198.6552734375,40,bear_cross
ADANIENSOL,163,2024-04-29,1072.8499755859375,2024-05-08,1018.0999755859375,-8924.25,0.0,0.0,-8924.25,9,bear_cross
TATAPOWER,1416,2024-03-22,389.8999938964844,2024-05-14,413.1000061035156,32851.21728515625,0.0,0.0,32851.21728515625,53,bear_cross
ITC,1358,2024-03-18,403.4614868164063,2024-05-17,416.3645629882813,17522.37744140625,0.0,0.0,17522.37744140625,60,bear_cross
ETERNAL,3273,2024-03-22,170.4499969482422,2024-05-23,186.5,52531.65998840332,0.0,0.0,52531.65998840332,62,bear_cross
BAJAJHLDNG,59,2024-05-08,8186.2001953125,2024-05-27,8001.0,-10926.8115234375,0.0,0.0,-10926.8115234375,19,bear_cross
MAXHEALTH,181,2024-05-17,845.2999877929688,2024-05-29,791.9500122070312,-9656.345581054688,0.0,0.0,-9656.345581054688,12,bear_cross
SBIN,774,2024-04-24,778.5,2024-06-12,837.0,45279.0,0.0,10603.8,55882.8,49,bear_cross
BANKBARODA,2253,2024-05-27,269.5,2024-06-12,274.8999938964844,12166.186248779297,0.0,0.0,12166.186248779297,16,bear_cross
ADANIGREEN,362,2024-06-13,1839.1500244140625,2024-06-19,1820.0,-6932.308837890625,0.0,0.0,-6932.308837890625,6,bear_cross
ADANIENT,175,2024-05-23,3156.699951171875,2024-06-27,3177.0,3552.508544921875,0.0,220.557925,3773.066469921875,35,bear_cross
ONGC,2177,2024-06-19,275.8999938964844,2024-06-27,267.3999938964844,-18504.5,0.0,0.0,-18504.5,8,bear_cross
ADANIPOWER,4895,2024-05-15,126.0,2024-07-01,143.39999389648438,85172.97012329102,0.0,0.0,85172.97012329102,47,bear_cross
BAJAJ-AUTO,52,2024-05-29,8950.0,2024-07-04,9479.900390625,27554.8203125,0.0,4160.0,31714.8203125,36,bear_cross
JINDALSTEL,676,2024-03-22,818.9500122070312,2024-07-11,1008.0,127797.79174804688,0.0,0.0,127797.79174804688,111,bear_cross
HAL,177,2024-03-22,3114.050048828125,2024-07-23,5045.0,341778.1413574219,0.0,0.0,341778.1413574219,123,bear_cross
HINDALCO,1029,2024-03-22,539.7000122070312,2024-07-23,672.2999877929688,136445.3748779297,0.0,0.0,136445.3748779297,123,bear_cross
CGPOWER,809,2024-03-05,470.0,2024-07-24,682.0,171508.0,0.0,0.0,171508.0,141,bear_cross
CHOLAFIN,475,2024-07-24,1395.800048828125,2024-07-25,1381.3499755859375,-6863.7847900390625,0.0,0.0,-6863.7847900390625,1,bear_cross
MUTHOOTFIN,387,2024-03-22,1434.449951171875,2024-07-26,1750.0,122117.86889648438,0.0,9288.0,131405.86889648438,126,bear_cross
ASIANPAINT,229,2024-07-04,2940.0,2024-07-26,2902.199951171875,-8656.211181640625,0.0,0.0,-8656.211181640625,22,bear_cross
BAJAJHLDNG,19,2024-06-12,8448.900390625,2024-08-07,9354.400390625,17204.5,0.0,399.0,17603.5,56,bear_cross
EICHERMOT,109,2024-07-11,4878.9501953125,2024-08-08,4624.0,-27789.5712890625,0.0,5559.0,-22230.5712890625,28,bear_cross
IOC,3783,2024-07-26,178.33999633789062,2024-08-12,168.0,-39116.206146240234,0.0,0.0,-39116.206146240234,17,bear_cross
INDHOTEL,1042,2024-07-29,651.4500122070312,2024-08-13,617.9500122070312,-34907.0,0.0,0.0,-34907.0,15,bear_cross
TITAN,192,2024-07-29,3495.0,2024-08-13,3330.0,-31680.0,0.0,0.0,-31680.0,15,bear_cross
GAIL,2901,2024-08-14,228.3000030517578,2024-08-19,234.0,16535.691146850586,0.0,0.0,16535.691146850586,5,bear_cross
ADANIENSOL,648,2024-07-24,1025.9000244140625,2024-08-27,1055.1500244140625,18954.0,0.0,0.0,18954.0,34,bear_cross
DMART,131,2024-08-13,5039.9501953125,2024-08-28,4995.5,-5822.9755859375,0.0,0.0,-5822.9755859375,15,bear_cross
NTPC,1760,2024-07-01,381.75,2024-09-09,391.2000122070313,16632.021484375102,0.0,5720.0,22352.021484375102,70,bear_cross
TMPV,625,2024-08-14,1057.0,2024-09-09,1049.3499755859375,-4781.2652587890625,0.0,0.0,-4781.2652587890625,26,bear_cross
HAL,140,2024-09-09,4688.10009765625,2024-09-12,4607.9501953125,-11220.986328125,0.0,0.0,-11220.986328125,3,bear_cross
ADANIGREEN,360,2024-08-14,1800.0,2024-09-13,1807.0,2520.0,0.0,0.0,2520.0,30,bear_cross
IOC,3792,2024-08-27,172.8000030517578,2024-09-18,170.60000610351562,-8342.388427734375,0.0,0.0,-8342.388427734375,22,bear_cross
TCS,169,2024-06-28,3917.800048828125,2024-09-23,4300.0,64591.791748046875,0.0,1690.0,66281.79174804688,87,bear_cross
HDFCAMC,319,2024-08-16,2082.5,2024-10-04,2112.5,9570.0,0.0,0.0,9570.0,49,bear_cross
ADANIGREEN,331,2024-09-18,1940.0,2024-10-07,1801.1500244140625,-45959.34191894531,0.0,0.0,-45959.34191894531,19,bear_cross
UNIONBANK,5281,2024-09-23,124.4000015258789,2024-10-07,119.4499969482422,-26140.974174499435,0.0,0.0,-26140.974174499435,14,bear_cross
KOTAKBANK,1765,2024-09-13,367.3999938964844,2024-10-09,360.20001220703125,-12707.967681884766,0.0,0.0,-12707.967681884766,26,bear_cross
BAJFINANCE,989,2024-08-28,687.5999755859375,2024-10-10,732.0,43911.62414550781,0.0,0.0,43911.62414550781,43,bear_cross
JINDALSTEL,706,2024-09-12,980.9500122070312,2024-10-14,1006.0499877929688,17720.582763671875,0.0,0.0,17720.582763671875,32,bear_cross
LTM,106,2024-10-09,6394.0,2024-10-22,5968.9501953125,-45055.279296875,0.0,0.0,-45055.279296875,13,bear_cross
INFY,354,2024-10-10,1957.9000244140625,2024-10-23,1845.25,-39878.108642578125,0.0,0.0,-39878.108642578125,13,bear_cross
TORNTPHARM,194,2024-10-10,3567.0,2024-10-23,3339.64990234375,-44105.9189453125,0.0,0.0,-44105.9189453125,13,bear_cross
INDHOTEL,985,2024-10-15,707.0,2024-10-23,652.2000122070312,-53977.98797607422,0.0,0.0,-53977.98797607422,8,bear_cross
KOTAKBANK,1818,2024-10-15,382.4400024414063,2024-10-23,352.2300109863281,-54921.76446533213,0.0,0.0,-54921.76446533213,8,bear_cross
SUNPHARMA,303,2024-07-01,1520.8499755859375,2024-10-24,1830.0,93672.45739746094,0.0,1515.0,95187.45739746094,115,bear_cross
BOSCHLTD,20,2024-09-10,33105.69921875,2024-10-25,36196.44921875,61815.0,0.0,0.0,61815.0,45,bear_cross
BHARTIARTL,85,2024-08-19,1487.0,2024-10-28,1658.1500244140625,14547.752075195312,0.0,0.0,14547.752075195312,70,bear_cross
VBL,1089,2024-10-31,605.5499877929688,2024-11-01,600.0,-6043.936706542969,0.0,0.0,-6043.936706542969,1,bear_cross
TECHM,417,2024-10-10,1673.0,2024-11-06,1649.949951171875,-9611.870361328125,0.0,6255.0,-3356.870361328125,27,bear_cross
VBL,1075,2024-11-04,611.0,2024-11-06,592.0,-20425.0,0.0,0.0,-20425.0,2,bear_cross
DIVISLAB,140,2024-07-29,4804.0,2024-11-18,5700.0,125440.0,0.0,4200.0,129640.0,112,bear_cross
ICICIBANK,495,2024-10-30,1324.0,2024-11-19,1257.050048828125,-33140.225830078125,0.0,0.0,-33140.225830078125,20,bear_cross
BANKBARODA,2623,2024-10-31,251.4499969482422,2024-11-21,237.1999969482422,-37377.75,0.0,0.0,-37377.75,21,bear_cross
HDFCBANK,632,2024-10-22,865.0250244140625,2024-11-22,871.7750244140625,4266.0,0.0,0.0,4266.0,31,bear_cross
SBIN,802,2024-10-31,820.0,2024-11-22,786.0,-27268.0,0.0,0.0,-27268.0,22,bear_cross
BEL,2297,2024-11-05,282.5,2024-11-22,276.0,-14930.5,0.0,0.0,-14930.5,17,bear_cross
MAXHEALTH,643,2024-11-01,1025.0,2024-11-29,982.0,-27649.0,0.0,0.0,-27649.0,28,bear_cross
EICHERMOT,132,2024-11-04,5002.4501953125,2024-12-06,4851.0,-19991.42578125,0.0,0.0,-19991.42578125,32,bear_cross
DIVISLAB,103,2024-11-26,6149.14990234375,2024-12-16,5883.5,-27361.93994140625,0.0,0.0,-27361.93994140625,20,bear_cross
BAJAJFINSV,393,2024-12-16,1675.0,2024-12-23,1583.0,-36156.0,0.0,0.0,-36156.0,7,bear_cross
PFC,1338,2024-11-25,490.0,2024-12-24,458.2999877929688,-42414.61633300774,0.0,0.0,-42414.61633300774,29,bear_cross
UNIONBANK,455,2024-11-06,118.16999816894533,2024-12-26,118.1999969482422,13.649444580078125,0.0,0.0,13.649444580078125,50,bear_cross
M&M,209,2024-11-26,3053.5,2024-12-26,2925.0,-26856.5,0.0,0.0,-26856.5,30,bear_cross
CGPOWER,849,2024-11-29,757.0,2024-12-26,718.0,-33111.0,0.0,0.0,-33111.0,27,bear_cross
ETERNAL,2377,2024-11-21,273.70001220703125,2024-12-27,274.8999938964844,2852.356475830078,0.0,0.0,2852.356475830078,36,bear_cross
HDFCBANK,713,2024-11-26,905.0,2024-12-27,897.4000244140625,-5418.7825927734375,0.0,0.0,-5418.7825927734375,31,bear_cross
VBL,1017,2024-11-22,626.0,2024-12-30,621.1500244140625,-4932.4251708984375,0.0,0.0,-4932.4251708984375,38,bear_cross
ADANIPORTS,523,2025-01-02,1223.800048828125,2025-01-07,1163.050048828125,-31772.25,0.0,0.0,-31772.25,5,bear_cross
LODHA,549,2024-11-07,1230.0,2025-01-08,1359.0,70821.0,0.0,0.0,70821.0,62,bear_cross
ADANIPOWER,6141,2025-01-03,104.5999984741211,2025-01-08,102.88999938964844,-10501.104377746582,0.0,0.0,-10501.104377746582,5,bear_cross
ADANIENSOL,788,2024-12-30,808.5499877929688,2025-01-09,775.6500244140625,-25925.171142578125,0.0,0.0,-25925.171142578125,10,bear_cross
ITC,1375,2024-12-26,462.7289123535156,2025-01-10,449.9500122070313,-17570.98770141594,0.0,0.0,-17570.98770141594,15,bear_cross
VBL,999,2025-01-01,638.5,2025-01-10,600.0,-38461.5,0.0,0.0,-38461.5,9,bear_cross
DIVISLAB,91,2025-01-03,6159.0,2025-01-10,5800.0,-32669.0,0.0,0.0,-32669.0,7,bear_cross
JINDALSTEL,622,2025-01-08,937.0,2025-01-10,930.0,-4354.0,0.0,0.0,-4354.0,2,bear_cross
BAJAJHLDNG,57,2024-12-06,10700.0,2025-01-14,10499.0,-11457.0,0.0,0.0,-11457.0,39,bear_cross
CIPLA,421,2024-12-30,1509.0,2025-01-14,1436.0,-30733.0,0.0,0.0,-30733.0,15,bear_cross
ADANIENT,249,2025-01-02,2565.699951171875,2025-01-14,2241.5,-80725.78784179688,0.0,0.0,-80725.78784179688,12,bear_cross
DMART,8,2025-01-07,3934.0,2025-01-16,3570.0,-2912.0,0.0,0.0,-2912.0,9,bear_cross
HINDUNILVR,54,2025-01-10,2435.39990234375,2025-01-22,2342.550048828125,-5013.89208984375,0.0,0.0,-5013.89208984375,12,bear_cross
TMPV,768,2025-01-20,780.0,2025-01-27,732.9500122070312,-36134.390625,0.0,0.0,-36134.390625,7,bear_cross
CHOLAFIN,483,2025-01-09,1280.0,2025-01-28,1205.0,-36225.0,0.0,0.0,-36225.0,19,bear_cross
NESTLEIND,3,2025-01-10,1136.0250244140625,2025-01-29,1078.1500244140625,-173.625,0.0,0.0,-173.625,19,bear_cross
ADANIPOWER,5434,2025-01-20,110.25,2025-01-29,100.58999633789062,-52492.459899902344,0.0,0.0,-52492.459899902344,9,bear_cross
ADANIENSOL,727,2025-01-22,825.0,2025-01-30,751.9500122070312,-53107.34112548828,0.0,0.0,-53107.34112548828,8,bear_cross
AMBUJACEM,1064,2025-01-29,543.0,2025-01-31,511.0,-34048.0,0.0,0.0,-34048.0,2,bear_cross
GODREJCP,519,2025-01-10,1181.199951171875,2025-02-01,1126.800048828125,-28233.54931640625,0.0,0.0,-28233.54931640625,22,bear_cross
RELIANCE,460,2025-01-20,1316.0,2025-02-01,1265.0999755859375,-23414.01123046875,0.0,0.0,-23414.01123046875,12,bear_cross
COALINDIA,1466,2025-02-01,395.8999938964844,2025-02-10,377.0,-27707.391052246094,0.0,0.0,-27707.391052246094,9,bear_cross
DLF,767,2025-02-10,758.0,2025-02-11,729.0499877929688,-22204.65936279297,0.0,0.0,-22204.65936279297,1,bear_cross
BRITANNIA,124,2025-01-10,4928.5,2025-02-12,4899.0498046875,-3651.82421875,0.0,0.0,-3651.82421875,33,bear_cross
NESTLEIND,4,2025-02-01,1156.5,2025-02-13,1096.875,-238.5,0.0,28.5,-210.0,12,bear_cross
ADANIPORTS,505,2025-02-11,1144.199951171875,2025-02-18,1082.9000244140625,-30956.463012695312,0.0,0.0,-30956.463012695312,7,bear_cross
AXISBANK,570,2025-02-12,1000.0,2025-02-19,991.6500244140624,-4759.48608398444,0.0,0.0,-4759.48608398444,7,bear_cross
HDFCLIFE,910,2025-01-31,638.0,2025-02-21,617.7999877929688,-18382.011108398438,0.0,0.0,-18382.011108398438,21,bear_cross
BHARTIARTL,370,2025-01-16,1619.050048828125,2025-02-25,1597.0,-8158.51806640625,0.0,0.0,-8158.51806640625,40,bear_cross
GRASIM,234,2025-01-30,2458.699951171875,2025-02-25,2392.0,-15607.78857421875,0.0,0.0,-15607.78857421875,26,bear_cross
TATACONSUM,12,2025-01-08,955.0,2025-03-03,963.7000122070312,104.400146484375,0.0,0.0,104.400146484375,54,bear_cross
LODHA,474,2025-02-24,1197.0,2025-03-04,1120.8499755859375,-36095.111572265625,0.0,0.0,-36095.111572265625,8,bear_cross
BAJAJHLDNG,50,2025-01-30,11601.2001953125,2025-03-05,11225.0,-18810.009765625,0.0,0.0,-18810.009765625,34,bear_cross
SBILIFE,389,2025-02-20,1473.0,2025-03-05,1391.1500244140625,-31839.640502929688,0.0,0.0,-31839.640502929688,13,bear_cross
NTPC,1785,2025-02-27,315.3500061035156,2025-03-05,313.54998779296875,-3213.032684326172,0.0,0.0,-3213.032684326172,6,bear_cross
ETERNAL,2568,2025-02-25,224.1999969482422,2025-03-10,217.41000366210938,-17436.702758789062,0.0,0.0,-17436.702758789062,13,bear_cross
JINDALSTEL,614,2025-02-25,855.1500244140625,2025-04-08,818.5999755859375,-22441.72998046875,0.0,0.0,-22441.72998046875,42,bear_cross
CGPOWER,903,2025-03-10,635.0,2025-04-08,556.0,-71337.0,0.0,1173.9,-70163.1,29,bear_cross
JSWSTEEL,627,2025-01-27,901.0999755859376,2025-04-09,945.1500244140624,27619.380615234233,0.0,0.0,27619.380615234233,72,bear_cross
CHOLAFIN,444,2025-01-30,1295.5,2025-04-09,1475.0,79698.0,0.0,577.2,80275.2,69,bear_cross
CUMMINSIND,195,2025-03-06,2922.0,2025-04-11,2800.0,-23790.0,0.0,0.0,-23790.0,36,bear_cross
COALINDIA,1460,2025-04-17,396.8999938964844,2025-05-05,385.95001220703125,-15986.973266601562,0.0,0.0,-15986.973266601562,18,bear_cross
NTPC,1744,2025-03-06,329.0,2025-05-06,349.0,34880.0,0.0,0.0,34880.0,61,bear_cross
CHOLAFIN,361,2025-04-17,1605.0,2025-05-07,1505.0,-36100.0,0.0,0.0,-36100.0,20,bear_cross
BAJAJ-AUTO,64,2025-04-21,8010.0,2025-05-08,7850.5,-10208.0,0.0,0.0,-10208.0,17,bear_cross
ADANIPOWER,4987,2025-03-11,100.1999969482422,2025-05-12,108.98999786376952,43835.734565734725,0.0,0.0,43835.734565734725,62,bear_cross
MUTHOOTFIN,221,2025-05-12,2264.89990234375,2025-05-19,2095.0,-37547.87841796875,0.0,0.0,-37547.87841796875,7,bear_cross
TCS,6,2025-05-05,3450.0,2025-06-04,3389.0,-366.0,0.0,180.0,-186.0,30,bear_cross
AXISBANK,568,2025-02-20,1008.4000244140624,2025-06-05,1172.5,93208.78613281256,0.0,0.0,93208.78613281256,105,bear_cross
MAXHEALTH,476,2025-05-07,1123.0,2025-06-06,1142.800048828125,9424.8232421875,0.0,0.0,9424.8232421875,30,bear_cross
CHOLAFIN,372,2025-05-08,1575.0,2025-06-06,1519.0,-20832.0,0.0,0.0,-20832.0,29,bear_cross
TITAN,175,2025-04-11,3222.0,2025-06-13,3409.699951171875,32847.491455078125,0.0,0.0,32847.491455078125,63,bear_cross
UNITDSPR,381,2025-06-06,1623.5,2025-06-16,1458.9000244140625,-62712.59069824219,0.0,0.0,-62712.59069824219,10,bear_cross
INDHOTEL,797,2025-06-09,779.7000122070312,2025-06-16,742.0,-30046.909729003906,0.0,0.0,-30046.909729003906,7,bear_cross
MAZDOCK,243,2025-03-10,2344.699951171875,2025-06-17,3165.0,199332.91186523438,0.0,729.0,200061.91186523438,99,bear_cross
CHOLAFIN,328,2025-06-13,1551.0,2025-06-18,1552.0,328.0,0.0,0.0,328.0,5,bear_cross
BAJAJFINSV,295,2025-06-17,2030.0,2025-06-18,2002.0,-8260.0,0.0,0.0,-8260.0,1,bear_cross
ADANIPORTS,492,2025-03-11,1137.300048828125,2025-06-20,1338.0,98744.3759765625,0.0,3444.0,102188.3759765625,101,bear_cross
ADANIPOWER,4737,2025-05-19,113.3000030517578,2025-06-23,106.0,-34580.11445617669,0.0,0.0,-34580.11445617669,35,bear_cross
TORNTPHARM,6,2025-06-16,3250.0,2025-06-25,3180.89990234375,-414.6005859375,0.0,36.0,-378.6005859375,9,bear_cross
LODHA,469,2025-04-17,1240.4000244140625,2025-07-01,1393.199951171875,71663.16564941406,0.0,0.0,71663.16564941406,75,bear_cross
ABB,98,2025-07-01,6114.5,2025-07-03,5930.0,-18081.0,0.0,0.0,-18081.0,2,bear_cross
DMART,140,2025-06-19,4229.0,2025-07-14,4090.0,-19460.0,0.0,0.0,-19460.0,25,bear_cross
MARUTI,46,2025-06-19,12750.0,2025-07-15,12481.0,-12374.0,0.0,0.0,-12374.0,26,bear_cross
INFY,389,2025-05-07,1500.0,2025-07-17,1598.0,38122.0,0.0,8558.0,46680.0,71,bear_cross
EICHERMOT,107,2025-06-23,5495.0,2025-07-24,5440.0,-5885.0,0.0,0.0,-5885.0,31,bear_cross
ADANIENSOL,680,2025-07-03,878.8499755859375,2025-07-25,853.3499755859375,-17340.0,0.0,0.0,-17340.0,22,bear_cross
ITC,1396,2025-07-16,422.1000061035156,2025-07-28,410.7999877929688,-15774.825561523357,0.0,0.0,-15774.825561523357,12,bear_cross
HINDZINC,1366,2025-07-29,432.0,2025-07-31,427.0,-6830.0,0.0,0.0,-6830.0,2,bear_cross
ADANIGREEN,570,2025-07-16,1033.0999755859375,2025-08-01,988.7999877929688,-25250.993041992188,0.0,0.0,-25250.993041992188,16,bear_cross
TMPV,850,2025-07-25,701.0,2025-08-01,667.9500122070312,-28092.489624023438,0.0,0.0,-28092.489624023438,7,bear_cross
MUTHOOTFIN,4,2025-06-05,2272.300048828125,2025-08-04,2592.0,1278.7998046875,0.0,0.0,1278.7998046875,60,bear_cross
BANKBARODA,2368,2025-07-17,250.0500030517578,2025-08-04,235.16000366210935,-35259.518554687565,0.0,0.0,-35259.518554687565,18,bear_cross
APOLLOHOSP,85,2025-06-16,7010.5,2025-08-07,7164.0,13047.5,0.0,0.0,13047.5,52,bear_cross
HINDALCO,884,2025-06-25,676.9500122070312,2025-08-07,681.9000244140625,4375.810791015625,0.0,0.0,4375.810791015625,43,bear_cross
HDFCBANK,608,2025-06-24,982.5,2025-08-08,993.5499877929688,6718.392578125,0.0,8208.0,14926.392578125,45,bear_cross
CIPLA,375,2025-07-29,1563.4000244140625,2025-08-11,1488.0,-28275.009155273438,0.0,0.0,-28275.009155273438,13,bear_cross
GODREJCP,458,2025-08-04,1269.9000244140625,2025-08-11,1187.0999755859375,-37922.42236328125,0.0,0.0,-37922.42236328125,7,bear_cross
CGPOWER,870,2025-08-12,664.9500122070312,2025-08-14,676.0,9613.489379882812,0.0,0.0,9613.489379882812,2,bear_cross
MAXHEALTH,458,2025-08-12,1268.0,2025-08-18,1216.0999755859375,-23770.211181640625,0.0,0.0,-23770.211181640625,6,bear_cross
JIOFIN,1762,2025-08-04,329.8500061035156,2025-08-29,311.0,-33213.71075439453,0.0,881.0,-32332.71075439453,25,bear_cross
SBILIFE,320,2025-07-31,1838.0,2025-09-02,1814.9000244140625,-7391.9921875,0.0,0.0,-7391.9921875,33,bear_cross
INFY,364,2025-08-29,1501.9000244140625,2025-09-08,1451.0,-18527.60888671875,0.0,0.0,-18527.60888671875,10,bear_cross
ASIANPAINT,238,2025-08-04,2443.199951171875,2025-09-18,2497.89990234375,13018.58837890625,0.0,0.0,13018.58837890625,45,bear_cross
PIDILITIND,372,2025-08-11,1549.5,2025-09-18,1531.0,-6882.0,0.0,0.0,-6882.0,38,bear_cross
CIPLA,49,2025-08-14,1562.5,2025-09-23,1542.199951171875,-994.702392578125,0.0,0.0,-994.702392578125,40,bear_cross
HCLTECH,7,2025-09-18,1492.5999755859375,2025-09-24,1425.0999755859375,-472.5,0.0,0.0,-472.5,6,bear_cross
APOLLOHOSP,74,2025-08-18,7850.0,2025-09-25,7649.0,-14874.0,0.0,740.0,-14134.0,38,bear_cross
SBILIFE,307,2025-09-26,1807.4000244140625,2025-09-29,1814.0,2026.1925048828125,0.0,0.0,2026.1925048828125,3,bear_cross
TORNTPHARM,172,2025-09-25,3616.60009765625,2025-09-30,3599.0,-3027.216796875,0.0,0.0,-3027.216796875,5,bear_cross
AMBUJACEM,1054,2025-09-23,591.9500122070312,2025-10-03,573.9000244140625,-19024.687133789062,0.0,0.0,-19024.687133789062,10,bear_cross
BAJAJFINSV,261,2025-09-08,2014.4000244140625,2025-10-06,1996.0999755859373,-4776.312744140684,0.0,0.0,-4776.312744140684,28,bear_cross
HYUNDAI,266,2025-08-05,2170.10009765625,2025-10-07,2478.0,81901.3740234375,0.0,0.0,81901.3740234375,63,bear_cross
BAJAJFINSV,305,2025-10-08,2031.5,2025-10-09,2013.5999755859373,-5459.507446289132,0.0,0.0,-5459.507446289132,1,bear_cross
IRFC,3669,2025-10-08,127.52999877929688,2025-10-15,125.4000015258789,-7814.959922790527,0.0,0.0,-7814.959922790527,7,bear_cross
GAIL,3449,2025-10-08,180.8300018310547,2025-10-23,178.88999938964844,-6691.068420410156,0.0,0.0,-6691.068420410156,15,bear_cross
ETERNAL,1972,2025-06-05,248.0,2025-10-28,332.75,167127.0,0.0,0.0,167127.0,145,bear_cross
EICHERMOT,101,2025-08-08,5681.5,2025-10-29,7007.5,133926.0,0.0,0.0,133926.0,82,bear_cross
BOSCHLTD,15,2025-10-28,38855.0,2025-10-30,37500.0,-20325.0,0.0,0.0,-20325.0,2,bear_cross
HINDZINC,1362,2025-09-03,443.0,2025-10-31,479.8999938964844,50257.79168701172,0.0,0.0,50257.79168701172,58,bear_cross
MARUTI,45,2025-08-12,12620.0,2025-11-04,15607.0,134415.0,0.0,0.0,134415.0,84,bear_cross
POWERGRID,188,2025-10-09,285.0,2025-11-07,270.20001220703125,-2782.397705078125,0.0,0.0,-2782.397705078125,29,bear_cross
EICHERMOT,88,2025-11-04,7050.0,2025-11-07,6806.5,-21428.0,0.0,0.0,-21428.0,3,bear_cross
INFY,416,2025-10-29,1500.199951171875,2025-11-10,1490.0999755859375,-4201.58984375,0.0,0.0,-4201.58984375,12,bear_cross
INDHOTEL,839,2025-10-30,746.75,2025-11-10,691.2999877929688,-46522.56024169922,0.0,0.0,-46522.56024169922,11,bear_cross
HDFCBANK,631,2025-10-08,976.0,2025-11-14,976.0499877929688,31.54229736328125,0.0,0.0,31.54229736328125,37,bear_cross
ADANIGREEN,547,2025-10-31,1145.0,2025-11-14,1082.9000244140625,-33968.68664550781,0.0,0.0,-33968.68664550781,14,bear_cross
BAJAJHLDNG,48,2025-11-11,12614.0,2025-11-17,12574.0,-1920.0,0.0,0.0,-1920.0,6,bear_cross
BRITANNIA,100,2025-11-11,5950.0,2025-11-18,5818.0,-13200.0,0.0,0.0,-13200.0,7,bear_cross
HAL,38,2025-11-18,4814.0,2025-11-20,4763.89990234375,-1903.8037109375,0.0,0.0,-1903.8037109375,2,bear_cross
ADANIGREEN,572,2025-11-18,1092.0,2025-11-25,1010.5,-46618.0,0.0,0.0,-46618.0,7,bear_cross
GODREJCP,546,2025-11-10,1120.199951171875,2025-12-05,1132.0,6442.82666015625,0.0,0.0,6442.82666015625,25,bear_cross
INDIGO,105,2025-11-17,5900.0,2025-12-05,5406.0,-51870.0,0.0,0.0,-51870.0,18,bear_cross
HINDUNILVR,229,2025-12-05,2422.0,2025-12-08,2350.10009765625,-16465.07763671875,0.0,0.0,-16465.07763671875,3,bear_cross
HYUNDAI,4,2025-12-05,2372.0,2025-12-09,2265.0,-428.0,0.0,0.0,-428.0,4,bear_cross
TITAN,167,2025-10-15,3532.89990234375,2025-12-10,3831.0,49782.71630859375,0.0,0.0,49782.71630859375,56,bear_cross
BANKBARODA,2151,2025-09-18,246.6100006103516,2025-12-15,283.70001220703125,79780.61494445795,0.0,0.0,79780.61494445795,88,bear_cross
ASIANPAINT,186,2025-10-23,2518.89990234375,2025-12-16,2793.0,50982.6181640625,0.0,837.0,51819.6181640625,54,bear_cross
SIEMENS,179,2025-11-20,3220.0,2025-12-16,3157.800048828125,-11133.791259765625,0.0,0.0,-11133.791259765625,26,bear_cross
BAJAJFINSV,249,2025-12-15,2079.89990234375,2025-12-17,2035.199951171875,-11130.287841796875,0.0,0.0,-11130.287841796875,2,bear_cross
SUNPHARMA,377,2025-10-03,1600.0,2025-12-22,1744.9000244140625,54627.30920410156,0.0,0.0,54627.30920410156,80,bear_cross
CHOLAFIN,352,2025-12-11,1744.9000244140625,2025-12-22,1648.0,-34108.80859375,0.0,0.0,-34108.80859375,11,bear_cross
ADANIENSOL,607,2025-12-16,1009.6500244140625,2025-12-24,996.25,-8133.8148193359375,0.0,0.0,-8133.8148193359375,8,bear_cross
INFY,406,2025-11-11,1525.0,2026-01-13,1618.0,37758.0,0.0,0.0,37758.0,63,bear_cross
MOTHERSON,5661,2025-11-17,109.8499984741211,2026-01-13,115.5500030517578,32267.725914001385,0.0,0.0,32267.725914001385,57,bear_cross
HYUNDAI,272,2026-01-14,2300.0,2026-01-16,2300.0,0.0,0.0,0.0,0.0,2,bear_cross
ASIANPAINT,216,2026-01-13,2900.0,2026-01-21,2670.0,-49680.0,0.0,0.0,-49680.0,8,bear_cross
EICHERMOT,27,2025-11-25,7258.5,2026-01-22,7175.0,-2254.5,0.0,0.0,-2254.5,58,bear_cross
TATACONSUM,438,2025-12-22,1184.0,2026-01-22,1165.4000244140625,-8146.789306640625,0.0,0.0,-8146.789306640625,31,bear_cross
LTM,103,2026-01-21,5900.5,2026-01-22,5902.5,206.0,0.0,0.0,206.0,1,bear_cross
TITAN,117,2025-12-17,3930.0,2026-01-28,4002.0,8424.0,0.0,0.0,8424.0,42,bear_cross
BAJAJ-AUTO,68,2025-12-24,9100.0,2026-01-29,9475.0,25500.0,0.0,0.0,25500.0,36,bear_cross
TATACAP,1891,2025-12-12,325.6000061035156,2026-01-30,330.0,8320.388458251953,0.0,0.0,8320.388458251953,49,bear_cross
CANBK,4167,2025-12-17,147.0,2026-02-03,152.5,22918.5,0.0,0.0,22918.5,48,bear_cross
HAL,134,2026-02-02,4415.0,2026-02-06,4030.0,-51590.0,0.0,0.0,-51590.0,4,bear_cross
TECHM,376,2026-01-19,1690.0,2026-02-11,1655.0,-13160.0,0.0,0.0,-13160.0,23,bear_cross
HINDALCO,757,2025-12-08,825.7999877929688,2026-02-18,893.0,50870.409240722656,0.0,0.0,50870.409240722656,72,bear_cross
DLF,814,2026-02-11,674.4000244140625,2026-02-19,642.4500122070312,-26007.309936523438,0.0,0.0,-26007.309936523438,8,bear_cross
ADANIPOWER,3826,2026-02-06,152.0,2026-02-23,145.14999389648438,-26208.12335205078,0.0,0.0,-26208.12335205078,17,bear_cross
GRASIM,219,2026-02-02,2740.0,2026-03-04,2727.0,-2847.0,0.0,0.0,-2847.0,30,bear_cross
BOSCHLTD,15,2026-03-04,34900.0,2026-03-05,33450.0,-21750.0,0.0,0.0,-21750.0,1,bear_cross
GAIL,3703,2026-02-19,167.30999755859375,2026-03-06,155.89999389648438,-42251.243560791016,0.0,0.0,-42251.243560791016,15,bear_cross
BPCL,1666,2026-02-04,373.0,2026-03-09,341.3500061035156,-52728.88983154297,0.0,0.0,-52728.88983154297,33,bear_cross
TATASTEEL,62,2025-12-22,169.0399932861328,2026-03-10,194.00999450683597,1548.1400756835956,0.0,0.0,1548.1400756835956,78,bear_cross
IOC,3736,2026-02-03,168.5,2026-03-10,164.44000244140625,-15168.15087890625,0.0,0.0,-15168.15087890625,35,bear_cross
BAJAJ-AUTO,65,2026-01-30,9497.0,2026-03-11,9575.0,5070.0,0.0,0.0,5070.0,40,bear_cross
BANKBARODA,1894,2026-02-23,310.95001220703125,2026-03-11,295.0,-30209.323120117188,0.0,0.0,-30209.323120117188,16,bear_cross
ADANIENSOL,596,2026-03-13,1008.0999755859375,2026-03-16,987.5,-12277.58544921875,0.0,0.0,-12277.58544921875,3,bear_cross
DIVISLAB,98,2026-02-19,6255.0,2026-03-18,6086.5,-16513.0,0.0,0.0,-16513.0,27,bear_cross
DMART,148,2026-03-10,3993.0,2026-03-18,3800.0,-28564.0,0.0,0.0,-28564.0,8,bear_cross
HINDALCO,622,2026-03-11,959.9500122070312,2026-03-20,884.9500122070312,-46650.0,0.0,0.0,-46650.0,9,bear_cross
MAZDOCK,244,2026-03-12,2400.0,2026-03-24,2260.0,-34160.0,0.0,0.0,-34160.0,12,bear_cross
POWERGRID,2196,2026-02-04,288.79998779296875,2026-03-27,294.45001220703125,12407.45361328125,0.0,7137.0,19544.45361328125,51,bear_cross
PFC,1364,2026-03-19,423.0,2026-03-27,402.0,-28644.0,0.0,4433.0,-24211.0,8,bear_cross
ABB,112,2026-02-03,5641.5,2026-04-02,6021.5,42560.0,0.0,0.0,42560.0,58,bear_cross
ABB,94,2026-04-06,6150.0,2026-04-08,6399.0,23406.0,0.0,0.0,23406.0,2,bear_cross
HCLTECH,416,2026-04-07,1391.0,2026-04-27,1209.0,-75712.0,0.0,9984.0,-65728.0,20,bear_cross
INFY,438,2026-04-08,1349.0,2026-04-27,1154.5999755859375,-85147.21069335938,0.0,0.0,-85147.21069335938,19,bear_cross
TECHM,414,2026-04-01,1412.5999755859375,2026-04-30,1459.699951171875,19499.389892578125,0.0,0.0,19499.389892578125,29,bear_cross
ONGC,2016,2026-04-01,290.0,2026-05-12,286.8999938964844,-6249.6123046875,0.0,0.0,-6249.6123046875,41,bear_cross
DMART,135,2026-04-02,4228.39990234375,2026-05-12,4389.0,21681.01318359375,0.0,0.0,21681.01318359375,40,bear_cross
ABB,89,2026-04-09,6575.0,2026-05-14,6350.0,-20025.0,0.0,2633.5099999999998,-17391.49,35,bear_cross
TATAPOWER,1492,2026-04-09,395.0,2026-05-15,409.3999938964844,21484.790893554688,0.0,0.0,21484.790893554688,36,bear_cross
RELIANCE,260,2026-04-30,1409.0,2026-05-19,1338.699951171875,-18278.0126953125,0.0,0.0,-18278.0126953125,19,bear_cross
COALINDIA,1350,2026-04-29,469.8500061035156,2026-05-27,429.0,-55147.508239746094,0.0,0.0,-55147.508239746094,28,bear_cross
ONGC,2063,2026-05-15,303.0,2026-05-29,275.95001220703125,-55804.12481689453,0.0,0.0,-55804.12481689453,14,bear_cross
BHARTIARTL,319,2026-05-20,1914.0,2026-06-02,1785.0,-41151.0,0.0,0.0,-41151.0,13,bear_cross
SBILIFE,326,2026-05-26,1904.800048828125,2026-06-03,1801.699951171875,-33610.6318359375,0.0,0.0,-33610.6318359375,8,bear_cross
AMBUJACEM,1226,2026-05-29,460.9500122070313,2026-06-05,430.0,-37944.714965820385,0.0,0.0,-37944.714965820385,7,bear_cross
LODHA,244,2026-05-27,910.0,2026-06-08,880.0999755859375,-7295.60595703125,0.0,0.0,-7295.60595703125,12,bear_cross
ADANIPOWER,3799,2026-03-17,156.0,2026-06-12,218.44000244140625,237209.56927490234,0.0,0.0,237209.56927490234,87,bear_cross
HINDALCO,619,2026-04-09,959.0,2026-06-12,1045.0,53234.0,0.0,0.0,53234.0,64,bear_cross
COALINDIA,1301,2026-06-03,471.8999938964844,2026-06-12,453.3500061035156,-24133.534118652344,0.0,0.0,-24133.534118652344,9,bear_cross
INFY,403,2026-06-03,1242.0999755859375,2026-06-15,1130.0,-45176.29016113281,0.0,10075.0,-35101.29016113281,12,bear_cross
CIPLA,34,2026-04-27,1303.199951171875,2026-06-16,1382.5999755859375,2699.600830078125,0.0,442.0,3141.600830078125,50,bear_cross
TMPV,1700,2026-05-21,364.0,2026-06-23,361.5,-4250.0,0.0,5100.0,850.0,33,bear_cross
BANKBARODA,2219,2026-06-10,273.3999938964844,2026-07-06,252.8999938964844,-45489.499999999935,0.0,0.0,-45489.499999999935,26,bear_cross
EICHERMOT,82,2026-06-15,7363.0,2026-07-06,7340.0,-1886.0,0.0,0.0,-1886.0,21,bear_cross
KOTAKBANK,418,2026-06-12,397.75,2026-07-08,378.5,-8046.5,0.0,0.0,-8046.5,26,bear_cross
ASIANPAINT,223,2026-07-06,2724.0,2026-07-14,2604.0,-26760.0,0.0,0.0,-26760.0,8,bear_cross
RECLTD,10,2026-06-12,341.25,2026-07-15,354.0,127.5,0.0,0.0,127.5,33,bear_cross
GRASIM,47,2026-07-06,3182.199951171875,2026-07-20,3135.0,-2218.397705078125,0.0,0.0,-2218.397705078125,14,bear_cross
MARUTI,43,2026-06-16,13861.0,2026-07-21,13520.0,-14663.0,0.0,0.0,-14663.0,35,bear_cross
ADANIGREEN,572,2026-04-09,1032.0,2026-07-24,1356.0,185328.0,0.0,0.0,185328.0,106,bear_cross
MAXHEALTH,588,2026-06-16,1034.5,2026-07-24,1076.0,24402.0,0.0,1176.0,25578.0,38,bear_cross
ADANIPORTS,59,2026-07-20,1836.0999755859373,2026-07-27,1784.0,-3073.898559570299,0.0,0.0,-3073.898559570299,7,bear_cross
UNIONBANK,835,2026-07-21,175.92999267578125,2026-07-30,171.0800018310547,-4049.7423553466797,0.0,0.0,-4049.7423553466797,9,bear_cross
POWERGRID,41,2026-07-24,286.5,2026-08-03,285.0,-61.5,0.0,0.0,-61.5,10,bear_cross
BOSCHLTD,16,2026-06-05,37320.0,2026-08-05,41405.0,65360.0,0.0,4320.0,69680.0,61,bear_cross
RECLTD,1653,2026-07-27,357.5,2026-08-12,344.70001220703125,-21158.379821777344,0.0,7025.25,-14133.129821777344,16,bear_cross
INDHOTEL,931,2026-05-21,662.0,2026-08-13,724.0,57722.0,0.0,3025.75,60747.75,84,bear_cross
AMBUJACEM,1025,2026-08-03,434.2000122070313,2026-08-13,423.2000122070313,-11275.0,0.0,0.0,-11275.0,10,bear_cross
GAIL,3561,2026-07-31,174.4499969482422,2026-08-21,172.25999450683594,-7798.598693847656,0.0,0.0,-7798.598693847656,21,bear_cross
BANKBARODA,2498,2026-08-13,250.9900054931641,2026-08-21,244.0,-17461.0337219239,0.0,0.0,-17461.0337219239,8,bear_cross
ZYDUSLIFE,483,2026-08-13,1201.0,2026-08-21,1109.5999755859375,-44146.21179199219,0.0,0.0,-44146.21179199219,8,bear_cross
