symbol,qty,entry_date,entry_price,exit_date,exit_price,gross_pnl,charges,dividends,net_pnl,holding_days,exit_reason
ICICIBANK,470,2011-01-04,208.154541015625,2011-01-06,194.42727661132807,-6451.814270019558,0.0,0.0,-6451.814270019558,2,bear_cross
JSWSTEEL,823,2011-01-04,119.11000061035156,2011-01-10,102.99500274658205,-13262.643241882313,0.0,0.0,-13262.643241882313,6,bear_cross
MARUTI,68,2011-01-04,1426.050048828125,2011-01-10,1340.550048828125,-5814.0,0.0,0.0,-5814.0,6,bear_cross
CUMMINSIND,178,2011-01-05,546.0714111328125,2011-01-10,531.0357055664062,-2676.3555908203125,0.0,0.0,-2676.3555908203125,5,bear_cross
PNB,398,2011-01-05,244.1499938964844,2011-01-10,233.7400054931641,-4143.175384521484,0.0,0.0,-4143.175384521484,5,bear_cross
M&M,248,2011-01-04,393.7749938964844,2011-01-11,364.2749938964844,-7316.0,0.0,0.0,-7316.0,7,bear_cross
ADANIPOWER,3736,2011-01-05,26.030000686645508,2011-01-11,24.8700008392334,-4333.759429931641,0.0,0.0,-4333.759429931641,6,bear_cross
ADANIENT,245,2011-01-06,99.94300079345705,2011-01-11,89.59693145751953,-2534.786987304691,0.0,0.0,-2534.786987304691,5,bear_cross
HDFCBANK,820,2011-01-04,119.5250015258789,2011-01-12,107.33000183105467,-9999.89974975587,0.0,0.0,-9999.89974975587,8,bear_cross
TITAN,531,2011-01-05,182.8975067138672,2011-01-12,165.22500610351562,-9384.09782409668,0.0,0.0,-9384.09782409668,7,bear_cross
POWERGRID,1757,2011-01-05,55.35001373291016,2011-01-13,54.7031364440918,-1136.56339645387,0.0,0.0,-1136.56339645387,8,bear_cross
TECHM,532,2011-01-20,172.3625030517578,2011-01-21,173.9250030517578,831.25,0.0,0.0,831.25,1,bear_cross
BHARTIARTL,295,2011-01-19,310.3930053710937,2011-01-24,302.86749267578125,-2220.0262451171707,0.0,0.0,-2220.0262451171707,5,bear_cross
JINDALSTEL,131,2011-01-27,688.5499877929688,2011-01-28,673.2000122070312,-2010.8468017578125,0.0,0.0,-2010.8468017578125,1,bear_cross
M&M,231,2011-01-25,395.7999877929688,2011-01-31,348.95001220703125,-10822.344360351575,0.0,0.0,-10822.344360351575,6,bear_cross
GODREJCP,671,2011-01-10,132.26666259765625,2011-02-01,123.58333587646484,-5826.512229919434,0.0,223.666443,-5602.8457869194335,22,bear_cross
POWERGRID,1655,2011-01-19,55.49063873291016,2011-02-02,53.80313873291016,-2792.8125,0.0,0.0,-2792.8125,14,bear_cross
UNIONBANK,278,2011-01-28,323.3500061035156,2011-02-04,330.04998779296875,1862.5949096679688,0.0,0.0,1862.5949096679688,7,bear_cross
TCS,152,2011-01-19,601.2750244140625,2011-02-08,565.5750122070312,-5426.40185546875,0.0,152.0,-5274.40185546875,20,bear_cross
TITAN,512,2011-01-25,178.45249938964844,2011-02-09,161.61749267578125,-8619.5234375,0.0,0.0,-8619.5234375,15,bear_cross
UNIONBANK,268,2011-02-07,330.5,2011-02-09,320.75,-2613.0,0.0,0.0,-2613.0,2,bear_cross
IOC,1607,2011-02-18,54.775001525878906,2011-02-24,50.58333206176758,-6736.012828826904,0.0,0.0,-6736.012828826904,6,bear_cross
DIVISLAB,271,2011-02-08,325.42498779296875,2011-02-25,303.17498779296875,-6029.75,0.0,0.0,-6029.75,17,bear_cross
ADANIPOWER,628,2011-02-24,24.530000686645508,2011-02-25,23.700000762939453,-521.2399520874023,0.0,0.0,-521.2399520874023,1,bear_cross
UNIONBANK,257,2011-02-16,341.1000061035156,2011-02-28,315.20001220703125,-6656.298431396484,0.0,0.0,-6656.298431396484,12,bear_cross
ICICIBANK,458,2011-02-18,192.18182373046875,2011-02-28,179.31817626953125,-5891.550537109375,0.0,0.0,-5891.550537109375,10,bear_cross
AMBUJACEM,637,2011-02-25,123.4499969482422,2011-03-01,117.8499984741211,-3567.199028015146,0.0,0.0,-3567.199028015146,4,bear_cross
SBIN,320,2011-02-16,273.67999267578125,2011-03-03,270.5350036621094,-1006.396484375,0.0,0.0,-1006.396484375,15,bear_cross
ADANIPORTS,595,2011-02-18,147.8000030517578,2011-03-08,131.5,-9698.501815795898,0.0,0.0,-9698.501815795898,18,bear_cross
HINDUNILVR,292,2011-03-03,287.45001220703125,2011-03-17,271.3500061035156,-4701.2017822265625,0.0,0.0,-4701.2017822265625,14,bear_cross
MARUTI,63,2011-03-04,1322.25,2011-03-21,1156.199951171875,-10461.153076171875,0.0,0.0,-10461.153076171875,17,bear_cross
POWERGRID,1587,2011-02-18,55.4625129699707,2011-03-22,54.78751373291016,-1071.2237892150765,0.0,0.0,-1071.2237892150765,32,bear_cross
HINDZINC,640,2011-03-04,130.81500244140625,2011-03-23,128.10000610351562,-1737.59765625,0.0,0.0,-1737.59765625,19,bear_cross
SIEMENS,178,2011-02-03,498.362548828125,2011-04-19,490.3793640136719,-1421.0068969726562,0.0,0.0,-1421.0068969726562,75,bear_cross
RELIANCE,365,2011-04-25,237.8636474609375,2011-04-26,230.72042846679688,-2607.274932861328,0.0,0.0,-2607.274932861328,1,bear_cross
SHRIRAMFIN,557,2011-03-25,148.62782287597656,2011-05-03,143.50271606445312,-2854.6844940185547,0.0,0.0,-2854.6844940185547,39,bear_cross
BANKBARODA,477,2011-02-16,183.80999755859372,2011-05-04,172.72999572753906,-5285.160873413072,0.0,0.0,-5285.160873413072,77,bear_cross
BAJAJ-AUTO,65,2011-02-18,1351.25,2011-05-05,1303.3499755859375,-3113.5015869140625,0.0,0.0,-3113.5015869140625,76,bear_cross
GAIL,883,2011-03-17,85.64067077636719,2011-05-05,83.74691772460938,-1672.1839447021484,0.0,0.0,-1672.1839447021484,49,bear_cross
BAJAJFINSV,1385,2011-04-26,53.09721374511719,2011-05-05,48.71542739868164,-6068.774089813232,0.0,0.0,-6068.774089813232,9,bear_cross
ICICIBANK,437,2011-03-24,189.25454711914065,2011-05-06,187.2727203369141,-866.0583038330078,0.0,0.0,-866.0583038330078,43,bear_cross
ITC,752,2011-03-04,111.40929412841795,2011-05-11,119.14471435546876,5817.036010742209,0.0,0.0,5817.036010742209,68,bear_cross
BHARTIARTL,245,2011-05-23,336.9350280761719,2011-05-24,332.0682373046875,-1192.3637390136719,0.0,0.0,-1192.3637390136719,1,bear_cross
COALINDIA,248,2011-03-03,338.6000061035156,2011-05-26,377.3500061035156,9610.0,0.0,0.0,9610.0,84,bear_cross
ITC,690,2011-05-23,119.75456237792967,2011-05-27,120.0434341430664,199.32151794434574,0.0,0.0,199.32151794434574,4,bear_cross
ABB,9,2011-03-08,648.8012084960938,2011-06-03,780.8038940429688,1188.024169921875,0.0,18.0,1206.024169921875,87,bear_cross
UNITDSPR,388,2011-05-16,212.9199981689453,2011-06-08,204.25999450683597,-3360.0814208984266,0.0,0.0,-3360.0814208984266,23,bear_cross
HINDZINC,79,2011-06-08,133.0500030517578,2011-06-09,134.5500030517578,118.5,0.0,0.0,118.5,1,bear_cross
DLF,362,2011-06-03,236.3500061035156,2011-06-20,224.5500030517578,-4271.601104736318,0.0,0.0,-4271.601104736318,17,bear_cross
ADANIPORTS,558,2011-05-23,147.9499969482422,2011-06-22,148.35000610351562,223.20510864257812,0.0,0.0,223.20510864257812,30,bear_cross
SIEMENS,165,2011-05-26,504.8195495605469,2011-06-22,494.0481262207031,-1777.2848510742188,0.0,0.0,-1777.2848510742188,27,bear_cross
COALINDIA,213,2011-05-27,388.95001220703125,2011-06-23,378.6499938964844,-2193.9039001464844,0.0,0.0,-2193.9039001464844,27,bear_cross
CIPLA,259,2011-05-27,320.3500061035156,2011-06-24,316.0,-1126.6515808105469,0.0,0.0,-1126.6515808105469,28,bear_cross
DIVISLAB,261,2011-03-24,316.45001220703125,2011-06-27,378.3250122070313,16149.375000000015,0.0,1305.0,17454.375000000015,95,bear_cross
TITAN,411,2011-05-17,201.25250244140625,2011-06-30,213.0500030517578,4848.772750854492,0.0,0.0,4848.772750854492,44,bear_cross
CIPLA,49,2011-06-30,332.20001220703125,2011-07-13,322.6000061035156,-470.4002990722656,0.0,0.0,-470.4002990722656,13,bear_cross
ICICIBANK,430,2011-06-29,196.9636383056641,2011-07-18,192.845458984375,-1770.8171081543092,0.0,0.0,-1770.8171081543092,19,bear_cross
AXISBANK,334,2011-06-24,248.8699951171875,2011-07-19,252.5,1212.421630859375,0.0,0.0,1212.421630859375,25,bear_cross
IOC,1544,2011-06-21,54.29166412353516,2011-07-25,54.40833282470703,180.13647460936403,0.0,0.0,180.13647460936403,34,bear_cross
NTPC,524,2011-06-09,146.0833282470703,2011-07-28,150.375,2248.8359985351562,0.0,0.0,2248.8359985351562,49,bear_cross
HINDUNILVR,275,2011-05-12,300.20001220703125,2011-07-29,322.8500061035156,6228.748321533203,0.0,962.5,7191.248321533203,78,bear_cross
RELIANCE,425,2011-07-25,199.63311767578125,2011-07-29,191.4041290283203,-3497.3201751708984,0.0,0.0,-3497.3201751708984,4,bear_cross
LT,97,2011-05-27,728.1555786132812,2011-08-02,784.0,5416.908874511719,0.0,0.0,5416.908874511719,67,bear_cross
ADANIPOWER,3557,2011-07-19,22.649999618530277,2011-08-02,20.649999618530277,-7114.0,0.0,0.0,-7114.0,14,bear_cross
BPCL,1590,2011-06-27,52.89166641235352,2011-08-04,55.47916412353516,4114.121360778809,0.0,0.0,4114.121360778809,38,bear_cross
TATAPOWER,682,2011-06-27,123.20374298095705,2011-08-04,124.1446304321289,641.6852416992091,0.0,822.676822,1464.362063699209,38,bear_cross
DRREDDY,267,2011-07-14,319.1600036621094,2011-08-09,309.260009765625,-2643.298370361328,0.0,0.0,-2643.298370361328,26,bear_cross
GAIL,993,2011-06-28,85.76254272460938,2011-08-10,82.09691619873047,-3639.967140197754,0.0,0.0,-3639.967140197754,43,bear_cross
IOC,1530,2011-08-12,54.04166412353516,2011-08-17,53.56666564941406,-726.7476654052844,0.0,0.0,-726.7476654052844,5,bear_cross
ONGC,433,2011-08-10,190.26666259765625,2011-08-19,184.1666717529297,-2641.2960357666016,0.0,216.5,-2424.7960357666016,9,bear_cross
TVSMOTOR,1589,2011-08-08,52.25,2011-08-23,51.84999847412109,-635.6024246215933,0.0,0.0,-635.6024246215933,15,bear_cross
M&M,224,2011-08-17,366.0,2011-08-25,348.7250061035156,-3869.5986328125,0.0,0.0,-3869.5986328125,8,bear_cross
COALINDIA,212,2011-08-01,388.25,2011-08-29,359.3999938964844,-6116.2012939453125,0.0,0.0,-6116.2012939453125,28,bear_cross
ONGC,440,2011-08-25,185.93333435058597,2011-09-02,175.53334045410156,-4575.997314453138,0.0,0.0,-4575.997314453138,8,bear_cross
BPCL,1450,2011-08-05,57.383331298828125,2011-09-06,55.40833282470703,-2863.747787475586,0.0,1691.6671499999998,-1172.0806374755862,32,bear_cross
ASIANPAINT,252,2011-08-17,326.010009765625,2011-09-15,312.8349914550781,-3320.1046142578125,0.0,0.0,-3320.1046142578125,29,bear_cross
NESTLEIND,376,2011-08-26,219.19500732421875,2011-09-19,208.99749755859372,-3834.263671875011,0.0,0.0,-3834.263671875011,24,bear_cross
SHRIRAMFIN,618,2011-09-07,134.87969970703125,2011-09-26,117.5069808959961,-10736.340225219727,0.0,0.0,-10736.340225219727,19,bear_cross
NTPC,365,2011-09-26,139.1666717529297,2011-09-27,136.375,-1018.9601898193359,0.0,0.0,-1018.9601898193359,1,bear_cross
BAJAJ-AUTO,56,2011-08-17,1456.3499755859375,2011-09-29,1515.4000244140625,3306.802734375,0.0,0.0,3306.802734375,43,bear_cross
ADANIENT,911,2011-09-19,91.88839721679688,2011-10-03,80.75296020507812,-10144.383117675781,0.0,0.0,-10144.383117675781,14,bear_cross
DRREDDY,274,2011-09-20,303.07000732421875,2011-10-05,290.3599853515625,-3482.5460205078125,0.0,0.0,-3482.5460205078125,15,bear_cross
ICICIBANK,514,2011-10-03,159.16363525390625,2011-10-05,145.6272735595703,-6957.689910888672,0.0,0.0,-6957.689910888672,2,bear_cross
ULTRACEMCO,18,2011-07-18,998.4500122070312,2011-10-10,1095.550048828125,1747.8006591796875,0.0,108.0,1855.8006591796875,84,bear_cross
TVSMOTOR,1545,2011-08-25,53.0,2011-10-11,58.5,8497.5,0.0,0.0,8497.5,47,bear_cross
CIPLA,176,2011-09-29,287.6499938964844,2011-10-11,282.54998779296875,-897.60107421875,0.0,0.0,-897.60107421875,12,bear_cross
ADANIPORTS,526,2011-09-05,157.5,2011-10-12,153.4499969482422,-2130.3016052246094,0.0,0.0,-2130.3016052246094,37,bear_cross
DIVISLAB,197,2011-09-27,364.4750061035156,2011-10-12,364.1000061035156,-73.875,0.0,0.0,-73.875,15,bear_cross
IOC,1422,2011-10-05,53.15833282470703,2011-10-14,51.31666564941406,-2618.8507232666016,0.0,0.0,-2618.8507232666016,9,bear_cross
BPCL,1426,2011-10-11,56.02916717529297,2011-10-18,52.70416641235352,-4741.45108795165,0.0,0.0,-4741.45108795165,7,bear_cross
CGPOWER,1405,2011-10-13,57.09522247314453,2011-10-24,47.75835418701172,-13118.299942016602,0.0,1124.0,-11994.299942016602,11,bear_cross
M&M,216,2011-09-05,382.5499877929688,2011-11-16,379.625,-631.7973632812623,0.0,0.0,-631.7973632812623,72,bear_cross
ONGC,450,2011-10-07,175.96665954589844,2011-11-16,172.53334045410156,-1544.9935913085938,0.0,0.0,-1544.9935913085938,40,bear_cross
AXISBANK,313,2011-10-18,224.3699951171875,2011-11-16,201.67999267578125,-7101.970764160156,0.0,0.0,-7101.970764160156,29,bear_cross
GAIL,989,2011-10-25,79.81878662109375,2011-11-16,76.36878967285156,-3412.0469818115234,0.0,0.0,-3412.0469818115234,22,bear_cross
NTPC,541,2011-10-12,147.0,2011-11-18,137.5,-5139.5,0.0,0.0,-5139.5,37,bear_cross
CANBK,50,2011-10-14,87.76264190673828,2011-11-21,85.02947998046875,-136.65809631347656,0.0,0.0,-136.65809631347656,38,bear_cross
GRASIM,248,2011-09-05,334.0507507324219,2011-11-22,351.0549621582031,4217.04443359375,0.0,988.071184,5205.11561759375,78,bear_cross
AMBUJACEM,629,2011-08-16,131.1999969482422,2011-11-23,148.1999969482422,10693.0,0.0,0.0,10693.0,99,bear_cross
POWERGRID,1337,2011-10-12,55.51876449584961,2011-11-24,53.46563720703125,-2745.0311851501465,0.0,0.0,-2745.0311851501465,43,bear_cross
DRREDDY,236,2011-10-13,306.0599975585937,2011-11-24,306.54998779296875,115.63769531251342,0.0,0.0,115.63769531251342,42,bear_cross
RECLTD,1045,2011-11-29,72.1875,2011-12-14,66.2437515258789,-6211.217155456543,0.0,0.0,-6211.217155456543,15,bear_cross
COALINDIA,227,2011-12-05,334.6499938964844,2011-12-14,308.0,-6049.548614501953,0.0,0.0,-6049.548614501953,9,bear_cross
BAJAJ-AUTO,44,2011-12-08,1724.449951171875,2011-12-14,1659.8499755859375,-2842.39892578125,0.0,0.0,-2842.39892578125,6,bear_cross
DIVISLAB,198,2011-12-02,379.4500122070313,2011-12-15,365.7000122070313,-2722.5,0.0,0.0,-2722.5,13,bear_cross
TMPV,402,2011-12-07,189.56671142578125,2011-12-16,170.81781005859375,-7537.058349609375,0.0,0.0,-7537.058349609375,9,bear_cross
HINDALCO,559,2011-12-07,136.5,2011-12-19,125.9000015258789,-5925.399147033691,0.0,0.0,-5925.399147033691,12,bear_cross
ULTRACEMCO,64,2011-12-02,1165.199951171875,2011-12-20,1131.5999755859375,-2150.3984375,0.0,0.0,-2150.3984375,18,bear_cross
INFY,209,2011-12-19,340.5625,2011-12-21,333.59375,-1456.46875,0.0,0.0,-1456.46875,2,bear_cross
HCLTECH,701,2011-12-15,102.9124984741211,2011-12-22,97.3125,-3925.5989303588867,0.0,0.0,-3925.5989303588867,7,bear_cross
IOC,1579,2011-12-26,45.525001525878906,2011-12-29,42.17499923706055,-5289.653614044189,0.0,0.0,-5289.653614044189,3,bear_cross
MARUTI,3,2011-12-29,959.2999877929688,2012-01-02,918.2999877929688,-123.0,0.0,0.0,-123.0,4,bear_cross
HINDZINC,604,2011-12-05,125.9000015258789,2012-01-04,119.8499984741211,-3654.2018432617188,0.0,0.0,-3654.2018432617188,30,bear_cross
AMBUJACEM,451,2011-12-27,160.0500030517578,2012-01-06,153.75,-2841.3013763427734,0.0,0.0,-2841.3013763427734,10,bear_cross
HINDUNILVR,179,2011-12-20,396.2000122070313,2012-01-11,395.4500122070313,-134.25,0.0,0.0,-134.25,22,bear_cross
TCS,132,2011-12-02,567.4000244140625,2012-01-12,568.5,145.19677734375,0.0,0.0,145.19677734375,41,bear_cross
DIVISLAB,191,2011-12-20,370.7749938964844,2012-02-08,387.3250122070313,3161.053497314464,0.0,0.0,3161.053497314464,50,bear_cross
COALINDIA,224,2012-01-06,320.54998779296875,2012-02-08,325.8500061035156,1187.2041015625,0.0,0.0,1187.2041015625,33,bear_cross
DRREDDY,222,2011-12-19,321.0599975585937,2012-02-14,325.3299865722656,947.9375610351689,0.0,0.0,947.9375610351689,57,bear_cross
ITC,608,2012-02-14,130.18614196777344,2012-02-16,130.41082763671875,136.60888671875,0.0,0.0,136.60888671875,2,bear_cross
COALINDIA,237,2012-02-13,331.8500061035156,2012-02-21,323.79998779296875,-1907.8543395996094,0.0,0.0,-1907.8543395996094,8,bear_cross
APOLLOHOSP,116,2012-01-12,608.5999755859375,2012-02-23,584.25,-2824.59716796875,0.0,0.0,-2824.59716796875,42,bear_cross
TECHM,448,2012-01-02,143.4250030517578,2012-02-28,147.77499389648438,1948.7958984375,0.0,0.0,1948.7958984375,57,bear_cross
ADANIPORTS,500,2012-01-11,136.4499969482422,2012-03-01,148.64999389648438,6099.998474121094,0.0,150.0,6249.998474121094,50,bear_cross
GRASIM,192,2011-12-23,371.9630126953125,2012-03-07,413.6634216308594,8006.478515625,0.0,0.0,8006.478515625,75,bear_cross
ADANIPORTS,526,2012-03-03,147.35000610351562,2012-03-12,135.0,-6496.103210449219,0.0,0.0,-6496.103210449219,9,bear_cross
TATACONSUM,842,2011-12-07,90.5500030517578,2012-03-14,118.0999984741211,23197.096145629894,0.0,0.0,23197.096145629894,98,bear_cross
IOC,1650,2012-02-24,47.258331298828125,2012-03-16,45.45833206176758,-2969.9987411499023,0.0,0.0,-2969.9987411499023,21,bear_cross
WIPRO,935,2012-03-09,82.49064636230469,2012-03-16,80.14689636230469,-2191.40625,0.0,0.0,-2191.40625,7,bear_cross
ONGC,398,2012-03-15,195.8333282470703,2012-03-20,181.76666259765625,-5598.532928466797,0.0,398.0,-5200.532928466797,5,bear_cross
ICICIBANK,459,2012-03-19,166.8545379638672,2012-03-21,165.1999969482422,-759.434326171875,0.0,0.0,-759.434326171875,2,bear_cross
ABB,98,2012-03-16,785.660888671875,2012-03-22,755.6107788085938,-2944.9107666015625,0.0,0.0,-2944.9107666015625,6,bear_cross
HCLTECH,42,2012-01-06,103.6875,2012-03-27,119.3375015258789,657.3000640869141,0.0,21.0,678.3000640869141,81,bear_cross
TMPV,392,2011-12-26,182.98727416992188,2012-03-28,269.9049987792969,34071.748046875,0.0,0.0,34071.748046875,93,bear_cross
AMBUJACEM,442,2012-03-22,173.64999389648438,2012-04-13,162.10000610351562,-5105.0946044921875,0.0,0.0,-5105.0946044921875,22,bear_cross
COALINDIA,235,2012-03-06,327.8500061035156,2012-04-17,339.1499938964844,2655.4971313476562,0.0,2232.5,4887.997131347656,42,bear_cross
APOLLOHOSP,119,2012-03-15,652.5,2012-04-17,601.4000244140625,-6080.8970947265625,0.0,0.0,-6080.8970947265625,33,bear_cross
AXISBANK,325,2012-04-18,242.3300018310547,2012-04-25,222.77999877929688,-6353.750991821289,0.0,0.0,-6353.750991821289,7,bear_cross
SHRIRAMFIN,459,2012-03-16,113.97007751464844,2012-04-27,112.53778076171876,-657.4242095947201,0.0,0.0,-657.4242095947201,42,bear_cross
TECHM,411,2012-03-22,171.27499389648438,2012-05-02,175.4375,1710.7900085449219,0.0,0.0,1710.7900085449219,41,bear_cross
SIEMENS,166,2012-04-17,471.4192810058594,2012-05-02,454.7191467285156,-2772.2222900390625,0.0,0.0,-2772.2222900390625,15,bear_cross
COALINDIA,225,2012-04-18,350.04998779296875,2012-05-08,328.5,-4848.747253417969,0.0,0.0,-4848.747253417969,20,bear_cross
DRREDDY,231,2012-03-03,335.42999267578125,2012-05-10,336.79998779296875,316.4688720703125,0.0,0.0,316.4688720703125,68,bear_cross
ITC,583,2012-02-23,133.8773193359375,2012-05-14,150.37525939941406,9618.299057006836,0.0,0.0,9618.299057006836,81,bear_cross
TITAN,330,2012-05-07,241.0,2012-05-21,229.0,-3960.0,0.0,0.0,-3960.0,14,bear_cross
VEDL,409,2012-05-21,193.8999938964844,2012-05-29,187.25,-2719.847503662121,0.0,0.0,-2719.847503662121,8,bear_cross
IOC,1799,2012-05-08,44.18333435058594,2012-06-01,42.59999847412109,-2848.4212417602666,0.0,0.0,-2848.4212417602666,24,bear_cross
TCS,131,2012-04-30,602.0,2012-06-11,615.4500122070312,1761.9515991210938,0.0,1048.0,2809.9515991210938,42,bear_cross
HCLTECH,8,2012-06-01,126.0124969482422,2012-06-13,121.1875,-38.599975585937614,0.0,0.0,-38.599975585937614,12,bear_cross
APOLLOHOSP,125,2012-05-09,625.4000244140625,2012-06-19,629.4500122070312,506.24847412109375,0.0,0.0,506.24847412109375,41,bear_cross
GODREJCP,490,2012-03-20,150.93333435058594,2012-06-21,185.46665954589844,16921.329345703125,0.0,285.83317,17207.162515703127,93,bear_cross
ASIANPAINT,241,2012-04-02,324.20001220703125,2012-07-02,388.8550109863281,15581.854705810547,0.0,735.05,16316.904705810546,91,bear_cross
AXISBANK,356,2012-06-11,209.8800048828125,2012-07-02,203.1499938964844,-2395.8839111328025,0.0,1139.2,-1256.6839111328025,21,bear_cross
BAJAJ-AUTO,51,2012-06-13,1570.949951171875,2012-07-12,1511.5,-3031.947509765625,0.0,2295.0,-736.947509765625,29,bear_cross
INFY,261,2012-05-31,304.0375061035156,2012-07-13,283.04998779296875,-5477.742279052734,0.0,0.0,-5477.742279052734,43,bear_cross
ADANIPORTS,674,2012-07-02,121.1500015258789,2012-07-16,117.5,-2460.101028442383,0.0,0.0,-2460.101028442383,14,bear_cross
HINDZINC,624,2012-06-21,121.8000030517578,2012-07-17,118.75,-1903.2019042968661,0.0,561.6,-1341.601904296866,26,bear_cross
SIEMENS,13,2012-06-19,399.8053588867188,2012-07-19,402.2413940429688,31.66845703125,0.0,0.0,31.66845703125,30,bear_cross
SBIN,378,2012-05-31,209.82000732421875,2012-07-24,209.31500244140625,-190.891845703125,0.0,0.0,-190.891845703125,54,bear_cross
MARUTI,9,2012-07-02,1169.75,2012-07-25,1106.9000244140625,-565.6497802734375,0.0,0.0,-565.6497802734375,23,bear_cross
BPCL,1338,2012-05-14,58.35833358764648,2012-07-26,61.04166412353516,3590.296257019062,0.0,1226.500446,4816.796703019062,73,bear_cross
GAIL,885,2012-06-01,60.22502899169922,2012-07-26,64.62191009521484,3891.239776611328,0.0,0.0,3891.239776611328,55,bear_cross
TATAPOWER,864,2012-07-26,92.88290405273438,2012-07-27,89.79484558105469,-2668.08251953125,0.0,0.0,-2668.08251953125,1,bear_cross
TITAN,355,2012-07-23,228.3999938964844,2012-08-13,217.6999969482422,-3798.4989166259866,0.0,0.0,-3798.4989166259866,21,bear_cross
ADANIPORTS,516,2012-08-03,121.5999984741211,2012-08-27,112.0,-4953.599212646484,0.0,0.0,-4953.599212646484,24,bear_cross
BAJAJ-AUTO,51,2012-07-26,1560.949951171875,2012-09-05,1647.449951171875,4411.5,0.0,0.0,4411.5,41,bear_cross
AMBUJACEM,445,2012-07-27,179.6999969482422,2012-09-05,181.3000030517578,712.0027160644531,0.0,623.0,1335.0027160644531,40,bear_cross
DIVISLAB,205,2012-03-27,371.75,2012-09-07,567.4500122070312,40118.502502441406,0.0,1332.5,41451.002502441406,164,bear_cross
RELIANCE,476,2012-08-02,170.69448852539062,2012-09-07,175.59759521484375,2333.8787841796875,0.0,0.0,2333.8787841796875,36,bear_cross
SUNPHARMA,250,2012-07-31,322.75,2012-09-08,332.29998779296875,2387.4969482421875,0.0,531.25,2918.7469482421875,39,bear_cross
DIVISLAB,146,2012-09-12,570.9000244140625,2012-09-17,554.7000122070312,-2365.2017822265625,0.0,0.0,-2365.2017822265625,5,bear_cross
POWERGRID,1247,2012-07-30,64.32189178466797,2012-09-20,66.17813873291016,2314.739944458008,0.0,918.883125,3233.6230694580076,52,bear_cross
HCLTECH,625,2012-07-26,128.3874969482422,2012-10-15,145.41250610351562,10640.630722045898,0.0,0.0,10640.630722045898,81,bear_cross
SIEMENS,207,2012-08-31,401.6543884277344,2012-10-17,406.5558471679688,1014.6019592285274,0.0,0.0,1014.6019592285274,47,bear_cross
GAIL,1199,2012-09-12,69.93753051757812,2012-10-18,69.57190704345703,-438.3825454711914,0.0,0.0,-438.3825454711914,36,bear_cross
HINDZINC,19,2012-08-13,124.4499969482422,2012-10-25,131.6999969482422,137.74999999999972,0.0,30.400000000000002,168.14999999999972,73,bear_cross
POWERGRID,1308,2012-10-19,67.83751678466797,2012-10-25,66.06564331054688,-2317.6105041503906,0.0,0.0,-2317.6105041503906,6,bear_cross
NTPC,626,2012-10-29,141.0833282470703,2012-10-31,138.4583282470703,-1643.25,0.0,0.0,-1643.25,2,bear_cross
HINDUNILVR,169,2012-07-25,476.2000122070313,2012-11-02,537.4500122070312,10351.24999999999,0.0,2112.5,12463.74999999999,100,bear_cross
ASIANPAINT,221,2012-09-08,377.0499877929688,2012-11-02,387.8600158691406,2389.0162048339716,0.0,209.95,2598.9662048339715,55,bear_cross
CANBK,1042,2012-09-20,76.57711029052734,2012-11-02,79.54370880126953,3091.1956481933594,0.0,0.0,3091.1956481933594,43,bear_cross
ZYDUSLIFE,504,2012-10-29,175.17999267578125,2012-11-16,165.63999938964844,-4808.1566162109375,0.0,0.0,-4808.1566162109375,18,bear_cross
JSWSTEEL,1148,2012-11-02,76.4749984741211,2012-11-19,73.11000061035156,-3863.017547607422,0.0,0.0,-3863.017547607422,17,bear_cross
TCS,118,2012-10-31,655.75,2012-11-20,631.1749877929688,-2899.8514404296875,0.0,0.0,-2899.8514404296875,20,bear_cross
AMBUJACEM,427,2012-11-05,207.3999938964844,2012-11-20,199.3999938964844,-3416.0,0.0,0.0,-3416.0,15,bear_cross
KOTAKBANK,82,2012-11-16,63.720001220703125,2012-11-21,62.16999816894531,-127.10025024414062,0.0,0.0,-127.10025024414062,5,bear_cross
ASIANPAINT,224,2012-11-06,395.7000122070313,2012-11-23,396.8049926757813,247.515625,0.0,0.0,247.515625,17,bear_cross
INFY,214,2012-11-29,308.83123779296875,2012-12-11,289.1937561035156,-4202.421081542969,0.0,0.0,-4202.421081542969,12,bear_cross
HCLTECH,600,2012-10-17,146.125,2012-12-13,154.0749969482422,4769.9981689453125,0.0,600.0,5369.9981689453125,57,bear_cross
ULTRACEMCO,2,2012-12-11,1947.5999755859373,2012-12-13,1944.5,-6.199951171874545,0.0,0.0,-6.199951171874545,2,bear_cross
TITAN,355,2012-09-11,234.9499969482422,2012-12-18,283.45001220703125,17217.505416870117,0.0,0.0,17217.505416870117,98,bear_cross
SIEMENS,149,2012-12-13,401.4783020019531,2012-12-18,393.0255126953125,-1259.4656066894531,0.0,0.0,-1259.4656066894531,5,bear_cross
COALINDIA,244,2012-11-26,358.04998779296875,2012-12-19,352.1499938964844,-1439.5985107421875,0.0,0.0,-1439.5985107421875,23,bear_cross
CGPOWER,2331,2012-12-20,40.15373992919922,2012-12-28,39.027774810791016,-2624.6246910095215,0.0,0.0,-2624.6246910095215,8,bear_cross
KOTAKBANK,1386,2012-11-22,62.93000030517578,2013-01-01,65.00499725341797,2875.945770263672,0.0,0.0,2875.945770263672,40,bear_cross
HCLTECH,583,2012-12-20,160.3625030517578,2013-01-01,154.6750030517578,-3315.8125,0.0,0.0,-3315.8125,12,bear_cross
ULTRACEMCO,46,2012-12-14,1949.25,2013-01-14,1883.300048828125,-3033.69775390625,0.0,0.0,-3033.69775390625,31,bear_cross
ADANIENT,2908,2012-09-17,28.961322784423828,2013-01-16,41.00107955932617,35011.612701416016,0.0,0.0,35011.612701416016,121,bear_cross
ASIANPAINT,214,2012-11-27,408.3399963378906,2013-01-16,431.30999755859375,4915.580261230469,0.0,0.0,4915.580261230469,50,bear_cross
BAJAJ-AUTO,48,2012-09-11,1709.3499755859375,2013-01-18,2052.75,16483.201171875,0.0,0.0,16483.201171875,129,bear_cross
CIPLA,215,2012-11-06,380.2000122070313,2013-01-21,409.7999877929688,6363.9947509765625,0.0,0.0,6363.9947509765625,76,bear_cross
GODREJCP,382,2013-01-18,244.1000061035156,2013-01-22,237.71665954589844,-2438.4383850097547,0.0,0.0,-2438.4383850097547,4,bear_cross
CGPOWER,2245,2013-01-02,41.27970886230469,2013-01-23,38.83722686767578,-5483.3720779418945,0.0,0.0,-5483.3720779418945,21,bear_cross
CANBK,1042,2012-11-29,85.12674713134766,2013-01-29,93.8514633178711,9091.154266357422,0.0,0.0,9091.154266357422,61,bear_cross
NTPC,687,2013-01-21,137.0833282470703,2013-02-05,129.625,-5123.871505737305,0.0,0.0,-5123.871505737305,15,bear_cross
BHARTIARTL,325,2013-01-03,289.3486328125,2013-02-06,292.68328857421875,1083.7631225585938,0.0,0.0,1083.7631225585938,34,bear_cross
SHRIRAMFIN,604,2013-02-01,153.9088134765625,2013-02-12,147.2344970703125,-4031.287109375,0.0,0.0,-4031.287109375,11,bear_cross
AMBUJACEM,438,2013-02-06,202.0500030517578,2013-02-12,188.3999938964844,-5978.704010009753,0.0,0.0,-5978.704010009753,6,bear_cross
IOC,2052,2012-12-31,44.80833435058594,2013-02-20,52.40833282470703,15595.196868896484,0.0,0.0,15595.196868896484,51,bear_cross
ITC,494,2013-01-24,187.928955078125,2013-02-26,187.86476135253903,-31.711700439467165,0.0,0.0,-31.711700439467165,33,bear_cross
PFC,1101,2013-02-01,84.44000244140625,2013-02-27,79.5199966430664,-5416.926383972168,0.0,2642.4,-2774.526383972168,26,bear_cross
APOLLOHOSP,81,2013-02-05,816.0999755859375,2013-02-27,805.5,-858.5980224609375,0.0,0.0,-858.5980224609375,22,bear_cross
ASIANPAINT,209,2013-01-25,440.510009765625,2013-02-28,435.8049926757813,-983.3485717773319,0.0,0.0,-983.3485717773319,34,bear_cross
KOTAKBANK,1380,2013-01-29,66.80500030517578,2013-02-28,65.3499984741211,-2007.9025268554688,0.0,0.0,-2007.9025268554688,30,bear_cross
ADANIPORTS,644,2013-01-31,142.64999389648438,2013-03-01,138.64999389648438,-2576.0,0.0,0.0,-2576.0,29,bear_cross
HDFCBANK,538,2013-02-18,169.1875,2013-03-01,156.33749389648438,-6913.303283691406,0.0,0.0,-6913.303283691406,11,bear_cross
ULTRACEMCO,47,2013-02-18,1930.0,2013-03-01,1868.050048828125,-2911.647705078125,0.0,0.0,-2911.647705078125,11,bear_cross
GRASIM,50,2013-02-27,470.30810546875,2013-03-01,456.1044921875,-710.1806640625,0.0,0.0,-710.1806640625,2,bear_cross
AMBUJACEM,446,2013-02-27,197.3000030517578,2013-03-04,192.5500030517578,-2118.5,0.0,0.0,-2118.5,5,bear_cross
BAJAJFINSV,1045,2013-02-28,84.48500061035156,2013-03-06,80.72000122070312,-3934.424362182617,0.0,0.0,-3934.424362182617,6,bear_cross
APOLLOHOSP,105,2013-03-01,826.9000244140625,2013-03-19,802.5499877929688,-2556.7538452148438,0.0,0.0,-2556.7538452148438,18,bear_cross
BHARTIARTL,305,2013-03-12,289.6190185546875,2013-03-19,277.1365966796875,-3807.138671875,0.0,0.0,-3807.138671875,7,bear_cross
TMPV,291,2013-03-08,302.6537475585937,2013-03-20,278.6116027832031,-6996.2641296386555,0.0,0.0,-6996.2641296386555,12,bear_cross
DLF,308,2013-03-12,286.3999938964844,2013-03-21,248.6499938964844,-11626.99999999999,0.0,0.0,-11626.99999999999,9,bear_cross
SBIN,383,2013-03-19,224.97999572753903,2013-03-21,212.0399932861328,-4956.020935058583,0.0,0.0,-4956.020935058583,2,bear_cross
M&M,193,2013-03-12,456.4249877929688,2013-03-25,436.6749877929688,-3811.75,0.0,0.0,-3811.75,13,bear_cross
NESTLEIND,365,2013-03-01,238.08999633789065,2013-03-28,228.3975067138672,-3537.758712768565,0.0,0.0,-3537.758712768565,27,bear_cross
TECHM,40,2012-12-18,238.1750030517578,2013-04-01,264.875,1067.9998779296875,0.0,0.0,1067.9998779296875,104,bear_cross
SIEMENS,254,2013-03-20,334.3255615234375,2013-04-04,307.5583801269531,-6798.864074707031,0.0,0.0,-6798.864074707031,15,bear_cross
UNITDSPR,222,2013-04-02,377.8999938964844,2013-04-04,364.55999755859375,-2961.4791870117188,0.0,0.0,-2961.4791870117188,2,bear_cross
INFY,227,2013-04-03,371.1312561035156,2013-04-10,345.79376220703125,-5751.611114501953,0.0,0.0,-5751.611114501953,7,bear_cross
WIPRO,1137,2013-02-26,78.58126831054688,2013-04-11,75.42189025878906,-3592.212844848633,0.0,0.0,-3592.212844848633,44,bear_cross
ASIANPAINT,185,2013-03-12,475.6749877929688,2013-04-11,453.6199951171875,-4080.1736450195417,0.0,0.0,-4080.1736450195417,30,bear_cross
HINDZINC,15,2013-04-04,119.1999969482422,2013-04-11,118.0,-17.999954223633026,0.0,0.0,-17.999954223633026,7,bear_cross
CUMMINSIND,167,2013-04-04,500.0,2013-04-16,478.8500061035156,-3532.0489807128906,0.0,0.0,-3532.0489807128906,12,bear_cross
DIVISLAB,150,2013-04-10,513.2249755859375,2013-05-24,489.8500061035156,-3506.2454223632812,0.0,0.0,-3506.2454223632812,44,bear_cross
GODREJCP,340,2013-02-20,250.1000061035156,2013-05-29,275.2166748046875,8539.667358398447,0.0,226.66678000000002,8766.334138398446,98,bear_cross
PFC,1048,2013-04-16,77.81999969482422,2013-05-29,77.68000030517578,-146.7193603515625,0.0,0.0,-146.7193603515625,43,bear_cross
MARUTI,55,2013-04-11,1412.5999755859375,2013-05-31,1637.5,12369.501342773438,0.0,0.0,12369.501342773438,50,bear_cross
RECLTD,116,2013-04-16,82.5562515258789,2013-06-05,83.3062515258789,87.0,0.0,0.0,87.0,50,bear_cross
HDFCBANK,514,2013-04-15,160.9250030517578,2013-06-07,170.5500030517578,4947.25,0.0,0.0,4947.25,53,bear_cross
ADANIPORTS,593,2013-04-05,140.75,2013-06-10,152.0500030517578,6700.901809692383,0.0,0.0,6700.901809692383,66,bear_cross
POWERGRID,1396,2013-06-03,63.73126602172852,2013-06-10,62.24063873291016,-2080.9156951904297,0.0,0.0,-2080.9156951904297,7,bear_cross
HCLTECH,477,2013-05-30,186.875,2013-06-11,188.3625030517578,709.5389556884766,0.0,0.0,709.5389556884766,12,bear_cross
GODREJCP,212,2013-06-05,295.7166748046875,2013-06-14,259.2333374023437,-7734.467529296887,0.0,0.0,-7734.467529296887,9,bear_cross
JSWSTEEL,1261,2013-05-30,70.67500305175781,2013-06-17,68.46500396728516,-2786.8088455200195,0.0,0.0,-2786.8088455200195,18,bear_cross
APOLLOHOSP,100,2013-04-04,834.4500122070312,2013-06-19,989.8499755859376,15539.996337890636,0.0,0.0,15539.996337890636,76,bear_cross
DRREDDY,217,2013-04-04,367.5700073242188,2013-06-26,419.9299926757813,11362.116821289062,0.0,0.0,11362.116821289062,83,bear_cross
RELIANCE,466,2013-06-20,190.1126251220703,2013-06-26,183.7351531982422,-2971.9019165039062,0.0,0.0,-2971.9019165039062,6,bear_cross
APOLLOHOSP,89,2013-06-21,979.0999755859376,2013-06-26,952.25,-2389.6478271484475,0.0,0.0,-2389.6478271484475,5,bear_cross
HINDUNILVR,180,2013-03-21,468.6499938964844,2013-06-27,588.3499755859375,21545.996704101562,0.0,0.0,21545.996704101562,98,bear_cross
INFY,300,2013-05-27,293.48748779296875,2013-06-27,299.92498779296875,1931.25,0.0,1012.5,2943.75,31,bear_cross
APOLLOHOSP,84,2013-07-01,1053.449951171875,2013-07-09,954.7999877929688,-8286.596923828125,0.0,0.0,-8286.596923828125,8,bear_cross
DIVISLAB,179,2013-07-01,495.5499877929688,2013-07-25,484.5499877929688,-1969.0,0.0,1342.5,-626.5,24,bear_cross
AMBUJACEM,471,2013-06-24,186.3500061035156,2013-07-30,171.14999389648438,-7159.205749511705,0.0,659.4,-6499.8057495117055,36,bear_cross
EICHERMOT,52,2013-07-09,365.8399963378906,2013-08-01,348.92498779296875,-879.5804443359375,0.0,0.0,-879.5804443359375,23,bear_cross
BANKBARODA,660,2013-07-25,118.05999755859376,2013-08-02,102.93000030517578,-9985.798187255868,0.0,0.0,-9985.798187255868,8,bear_cross
DRREDDY,200,2013-07-01,443.7699890136719,2013-08-05,447.739990234375,794.000244140625,0.0,600.0,1394.000244140625,35,bear_cross
RELIANCE,450,2013-07-01,197.1758575439453,2013-08-05,195.9757843017578,-540.032958984375,0.0,0.0,-540.032958984375,35,bear_cross
BAJAJ-AUTO,41,2013-06-24,1830.050048828125,2013-08-07,1808.75,-873.302001953125,0.0,1845.0,971.697998046875,44,bear_cross
CGPOWER,3068,2013-08-16,31.02474021911621,2013-08-21,29.257837295532227,-5420.858169555664,0.0,0.0,-5420.858169555664,5,bear_cross
GODREJCP,327,2013-08-13,287.3999938964844,2013-08-22,274.5833435058594,-4191.044677734375,0.0,0.0,-4191.044677734375,9,bear_cross
CIPLA,226,2013-08-16,420.3999938964844,2013-08-23,401.3999938964844,-4294.0,0.0,0.0,-4294.0,7,bear_cross
DIVISLAB,190,2013-08-16,499.1000061035156,2013-08-23,472.9750061035156,-4963.75,0.0,0.0,-4963.75,7,bear_cross
TMPV,120,2013-08-19,310.6183166503906,2013-08-28,286.971923828125,-2837.567138671875,0.0,0.0,-2837.567138671875,9,bear_cross
RECLTD,1322,2013-08-26,70.72500610351562,2013-09-04,61.76250076293945,-11848.4320602417,0.0,743.625,-11104.8070602417,9,bear_cross
TECHM,365,2013-06-17,241.4375,2013-09-18,328.20001220703125,31668.316955566406,0.0,0.0,31668.316955566406,93,bear_cross
INFY,284,2013-07-01,312.35626220703125,2013-09-20,377.375,18465.321533203125,0.0,0.0,18465.321533203125,81,bear_cross
IOC,2561,2013-08-28,34.68333435058594,2013-09-30,35.20833206176758,1344.5191383361816,0.0,0.0,1344.5191383361816,33,bear_cross
JINDALSTEL,423,2013-08-16,224.9499969482422,2013-10-04,241.0500030517578,6810.302581787109,0.0,676.8000000000001,7487.10258178711,49,bear_cross
SHRIRAMFIN,856,2013-09-20,116.5033950805664,2013-10-14,110.7254867553711,-4945.8895263671875,0.0,0.0,-4945.8895263671875,24,bear_cross
PNB,1032,2013-10-14,97.27999877929688,2013-10-17,93.97000122070312,-3415.91748046875,0.0,0.0,-3415.91748046875,3,bear_cross
GODREJCP,345,2013-10-01,279.1166687011719,2013-10-18,273.6666564941406,-1880.2542114257812,0.0,0.0,-1880.2542114257812,17,bear_cross
HINDALCO,882,2013-08-23,104.0,2013-10-21,114.8499984741211,9569.698654174805,0.0,1234.8,10804.498654174804,59,bear_cross
HCLTECH,458,2013-06-13,190.9125061035156,2013-10-29,265.7124938964844,34258.3944091797,0.0,229.0,34487.3944091797,138,bear_cross
WIPRO,1393,2013-06-18,63.38439178466797,2013-10-31,89.3906478881836,36226.714752197266,0.0,1305.9375,37532.652252197266,135,bear_cross
APOLLOHOSP,112,2013-10-17,888.2000122070312,2013-10-31,899.9000244140625,1310.4013671875,0.0,0.0,1310.4013671875,14,bear_cross
TATAPOWER,1313,2013-10-30,78.40764617919922,2013-10-31,77.78038024902344,-823.6001663208008,0.0,0.0,-823.6001663208008,1,bear_cross
APOLLOHOSP,114,2013-11-01,908.8499755859376,2013-11-05,893.4000244140625,-1761.294433593763,0.0,0.0,-1761.294433593763,4,bear_cross
GODREJCP,355,2013-10-24,287.9166564941406,2013-11-12,285.4833374023437,-863.8282775879109,0.0,0.0,-863.8282775879109,19,bear_cross
ONGC,533,2013-10-21,189.0333404541016,2013-11-13,177.23333740234375,-6289.4016265869295,0.0,0.0,-6289.4016265869295,23,bear_cross
SHRIRAMFIN,870,2013-11-01,119.13414764404295,2013-11-14,107.93883514404295,-9739.921875,0.0,508.61244,-9231.309435,13,bear_cross
ADANIPORTS,682,2013-11-06,151.85000610351562,2013-11-18,152.8000030517578,647.8979187011719,0.0,0.0,647.8979187011719,12,bear_cross
VEDL,539,2013-08-23,155.8000030517578,2013-11-19,188.3500061035156,17544.451644897446,0.0,808.5,18352.951644897446,88,bear_cross
BRITANNIA,232,2013-11-21,447.6499938964844,2013-11-22,439.3500061035156,-1925.59716796875,0.0,0.0,-1925.59716796875,1,bear_cross
DRREDDY,3,2013-09-04,441.3200073242188,2013-11-27,482.2799987792969,122.8799743652342,0.0,0.0,122.8799743652342,84,bear_cross
CANBK,1853,2013-09-18,42.80653762817383,2013-11-27,45.12145614624024,4289.5440139770635,0.0,0.0,4289.5440139770635,70,bear_cross
NTPC,834,2013-11-01,124.25,2013-12-02,122.70833587646484,-1285.7478790283203,0.0,0.0,-1285.7478790283203,31,bear_cross
GODREJCP,358,2013-11-14,283.26666259765625,2013-12-10,275.8999938964844,-2637.2673950195312,0.0,119.333214,-2517.934181019531,26,bear_cross
DRREDDY,19,2013-12-02,496.9599914550781,2013-12-11,490.6000061035156,-120.8397216796875,0.0,0.0,-120.8397216796875,9,bear_cross
TMPV,124,2013-08-29,294.7881164550781,2013-12-13,356.6248474121094,7667.754638671875,0.0,0.0,7667.754638671875,106,bear_cross
HINDALCO,839,2013-11-20,124.25,2013-12-19,117.8000030517578,-5411.547439575207,0.0,0.0,-5411.547439575207,29,bear_cross
ONGC,528,2013-11-28,193.26666259765625,2013-12-19,187.5,-3044.7978515625,0.0,1759.999824,-1284.7980275625,21,bear_cross
RELIANCE,515,2013-12-12,201.7475128173828,2013-12-19,196.57009887695312,-2666.368179321289,0.0,0.0,-2666.368179321289,7,bear_cross
JINDALSTEL,415,2013-11-22,245.8000030517578,2013-12-20,250.9499969482422,2137.2474670410156,0.0,0.0,2137.2474670410156,28,bear_cross
UNITDSPR,192,2013-11-28,530.6300048828125,2014-01-01,521.7100219726562,-1712.63671875,0.0,0.0,-1712.63671875,34,bear_cross
ADANIPORTS,679,2013-11-19,154.8000030517578,2014-01-02,156.3000030517578,1018.5,0.0,0.0,1018.5,44,bear_cross
ADANIENT,4344,2013-10-07,22.73069190979004,2014-01-07,38.63297653198242,69079.52439880371,0.0,0.0,69079.52439880371,92,bear_cross
GODREJCP,363,2014-01-03,279.4333190917969,2014-01-07,276.9833374023437,-889.3433532715051,0.0,0.0,-889.3433532715051,4,bear_cross
HINDZINC,61,2013-12-13,131.25,2014-01-09,130.0,-76.25,0.0,0.0,-76.25,27,bear_cross
PFC,1590,2013-12-24,65.04000091552734,2014-01-09,62.18000030517578,-4547.400970458984,0.0,0.0,-4547.400970458984,16,bear_cross
RELIANCE,505,2013-12-24,204.86767578125,2014-01-09,194.07855224609372,-5448.507385253921,0.0,0.0,-5448.507385253921,16,bear_cross
BHARTIARTL,340,2014-01-02,304.3996276855469,2014-01-17,284.3917236328125,-6802.6873779296875,0.0,0.0,-6802.6873779296875,15,bear_cross
COALINDIA,340,2013-12-10,290.6000061035156,2014-01-22,263.0,-9384.002075195312,0.0,9860.0,475.9979248046875,43,bear_cross
RELIANCE,10,2014-01-17,202.5589904785156,2014-01-27,198.3302001953125,-42.287902832030966,0.0,0.0,-42.287902832030966,10,bear_cross
ONGC,517,2014-01-17,191.3000030517578,2014-01-29,183.5,-4032.601577758789,0.0,0.0,-4032.601577758789,12,bear_cross
HINDZINC,717,2014-01-22,135.0,2014-01-30,128.0,-5019.0,0.0,0.0,-5019.0,8,bear_cross
SUNPHARMA,168,2014-01-08,594.2000122070312,2014-02-06,583.5999755859375,-1780.80615234375,0.0,0.0,-1780.80615234375,29,bear_cross
ITC,487,2014-01-14,208.92051696777344,2014-02-10,207.6366271972656,-625.2543182373186,0.0,0.0,-625.2543182373186,27,bear_cross
CIPLA,255,2013-12-24,405.1499938964844,2014-02-14,380.2999877929688,-6336.75155639647,0.0,0.0,-6336.75155639647,52,bear_cross
DRREDDY,205,2013-12-23,502.5400085449219,2014-02-18,528.7000122070312,5362.800750732422,0.0,0.0,5362.800750732422,57,bear_cross
HINDUNILVR,175,2014-01-27,565.7999877929688,2014-02-18,560.25,-971.2478637695312,0.0,0.0,-971.2478637695312,22,bear_cross
APOLLOHOSP,110,2014-02-07,945.2000122070312,2014-02-20,928.5999755859376,-1826.0040283203,0.0,0.0,-1826.0040283203,13,bear_cross
TATASTEEL,2786,2014-02-14,35.00830841064453,2014-02-28,33.279090881347656,-4817.600036621094,0.0,0.0,-4817.600036621094,14,bear_cross
GAIL,1572,2014-01-13,64.74378204345703,2014-03-24,66.19690704345703,2284.3125,0.0,1326.375,3610.6875,70,bear_cross
DIVISLAB,186,2013-11-12,550.6500244140625,2014-03-28,669.625,22129.345458984375,0.0,0.0,22129.345458984375,136,bear_cross
ZYDUSLIFE,458,2014-02-07,170.9499969482422,2014-04-17,194.77999877929688,10914.140838623047,0.0,0.0,10914.140838623047,69,bear_cross
TVSMOTOR,1303,2014-02-04,79.3499984741211,2014-04-21,88.5,11922.451988220215,0.0,0.0,11922.451988220215,76,bear_cross
IOC,2898,2014-01-17,35.375,2014-04-23,45.95000076293945,30646.352210998535,0.0,0.0,30646.352210998535,96,bear_cross
TATAPOWER,1338,2014-02-20,74.69232940673828,2014-05-02,78.0999984741211,4559.461212158203,0.0,0.0,4559.461212158203,71,bear_cross
IOC,2590,2014-04-29,44.15833282470703,2014-05-02,43.90833282470703,-647.5,0.0,0.0,-647.5,3,bear_cross
AMBUJACEM,637,2014-03-03,168.0,2014-05-06,202.5500030517578,22008.351943969727,0.0,0.0,22008.351943969727,64,bear_cross
GAIL,1639,2014-04-21,70.09690856933594,2014-05-07,69.33753204345703,-1244.6181259155273,0.0,0.0,-1244.6181259155273,16,bear_cross
HCLTECH,320,2014-04-23,363.1625061035156,2014-05-07,345.63751220703125,-5607.998046875,0.0,0.0,-5607.998046875,14,bear_cross
ADANIPORTS,641,2014-02-18,151.1999969482422,2014-05-08,189.5,24550.301956176758,0.0,0.0,24550.301956176758,79,bear_cross
CIPLA,232,2014-03-24,387.9500122070313,2014-05-08,382.6000061035156,-1241.2014160156382,0.0,0.0,-1241.2014160156382,45,bear_cross
ABB,30,2014-05-02,766.6866455078125,2014-05-08,739.5416870117188,-814.3487548828125,0.0,0.0,-814.3487548828125,6,bear_cross
BHARTIARTL,375,2014-03-28,280.0206298828125,2014-05-09,277.5872497558594,-912.5175476074219,0.0,0.0,-912.5175476074219,42,bear_cross
DRREDDY,207,2014-05-05,547.469970703125,2014-05-19,481.3800048828125,-13680.622924804688,0.0,0.0,-13680.622924804688,14,bear_cross
INFY,22,2014-05-19,397.1937561035156,2014-05-20,376.8812561035156,-446.875,0.0,0.0,-446.875,1,bear_cross
MUTHOOTFIN,544,2014-04-21,178.1999969482422,2014-06-16,191.85000610351562,7425.60498046875,0.0,0.0,7425.60498046875,56,bear_cross
IOC,2445,2014-05-09,46.43333435058594,2014-06-20,55.66666412353516,22575.491294860858,0.0,0.0,22575.491294860858,42,bear_cross
BHARTIARTL,315,2014-05-20,304.8052062988281,2014-06-20,304.7601318359375,-14.198455810546875,0.0,0.0,-14.198455810546875,31,bear_cross
CGPOWER,1907,2014-05-13,61.512481689453125,2014-06-26,68.61473846435547,13544.00366973877,0.0,0.0,13544.00366973877,44,bear_cross
PFC,1444,2014-05-08,78.31999969482422,2014-07-11,121.0199966430664,61658.79559326172,0.0,0.0,61658.79559326172,64,bear_cross
AXISBANK,343,2014-06-25,385.0,2014-07-14,363.3299865722656,-7432.814605712891,0.0,0.0,-7432.814605712891,19,bear_cross
BPCL,1360,2014-07-01,100.06666564941406,2014-07-14,93.53333282470705,-8885.332641601542,0.0,0.0,-8885.332641601542,13,bear_cross
HDFCBANK,592,2014-05-13,198.0375061035156,2014-07-15,204.3625030517578,3744.398193359392,0.0,1013.8,4758.198193359392,63,bear_cross
CUMMINSIND,212,2014-07-22,661.2000122070312,2014-07-28,640.7000122070312,-4346.0,0.0,1696.0,-2650.0,6,bear_cross
DLF,638,2014-07-18,222.1999969482422,2014-07-30,194.3500061035156,-17768.294158935565,0.0,0.0,-17768.294158935565,12,bear_cross
TVSMOTOR,1017,2014-05-06,100.1500015258789,2014-07-31,147.5,48154.94844818115,0.0,0.0,48154.94844818115,86,bear_cross
RELIANCE,592,2014-07-30,229.86325073242188,2014-08-05,225.1544342041016,-2787.619384765608,0.0,0.0,-2787.619384765608,6,bear_cross
ADANIPORTS,560,2014-05-12,204.6999969482422,2014-08-06,265.79998779296875,34215.994873046875,0.0,560.0,34775.994873046875,86,bear_cross
AXISBANK,353,2014-07-21,399.1600036621094,2014-08-11,371.0,-9940.48129272461,0.0,0.0,-9940.48129272461,21,bear_cross
BPCL,1392,2014-08-08,97.49166870117188,2014-08-11,94.4250030517578,-4268.798583984395,0.0,0.0,-4268.798583984395,3,bear_cross
TATASTEEL,2632,2014-07-21,53.63907241821289,2014-08-14,50.92377471923828,-7146.663543701172,0.0,0.0,-7146.663543701172,24,bear_cross
DIVISLAB,17,2014-06-16,674.5250244140625,2014-08-18,730.4500122070312,950.7247924804688,0.0,170.0,1120.7247924804688,63,bear_cross
HINDALCO,760,2014-05-13,143.39999389648438,2014-08-19,182.25,29526.004638671875,0.0,0.0,29526.004638671875,98,bear_cross
BANKBARODA,293,2014-07-28,172.42999267578125,2014-09-05,175.3300018310547,849.7026824951172,0.0,0.0,849.7026824951172,39,bear_cross
APOLLOHOSP,121,2014-08-18,1129.550048828125,2014-09-22,1154.6500244140625,3037.0970458984375,0.0,0.0,3037.0970458984375,35,bear_cross
BPCL,1345,2014-08-18,102.2249984741211,2014-09-23,111.7249984741211,12777.5,0.0,3810.8328850000003,16588.332885,36,bear_cross
ADANIPORTS,486,2014-08-19,273.6000061035156,2014-09-23,285.79998779296875,5929.191101074219,0.0,0.0,5929.191101074219,35,bear_cross
CUMMINSIND,202,2014-08-11,661.1500244140625,2014-09-24,668.4500122070312,1474.5975341796875,0.0,1010.0,2484.5975341796875,44,bear_cross
UNITDSPR,118,2014-09-22,470.7000122070313,2014-09-26,469.3399963378906,-160.48187255860046,0.0,0.0,-160.48187255860046,4,bear_cross
AMBUJACEM,710,2014-09-25,212.0500030517578,2014-09-29,212.0500030517578,0.0,0.0,0.0,0.0,4,bear_cross
PIDILITIND,839,2014-06-25,157.47500610351562,2014-10-09,195.6000061035156,31986.874999999975,0.0,1132.65,33119.52499999997,106,bear_cross
UNITDSPR,313,2014-09-30,477.0899963378906,2014-10-09,459.4100036621094,-5533.837707519531,0.0,0.0,-5533.837707519531,9,bear_cross
ABB,142,2014-09-05,968.0497436523438,2014-10-10,980.6689453125,1791.9266357421875,0.0,0.0,1791.9266357421875,35,bear_cross
SHREECEM,18,2014-08-05,7347.5,2014-10-13,8329.650390625,17678.70703125,0.0,396.0,18074.70703125,69,bear_cross
SUNPHARMA,185,2014-10-09,800.7999877929688,2014-10-14,803.9000244140625,573.5067749023438,0.0,0.0,573.5067749023438,5,bear_cross
MARUTI,52,2014-08-04,2586.0,2014-10-15,2962.10009765625,19557.205078125,0.0,624.0,20181.205078125,72,bear_cross
EICHERMOT,213,2014-02-20,489.989990234375,2014-10-17,1103.3199462890625,130639.28063964844,0.0,639.0,131278.28063964844,239,bear_cross
ASIANPAINT,224,2014-10-14,655.6500244140625,2014-10-21,647.5999755859375,-1803.2109375,0.0,0.0,-1803.2109375,7,bear_cross
TVSMOTOR,121,2014-08-11,170.14999389648438,2014-11-21,233.6000061035156,7677.451477050778,0.0,0.0,7677.451477050778,102,bear_cross
UNIONBANK,697,2014-10-17,208.6999969482422,2014-11-25,212.6000061035156,2718.306381225566,0.0,0.0,2718.306381225566,39,bear_cross
NTPC,1241,2014-10-09,119.5,2014-11-26,116.79166412353516,-3361.044822692871,0.0,0.0,-3361.044822692871,48,bear_cross
CANBK,1975,2014-10-22,76.00324249267578,2014-11-28,74.4761734008789,-3015.961456298828,0.0,0.0,-3015.961456298828,37,bear_cross
BHARTIARTL,89,2014-11-25,360.0072021484375,2014-11-28,347.34454345703125,-1126.9766235351562,0.0,0.0,-1126.9766235351562,3,bear_cross
GAIL,1764,2014-12-01,91.53754425048828,2014-12-02,89.70004272460938,-3241.3526916503906,0.0,0.0,-3241.3526916503906,1,bear_cross
BPCL,1282,2014-10-21,116.14166259765624,2014-12-09,114.95833587646484,-1517.0248565673646,0.0,0.0,-1517.0248565673646,49,bear_cross
HCLTECH,300,2014-11-21,412.25,2014-12-10,390.1749877929688,-6622.503662109358,0.0,0.0,-6622.503662109358,19,bear_cross
PFC,1424,2014-10-21,104.62000274658205,2014-12-15,110.76000213623048,8743.359130859375,0.0,0.0,8743.359130859375,55,bear_cross
M&M,217,2014-12-01,661.875,2014-12-16,626.1500244140625,-7752.3197021484375,0.0,0.0,-7752.3197021484375,15,bear_cross
HINDZINC,38,2014-12-09,173.3000030517578,2014-12-17,158.0,-581.4001159667969,0.0,0.0,-581.4001159667969,8,bear_cross
CIPLA,248,2014-11-28,637.5499877929688,2014-12-18,605.5,-7948.39697265625,0.0,0.0,-7948.39697265625,20,bear_cross
CUMMINSIND,215,2014-10-21,690.7000122070312,2014-12-22,861.5499877929688,36732.74475097656,0.0,0.0,36732.74475097656,62,bear_cross
UNITDSPR,301,2014-10-15,488.2699890136719,2014-12-24,555.9099731445312,20359.635223388672,0.0,0.0,20359.635223388672,70,bear_cross
SBIN,579,2014-10-21,256.94500732421875,2014-12-24,307.20001220703125,29097.647827148438,0.0,0.0,29097.647827148438,64,bear_cross
MARUTI,45,2014-12-24,3398.699951171875,2015-01-02,3340.75,-2607.747802734375,0.0,0.0,-2607.747802734375,9,bear_cross
ICICIBANK,488,2014-12-26,321.0,2015-01-12,310.7727355957031,-4990.905029296875,0.0,0.0,-4990.905029296875,17,bear_cross
UNIONBANK,686,2014-12-23,228.3500061035156,2015-02-02,209.1499938964844,-13171.2083740234,0.0,0.0,-13171.2083740234,41,bear_cross
BANKBARODA,739,2014-12-29,213.63999938964844,2015-02-03,187.8500061035156,-19058.80503845217,0.0,0.0,-19058.80503845217,36,bear_cross
CANBK,1993,2014-12-03,80.69143676757812,2015-02-06,83.56077575683594,5718.59260559082,0.0,0.0,5718.59260559082,65,bear_cross
MOTHERSON,4516,2014-12-26,34.69650650024414,2015-02-06,35.307701110839844,2760.1548614501953,0.0,0.0,2760.1548614501953,42,bear_cross
PFC,1341,2015-02-03,123.94000244140624,2015-02-09,113.3000030517578,-14268.239181518555,0.0,0.0,-14268.239181518555,6,bear_cross
ASIANPAINT,192,2015-01-05,775.0499877929688,2015-02-10,803.6500244140625,5491.20703125,0.0,0.0,5491.20703125,36,bear_cross
HINDUNILVR,7,2015-01-12,864.5999755859375,2015-02-18,907.0,296.8001708984375,0.0,0.0,296.8001708984375,37,bear_cross
ULTRACEMCO,59,2014-12-26,2620.550048828125,2015-02-25,2988.60009765625,21714.952880859375,0.0,0.0,21714.952880859375,61,bear_cross
AXISBANK,354,2014-10-22,423.0499877929688,2015-02-26,553.0,46002.30432128904,0.0,0.0,46002.30432128904,127,bear_cross
EICHERMOT,106,2014-12-23,1473.7249755859375,2015-03-02,1580.6400146484375,11332.994140625,0.0,0.0,11332.994140625,69,bear_cross
ITC,695,2015-02-04,234.98341369628903,2015-03-05,220.98904418945312,-9726.086807250957,0.0,0.0,-9726.086807250957,29,bear_cross
HINDALCO,1067,2015-02-11,149.1999969482422,2015-03-11,138.0500030517578,-11897.043487548828,0.0,0.0,-11897.043487548828,28,bear_cross
ADANIPORTS,469,2015-03-02,346.25,2015-03-11,317.54998779296875,-13460.305725097656,0.0,0.0,-13460.305725097656,9,bear_cross
VEDL,485,2015-02-06,207.8000030517578,2015-03-12,192.6999969482422,-7323.502960205078,0.0,0.0,-7323.502960205078,34,bear_cross
EICHERMOT,98,2015-03-11,1594.780029296875,2015-03-12,1605.385009765625,1039.2880859375,0.0,0.0,1039.2880859375,1,bear_cross
ICICIBANK,155,2015-03-11,303.31817626953125,2015-03-12,302.4090881347656,-140.90866088867188,0.0,0.0,-140.90866088867188,1,bear_cross
SHREECEM,16,2014-12-26,9267.849609375,2015-03-13,10688.5498046875,22731.203125,0.0,0.0,22731.203125,77,bear_cross
ABB,128,2015-02-11,1238.27392578125,2015-03-13,1195.74072265625,-5444.25,0.0,0.0,-5444.25,30,bear_cross
TECHM,219,2015-03-18,715.7249755859375,2015-03-20,687.1500244140625,-6257.914306640625,0.0,0.0,-6257.914306640625,2,bear_cross
BANKBARODA,856,2015-03-19,182.25,2015-03-23,172.64999389648438,-8217.605224609375,0.0,0.0,-8217.605224609375,4,bear_cross
EICHERMOT,98,2015-03-18,1594.2750244140625,2015-03-24,1586.594970703125,-752.645263671875,0.0,0.0,-752.645263671875,6,bear_cross
ASIANPAINT,161,2015-03-20,834.7999877929688,2015-03-25,813.2999877929688,-3461.5,0.0,0.0,-3461.5,5,bear_cross
BPCL,1252,2015-03-25,123.46666717529295,2015-03-26,124.78333282470705,1648.4653930664417,0.0,0.0,1648.4653930664417,1,bear_cross
KOTAKBANK,1153,2015-03-25,134.0749969482422,2015-03-26,132.65499877929688,-1637.2578887939453,0.0,0.0,-1637.2578887939453,1,bear_cross
NESTLEIND,440,2015-03-05,364.9874877929688,2015-03-27,342.260009765625,-10000.090332031275,0.0,0.0,-10000.090332031275,22,bear_cross
MARUTI,42,2015-04-06,3644.699951171875,2015-04-13,3666.60009765625,919.80615234375,0.0,0.0,919.80615234375,7,bear_cross
INDHOTEL,1457,2015-04-01,106.0858154296875,2015-04-21,95.24128723144533,-15800.477584838847,0.0,0.0,-15800.477584838847,20,bear_cross
BRITANNIA,162,2015-02-16,1011.4500122070312,2015-04-24,1075.824951171875,10428.740112304688,0.0,0.0,10428.740112304688,67,bear_cross
DIVISLAB,186,2015-02-26,872.875,2015-04-24,895.375,4185.0,0.0,0.0,4185.0,57,bear_cross
DRREDDY,222,2015-02-18,670.25,2015-04-28,677.1199951171875,1525.138916015625,0.0,0.0,1525.138916015625,69,bear_cross
ADANIPORTS,362,2015-04-13,319.79998779296875,2015-04-28,305.95001220703125,-5013.691162109375,0.0,0.0,-5013.691162109375,15,bear_cross
IOC,218,2015-02-25,54.79999923706055,2015-04-29,58.57500076293945,822.9503326416016,0.0,0.0,822.9503326416016,63,bear_cross
BHARTIARTL,438,2015-03-13,358.5201416015625,2015-04-29,361.1788635253906,1164.5202026367188,0.0,0.0,1164.5202026367188,47,bear_cross
BAJFINANCE,3651,2015-04-08,43.4119987487793,2015-04-29,40.07799911499024,-12172.432662963842,0.0,0.0,-12172.432662963842,21,bear_cross
ZYDUSLIFE,466,2015-03-18,336.2699890136719,2015-04-30,334.3500061035156,-894.7120361328125,0.0,0.0,-894.7120361328125,43,bear_cross
BPCL,1143,2015-04-01,135.13333129882812,2015-04-30,125.99166870117188,-10448.920349121094,0.0,0.0,-10448.920349121094,29,bear_cross
AXISBANK,264,2015-05-06,565.8499755859375,2015-05-12,551.0999755859375,-3894.0,0.0,0.0,-3894.0,6,bear_cross
ICICIBANK,496,2015-05-04,301.0454406738281,2015-05-13,280.18182373046875,-10348.35400390625,0.0,0.0,-10348.35400390625,9,bear_cross
MARUTI,40,2015-05-04,3725.85009765625,2015-05-13,3577.449951171875,-5936.005859375,0.0,0.0,-5936.005859375,9,bear_cross
ONGC,655,2015-05-06,228.1000061035156,2015-05-15,210.76666259765625,-11353.339996337872,0.0,0.0,-11353.339996337872,9,bear_cross
PIDILITIND,492,2015-05-15,297.3999938964844,2015-05-25,275.25,-10897.796997070312,0.0,0.0,-10897.796997070312,10,bear_cross
HINDALCO,1048,2015-05-11,138.9499969482422,2015-05-29,131.60000610351562,-7702.7904052734375,0.0,0.0,-7702.7904052734375,18,bear_cross
ADANIPORTS,430,2015-05-05,347.20001220703125,2015-06-03,309.1499938964844,-16361.507873535156,0.0,473.00000000000006,-15888.507873535156,29,bear_cross
ASIANPAINT,193,2015-06-04,762.7000122070312,2015-06-09,748.0,-2837.1023559570312,0.0,0.0,-2837.1023559570312,5,bear_cross
HCLTECH,316,2015-05-15,462.6499938964844,2015-06-10,455.7000122070313,-2196.1942138671693,0.0,0.0,-2196.1942138671693,26,bear_cross
SHREECEM,11,2015-05-15,11327.7001953125,2015-06-11,10770.599609375,-6128.1064453125,0.0,0.0,-6128.1064453125,27,bear_cross
EICHERMOT,20,2015-05-12,1687.1600341796875,2015-06-12,1724.43505859375,745.50048828125,0.0,0.0,745.50048828125,31,bear_cross
INFY,266,2015-05-29,504.1499938964844,2015-06-17,499.6749877929688,-1190.3516235351412,0.0,1961.75,771.3983764648588,19,bear_cross
BAJFINANCE,3413,2015-05-12,43.47100067138672,2015-07-22,51.067501068115234,25926.855854034424,0.0,614.34,26541.195854034424,71,bear_cross
MOTHERSON,3822,2015-06-18,39.21369171142578,2015-07-29,40.35108184814453,4347.1051025390625,0.0,1509.926964,5857.032066539063,41,bear_cross
TVSMOTOR,439,2015-06-18,231.5,2015-07-29,232.3500061035156,373.15267944334687,0.0,0.0,373.15267944334687,41,bear_cross
EICHERMOT,77,2015-06-18,1928.8900146484373,2015-07-30,1924.625,-328.40612792967,0.0,0.0,-328.40612792967,42,bear_cross
BAJAJ-AUTO,68,2015-05-11,2123.050048828125,2015-07-31,2527.25,27485.5966796875,0.0,3400.0,30885.5966796875,81,bear_cross
BPCL,1150,2015-05-25,130.38333129882812,2015-08-13,145.0,16809.169006347656,0.0,0.0,16809.169006347656,80,bear_cross
ITC,785,2015-08-04,212.83636474609372,2015-08-19,202.11590576171875,-8415.560302734353,0.0,0.0,-8415.560302734353,15,bear_cross
GODREJCP,395,2015-06-10,373.7999877929688,2015-08-25,407.3166809082031,13239.093780517556,0.0,131.666535,13370.760315517557,76,bear_cross
BAJFINANCE,3024,2015-07-31,54.40599822998047,2015-08-25,48.70800018310547,-17230.74609375,0.0,0.0,-17230.74609375,25,bear_cross
BAJAJFINSV,1017,2015-05-07,143.88499450683594,2015-08-26,170.8249969482422,27397.982482910156,0.0,177.975,27575.957482910155,111,bear_cross
HCLTECH,349,2015-08-17,486.8500061035156,2015-08-26,457.0249938964844,-10408.929260253906,0.0,0.0,-10408.929260253906,9,bear_cross
EICHERMOT,79,2015-08-20,2123.550048828125,2015-08-26,1869.89501953125,-20038.747314453125,0.0,0.0,-20038.747314453125,6,bear_cross
BRITANNIA,130,2015-05-07,1123.6500244140625,2015-08-27,1440.3499755859375,41170.99365234375,0.0,1040.0,42210.99365234375,112,bear_cross
PNB,1100,2015-08-03,151.0,2015-08-28,145.89999389648438,-5610.0067138671875,0.0,0.0,-5610.0067138671875,25,bear_cross
INFY,17,2015-07-22,556.3250122070312,2015-08-31,555.5250244140625,-13.59979248046875,0.0,0.0,-13.59979248046875,40,bear_cross
ADANIPORTS,505,2015-08-04,330.70001220703125,2015-09-08,322.6499938964844,-4065.259246826172,0.0,0.0,-4065.259246826172,35,bear_cross
HCLTECH,331,2015-09-07,470.1499938964844,2015-09-08,460.4249877929688,-3218.9770202636532,0.0,0.0,-3218.9770202636532,1,bear_cross
TORNTPHARM,233,2015-06-11,634.875,2015-09-11,707.8250122070312,16997.35284423828,0.0,728.125,17725.47784423828,92,bear_cross
TATASTEEL,6962,2015-09-18,21.96057891845703,2015-09-22,21.57472038269043,-2686.34712600708,0.0,0.0,-2686.34712600708,4,bear_cross
BANKBARODA,807,2015-09-22,192.1000061035156,2015-10-14,176.0,-12992.704925537086,0.0,0.0,-12992.704925537086,22,bear_cross
BPCL,154,2015-09-22,145.2083282470703,2015-10-15,143.71665954589844,-229.71697998046875,0.0,0.0,-229.71697998046875,23,bear_cross
RECLTD,1568,2015-09-21,98.4562530517578,2015-10-19,96.2437515258789,-3469.2023925781027,0.0,0.0,-3469.2023925781027,28,bear_cross
WIPRO,1404,2015-09-18,108.8531494140625,2015-10-20,108.2906494140625,-789.75,0.0,0.0,-789.75,32,bear_cross
TECHM,275,2015-09-21,561.5,2015-10-20,541.5999755859375,-5472.5067138671875,0.0,0.0,-5472.5067138671875,29,bear_cross
ADANIPORTS,467,2015-10-16,329.0,2015-10-26,314.1499938964844,-6934.952850341797,0.0,0.0,-6934.952850341797,10,bear_cross
DLF,1233,2015-09-11,123.9000015258789,2015-10-27,129.0,6288.298118591309,0.0,0.0,6288.298118591309,46,bear_cross
APOLLOHOSP,111,2015-09-16,1367.050048828125,2015-10-27,1420.4000244140625,5921.8472900390625,0.0,0.0,5921.8472900390625,41,bear_cross
AXISBANK,21,2015-10-19,505.0,2015-11-02,475.3999938964844,-621.6001281738281,0.0,0.0,-621.6001281738281,14,bear_cross
BOSCHLTD,7,2015-10-20,21132.44921875,2015-11-05,20264.150390625,-6078.091796875,0.0,0.0,-6078.091796875,16,bear_cross
HINDUNILVR,189,2015-10-29,818.5,2015-11-06,802.6500244140625,-2995.6453857421875,0.0,0.0,-2995.6453857421875,8,bear_cross
JSWSTEEL,1672,2015-10-30,92.1500015258789,2015-11-06,87.17500305175781,-8318.197448730469,0.0,0.0,-8318.197448730469,7,bear_cross
AMBUJACEM,86,2015-11-05,209.0500030517578,2015-11-06,208.1499938964844,-77.40078735351318,0.0,0.0,-77.40078735351318,1,bear_cross
BHARTIARTL,485,2015-10-16,316.5666198730469,2015-11-09,305.7064514160156,-5267.181701660156,0.0,0.0,-5267.181701660156,24,bear_cross
INFY,252,2015-10-26,574.9500122070312,2015-11-10,567.2999877929688,-1927.80615234375,0.0,0.0,-1927.80615234375,15,bear_cross
SHREECEM,13,2015-09-16,11310.0,2015-11-13,11814.400390625,6557.205078125,0.0,182.0,6739.205078125,58,bear_cross
AMBUJACEM,730,2015-11-09,209.8500061035156,2015-11-13,196.6999969482422,-9599.50668334959,0.0,0.0,-9599.50668334959,4,bear_cross
HCLTECH,312,2015-11-06,438.75,2015-11-19,422.8250122070313,-4968.596191406232,0.0,0.0,-4968.596191406232,13,bear_cross
COALINDIA,452,2015-11-10,339.6000061035156,2015-11-19,335.04998779296875,-2056.6082763671875,0.0,0.0,-2056.6082763671875,9,bear_cross
BANKBARODA,894,2015-11-23,171.89999389648438,2015-11-24,169.35000610351562,-2279.6890869140625,0.0,0.0,-2279.6890869140625,1,bear_cross
NTPC,1435,2015-09-18,106.54166412353516,2015-12-07,108.66666412353516,3049.375,0.0,0.0,3049.375,80,bear_cross
DIVISLAB,132,2015-11-02,1153.8499755859375,2015-12-09,1130.0,-3148.19677734375,0.0,0.0,-3148.19677734375,37,bear_cross
TVSMOTOR,657,2015-09-16,232.3000030517578,2015-12-10,270.70001220703125,25228.80601501465,0.0,0.0,25228.80601501465,85,bear_cross
KOTAKBANK,1121,2015-11-18,135.42999267578125,2015-12-10,133.72000122070312,-1916.9004211425781,0.0,0.0,-1916.9004211425781,22,bear_cross
PNB,977,2015-11-18,140.85000610351562,2015-12-10,130.35000610351562,-10258.5,0.0,0.0,-10258.5,22,bear_cross
MARUTI,34,2015-10-21,4508.75,2015-12-11,4498.10009765625,-362.0966796875,0.0,0.0,-362.0966796875,51,bear_cross
DLF,1287,2015-12-07,117.1500015258789,2015-12-14,108.1999969482422,-11518.655891418439,0.0,0.0,-11518.655891418439,7,bear_cross
BPCL,1027,2015-11-09,149.35000610351562,2015-12-16,148.27499389648438,-1104.0375366210938,0.0,0.0,-1104.0375366210938,37,bear_cross
M&M,237,2015-11-17,638.9500122070312,2015-12-16,644.5250244140625,1321.2778930664062,0.0,0.0,1321.2778930664062,29,bear_cross
TECHM,270,2015-12-15,543.6500244140625,2015-12-16,519.9500122070312,-6399.0032958984375,0.0,0.0,-6399.0032958984375,1,bear_cross
BAJAJ-AUTO,58,2015-12-18,2531.10009765625,2016-01-11,2375.85009765625,-9004.5,0.0,0.0,-9004.5,24,bear_cross
CUMMINSIND,143,2015-12-21,1025.1500244140625,2016-01-12,985.25,-5705.7034912109375,0.0,0.0,-5705.7034912109375,22,bear_cross
HINDALCO,1836,2015-12-21,79.9000015258789,2016-01-12,77.9000015258789,-3672.0,0.0,0.0,-3672.0,22,bear_cross
GODREJCP,334,2015-12-16,437.8999938964844,2016-01-13,423.0833435058594,-4948.76123046875,0.0,0.0,-4948.76123046875,28,bear_cross
CGPOWER,2003,2015-11-24,66.39745330810547,2016-01-14,64.57858276367188,-3643.1977005004883,0.0,0.0,-3643.1977005004883,51,bear_cross
KOTAKBANK,1055,2015-12-17,138.89999389648438,2016-01-15,136.82000732421875,-2194.3858337402344,0.0,0.0,-2194.3858337402344,29,bear_cross
TVSMOTOR,504,2016-01-13,290.1499938964844,2016-01-19,274.20001220703125,-8038.790771484375,0.0,0.0,-8038.790771484375,6,bear_cross
GAIL,39,2015-11-24,67.85628509521484,2016-01-20,64.30315399169922,-138.57211303710938,0.0,0.0,-138.57211303710938,57,bear_cross
NTPC,1306,2015-12-18,112.95833587646484,2016-01-21,110.16666412353516,-3645.923309326172,0.0,0.0,-3645.923309326172,34,bear_cross
SUNPHARMA,186,2015-12-17,784.0999755859375,2016-01-22,773.1500244140625,-2036.69091796875,0.0,0.0,-2036.69091796875,36,bear_cross
BPCL,932,2016-01-18,155.4250030517578,2016-01-25,147.2083282470703,-7657.94091796875,0.0,0.0,-7657.94091796875,7,bear_cross
RELIANCE,655,2015-12-17,223.7029266357422,2016-01-27,229.486083984375,3787.968063354492,0.0,0.0,3787.968063354492,41,bear_cross
NTPC,1224,2016-02-02,116.875,2016-02-04,107.20833587646484,-11831.996887207031,0.0,0.0,-11831.996887207031,2,bear_cross
JSWSTEEL,1284,2016-01-27,110.7249984741211,2016-02-05,101.06999969482422,-12397.018432617188,0.0,0.0,-12397.018432617188,9,bear_cross
GAIL,2068,2016-02-01,69.11253356933594,2016-02-08,64.22815704345703,-10100.890655517578,0.0,0.0,-10100.890655517578,7,bear_cross
HCLTECH,330,2016-02-01,432.875,2016-02-12,404.0,-9528.75,0.0,0.0,-9528.75,11,bear_cross
TVSMOTOR,489,2016-02-01,292.25,2016-02-12,279.04998779296875,-6454.805969238281,0.0,489.0,-5965.805969238281,11,bear_cross
INFY,254,2016-01-18,569.9500122070312,2016-02-15,542.3250122070312,-7016.75,0.0,0.0,-7016.75,28,bear_cross
ASIANPAINT,142,2016-02-05,889.3499755859375,2016-02-16,858.7000122070312,-4352.2947998046875,0.0,0.0,-4352.2947998046875,11,bear_cross
AMBUJACEM,687,2016-02-16,198.0,2016-02-17,194.0,-2748.0,0.0,0.0,-2748.0,1,bear_cross
BAJFINANCE,237,2016-02-04,63.79750061035156,2016-02-24,58.94850158691406,-1149.2127685546875,0.0,0.0,-1149.2127685546875,20,bear_cross
BAJAJ-AUTO,57,2016-02-18,2357.449951171875,2016-03-01,2201.199951171875,-8906.25,0.0,0.0,-8906.25,12,bear_cross
APOLLOHOSP,95,2016-02-02,1498.4000244140625,2016-03-11,1404.050048828125,-8963.247680664062,0.0,0.0,-8963.247680664062,38,bear_cross
SUNPHARMA,173,2016-01-28,821.1500244140625,2016-03-18,827.25,1055.2957763671875,0.0,0.0,1055.2957763671875,50,bear_cross
BRITANNIA,98,2016-02-25,1376.699951171875,2016-03-21,1342.9000244140625,-3312.392822265625,0.0,0.0,-3312.392822265625,25,bear_cross
UNITDSPR,272,2016-03-21,518.0599975585938,2016-04-06,489.7300109863281,-7705.75634765625,0.0,0.0,-7705.75634765625,16,bear_cross
ASIANPAINT,153,2016-04-06,869.8499755859375,2016-04-08,858.25,-1774.7962646484375,0.0,0.0,-1774.7962646484375,2,bear_cross
BHARTIARTL,459,2016-02-15,292.5030517578125,2016-04-11,301.5606689453125,4157.4462890625,0.0,0.0,4157.4462890625,56,bear_cross
ONGC,907,2016-03-18,141.5,2016-04-11,137.43333435058594,-3688.4657440185547,0.0,0.0,-3688.4657440185547,24,bear_cross
HINDZINC,891,2016-01-28,159.75,2016-04-12,160.25,445.5,0.0,21384.0,21829.5,75,bear_cross
ULTRACEMCO,50,2016-02-01,2840.10009765625,2016-05-05,3183.64990234375,17177.490234375,0.0,0.0,17177.490234375,94,bear_cross
PIDILITIND,469,2016-04-12,301.8999938964844,2016-05-06,294.57501220703125,-3435.4164123535156,0.0,0.0,-3435.4164123535156,24,bear_cross
CANBK,141,2016-03-11,35.01557159423828,2016-05-10,37.74873352050781,385.3758316040039,0.0,0.0,385.3758316040039,60,bear_cross
ONGC,1033,2016-04-18,142.23333740234375,2016-05-11,138.60000610351562,-3753.231231689453,0.0,0.0,-3753.231231689453,23,bear_cross
BANKBARODA,988,2016-02-19,138.85000610351562,2016-05-18,141.89999389648438,3013.387939453125,0.0,0.0,3013.387939453125,89,bear_cross
BHARTIARTL,464,2016-04-18,316.5666198730469,2016-05-20,310.7535095214844,-2697.283203125,0.0,0.0,-2697.283203125,32,bear_cross
ZYDUSLIFE,450,2016-05-12,333.0,2016-05-23,321.54998779296875,-5152.5054931640625,0.0,0.0,-5152.5054931640625,11,bear_cross
M&M,229,2016-04-12,618.0,2016-05-24,642.4749755859375,5604.7694091796875,0.0,0.0,5604.7694091796875,42,bear_cross
DLF,1169,2016-03-03,107.8000030517578,2016-05-25,120.0,14261.796432495134,0.0,2338.0,16599.79643249513,83,bear_cross
UNITDSPR,284,2016-05-09,516.1099853515625,2016-05-26,499.6900024414063,-4663.275146484359,0.0,0.0,-4663.275146484359,17,bear_cross
APOLLOHOSP,108,2016-05-23,1329.199951171875,2016-06-16,1322.3499755859375,-739.79736328125,0.0,0.0,-739.79736328125,24,bear_cross
DRREDDY,240,2016-05-24,605.9600219726562,2016-06-21,611.3900146484375,1303.1982421875,0.0,0.0,1303.1982421875,28,bear_cross
SHRIRAMFIN,793,2016-02-08,163.96414184570312,2016-06-24,223.89659118652344,47526.43232727051,0.0,0.0,47526.43232727051,137,bear_cross
BOSCHLTD,5,2016-05-16,20676.150390625,2016-06-28,20930.69921875,1272.744140625,0.0,425.0,1697.744140625,43,bear_cross
TATAPOWER,2023,2016-05-26,73.1500015258789,2016-06-28,72.19999694824219,-1921.859260559082,0.0,0.0,-1921.859260559082,33,bear_cross
DRREDDY,232,2016-06-28,649.3200073242188,2016-07-29,591.9500122070312,-13309.8388671875,0.0,928.0,-12381.8388671875,31,bear_cross
GAIL,1969,2016-06-21,72.38441467285156,2016-08-02,71.25003814697266,-2233.5873794555664,0.0,0.0,-2233.5873794555664,42,bear_cross
LT,152,2016-05-27,982.7666625976562,2016-08-04,985.7333374023438,450.9345703125,0.0,0.0,450.9345703125,69,bear_cross
GODREJCP,314,2016-05-13,479.75,2016-08-05,528.566650390625,15328.42822265625,0.0,104.666562,15433.09478465625,84,bear_cross
GRASIM,224,2016-06-28,674.0730590820312,2016-08-18,697.4730834960938,5241.60546875,0.0,0.0,5241.60546875,51,bear_cross
NESTLEIND,50,2016-05-18,310.9800109863281,2016-08-19,334.8500061035156,1193.499755859375,0.0,30.0,1223.499755859375,93,bear_cross
HCLTECH,327,2016-07-29,375.3999938964844,2016-09-01,389.2749938964844,4537.125,0.0,981.0,5518.125,34,bear_cross
SHREECEM,13,2016-02-17,10222.2998046875,2016-09-19,16721.05078125,84483.7626953125,0.0,364.0,84847.7626953125,215,bear_cross
TATAPOWER,2169,2016-08-11,74.0,2016-09-20,76.8499984741211,6181.646690368652,0.0,2819.7000000000003,9001.346690368653,40,bear_cross
ITC,648,2016-05-20,208.53533935546875,2016-09-27,238.8511199951172,19644.625854492188,0.0,3672.0002160000004,23316.626070492188,130,bear_cross
KOTAKBANK,1053,2016-08-08,154.8699951171875,2016-09-28,156.88999938964844,2127.064498901367,0.0,0.0,2127.064498901367,51,bear_cross
GAIL,1880,2016-09-02,73.45316314697266,2016-09-29,70.39691162109375,-5745.752868652344,0.0,1057.5,-4688.252868652344,27,bear_cross
INFY,318,2016-09-20,530.5999755859375,2016-10-03,518.0250244140625,-3998.83447265625,0.0,0.0,-3998.83447265625,13,bear_cross
UNIONBANK,1215,2016-08-23,133.60000610351562,2016-10-04,143.1999969482422,11663.988876342773,0.0,0.0,11663.988876342773,42,bear_cross
CIPLA,305,2016-06-29,497.3500061035156,2016-10-10,570.0499877929688,22173.494415283203,0.0,610.0,22783.494415283203,103,bear_cross
INDHOTEL,1443,2016-09-30,116.3404769897461,2016-10-14,115.52373504638672,-1178.5586242675781,0.0,0.0,-1178.5586242675781,14,bear_cross
BRITANNIA,102,2016-10-10,1693.324951171875,2016-10-14,1662.7249755859375,-3121.197509765625,0.0,0.0,-3121.197509765625,4,bear_cross
GRASIM,7,2016-09-19,748.8869018554688,2016-10-27,749.9515991210938,7.452880859375,0.0,0.0,7.452880859375,38,bear_cross
UNITDSPR,326,2016-10-03,493.2900085449219,2016-10-27,465.6700134277344,-9004.118408203125,0.0,0.0,-9004.118408203125,24,bear_cross
SHREECEM,9,2016-10-04,17892.900390625,2016-10-28,16719.099609375,-10564.20703125,0.0,0.0,-10564.20703125,24,bear_cross
WIPRO,1876,2016-10-20,92.8125228881836,2016-11-01,86.64376831054688,-11572.583587646484,0.0,0.0,-11572.583587646484,12,bear_cross
APOLLOHOSP,126,2016-10-19,1378.1500244140625,2016-11-02,1337.800048828125,-5084.096923828125,0.0,0.0,-5084.096923828125,14,bear_cross
CHOLAFIN,749,2016-09-29,227.72000122070312,2016-11-03,232.50999450683597,3587.704971313498,0.0,0.0,3587.704971313498,35,bear_cross
BHARTIARTL,621,2016-11-03,279.0292358398437,2016-11-07,276.41558837890625,-1623.0750732421523,0.0,0.0,-1623.0750732421523,4,bear_cross
BAJAJFINSV,690,2016-06-16,194.69000244140625,2016-11-10,303.2449951171875,74902.94494628906,0.0,0.0,74902.94494628906,147,bear_cross
ONGC,1051,2016-08-11,152.6999969482422,2016-11-10,179.93333435058594,28622.23760986328,0.0,5430.167017000001,34052.40462686328,91,bear_cross
TVSMOTOR,354,2016-08-18,312.8999938964844,2016-11-15,361.7999877929688,17310.59783935549,0.0,442.5,17753.09783935549,89,bear_cross
HINDZINC,742,2016-09-28,228.9499969482422,2016-11-17,237.9499969482422,6678.0,0.0,1409.8,8087.8,50,bear_cross
COALINDIA,470,2016-11-03,327.95001220703125,2016-11-18,306.8500061035156,-9917.002868652344,0.0,0.0,-9917.002868652344,15,bear_cross
KOTAKBANK,976,2016-10-28,161.32000732421875,2016-11-21,155.85000610351562,-5338.72119140625,0.0,0.0,-5338.72119140625,24,bear_cross
CGPOWER,1970,2016-11-08,85.9000015258789,2016-11-21,72.75,-25905.503005981445,0.0,0.0,-25905.503005981445,13,bear_cross
PNB,1071,2016-11-15,155.6999969482422,2016-11-24,137.5,-19492.196731567383,0.0,0.0,-19492.196731567383,9,bear_cross
DRREDDY,259,2016-10-27,648.4600219726562,2016-11-25,622.3400268554688,-6765.0787353515625,0.0,0.0,-6765.0787353515625,29,bear_cross
CANBK,2582,2016-11-18,63.06693649291992,2016-11-28,60.40186309814453,-6881.219505310059,0.0,0.0,-6881.219505310059,10,bear_cross
SBIN,274,2016-11-15,273.0,2016-11-29,253.5500030517578,-5329.299163818359,0.0,0.0,-5329.299163818359,14,bear_cross
UNIONBANK,945,2016-11-18,149.39999389648438,2016-12-09,141.6999969482422,-7276.497116088867,0.0,0.0,-7276.497116088867,21,bear_cross
POWERGRID,1607,2016-11-11,106.0031509399414,2016-12-16,103.1343994140625,-4610.083702087402,0.0,0.0,-4610.083702087402,35,bear_cross
ZYDUSLIFE,235,2016-11-29,410.8500061035156,2016-12-16,380.1499938964844,-7214.502868652344,0.0,0.0,-7214.502868652344,17,bear_cross
RECLTD,1572,2016-11-28,103.8000030517578,2016-12-20,96.7874984741211,-11023.6571960449,0.0,0.0,-11023.6571960449,22,bear_cross
INDHOTEL,31,2016-12-16,89.5694580078125,2016-12-21,87.2099838256836,-73.1436996459961,0.0,0.0,-73.1436996459961,5,bear_cross
HINDALCO,1055,2016-11-04,162.8000030517578,2016-12-22,168.8000030517578,6330.0,0.0,0.0,6330.0,48,bear_cross
BOSCHLTD,3,2016-12-09,20922.599609375,2016-12-22,19314.25,-4825.048828125,0.0,0.0,-4825.048828125,13,bear_cross
PFC,1578,2016-11-24,101.55999755859376,2016-12-23,99.8000030517578,-2777.2713317871544,0.0,0.0,-2777.2713317871544,29,bear_cross
HINDZINC,590,2016-11-25,273.3500061035156,2016-12-26,258.45001220703125,-8790.996398925781,0.0,0.0,-8790.996398925781,31,bear_cross
VEDL,727,2016-11-25,221.8000030517578,2016-12-26,216.6499938964844,-3744.0566558837686,0.0,0.0,-3744.0566558837686,31,bear_cross
DLF,1372,2016-12-26,113.75,2016-12-27,105.1500015258789,-11799.19790649414,0.0,0.0,-11799.19790649414,1,bear_cross
GODREJCP,293,2016-12-16,484.8999938964844,2016-12-28,484.7166748046875,-53.712493896484375,0.0,0.0,-53.712493896484375,12,bear_cross
ONGC,863,2016-11-29,189.3333282470703,2016-12-29,189.8999938964844,489.0324554443605,0.0,0.0,489.0324554443605,30,bear_cross
NTPC,1188,2016-11-01,126.875,2016-12-30,136.2916717529297,11187.006042480469,0.0,0.0,11187.006042480469,59,bear_cross
TMPV,333,2016-12-21,473.1499938964844,2017-02-13,509.5499877929688,12121.197967529315,0.0,0.0,12121.197967529315,54,bear_cross
NTPC,1144,2017-01-02,137.2916717529297,2017-02-16,140.875,4099.3275146484375,0.0,2488.2,6587.527514648437,45,bear_cross
BOSCHLTD,7,2017-01-02,21049.94921875,2017-02-22,21732.0,4774.35546875,0.0,525.0,5299.35546875,51,bear_cross
CHOLAFIN,823,2016-12-29,187.8699951171875,2017-03-01,194.7400054931641,5654.018539428735,0.0,576.0999999999999,6230.118539428735,62,bear_cross
ITC,689,2016-12-30,227.2480010986328,2017-03-01,252.47637939453125,17382.352645874023,0.0,0.0,17382.352645874023,61,bear_cross
ADANIPORTS,570,2017-03-02,302.5,2017-03-03,293.8500061035156,-4930.496520996094,0.0,0.0,-4930.496520996094,1,bear_cross
IOC,1564,2016-12-21,100.76666259765624,2017-03-08,126.23332977294922,39829.867462158225,0.0,7038.0,46867.867462158225,77,bear_cross
TECHM,32,2017-02-13,499.8999938964844,2017-03-15,479.8500061035156,-641.599609375,0.0,0.0,-641.599609375,30,bear_cross
GAIL,1929,2016-12-26,80.91566467285156,2017-03-20,93.78752136230467,24829.81155395505,0.0,3074.345679,27904.157232955047,84,bear_cross
M&M,256,2017-01-03,614.9000244140625,2017-03-23,635.4249877929688,5254.390625,0.0,0.0,5254.390625,79,bear_cross
CIPLA,263,2017-02-22,593.0999755859375,2017-04-11,589.6500244140625,-907.337158203125,0.0,0.0,-907.337158203125,48,bear_cross
HINDALCO,862,2017-03-06,198.5500030517578,2017-04-17,183.25,-13188.602630615234,0.0,0.0,-13188.602630615234,42,bear_cross
WIPRO,1899,2017-02-17,90.1500244140625,2017-04-19,92.6250228881836,4700.022102355957,0.0,0.0,4700.022102355957,61,bear_cross
GODREJCP,315,2016-12-29,490.1333312988281,2017-04-20,548.4166870117188,18359.257049560547,0.0,104.999895,18464.256944560548,112,bear_cross
ADANIPORTS,569,2017-03-14,298.79998779296875,2017-04-20,325.79998779296875,15363.0,0.0,0.0,15363.0,37,bear_cross
INDIGO,195,2017-03-09,879.7999877929688,2017-05-22,1064.449951171875,36006.74285888672,0.0,0.0,36006.74285888672,74,bear_cross
BEL,3626,2017-03-15,47.633331298828125,2017-05-23,53.227272033691406,20283.629104614258,0.0,988.908102,21272.53720661426,69,bear_cross
BPCL,713,2017-04-11,233.43333435058597,2017-05-23,231.86666870117188,-1117.0326080322468,0.0,0.0,-1117.0326080322468,42,bear_cross
SUNPHARMA,181,2017-05-22,653.1500244140625,2017-05-23,640.1500244140625,-2353.0,0.0,0.0,-2353.0,1,bear_cross
CUMMINSIND,193,2017-03-23,902.6500244140624,2017-05-24,926.2000122070312,4545.147644042991,0.0,0.0,4545.147644042991,62,bear_cross
BAJAJ-AUTO,63,2017-04-27,2885.449951171875,2017-05-26,2822.800048828125,-3946.94384765625,0.0,0.0,-3946.94384765625,29,bear_cross
ULTRACEMCO,44,2017-04-25,4141.5498046875,2017-05-29,4154.39990234375,565.404296875,0.0,0.0,565.404296875,34,bear_cross
ASIANPAINT,166,2017-04-27,1104.6500244140625,2017-05-29,1132.449951171875,4614.787841796875,0.0,0.0,4614.787841796875,32,bear_cross
DLF,154,2017-03-20,147.64999389648438,2017-05-31,180.0,4981.900939941406,0.0,0.0,4981.900939941406,72,bear_cross
NESTLEIND,552,2017-05-30,330.86749267578125,2017-05-31,330.0400085449219,-456.771240234375,0.0,0.0,-456.771240234375,1,bear_cross
BPCL,13,2017-05-31,246.25,2017-06-09,235.61666870117188,-138.23330688476562,0.0,4.333329,-133.89997788476563,9,bear_cross
TMPV,401,2017-05-24,450.5,2017-06-19,455.75,2105.25,0.0,0.0,2105.25,26,bear_cross
HINDALCO,924,2017-05-29,198.3999938964844,2017-06-27,188.6999969482422,-8962.797180175807,0.0,0.0,-8962.797180175807,29,bear_cross
AXISBANK,281,2017-05-31,514.4000244140625,2017-06-28,492.8500061035156,-6055.555145263672,0.0,0.0,-6055.555145263672,28,bear_cross
M&M,268,2017-05-30,680.0250244140625,2017-06-29,678.0250244140625,-536.0,0.0,0.0,-536.0,30,bear_cross
NTPC,251,2017-06-19,133.8333282470703,2017-06-29,133.0416717529297,-198.70578002929688,0.0,0.0,-198.70578002929688,10,bear_cross
BOSCHLTD,7,2017-05-29,23606.30078125,2017-06-30,23263.599609375,-2398.908203125,0.0,630.0,-1768.908203125,32,bear_cross
ASIANPAINT,158,2017-05-31,1159.449951171875,2017-06-30,1104.550048828125,-8674.1845703125,0.0,1208.7,-7465.4845703125,30,bear_cross
JINDALSTEL,1467,2017-05-29,125.0,2017-07-03,123.1999969482422,-2640.60447692869,0.0,0.0,-2640.60447692869,35,bear_cross
HDFCBANK,521,2017-01-02,301.54998779296875,2017-07-07,414.5375061035156,58866.49703979492,0.0,1432.75,60299.24703979492,186,bear_cross
SHRIRAMFIN,743,2017-07-04,200.4926300048828,2017-07-20,188.8491058349609,-8651.138458251975,0.0,0.0,-8651.138458251975,16,bear_cross
SHREECEM,10,2017-07-10,18365.80078125,2017-07-28,17514.44921875,-8513.515625,0.0,240.0,-8273.515625,18,bear_cross
SUNPHARMA,326,2017-07-03,555.7000122070312,2017-08-02,533.7999877929688,-7139.407958984375,0.0,0.0,-7139.407958984375,30,bear_cross
TATAPOWER,2074,2017-06-28,81.0999984741211,2017-08-07,80.25,-1762.8968353271484,0.0,0.0,-1762.8968353271484,40,bear_cross
GODREJCP,314,2017-04-26,584.183349609375,2017-08-08,644.7999877929688,19033.624389648438,0.0,1465.3334380000001,20498.95782764844,104,bear_cross
BANKBARODA,1169,2017-07-31,161.5500030517578,2017-08-08,160.0500030517578,-1753.5,0.0,0.0,-1753.5,8,bear_cross
JINDALSTEL,1414,2017-07-04,128.6999969482422,2017-08-11,123.3000030517578,-7635.591369628926,0.0,0.0,-7635.591369628926,38,bear_cross
SHREECEM,6,2017-08-02,18631.69921875,2017-08-11,17336.30078125,-7772.390625,0.0,0.0,-7772.390625,9,bear_cross
PFC,1824,2017-08-07,102.76000213623048,2017-08-17,94.8000030517578,-14519.038330078176,0.0,0.0,-14519.038330078176,10,bear_cross
BAJAJ-AUTO,14,2017-07-20,2823.699951171875,2017-08-21,2811.35009765625,-172.89794921875,0.0,0.0,-172.89794921875,32,bear_cross
INFY,358,2017-08-18,510.4249877929688,2017-08-21,461.625,-17470.395629882834,0.0,0.0,-17470.395629882834,3,bear_cross
POWERGRID,1530,2017-07-03,118.43440246582033,2017-08-30,121.10627746582033,4087.96875,0.0,0.0,4087.96875,58,bear_cross
BHARTIARTL,525,2017-06-30,344.68585205078125,2017-09-07,362.7560424804688,9486.849975585967,0.0,473.159925,9960.009900585967,69,bear_cross
ICICIBANK,628,2017-08-31,300.29998779296875,2017-09-08,292.6499938964844,-4804.1961669921875,0.0,0.0,-4804.1961669921875,8,bear_cross
IOC,1150,2017-08-08,143.73333740234375,2017-09-18,138.5500030517578,-5960.834503173828,0.0,383.33295,-5577.501553173828,41,bear_cross
CGPOWER,67,2017-09-07,87.69999694824219,2017-09-25,79.0999984741211,-576.1998977661133,0.0,0.0,-576.1998977661133,18,bear_cross
AMBUJACEM,747,2017-06-28,240.75,2017-09-26,262.25,16060.5,0.0,1195.2,17255.7,90,bear_cross
JSWSTEEL,915,2017-06-12,202.0,2017-09-27,242.3500061035156,36920.25558471677,0.0,0.0,36920.25558471677,107,bear_cross
PIDILITIND,444,2017-08-21,410.7749938964844,2017-09-27,396.3500061035156,-6404.694580078125,0.0,1054.5,-5350.194580078125,37,bear_cross
ZYDUSLIFE,328,2017-09-25,489.1000061035156,2017-09-27,473.7999877929688,-5018.406005859357,0.0,0.0,-5018.406005859357,2,bear_cross
ADANIPORTS,454,2017-09-18,405.1499938964844,2017-09-29,372.0499877929688,-15027.402770996068,0.0,0.0,-15027.402770996068,11,bear_cross
TATACONSUM,944,2017-08-17,193.8500061035156,2017-10-03,205.8000030517578,11280.797119140652,0.0,0.0,11280.797119140652,47,bear_cross
CUMMINSIND,202,2017-10-05,924.5999755859376,2017-10-11,906.8499755859376,-3585.5,0.0,0.0,-3585.5,6,bear_cross
TATACONSUM,870,2017-10-05,204.9499969482422,2017-10-24,203.1000061035156,-1609.4920349121342,0.0,0.0,-1609.4920349121342,19,bear_cross
APOLLOHOSP,16,2017-10-11,1088.300048828125,2017-10-27,1023.0999755859376,-1043.2011718749982,0.0,0.0,-1043.2011718749982,16,bear_cross
DMART,195,2017-08-22,927.0999755859375,2017-11-08,1100.199951171875,33754.49523925781,0.0,0.0,33754.49523925781,78,bear_cross
BAJAJHLDNG,63,2017-10-05,2925.949951171875,2017-11-10,2908.550048828125,-1096.19384765625,0.0,0.0,-1096.19384765625,36,bear_cross
DRREDDY,412,2017-09-08,444.989990234375,2017-11-13,469.5700073242188,10126.967041015649,0.0,0.0,10126.967041015649,66,bear_cross
SHREECEM,10,2017-10-04,18591.599609375,2017-11-13,18054.55078125,-5370.48828125,0.0,0.0,-5370.48828125,40,bear_cross
HINDZINC,598,2017-10-05,312.04998779296875,2017-11-14,310.45001220703125,-956.785400390625,0.0,1196.0,239.214599609375,40,bear_cross
PFC,1671,2017-10-24,105.91999816894533,2017-11-15,100.23999786376952,-9491.280509948778,0.0,8020.799999999999,-1470.4805099487785,22,bear_cross
GAIL,1913,2017-08-24,96.3625259399414,2017-11-20,111.18753051757812,28360.233757019043,0.0,1291.275,29651.508757019044,88,bear_cross
ASIANPAINT,160,2017-11-16,1181.550048828125,2017-11-20,1171.300048828125,-1640.0,0.0,0.0,-1640.0,4,bear_cross
GRASIM,148,2017-10-27,1188.773193359375,2017-11-21,1177.7669677734375,-1628.92138671875,0.0,0.0,-1628.92138671875,25,bear_cross
RELIANCE,438,2017-11-23,425.5075988769531,2017-12-06,417.712890625,-3414.0822143554688,0.0,0.0,-3414.0822143554688,13,bear_cross
GAIL,1630,2017-11-23,117.26252746582033,2017-12-07,114.01252746582033,-5297.5,0.0,0.0,-5297.5,14,bear_cross
NTPC,1261,2017-11-23,151.5416717529297,2017-12-07,146.375,-6515.173080444336,0.0,0.0,-6515.173080444336,14,bear_cross
ABB,152,2017-11-20,1251.710205078125,2017-12-08,1241.99609375,-1476.544921875,0.0,0.0,-1476.544921875,18,bear_cross
CGPOWER,2212,2017-11-22,86.3499984741211,2017-12-08,84.4000015258789,-4313.393249511719,0.0,0.0,-4313.393249511719,16,bear_cross
HDFCBANK,412,2017-11-23,463.8125,2017-12-08,452.4125061035156,-4696.7974853515625,0.0,0.0,-4696.7974853515625,15,bear_cross
DMART,167,2017-12-08,1142.4000244140625,2017-12-14,1108.0,-5744.8040771484375,0.0,0.0,-5744.8040771484375,6,bear_cross
BEL,3044,2017-12-13,60.45000076293945,2017-12-18,59.98333358764648,-1420.5348815918185,0.0,0.0,-1420.5348815918185,5,bear_cross
APOLLOHOSP,166,2017-11-23,1149.5,2018-01-11,1172.1500244140625,3759.904052734375,0.0,0.0,3759.904052734375,49,bear_cross
BHARTIARTL,402,2017-12-12,480.0997314453125,2018-01-15,459.2356262207031,-8387.370300292969,0.0,0.0,-8387.370300292969,34,bear_cross
TVSMOTOR,224,2017-08-24,584.5999755859375,2018-01-16,740.4500122070312,34910.408203125,0.0,448.0,35358.408203125,145,bear_cross
PNB,1068,2018-01-11,170.64999389648438,2018-01-17,165.5500030517578,-5446.790222167969,0.0,0.0,-5446.790222167969,6,bear_cross
GAIL,1554,2017-12-08,123.13752746582033,2018-01-18,120.13752746582033,-4662.0,0.0,2972.025,-1689.975,41,bear_cross
PIDILITIND,463,2017-11-15,410.7999877929688,2018-01-22,445.1749877929688,15915.625,0.0,0.0,15915.625,68,bear_cross
SHRIRAMFIN,901,2017-10-04,206.83567810058597,2018-01-25,280.2044677734375,66105.27949523923,0.0,877.892053,66983.17154823923,113,bear_cross
BOSCHLTD,9,2018-01-16,19903.650390625,2018-01-29,19642.5,-2350.353515625,0.0,0.0,-2350.353515625,13,bear_cross
SBILIFE,268,2017-12-08,668.4000244140625,2018-01-31,667.9000244140625,-134.0,0.0,0.0,-134.0,54,bear_cross
CGPOWER,84,2017-12-14,85.69999694824219,2018-02-01,90.9000015258789,436.8003845214844,0.0,0.0,436.8003845214844,49,bear_cross
CANBK,1921,2018-01-25,75.8499984741211,2018-02-01,68.2699966430664,-14561.183517456055,0.0,0.0,-14561.183517456055,7,bear_cross
BANKBARODA,1160,2018-01-24,173.14999389648438,2018-02-02,152.35000610351562,-24127.98583984375,0.0,0.0,-24127.98583984375,9,bear_cross
CIPLA,322,2018-01-24,622.3499755859375,2018-02-02,587.0499877929688,-11366.596069335938,0.0,0.0,-11366.596069335938,9,bear_cross
BRITANNIA,82,2018-02-06,2308.35009765625,2018-02-07,2265.22509765625,-3536.25,0.0,0.0,-3536.25,1,bear_cross
AXISBANK,325,2017-12-18,547.9500122070312,2018-02-08,559.3499755859375,3704.9880981445312,0.0,0.0,3704.9880981445312,52,bear_cross
BAJAJ-AUTO,59,2018-01-29,3311.699951171875,2018-02-08,3135.550048828125,-10392.84423828125,0.0,0.0,-10392.84423828125,10,bear_cross
KOTAKBANK,963,2018-01-15,204.6699981689453,2018-02-14,208.58999633789065,3774.958236694363,0.0,0.0,3774.958236694363,30,bear_cross
GODREJCP,295,2018-01-18,666.2333374023438,2018-02-14,686.3333129882812,5929.4927978515625,0.0,196.666765,6126.159562851562,27,bear_cross
HCLTECH,438,2017-12-12,440.0,2018-02-15,468.8999938964844,12658.197326660156,0.0,438.0,13096.197326660156,65,bear_cross
IOC,1405,2018-01-31,138.75,2018-02-15,125.78333282470705,-18218.167381286603,0.0,8898.332865,-9319.834516286603,15,bear_cross
SBILIFE,260,2018-02-09,715.0,2018-02-15,682.25,-8515.0,0.0,0.0,-8515.0,6,bear_cross
EICHERMOT,65,2018-02-16,2834.044921875,2018-02-20,2708.949951171875,-8131.173095703125,0.0,0.0,-8131.173095703125,4,bear_cross
SUNPHARMA,319,2018-02-19,575.25,2018-02-21,559.5,-5024.25,0.0,0.0,-5024.25,2,bear_cross
CIPLA,306,2018-02-16,605.8499755859375,2018-02-23,589.6500244140625,-4957.18505859375,0.0,0.0,-4957.18505859375,7,bear_cross
TORNTPHARM,261,2018-02-16,710.4749755859375,2018-02-23,661.0999755859375,-12886.875,0.0,0.0,-12886.875,7,bear_cross
BAJAJFINSV,357,2018-02-15,518.9000244140625,2018-02-26,501.9649963378906,-6045.805023193359,0.0,0.0,-6045.805023193359,11,bear_cross
BAJAJFINSV,361,2018-02-27,519.2949829101562,2018-03-08,483.614990234375,-12880.477355957031,0.0,0.0,-12880.477355957031,9,bear_cross
APOLLOHOSP,153,2018-02-16,1207.949951171875,2018-03-12,1149.050048828125,-9011.68505859375,0.0,0.0,-9011.68505859375,24,bear_cross
INDIGO,147,2018-02-12,1258.6500244140625,2018-03-20,1215.800048828125,-6298.9464111328125,0.0,0.0,-6298.9464111328125,36,bear_cross
IOC,1366,2018-03-14,135.9499969482422,2018-03-21,115.9000015258789,-27388.293746948242,0.0,0.0,-27388.293746948242,7,bear_cross
KOTAKBANK,860,2018-02-26,216.1699981689453,2018-03-22,210.22000122070312,-5116.997375488281,0.0,0.0,-5116.997375488281,24,bear_cross
HINDZINC,97,2018-02-20,312.29998779296875,2018-03-23,312.75,43.65118408203125,0.0,582.0,625.6511840820312,31,bear_cross
MUTHOOTFIN,464,2018-03-21,389.45001220703125,2018-03-23,389.20001220703125,-116.0,0.0,0.0,-116.0,2,bear_cross
BRITANNIA,78,2018-02-16,2377.875,2018-03-27,2429.0,3987.75,0.0,0.0,3987.75,39,bear_cross
INFY,307,2018-02-23,580.375,2018-04-03,568.5750122070312,-3622.5962524414062,0.0,0.0,-3622.5962524414062,39,bear_cross
GODREJCP,242,2018-02-21,703.1333618164062,2018-04-13,718.4000244140625,3694.5323486328125,0.0,0.0,3694.5323486328125,51,bear_cross
ADANIENT,1932,2018-04-13,87.32464599609375,2018-04-19,87.74169921875,805.746826171875,0.0,0.0,805.746826171875,6,bear_cross
HCLTECH,376,2018-03-28,486.0249938964844,2018-05-08,464.1000061035156,-8243.79541015625,0.0,0.0,-8243.79541015625,41,bear_cross
COALINDIA,609,2018-04-19,285.1000061035156,2018-05-08,267.3999938964844,-10779.307434082031,0.0,0.0,-10779.307434082031,19,bear_cross
SHRIRAMFIN,706,2018-03-13,261.84765625,2018-05-11,292.2669372558594,21476.01239013672,0.0,0.0,21476.01239013672,59,bear_cross
DMART,156,2018-02-19,1173.5,2018-05-15,1425.199951171875,39265.1923828125,0.0,0.0,39265.1923828125,85,bear_cross
CHOLAFIN,666,2018-02-15,277.989990234375,2018-05-16,315.45001220703125,24948.374633789062,0.0,0.0,24948.374633789062,90,bear_cross
MUTHOOTFIN,445,2018-04-02,407.45001220703125,2018-05-16,426.25,8365.994567871094,0.0,0.0,8365.994567871094,44,bear_cross
EICHERMOT,62,2018-05-15,3049.52490234375,2018-05-21,3008.6201171875,-2536.0966796875,0.0,0.0,-2536.0966796875,6,bear_cross
GAIL,1481,2018-05-08,114.5999984741211,2018-05-23,109.33333587646484,-7799.927307128906,0.0,0.0,-7799.927307128906,15,bear_cross
IOC,1436,2018-05-15,112.26666259765624,2018-05-23,107.0,-7562.927490234355,0.0,0.0,-7562.927490234355,8,bear_cross
M&M,189,2018-03-20,742.7000122070312,2018-05-24,831.7999877929688,16839.895385742188,0.0,0.0,16839.895385742188,65,bear_cross
TATASTEEL,3197,2018-05-11,59.415000915527344,2018-05-24,54.005001068115234,-17295.769512176514,0.0,0.0,-17295.769512176514,13,bear_cross
BPCL,949,2018-05-23,198.8000030517578,2018-05-24,186.9750061035156,-11221.922103881863,0.0,0.0,-11221.922103881863,1,bear_cross
AXISBANK,344,2018-05-29,546.1500244140625,2018-06-11,537.4000244140625,-3010.0,0.0,0.0,-3010.0,13,bear_cross
ASIANPAINT,14,2018-04-03,1150.1500244140625,2018-06-19,1282.050048828125,1846.600341796875,0.0,84.7,1931.300341796875,77,bear_cross
HDFCBANK,385,2018-04-02,471.5249938964844,2018-06-20,505.875,13224.752349853516,0.0,1251.25,14476.002349853516,79,bear_cross
COALINDIA,662,2018-05-30,282.3500061035156,2018-06-21,270.6000061035156,-7778.5,0.0,0.0,-7778.5,22,bear_cross
WIPRO,1835,2018-06-19,99.6562728881836,2018-06-21,97.38752746582033,-4163.147850036595,0.0,0.0,-4163.147850036595,2,bear_cross
SBIN,704,2018-05-24,263.20001220703125,2018-06-29,257.0,-4364.80859375,0.0,0.0,-4364.80859375,36,bear_cross
ICICIBANK,638,2018-06-25,300.6499938964844,2018-06-29,271.3999938964844,-18661.5,0.0,0.0,-18661.5,4,bear_cross
TVSMOTOR,325,2018-06-22,583.2000122070312,2018-07-02,552.8499755859375,-9863.761901855469,0.0,0.0,-9863.761901855469,10,bear_cross
BAJAJFINSV,329,2018-05-21,572.97998046875,2018-07-03,577.8300170898438,1595.6620483398438,0.0,0.0,1595.6620483398438,43,bear_cross
AMBUJACEM,905,2018-07-02,207.4499969482422,2018-07-03,199.8999938964844,-6832.752761840795,0.0,0.0,-6832.752761840795,1,bear_cross
M&M,215,2018-05-30,870.25,2018-07-04,894.2000122070312,5149.252624511719,0.0,0.0,5149.252624511719,35,bear_cross
RELIANCE,299,2018-06-11,450.01171875,2018-07-04,444.0456848144531,-1783.8441467285156,0.0,888.57717,-895.2669767285156,23,bear_cross
BAJAJ-AUTO,63,2018-07-06,2966.949951171875,2018-07-25,2648.64990234375,-20052.903076171875,0.0,0.0,-20052.903076171875,19,bear_cross
HDFCBANK,369,2018-06-22,514.4000244140625,2018-08-08,532.7249755859375,6761.906982421875,0.0,0.0,6761.906982421875,47,bear_cross
BRITANNIA,73,2018-03-28,2482.39990234375,2018-08-09,3150.699951171875,48785.903564453125,0.0,912.5,49698.403564453125,134,bear_cross
HCLTECH,354,2018-07-02,463.125,2018-08-10,478.3250122070313,5380.8043212890825,0.0,354.0,5734.8043212890825,39,bear_cross
GODREJCP,252,2018-05-29,746.566650390625,2018-08-14,870.3333129882812,31189.198974609375,0.0,335.99991600000004,31525.198890609376,77,bear_cross
ASIANPAINT,142,2018-07-06,1321.4000244140625,2018-08-21,1409.0999755859375,12453.39306640625,0.0,0.0,12453.39306640625,46,bear_cross
MUTHOOTFIN,459,2018-07-06,409.25,2018-08-28,410.20001220703125,436.05560302734375,0.0,0.0,436.05560302734375,53,bear_cross
GAIL,1631,2018-07-06,115.3499984741211,2018-09-03,124.06666564941406,14216.884162902832,0.0,782.88,14999.764162902831,59,bear_cross
BAJFINANCE,916,2018-05-18,206.6499938964844,2018-09-07,268.4100036621094,56572.16894531247,0.0,366.40000000000003,56938.56894531247,112,bear_cross
UNITDSPR,321,2018-08-13,605.4000244140625,2018-09-10,605.0999755859375,-96.315673828125,0.0,0.0,-96.315673828125,28,bear_cross
ADANIENSOL,30,2018-07-25,178.3000030517578,2018-09-19,182.9499969482422,139.49981689453125,0.0,0.0,139.49981689453125,56,bear_cross
SBILIFE,296,2018-09-12,676.5999755859375,2018-09-19,623.0,-15865.5927734375,0.0,0.0,-15865.5927734375,7,bear_cross
DLF,978,2018-09-17,209.25,2018-09-19,202.8000030517578,-6308.097015380859,0.0,0.0,-6308.097015380859,2,bear_cross
APOLLOHOSP,182,2018-08-14,1068.5999755859375,2018-09-21,1070.9000244140625,418.60888671875,0.0,910.0,1328.60888671875,38,bear_cross
JINDALSTEL,984,2018-08-28,207.1999969482422,2018-10-03,193.75,-13234.796997070312,0.0,0.0,-13234.796997070312,36,bear_cross
BAJAJ-AUTO,74,2018-09-03,2744.85009765625,2018-10-03,2730.10009765625,-1091.5,0.0,0.0,-1091.5,30,bear_cross
DRREDDY,355,2018-08-08,451.760009765625,2018-10-05,474.489990234375,8069.14306640625,0.0,0.0,8069.14306640625,58,bear_cross
TATACONSUM,857,2018-09-25,233.3000030517578,2018-10-05,218.1999969482422,-12940.70523071289,0.0,0.0,-12940.70523071289,10,bear_cross
DIVISLAB,122,2018-07-09,1074.0,2018-10-08,1281.6500244140625,25333.302978515625,0.0,1220.0,26553.302978515625,91,bear_cross
ONGC,1134,2018-09-21,177.0,2018-10-08,147.0500030517578,-33963.29653930664,0.0,0.0,-33963.29653930664,17,bear_cross
GAIL,1551,2018-09-24,130.0500030517578,2018-10-08,110.68333435058594,-30037.703155517578,0.0,0.0,-30037.703155517578,14,bear_cross
BPCL,1104,2018-09-26,182.1000061035156,2018-10-08,132.64999389648438,-54592.81347656247,0.0,0.0,-54592.81347656247,12,bear_cross
LTM,106,2018-08-21,1880.75,2018-10-10,1731.949951171875,-15772.80517578125,0.0,0.0,-15772.80517578125,50,bear_cross
HINDALCO,863,2018-08-10,227.4499969482422,2018-10-11,226.8999938964844,-474.65263366696763,0.0,1035.6,560.9473663330323,62,bear_cross
TATACONSUM,759,2018-10-17,235.4499969482422,2018-10-25,219.8000030517578,-11878.34536743164,0.0,0.0,-11878.34536743164,8,bear_cross
DRREDDY,356,2018-10-23,503.8800048828125,2018-10-25,486.8599853515625,-6059.126953125,0.0,0.0,-6059.126953125,2,bear_cross
TATAPOWER,2466,2018-10-23,69.5999984741211,2018-10-29,68.9000015258789,-1726.1924743652344,0.0,0.0,-1726.1924743652344,6,bear_cross
KOTAKBANK,772,2018-10-23,232.8000030517578,2018-11-01,223.8300018310547,-6924.8409423828125,0.0,0.0,-6924.8409423828125,9,bear_cross
COALINDIA,652,2018-10-23,275.5,2018-11-05,261.54998779296875,-9095.407958984375,0.0,0.0,-9095.407958984375,13,bear_cross
ADANIENT,1134,2018-10-17,157.64999389648438,2018-11-22,161.0,3798.9069213867188,0.0,0.0,3798.9069213867188,36,bear_cross
BEL,6486,2018-10-22,27.700000762939453,2018-12-03,27.75,324.29505157470703,0.0,0.0,324.29505157470703,42,bear_cross
RECLTD,2239,2018-10-26,80.25,2018-12-03,74.92500305175781,-11922.668167114258,0.0,0.0,-11922.668167114258,38,bear_cross
BANKBARODA,1509,2018-11-01,110.6500015258789,2018-12-03,105.0500030517578,-8450.397697448752,0.0,0.0,-8450.397697448752,32,bear_cross
SBILIFE,320,2018-12-03,571.4000244140625,2018-12-04,569.3499755859375,-656.015625,0.0,0.0,-656.015625,1,bear_cross
PFC,2773,2018-10-23,64.83999633789062,2018-12-05,77.95999908447266,36381.76761627197,0.0,0.0,36381.76761627197,43,bear_cross
ICICIBANK,549,2018-10-23,327.1000061035156,2018-12-10,352.20001220703125,13779.903350830078,0.0,0.0,13779.903350830078,48,bear_cross
DLF,1015,2018-11-05,169.9499969482422,2018-12-12,171.4499969482422,1522.5,0.0,0.0,1522.5,37,bear_cross
TECHM,259,2018-12-04,712.7000122070312,2018-12-12,695.2999877929688,-4506.6063232421875,0.0,0.0,-4506.6063232421875,8,bear_cross
TVSMOTOR,336,2018-12-04,550.5999755859375,2018-12-12,552.2999877929688,571.2041015625,0.0,0.0,571.2041015625,8,bear_cross
APOLLOHOSP,158,2018-10-16,1133.0,2018-12-14,1222.1500244140625,14085.703857421875,0.0,0.0,14085.703857421875,59,bear_cross
INFY,269,2018-12-05,685.25,2018-12-27,644.0499877929688,-11082.803283691406,0.0,0.0,-11082.803283691406,22,bear_cross
DRREDDY,328,2018-11-22,520.3599853515625,2019-01-01,523.2999877929688,964.32080078125,0.0,0.0,964.32080078125,40,bear_cross
DLF,1028,2018-12-17,178.75,2019-01-03,173.10000610351562,-5808.1937255859375,0.0,0.0,-5808.1937255859375,17,bear_cross
TVSMOTOR,321,2018-12-13,570.5999755859375,2019-01-04,537.8499755859375,-10512.75,0.0,0.0,-10512.75,22,bear_cross
INDHOTEL,1435,2018-10-29,124.69964599609376,2019-01-08,140.5537567138672,22750.64888000486,0.0,0.0,22750.64888000486,71,bear_cross
INDIGO,3,2018-10-29,870.0999755859375,2019-01-16,1082.949951171875,638.5499267578125,0.0,0.0,638.5499267578125,79,bear_cross
BOSCHLTD,9,2018-12-17,19691.349609375,2019-01-17,19089.400390625,-5417.54296875,0.0,0.0,-5417.54296875,31,bear_cross
HDFCLIFE,465,2019-01-09,394.70001220703125,2019-01-22,383.8500061035156,-5045.252838134766,0.0,0.0,-5045.252838134766,13,bear_cross
BEL,6180,2018-12-27,29.566665649414062,2019-01-23,28.38333320617676,-7312.994499206521,0.0,0.0,-7312.994499206521,27,bear_cross
BANKBARODA,1650,2018-12-17,111.4000015258789,2019-01-24,111.3000030517578,-164.99748229982814,0.0,0.0,-164.99748229982814,38,bear_cross
BHARTIARTL,642,2019-01-03,281.778076171875,2019-01-24,273.7118225097656,-5178.534851074219,0.0,0.0,-5178.534851074219,21,bear_cross
BPCL,969,2019-01-24,178.5749969482422,2019-01-28,178.72500610351562,145.35887145996094,0.0,0.0,145.35887145996094,4,bear_cross
SIEMENS,5,2018-12-03,558.0310668945312,2019-01-29,581.9806518554688,119.7479248046875,0.0,35.0,154.7479248046875,57,bear_cross
ITC,675,2019-01-02,272.21612548828125,2019-01-29,264.5609741210937,-5167.227172851601,0.0,0.0,-5167.227172851601,27,bear_cross
PIDILITIND,320,2019-01-18,575.7750244140625,2019-01-29,551.0,-7928.0078125,0.0,0.0,-7928.0078125,11,bear_cross
TMPV,1046,2019-01-08,175.35000610351562,2019-01-30,173.60000610351562,-1830.5,0.0,0.0,-1830.5,22,bear_cross
BAJFINANCE,721,2019-01-17,256.9849853515625,2019-01-31,259.54998779296875,1849.3667602539062,0.0,0.0,1849.3667602539062,14,bear_cross
APOLLOHOSP,147,2018-12-17,1248.300048828125,2019-02-11,1257.8499755859375,1403.8392333984375,0.0,0.0,1403.8392333984375,56,bear_cross
TMPV,1002,2019-02-05,180.25,2019-02-11,150.6999969482422,-29609.103057861328,0.0,0.0,-29609.103057861328,6,bear_cross
IOC,1920,2019-01-29,92.03333282470705,2019-02-15,83.0999984741211,-17152.00195312503,0.0,0.0,-17152.00195312503,17,bear_cross
SHREECEM,10,2019-02-15,15607.650390625,2019-02-18,15614.650390625,70.0,0.0,0.0,70.0,3,bear_cross
DRREDDY,341,2019-01-23,528.0599975585938,2019-02-19,513.1099853515625,-5097.954162597656,0.0,0.0,-5097.954162597656,27,bear_cross
MARUTI,24,2019-02-12,7177.89990234375,2019-02-19,6842.7001953125,-8044.79296875,0.0,0.0,-8044.79296875,7,bear_cross
ASIANPAINT,127,2019-02-01,1412.5999755859375,2019-02-20,1377.8499755859375,-4413.25,0.0,0.0,-4413.25,19,bear_cross
INDIGO,150,2019-01-29,1171.300048828125,2019-02-21,1140.0,-4695.00732421875,0.0,0.0,-4695.00732421875,23,bear_cross
LTM,102,2019-02-05,1754.699951171875,2019-02-21,1735.5,-1958.39501953125,0.0,0.0,-1958.39501953125,16,bear_cross
BAJFINANCE,697,2019-02-06,260.3599853515625,2019-02-21,260.614990234375,177.7384033203125,0.0,0.0,177.7384033203125,15,bear_cross
HCLTECH,377,2019-01-25,473.2250061035156,2019-03-12,502.2000122070313,10923.577301025412,0.0,377.0,11300.577301025412,46,bear_cross
TECHM,212,2019-01-22,713.9000244140625,2019-03-18,799.2999877929688,18104.792236328125,0.0,0.0,18104.792236328125,55,bear_cross
DMART,9,2019-02-11,1477.5,2019-04-08,1449.300048828125,-253.799560546875,0.0,0.0,-253.799560546875,56,bear_cross
ASIANPAINT,127,2019-03-18,1432.550048828125,2019-04-16,1431.550048828125,-127.0,0.0,0.0,-127.0,29,bear_cross
MUTHOOTFIN,327,2019-02-22,534.3499755859375,2019-04-25,586.7000122070312,17118.461975097656,0.0,3924.0,21042.461975097656,62,bear_cross
AMBUJACEM,110,2019-04-16,227.4499969482422,2019-04-25,224.1000061035156,-368.498992919925,0.0,0.0,-368.498992919925,9,bear_cross
JINDALSTEL,1162,2019-02-21,149.8000030517578,2019-04-30,175.14999389648438,29456.689361572266,0.0,0.0,29456.689361572266,68,bear_cross
PFC,1980,2019-02-22,88.36000061035156,2019-04-30,92.16000366210938,7524.006042480469,0.0,0.0,7524.006042480469,67,bear_cross
RECLTD,1817,2019-02-21,95.8125,2019-05-02,110.6624984741211,26982.447227478027,0.0,14990.25,41972.69722747803,70,bear_cross
MARUTI,24,2019-04-08,7107.7001953125,2019-05-02,6666.39990234375,-10591.20703125,0.0,0.0,-10591.20703125,24,bear_cross
INDHOTEL,1274,2019-02-25,138.56593322753906,2019-05-09,142.7355194091797,5312.052795410156,0.0,0.0,5312.052795410156,73,bear_cross
BAJFINANCE,665,2019-02-26,265.7749938964844,2019-05-13,292.2850036621094,17629.156494140625,0.0,0.0,17629.156494140625,76,bear_cross
ABB,117,2019-03-12,1149.5306396484375,2019-05-15,1247.9425048828125,11514.188232421875,0.0,561.6,12075.788232421875,64,bear_cross
HDFCBANK,325,2019-05-03,588.9500122070312,2019-05-16,571.6749877929688,-5614.3829345703125,0.0,0.0,-5614.3829345703125,13,bear_cross
BPCL,978,2019-05-07,195.1750030517578,2019-05-16,179.77499389648438,-15061.208953857422,0.0,0.0,-15061.208953857422,9,bear_cross
ONGC,1196,2019-02-26,147.75,2019-06-11,164.64999389648438,20212.392700195312,0.0,7475.0,27687.392700195312,105,bear_cross
BPCL,994,2019-05-20,188.1000061035156,2019-06-18,189.0749969482422,969.1408996582313,0.0,0.0,969.1408996582313,29,bear_cross
VBL,3658,2019-05-03,52.33777618408203,2019-06-19,53.52000045776367,4324.576393127441,0.0,0.0,4324.576393127441,47,bear_cross
LTM,103,2019-04-25,1698.4000244140625,2019-06-20,1734.0999755859375,3677.094970703125,0.0,0.0,3677.094970703125,56,bear_cross
JINDALSTEL,1232,2019-06-18,154.85000610351562,2019-06-20,145.8000030517578,-11149.603759765625,0.0,0.0,-11149.603759765625,2,bear_cross
HINDUNILVR,91,2019-05-21,1772.5,2019-06-26,1756.449951171875,-1460.554443359375,0.0,1183.0,-277.554443359375,36,bear_cross
SHRIRAMFIN,882,2019-06-26,218.05047607421875,2019-07-02,205.52029418945312,-11051.620422363281,0.0,0.0,-11051.620422363281,6,bear_cross
LTM,89,2019-07-02,1841.25,2019-07-08,1665.699951171875,-15623.954345703125,0.0,0.0,-15623.954345703125,6,bear_cross
INDHOTEL,1288,2019-06-25,149.32928466796875,2019-07-09,143.3657989501953,-7680.9696044921875,0.0,0.0,-7680.9696044921875,14,bear_cross
BAJAJFINSV,234,2019-05-20,799.2949829101562,2019-07-10,785.5399780273438,-3218.671142578125,0.0,0.0,-3218.671142578125,51,bear_cross
VEDL,68,2019-06-11,165.1999969482422,2019-07-10,161.5,-251.59979248046875,0.0,0.0,-251.59979248046875,29,bear_cross
HDFCBANK,316,2019-05-20,590.5250244140625,2019-07-11,597.1875,2105.34228515625,0.0,1185.0,3290.34228515625,52,bear_cross
DRREDDY,349,2019-07-08,520.1900024414062,2019-07-11,516.9299926757812,-1137.743408203125,0.0,0.0,-1137.743408203125,3,bear_cross
BAJFINANCE,562,2019-05-21,340.7550048828125,2019-07-12,345.1050109863281,2444.7034301757812,0.0,337.2,2781.903430175781,52,bear_cross
UNIONBANK,2235,2019-06-26,75.55000305175781,2019-07-19,74.94999694824219,-1341.0136413574219,0.0,0.0,-1341.0136413574219,23,bear_cross
CANBK,3543,2019-06-24,54.13999938964844,2019-07-23,52.869998931884766,-4499.611621856689,0.0,0.0,-4499.611621856689,29,bear_cross
ADANIPORTS,35,2019-07-19,412.3999938964844,2019-07-23,407.2000122070313,-181.99935913085739,0.0,0.0,-181.99935913085739,4,bear_cross
BANKBARODA,1201,2019-07-09,124.6500015258789,2019-07-24,112.5,-14592.151832580566,0.0,0.0,-14592.151832580566,15,bear_cross
SBIN,585,2019-05-20,319.25,2019-07-25,339.6000061035156,11904.75357055664,0.0,0.0,11904.75357055664,66,bear_cross
DLF,995,2019-07-17,191.3500061035156,2019-07-25,177.35000610351562,-13929.99999999997,0.0,1990.0,-11939.99999999997,8,bear_cross
HINDALCO,16,2019-07-23,202.3999938964844,2019-07-26,196.75,-90.39990234375045,0.0,0.0,-90.39990234375045,3,bear_cross
DRREDDY,357,2019-07-12,530.6099853515625,2019-08-05,505.8399963378906,-8842.88607788086,0.0,1428.0,-7414.886077880859,24,bear_cross
APOLLOHOSP,137,2019-07-17,1390.199951171875,2019-08-06,1301.6500244140625,-12131.339965820312,0.0,0.0,-12131.339965820312,20,bear_cross
VBL,3251,2019-07-31,56.52000045776367,2019-08-06,52.844444274902344,-11949.233150482178,0.0,0.0,-11949.233150482178,6,bear_cross
INDIGO,118,2019-07-29,1582.449951171875,2019-08-08,1498.949951171875,-9853.0,0.0,0.0,-9853.0,10,bear_cross
UNITDSPR,5,2019-08-08,599.0999755859375,2019-08-22,578.8499755859375,-101.25,0.0,0.0,-101.25,14,bear_cross
SUNPHARMA,445,2019-07-16,422.9500122070313,2019-08-23,414.5499877929688,-3738.0108642578125,0.0,1223.75,-2514.2608642578125,38,bear_cross
BHARTIARTL,508,2019-08-08,359.3531494140625,2019-09-04,330.6421813964844,-14585.171752929688,0.0,0.0,-14585.171752929688,27,bear_cross
MUTHOOTFIN,291,2019-08-08,626.7999877929688,2019-09-05,588.9000244140625,-11028.889343261719,0.0,0.0,-11028.889343261719,28,bear_cross
ASIANPAINT,115,2019-07-23,1404.199951171875,2019-09-11,1540.5999755859375,15686.002807617188,0.0,0.0,15686.002807617188,50,bear_cross
TCS,71,2019-08-05,2205.300048828125,2019-09-12,2154.0,-3642.303466796875,0.0,0.0,-3642.303466796875,38,bear_cross
TATACONSUM,594,2019-08-08,269.3999938964844,2019-09-12,259.3500061035156,-5969.6927490234375,0.0,0.0,-5969.6927490234375,35,bear_cross
SBILIFE,297,2019-04-30,637.25,2019-09-16,798.2999877929688,47831.84637451172,0.0,0.0,47831.84637451172,139,bear_cross
PIDILITIND,300,2019-07-29,621.9500122070312,2019-09-20,647.2750244140625,7597.503662109375,0.0,0.0,7597.503662109375,53,bear_cross
NTPC,1353,2019-09-11,126.3499984741211,2019-09-24,116.0500030517578,-13935.89380645754,0.0,0.0,-13935.89380645754,13,bear_cross
INFY,225,2019-07-17,784.8499755859375,2019-09-26,792.6500244140625,1755.010986328125,0.0,0.0,1755.010986328125,71,bear_cross
COALINDIA,925,2019-09-16,198.1999969482422,2019-10-09,184.39999389648438,-12765.002822875977,0.0,0.0,-12765.002822875977,23,bear_cross
BEL,5387,2019-08-29,34.56666564941406,2019-10-10,35.133331298828125,3052.6278533935547,0.0,0.0,3052.6278533935547,42,bear_cross
GAIL,1917,2019-09-05,84.86666870117188,2019-10-11,84.9000015258789,63.899024963378906,0.0,0.0,63.899024963378906,36,bear_cross
BAJAJFINSV,4,2019-09-12,735.4199829101562,2019-10-30,815.0900268554688,318.68017578125,0.0,0.0,318.68017578125,48,bear_cross
ADANIPORTS,474,2019-09-12,373.3500061035156,2019-10-31,398.1000061035156,11731.5,0.0,0.0,11731.5,49,bear_cross
ABB,130,2019-09-24,1410.1314697265625,2019-11-04,1324.4296875,-11141.231689453125,0.0,0.0,-11141.231689453125,41,bear_cross
DIVISLAB,4,2019-09-04,1639.449951171875,2019-11-14,1672.5,132.2001953125,0.0,0.0,132.2001953125,71,bear_cross
HINDUNILVR,92,2019-09-23,1969.75,2019-11-19,2056.199951171875,7953.3955078125,0.0,1012.0,8965.3955078125,57,bear_cross
ONGC,1332,2019-10-15,135.25,2019-11-19,133.89999389648438,-1798.2081298828125,0.0,0.0,-1798.2081298828125,35,bear_cross
HCLTECH,335,2019-10-16,542.25,2019-11-27,554.0250244140625,3944.6331787109375,0.0,335.0,4279.6331787109375,42,bear_cross
BPCL,721,2019-11-20,259.4750061035156,2019-11-27,248.3249969482422,-8039.156600952148,0.0,0.0,-8039.156600952148,7,bear_cross
BAJAJHLDNG,52,2019-09-26,3501.75,2019-11-28,3651.89990234375,7807.794921875,0.0,0.0,7807.794921875,63,bear_cross
TECHM,267,2019-08-23,682.75,2019-12-09,757.5,19958.25,0.0,0.0,19958.25,108,bear_cross
AXISBANK,263,2019-10-15,683.5,2019-12-09,717.5999755859375,8968.293579101562,0.0,0.0,8968.293579101562,55,bear_cross
TVSMOTOR,372,2019-11-29,487.7999877929688,2019-12-09,444.1499938964844,-16237.79772949221,0.0,0.0,-16237.79772949221,10,bear_cross
PNB,2152,2019-10-31,63.70000076293945,2019-12-10,60.79999923706055,-6240.803283691406,0.0,0.0,-6240.803283691406,40,bear_cross
HINDZINC,810,2019-11-20,215.6999969482422,2019-12-10,209.0500030517578,-5386.495056152344,0.0,0.0,-5386.495056152344,20,bear_cross
AMBUJACEM,931,2019-11-05,203.3500061035156,2019-12-11,195.8500061035156,-6982.5,0.0,0.0,-6982.5,36,bear_cross
APOLLOHOSP,7,2019-12-09,1465.0,2019-12-12,1390.449951171875,-521.850341796875,0.0,0.0,-521.850341796875,3,bear_cross
ABB,135,2019-12-13,1347.7161865234375,2019-12-24,1261.300048828125,-11666.178588867188,0.0,0.0,-11666.178588867188,11,bear_cross
CANBK,4002,2019-12-17,45.5099983215332,2020-01-07,41.4900016784668,-16088.026565551758,0.0,0.0,-16088.026565551758,21,bear_cross
KOTAKBANK,581,2019-11-29,323.0,2020-01-08,334.1700134277344,6489.777801513672,0.0,0.0,6489.777801513672,40,bear_cross
HDFCLIFE,222,2019-12-18,595.5999755859375,2020-01-21,598.25,588.305419921875,0.0,0.0,588.305419921875,34,bear_cross
CIPLA,11,2019-12-24,467.8500061035156,2020-01-27,458.8500061035156,-99.0,0.0,0.0,-99.0,34,bear_cross
JSWSTEEL,793,2019-10-31,234.3999938964844,2020-01-28,262.79998779296875,22521.195159912088,0.0,0.0,22521.195159912088,89,bear_cross
TATASTEEL,4369,2019-12-13,41.869998931884766,2020-01-29,44.625,12036.599666595459,0.0,0.0,12036.599666595459,47,bear_cross
TMPV,1041,2019-12-17,174.9499969482422,2020-01-29,176.10000610351562,1197.1595306396484,0.0,0.0,1197.1595306396484,43,bear_cross
INDHOTEL,1383,2020-01-24,139.82650756835938,2020-01-31,136.4326629638672,-4693.687088012695,0.0,0.0,-4693.687088012695,7,bear_cross
MUTHOOTFIN,256,2019-12-13,712.7999877929688,2020-02-04,748.3499755859375,9100.796875,0.0,0.0,9100.796875,53,bear_cross
GODREJCP,234,2020-01-08,708.5999755859375,2020-02-04,667.2999877929688,-9664.197143554688,0.0,0.0,-9664.197143554688,27,bear_cross
PFC,1995,2020-02-03,93.31999969482422,2020-02-04,91.16000366210938,-4309.192085266113,0.0,0.0,-4309.192085266113,1,bear_cross
AMBUJACEM,833,2020-01-07,196.8999938964844,2020-02-07,207.5,8829.805084228492,0.0,0.0,8829.805084228492,31,bear_cross
LT,99,2020-01-27,1359.199951171875,2020-02-10,1299.0,-5959.795166015625,0.0,0.0,-5959.795166015625,14,bear_cross
ABB,7,2020-01-28,1339.5999755859375,2020-02-14,1268.6500244140625,-496.649658203125,0.0,0.0,-496.649658203125,17,bear_cross
ADANIENSOL,574,2020-02-10,329.75,2020-02-18,314.6499938964844,-8667.403503417969,0.0,0.0,-8667.403503417969,8,bear_cross
GAIL,2189,2020-02-14,86.86666870117188,2020-02-19,79.63333129882812,-15833.775573730469,0.0,9339.734063,-6494.041510730469,5,bear_cross
BAJAJ-AUTO,56,2020-02-04,3284.5,2020-02-20,3090.89990234375,-10841.60546875,0.0,0.0,-10841.60546875,16,bear_cross
ADANIGREEN,930,2020-02-07,202.89999389648438,2020-02-25,185.89999389648438,-15810.0,0.0,0.0,-15810.0,18,bear_cross
BOSCHLTD,13,2020-02-20,14621.75,2020-02-25,14059.4501953125,-7309.8974609375,0.0,0.0,-7309.8974609375,5,bear_cross
INDIGO,126,2020-02-19,1471.050048828125,2020-02-27,1391.449951171875,-10029.6123046875,0.0,0.0,-10029.6123046875,8,bear_cross
ASIANPAINT,98,2020-02-04,1867.6500244140625,2020-03-02,1797.949951171875,-6830.607177734375,0.0,0.0,-6830.607177734375,27,bear_cross
BAJAJHLDNG,2,2020-02-04,3600.800048828125,2020-03-02,3386.64990234375,-428.30029296875,0.0,0.0,-428.30029296875,27,bear_cross
AXISBANK,252,2020-02-28,735.8499755859375,2020-03-02,697.2999877929688,-9714.596923828125,0.0,0.0,-9714.596923828125,3,bear_cross
BHARTIARTL,475,2019-11-18,385.8064880371094,2020-03-05,507.226806640625,57674.65133666992,0.0,0.0,57674.65133666992,108,bear_cross
BAJFINANCE,444,2020-01-29,421.2999877929688,2020-03-05,428.6400146484375,3258.9719238280995,0.0,444.0,3702.9719238280995,36,bear_cross
AMBUJACEM,878,2020-02-28,211.6000061035156,2020-03-05,208.1000061035156,-3073.0,0.0,0.0,-3073.0,6,bear_cross
UNITDSPR,28,2020-01-29,655.9000244140625,2020-03-09,645.0999755859375,-302.4013671875,0.0,0.0,-302.4013671875,40,bear_cross
POWERGRID,1682,2020-03-09,107.2125244140625,2020-03-13,93.4312744140625,-23180.0625,0.0,0.0,-23180.0625,4,bear_cross
TORNTPHARM,198,2019-11-28,937.125,2020-03-17,980.0750122070312,8504.102416992188,0.0,0.0,8504.102416992188,110,bear_cross
MUTHOOTFIN,215,2020-02-18,873.9000244140625,2020-03-17,714.7000122070312,-34228.00262451172,0.0,0.0,-34228.00262451172,28,bear_cross
ASIANPAINT,94,2020-03-12,1882.8499755859373,2020-03-17,1683.4000244140625,-18748.295410156228,0.0,0.0,-18748.295410156228,5,bear_cross
ZYDUSLIFE,609,2020-03-25,278.45001220703125,2020-04-01,267.25,-6820.807434082031,0.0,0.0,-6820.807434082031,7,bear_cross
HINDUNILVR,73,2020-04-01,2298.5,2020-05-06,2041.5,-18761.0,0.0,0.0,-18761.0,35,bear_cross
NESTLEIND,223,2020-04-07,755.2324829101562,2020-05-18,822.1900024414062,14931.52685546875,0.0,0.0,14931.52685546875,41,bear_cross
DRREDDY,272,2020-04-03,619.0,2020-05-19,735.8300170898438,31777.7646484375,0.0,0.0,31777.7646484375,46,bear_cross
SUNPHARMA,416,2020-04-09,436.7000122070313,2020-05-20,441.7000122070313,2080.0,0.0,0.0,2080.0,41,bear_cross
HINDZINC,1079,2020-04-08,164.5,2020-05-27,166.64999389648438,2319.8434143066406,0.0,17803.5,20123.34341430664,49,bear_cross
DLF,1036,2020-05-18,138.8000030517578,2020-05-27,136.75,-2123.8031616210938,0.0,0.0,-2123.8031616210938,9,bear_cross
DMART,79,2020-04-09,2278.75,2020-06-02,2305.5,2113.25,0.0,0.0,2113.25,54,bear_cross
TORNTPHARM,107,2020-04-09,1268.675048828125,2020-06-03,1184.7249755859375,-8982.657836914062,0.0,0.0,-8982.657836914062,55,bear_cross
COALINDIA,1023,2020-06-02,148.5500030517578,2020-06-22,137.25,-11559.903121948242,0.0,0.0,-11559.903121948242,20,bear_cross
ITC,1040,2020-05-27,184.59085083007807,2020-06-23,178.13931274414062,-6709.599609374941,0.0,0.0,-6709.599609374941,27,bear_cross
CIPLA,375,2020-04-07,449.2000122070313,2020-07-02,627.0999755859375,66712.48626708983,0.0,0.0,66712.48626708983,86,bear_cross
UNITDSPR,335,2020-05-19,542.5999755859375,2020-07-02,599.2000122070312,18961.012268066406,0.0,0.0,18961.012268066406,44,bear_cross
COALINDIA,976,2020-06-23,143.64999389648438,2020-07-03,133.60000610351562,-9808.7880859375,0.0,0.0,-9808.7880859375,10,bear_cross
APOLLOHOSP,133,2020-06-03,1360.6500244140625,2020-07-06,1379.800048828125,2546.9532470703125,0.0,0.0,2546.9532470703125,33,bear_cross
ZYDUSLIFE,568,2020-04-08,312.3500061035156,2020-07-08,361.8500061035156,28116.0,0.0,0.0,28116.0,91,bear_cross
ZYDUSLIFE,601,2020-07-09,359.70001220703125,2020-07-13,356.3999938964844,-1983.3110046386719,0.0,0.0,-1983.3110046386719,4,bear_cross
ADANIGREEN,1108,2020-04-07,151.89999389648438,2020-07-16,354.54998779296875,224536.1932373047,0.0,0.0,224536.1932373047,100,bear_cross
ADANIENT,1366,2020-05-28,141.0,2020-07-17,148.89999389648438,10791.391662597656,0.0,0.0,10791.391662597656,50,bear_cross
UNITDSPR,343,2020-07-10,625.4500122070312,2020-07-22,593.2999877929688,-11027.458374023438,0.0,0.0,-11027.458374023438,12,bear_cross
SUNPHARMA,430,2020-07-14,499.7000122070313,2020-07-27,485.6000061035156,-6063.002624511743,0.0,0.0,-6063.002624511743,13,bear_cross
BHARTIARTL,386,2020-07-07,565.9738159179688,2020-07-28,549.18896484375,-6478.9525146484375,0.0,0.0,-6478.9525146484375,21,bear_cross
GAIL,3116,2020-07-27,66.36666870117188,2020-07-28,65.0,-4258.5396728515625,0.0,0.0,-4258.5396728515625,1,bear_cross
GODREJCP,339,2020-05-20,554.0,2020-07-29,677.4500122070312,41849.554138183594,0.0,0.0,41849.554138183594,70,bear_cross
ONGC,2755,2020-07-29,79.9000015258789,2020-07-30,79.5,-1102.0042037963867,0.0,0.0,-1102.0042037963867,1,bear_cross
IOC,3477,2020-07-22,62.29999923706055,2020-08-06,57.73333358764648,-15878.29646301272,0.0,0.0,-15878.29646301272,15,bear_cross
HDFCLIFE,247,2020-06-22,521.0999755859375,2020-08-14,599.75,19426.556030273438,0.0,0.0,19426.556030273438,53,bear_cross
BPCL,1078,2020-07-17,196.9499969482422,2020-08-19,201.1499938964844,4527.596710205109,0.0,0.0,4527.596710205109,33,bear_cross
ADANIENSOL,833,2020-08-14,240.9499969482422,2020-08-20,245.14999389648438,3498.597457885742,0.0,0.0,3498.597457885742,6,bear_cross
GODREJCP,217,2020-08-19,690.75,2020-08-24,683.5,-1573.25,0.0,0.0,-1573.25,5,bear_cross
SHREECEM,9,2020-08-24,22317.75,2020-09-01,20283.0,-18312.75,0.0,0.0,-18312.75,8,bear_cross
APOLLOHOSP,155,2020-07-08,1419.25,2020-09-02,1670.8499755859375,38997.99621582031,0.0,0.0,38997.99621582031,56,bear_cross
HCLTECH,372,2020-07-08,592.0499877929688,2020-09-04,706.75,42668.404541015625,0.0,744.0,43412.404541015625,58,bear_cross
CIPLA,314,2020-07-17,674.5,2020-09-07,724.5999755859375,15731.392333984375,0.0,0.0,15731.392333984375,52,bear_cross
SUNPHARMA,428,2020-07-31,509.9500122070313,2020-09-08,513.25,1412.3947753906007,0.0,428.0,1840.3947753906007,39,bear_cross
CANBK,10155,2020-08-20,21.1299991607666,2020-09-10,19.530000686645508,-16247.984504699707,0.0,0.0,-16247.984504699707,21,bear_cross
MOTHERSON,7341,2020-08-06,27.43096351623535,2020-09-14,30.65492248535156,23667.08279228208,0.0,0.0,23667.08279228208,39,bear_cross
BPCL,1066,2020-09-14,214.375,2020-09-22,200.7250061035156,-14550.893493652375,0.0,0.0,-14550.893493652375,8,bear_cross
CUMMINSIND,535,2020-08-04,404.0,2020-09-25,441.5499877929688,20089.24346923831,0.0,3745.0,23834.24346923831,52,bear_cross
TMPV,1914,2020-08-04,113.0500030517578,2020-09-25,122.8000030517578,18661.5,0.0,0.0,18661.5,52,bear_cross
BAJAJ-AUTO,42,2020-09-22,2986.699951171875,2020-09-28,2957.39990234375,-1230.60205078125,0.0,0.0,-1230.60205078125,6,bear_cross
BOSCHLTD,16,2020-10-05,13551.5,2020-10-14,12159.25,-22276.0,0.0,0.0,-22276.0,9,bear_cross
RELIANCE,225,2020-09-10,997.462646484375,2020-10-20,1004.31591796875,1541.986083984375,0.0,0.0,1541.986083984375,40,bear_cross
GODREJCP,332,2020-09-16,706.2000122070312,2020-10-20,687.0999755859375,-6341.212158203125,0.0,0.0,-6341.212158203125,34,bear_cross
TVSMOTOR,41,2020-05-06,308.3500061035156,2020-10-22,446.1000061035156,5647.75,0.0,0.0,5647.75,169,bear_cross
BAJAJFINSV,321,2020-10-20,598.1099853515625,2020-10-27,570.094970703125,-8992.819702148438,0.0,0.0,-8992.819702148438,7,bear_cross
CUMMINSIND,512,2020-10-22,464.3999938964844,2020-10-30,441.6499938964844,-11648.0,0.0,0.0,-11648.0,8,bear_cross
HINDALCO,21,2020-10-20,182.6999969482422,2020-11-02,170.64999389648438,-253.05006408691406,0.0,0.0,-253.05006408691406,13,bear_cross
TCS,100,2020-09-04,2299.5,2020-11-03,2604.60009765625,30510.009765625,0.0,1200.0,31710.009765625,60,bear_cross
HCLTECH,311,2020-09-09,725.9000244140625,2020-11-03,822.4000244140625,30011.5,0.0,1866.0,31877.5,55,bear_cross
WIPRO,1600,2020-09-09,141.27499389648438,2020-11-04,167.8249969482422,42480.0048828125,0.0,0.0,42480.0048828125,56,bear_cross
INFY,238,2020-09-16,982.4500122070312,2020-11-04,1062.550048828125,19063.808715820312,0.0,2856.0,21919.808715820312,49,bear_cross
WIPRO,1390,2020-11-05,171.47500610351562,2020-11-18,174.35000610351562,3996.25,0.0,0.0,3996.25,13,bear_cross
TORNTPHARM,191,2020-11-19,1338.2750244140625,2020-11-26,1292.4000244140625,-8762.125,0.0,0.0,-8762.125,7,bear_cross
TRENT,340,2020-11-02,659.5499877929688,2020-12-07,677.0,5933.004150390625,0.0,0.0,5933.004150390625,35,bear_cross
AMBUJACEM,1057,2020-10-06,221.3500061035156,2020-12-10,252.8500061035156,33295.5,0.0,17969.0,51264.5,65,bear_cross
RELIANCE,289,2020-12-10,935.4370727539062,2020-12-22,895.1712036132812,-11636.836181640625,0.0,0.0,-11636.836181640625,12,bear_cross
HDFCLIFE,315,2020-10-30,586.0999755859375,2020-12-23,641.25,17372.257690429688,0.0,0.0,17372.257690429688,54,bear_cross
SHRIRAMFIN,1012,2020-10-14,130.35000610351562,2020-12-28,199.32000732421875,69797.64123535156,0.0,1214.3999999999999,71012.04123535156,75,bear_cross
BRITANNIA,71,2020-11-26,3555.800048828125,2020-12-30,3593.300048828125,2662.5,0.0,0.0,2662.5,34,bear_cross
CGPOWER,6080,2020-12-30,45.04999923706055,2021-01-11,42.84999847412109,-13376.004638671919,0.0,0.0,-13376.004638671919,12,bear_cross
DIVISLAB,74,2020-11-05,3196.199951171875,2021-01-19,3565.300048828125,27313.4072265625,0.0,0.0,27313.4072265625,75,bear_cross
ASIANPAINT,115,2020-10-06,2028.0,2021-01-20,2645.050048828125,70960.75561523438,0.0,385.25,71346.00561523438,106,bear_cross
TATACONSUM,25,2020-11-03,493.75,2021-01-25,584.75,2275.0,0.0,0.0,2275.0,83,bear_cross
INDHOTEL,2080,2021-01-19,122.46939849853516,2021-01-25,118.83313751220705,-7563.422851562471,0.0,0.0,-7563.422851562471,6,bear_cross
POWERGRID,991,2021-01-11,114.49690246582033,2021-01-28,108.1968994140625,-6243.303024292006,0.0,0.0,-6243.303024292006,17,bear_cross
HINDUNILVR,2,2021-01-28,2391.300048828125,2021-01-29,2300.39990234375,-181.80029296875,0.0,0.0,-181.80029296875,1,bear_cross
HDFCLIFE,406,2020-12-30,673.2000122070312,2021-02-01,677.9500122070312,1928.5,0.0,0.0,1928.5,33,bear_cross
HDFCBANK,383,2020-12-31,716.25,2021-02-01,695.25,-8043.0,0.0,0.0,-8043.0,32,bear_cross
IOC,4530,2020-12-31,60.59999847412109,2021-02-01,62.16666412353516,7096.995391845768,0.0,0.0,7096.995391845768,32,bear_cross
RELIANCE,301,2021-01-21,948.2437133789062,2021-02-01,850.0596313476562,-29553.40869140625,0.0,0.0,-29553.40869140625,11,bear_cross
IOC,4149,2021-02-04,67.9000015258789,2021-02-17,63.73333358764648,-17287.505275726347,0.0,20745.0,3457.4947242736525,13,bear_cross
CIPLA,344,2020-12-07,766.9500122070312,2021-02-22,807.3499755859375,13897.58740234375,0.0,0.0,13897.58740234375,77,bear_cross
ITC,1331,2021-02-03,210.1081085205078,2021-02-23,199.37159729003903,-14290.296447753944,0.0,6655.0,-7635.296447753944,20,bear_cross
PIDILITIND,9,2021-02-17,894.5750122070312,2021-02-26,859.6500244140625,-314.32489013671875,0.0,0.0,-314.32489013671875,9,bear_cross
MAZDOCK,1969,2021-02-26,109.69999694824219,2021-03-01,106.5999984741211,-6103.896995544434,0.0,0.0,-6103.896995544434,3,bear_cross
HDFCBANK,358,2021-02-03,780.2750244140625,2021-03-12,777.875,-859.208740234375,0.0,0.0,-859.208740234375,37,bear_cross
BANKBARODA,5372,2020-10-27,42.70000076293945,2021-03-15,77.3499984741211,186139.78770446777,0.0,0.0,186139.78770446777,139,bear_cross
BAJAJFINSV,291,2021-01-28,912.6099853515624,2021-03-15,993.4099731445312,23512.79644775394,0.0,0.0,23512.79644775394,46,bear_cross
SBIN,1155,2020-11-04,204.75,2021-03-16,383.8999938964844,206918.24295043945,0.0,0.0,206918.24295043945,132,bear_cross
PNB,1935,2021-02-04,38.34999847412109,2021-03-18,38.400001525878906,96.75590515138094,0.0,0.0,96.75590515138094,42,bear_cross
NESTLEIND,347,2021-03-16,841.6525268554688,2021-03-18,822.7874755859375,-6546.172790527344,0.0,0.0,-6546.172790527344,2,bear_cross
COALINDIA,2081,2021-02-25,144.39999389648438,2021-03-22,136.3000030517578,-16856.080947875977,0.0,10405.0,-6451.080947875977,25,bear_cross
ASIANPAINT,113,2021-03-18,2422.949951171875,2021-03-22,2411.25,-1322.094482421875,0.0,0.0,-1322.094482421875,4,bear_cross
IOC,4521,2021-02-26,67.26666259765625,2021-03-24,64.5,-12508.081604003906,0.0,9042.0,-3466.0816040039062,26,bear_cross
APOLLOHOSP,95,2021-03-17,3073.25,2021-03-24,2946.75,-12017.5,0.0,0.0,-12017.5,7,bear_cross
INDIGO,132,2021-03-03,1691.4000244140625,2021-04-05,1616.5999755859375,-9873.6064453125,0.0,0.0,-9873.6064453125,33,bear_cross
ADANIGREEN,265,2021-01-28,1028.550048828125,2021-04-06,1164.199951171875,35947.22412109375,0.0,0.0,35947.22412109375,68,bear_cross
EICHERMOT,109,2021-03-23,2676.85009765625,2021-04-06,2517.199951171875,-17401.865966796875,0.0,0.0,-17401.865966796875,14,bear_cross
ITC,1348,2021-03-23,217.6188507080078,2021-04-13,197.68649291992188,-26868.818298339844,0.0,0.0,-26868.818298339844,21,bear_cross
SBILIFE,326,2021-04-15,897.7999877929688,2021-04-20,906.25,2754.7039794921875,0.0,0.0,2754.7039794921875,5,bear_cross
LTM,68,2021-03-15,4016.050048828125,2021-04-23,3915.25,-6854.4033203125,0.0,0.0,-6854.4033203125,39,bear_cross
AMBUJACEM,1012,2021-02-03,276.25,2021-04-26,295.20001220703125,19177.412353515625,0.0,1012.0,20189.412353515625,82,bear_cross
TCS,2,2021-03-18,3112.949951171875,2021-04-27,3100.800048828125,-24.2998046875,0.0,0.0,-24.2998046875,40,bear_cross
HINDUNILVR,132,2021-03-16,2210.85009765625,2021-05-03,2353.75,18862.787109375,0.0,0.0,18862.787109375,48,bear_cross
PIDILITIND,327,2021-03-25,897.2999877929688,2021-05-07,899.9749755859375,874.7210083007812,0.0,0.0,874.7210083007812,43,bear_cross
ASIANPAINT,122,2021-03-24,2410.300048828125,2021-05-12,2556.25,17805.89404296875,0.0,0.0,17805.89404296875,49,bear_cross
CIPLA,358,2021-04-05,818.2999877929688,2021-05-19,884.4000244140625,23663.813110351562,0.0,0.0,23663.813110351562,44,bear_cross
SUNPHARMA,474,2021-04-07,620.4500122070312,2021-06-07,673.9500122070312,25359.0,0.0,0.0,25359.0,61,bear_cross
HINDALCO,839,2021-04-07,350.45001220703125,2021-06-14,393.1499938964844,35825.28463745117,0.0,0.0,35825.28463745117,68,bear_cross
ITC,1527,2021-05-19,202.2603454589844,2021-06-17,200.14193725585935,-3234.809326171962,0.0,8780.25,5545.440673828038,29,bear_cross
HINDZINC,885,2021-04-26,299.54998779296875,2021-06-24,331.45001220703125,28231.521606445312,0.0,0.0,28231.521606445312,59,bear_cross
BHARTIARTL,613,2021-06-23,526.5147094726562,2021-06-24,524.2080078125,-1414.0081176757812,0.0,0.0,-1414.0081176757812,1,bear_cross
BPCL,1384,2021-05-07,217.0,2021-06-28,235.0249938964844,24946.591552734415,0.0,0.0,24946.591552734415,52,bear_cross
ADANIPOWER,14868,2021-06-07,21.149999618530277,2021-07-02,21.559999465942383,6095.877731323189,0.0,0.0,6095.877731323189,25,bear_cross
PFC,3140,2021-05-12,93.5999984741211,2021-07-06,98.5199966430664,15448.794250488281,0.0,5024.0,20472.79425048828,55,bear_cross
AXISBANK,32,2021-05-03,714.9000244140625,2021-07-28,731.7000122070312,537.599609375,0.0,0.0,537.599609375,86,bear_cross
CUMMINSIND,395,2021-06-14,833.0999755859375,2021-07-28,845.6500244140625,4957.269287109375,0.0,0.0,4957.269287109375,44,bear_cross
BEL,5733,2021-06-24,56.16666412353516,2021-08-09,58.46666717529297,13185.917495727499,0.0,0.0,13185.917495727499,46,bear_cross
HAL,602,2021-07-05,533.7750244140625,2021-08-11,552.3250122070312,11167.092651367188,0.0,0.0,11167.092651367188,37,bear_cross
AMBUJACEM,965,2021-04-27,303.3500061035156,2021-08-24,390.6499938964844,84244.48822021484,0.0,0.0,84244.48822021484,119,bear_cross
JINDALSTEL,745,2021-07-28,419.7999877929688,2021-08-24,363.6000061035156,-41868.98635864262,0.0,0.0,-41868.98635864262,27,bear_cross
AXISBANK,424,2021-08-11,761.5499877929688,2021-08-26,739.0499877929688,-9540.0,0.0,0.0,-9540.0,15,bear_cross
ADANIENT,15,2021-08-09,1536.6500244140625,2021-09-21,1418.8499755859375,-1767.000732421875,0.0,0.0,-1767.000732421875,43,bear_cross
APOLLOHOSP,84,2021-06-28,3439.0,2021-09-29,4411.0498046875,81652.18359375,0.0,252.0,81904.18359375,93,bear_cross
HAL,17,2021-08-24,556.125,2021-10-04,669.0,1918.875,0.0,0.0,1918.875,41,bear_cross
ICICIBANK,501,2021-07-08,654.0,2021-10-05,700.2000122070312,23146.206115722656,0.0,1002.0,24148.206115722656,89,bear_cross
ASIANPAINT,107,2021-08-24,3077.449951171875,2021-10-06,3254.75,18971.105224609375,0.0,0.0,18971.105224609375,43,bear_cross
HDFCLIFE,504,2021-08-27,698.8499755859375,2021-10-07,725.6500244140625,13507.224609375,0.0,0.0,13507.224609375,41,bear_cross
ETERNAL,1850,2021-09-29,139.0,2021-10-08,137.10000610351562,-3514.9887084960938,0.0,0.0,-3514.9887084960938,9,bear_cross
ABB,204,2021-10-08,1871.5,2021-10-11,1839.75,-6477.0,0.0,0.0,-6477.0,3,bear_cross
ZYDUSLIFE,695,2021-10-08,549.75,2021-10-11,549.7999877929688,34.74151611328125,0.0,0.0,34.74151611328125,3,bear_cross
SBILIFE,243,2021-04-23,914.4000244140625,2021-10-14,1191.75,67396.04406738281,0.0,0.0,67396.04406738281,174,bear_cross
ADANIENSOL,226,2021-10-11,1678.699951171875,2021-10-19,1748.199951171875,15707.0,0.0,0.0,15707.0,8,bear_cross
EICHERMOT,132,2021-10-14,2905.75,2021-10-21,2651.199951171875,-33600.6064453125,0.0,0.0,-33600.6064453125,7,bear_cross
DIVISLAB,33,2021-10-11,5071.2998046875,2021-10-27,5018.89990234375,-1729.19677734375,0.0,0.0,-1729.19677734375,16,bear_cross
MUTHOOTFIN,3,2021-10-11,1519.6500244140625,2021-11-01,1467.75,-155.7000732421875,0.0,0.0,-155.7000732421875,21,bear_cross
BAJAJFINSV,299,2021-04-22,981.9400024414062,2021-11-02,1756.5699462890625,231614.35321044922,0.0,89.7,231704.05321044923,194,bear_cross
BAJAJHLDNG,88,2021-06-25,3616.14990234375,2021-11-02,4763.75,100988.80859375,0.0,11440.0,112428.80859375,130,bear_cross
POWERGRID,2784,2021-09-21,132.75,2021-11-02,140.8125,22446.0,0.0,0.0,22446.0,42,bear_cross
AXISBANK,484,2021-10-19,813.2999877929688,2021-11-02,752.3499755859375,-29499.805908203125,0.0,0.0,-29499.805908203125,14,bear_cross
JINDALSTEL,18,2021-10-05,418.3999938964844,2021-11-11,399.25,-344.69989013671875,0.0,0.0,-344.69989013671875,37,bear_cross
DIVISLAB,75,2021-11-02,5228.2001953125,2021-11-11,4905.75,-24183.7646484375,0.0,0.0,-24183.7646484375,9,bear_cross
TATASTEEL,12,2021-11-02,136.49000549316406,2021-11-12,129.9600067138672,-78.3599853515625,0.0,0.0,-78.3599853515625,10,bear_cross
ADANIPOWER,18818,2021-11-15,21.690000534057617,2021-11-16,21.43000030517578,-4892.684307098389,0.0,0.0,-4892.684307098389,1,bear_cross
IRFC,15821,2021-10-05,23.850000381469727,2021-11-22,23.549999237060547,-4746.318105697632,0.0,12182.17,7435.851894302368,48,bear_cross
CIPLA,84,2021-11-16,938.1500244140624,2021-11-25,893.4500122070312,-3754.8010253906155,0.0,0.0,-3754.8010253906155,9,bear_cross
CUMMINSIND,437,2021-11-11,924.5499877929688,2021-11-26,895.25,-12804.094665527344,0.0,0.0,-12804.094665527344,15,bear_cross
INDIGO,1,2021-11-02,2179.300048828125,2021-11-29,1888.0999755859375,-291.2000732421875,0.0,0.0,-291.2000732421875,27,bear_cross
CGPOWER,4381,2021-08-03,79.0999984741211,2021-12-02,150.8000030517578,314117.72005462646,0.0,0.0,314117.72005462646,121,bear_cross
ABB,217,2021-10-27,1845.5999755859373,2021-12-03,2112.85009765625,57993.27648925786,0.0,0.0,57993.27648925786,37,bear_cross
BHARTIARTL,559,2021-11-03,713.9500122070312,2021-12-08,698.8499755859375,-8440.920471191406,0.0,0.0,-8440.920471191406,35,bear_cross
ASIANPAINT,123,2021-11-22,3226.85009765625,2021-12-08,3030.35009765625,-24169.5,0.0,0.0,-24169.5,16,bear_cross
CIPLA,408,2021-11-30,965.0,2021-12-09,897.9500122070312,-27356.39501953125,0.0,0.0,-27356.39501953125,9,bear_cross
ADANIENT,244,2021-11-11,1655.8499755859375,2021-12-21,1589.949951171875,-16079.60595703125,0.0,0.0,-16079.60595703125,40,bear_cross
HINDZINC,218,2021-12-01,333.04998779296875,2021-12-21,310.8999938964844,-4828.698669433594,0.0,3924.0,-904.6986694335938,20,bear_cross
ADANIPORTS,525,2021-12-09,761.4000244140625,2021-12-22,725.5999755859375,-18795.025634765625,0.0,0.0,-18795.025634765625,13,bear_cross
CUMMINSIND,421,2021-12-07,924.4000244140624,2021-12-23,925.7999877929688,589.3845825195791,0.0,0.0,589.3845825195791,16,bear_cross
BAJAJHLDNG,82,2021-11-03,4866.9501953125,2021-12-24,5084.39990234375,17830.8759765625,0.0,0.0,17830.8759765625,51,bear_cross
GODREJCP,407,2021-12-24,964.7999877929688,2022-01-14,924.3499755859376,-16463.15496826167,0.0,0.0,-16463.15496826167,21,bear_cross
DRREDDY,418,2021-12-28,947.3800048828124,2022-01-19,938.7100219726562,-3624.052856445265,0.0,0.0,-3624.052856445265,22,bear_cross
LTM,55,2021-12-23,7126.0,2022-01-20,6697.0498046875,-23592.2607421875,0.0,0.0,-23592.2607421875,28,bear_cross
TECHM,255,2021-10-21,1539.300048828125,2022-01-21,1666.9000244140625,32537.993774414062,0.0,3825.0,36362.99377441406,92,bear_cross
DIVISLAB,80,2022-01-19,4527.14990234375,2022-01-21,4329.75,-15791.9921875,0.0,0.0,-15791.9921875,2,bear_cross
HCLTECH,280,2021-12-08,1149.6500244140625,2022-01-24,1167.949951171875,5123.9794921875,0.0,2800.0,7923.9794921875,47,bear_cross
HDFCLIFE,35,2022-01-14,670.3499755859375,2022-01-25,627.5999755859375,-1496.25,0.0,0.0,-1496.25,11,bear_cross
HINDZINC,1229,2022-01-20,324.20001220703125,2022-01-27,312.25,-14686.565002441406,0.0,0.0,-14686.565002441406,7,bear_cross
TORNTPHARM,259,2021-11-30,1518.6500244140625,2022-01-28,1341.75,-45817.10632324219,0.0,0.0,-45817.10632324219,59,bear_cross
SUNPHARMA,492,2021-12-23,797.5,2022-01-28,812.0999755859375,7183.18798828125,0.0,0.0,7183.18798828125,36,bear_cross
TCS,109,2021-12-03,3642.89990234375,2022-01-31,3690.050048828125,5139.365966796875,0.0,763.0,5902.365966796875,59,bear_cross
LT,212,2021-12-28,1866.199951171875,2022-02-01,1909.199951171875,9116.0,0.0,0.0,9116.0,35,bear_cross
ABB,173,2021-12-10,2300.39990234375,2022-02-04,2305.800048828125,934.225341796875,0.0,0.0,934.225341796875,56,bear_cross
SOLARINDS,156,2022-01-31,2426.449951171875,2022-02-08,2339.699951171875,-13533.0,0.0,0.0,-13533.0,8,bear_cross
DLF,976,2022-02-08,387.1499938964844,2022-02-09,384.5499877929688,-2537.6059570311945,0.0,0.0,-2537.6059570311945,1,bear_cross
POWERGRID,2255,2022-01-21,160.9875030517578,2022-02-15,151.3874969482422,-21648.013763427734,0.0,0.0,-21648.013763427734,25,bear_cross
SHRIRAMFIN,1482,2022-02-02,256.04998779296875,2022-02-15,232.1699981689453,-35390.144622802734,0.0,0.0,-35390.144622802734,13,bear_cross
RECLTD,3619,2022-02-03,106.5374984741211,2022-02-16,97.0500030517578,-34335.245933532766,0.0,16285.5,-18049.745933532766,13,bear_cross
UNIONBANK,8081,2022-01-31,47.04999923706055,2022-02-17,44.29999923706055,-22222.75,0.0,0.0,-22222.75,17,bear_cross
LODHA,615,2022-01-24,638.1749877929688,2022-02-18,632.2750244140625,-3628.4774780273438,0.0,0.0,-3628.4774780273438,25,bear_cross
BHARTIARTL,509,2022-02-17,721.7999877929688,2022-02-18,717.0,-2443.1937866210938,0.0,0.0,-2443.1937866210938,1,bear_cross
ADANIENSOL,181,2022-02-18,2020.8499755859375,2022-02-21,1958.0999755859375,-11357.75,0.0,0.0,-11357.75,3,bear_cross
SHRIRAMFIN,1188,2022-02-18,255.4900054931641,2022-02-21,251.6199951171875,-4597.57232666019,0.0,0.0,-4597.57232666019,3,bear_cross
CIPLA,401,2022-02-02,946.4000244140624,2022-02-22,907.25,-15699.159790039017,0.0,0.0,-15699.159790039017,20,bear_cross
ITC,1725,2022-02-03,223.540771484375,2022-02-22,209.91552734375,-23503.546142578125,0.0,9056.25,-14447.296142578125,19,bear_cross
SUNPHARMA,425,2022-02-02,891.75,2022-02-24,840.25,-21887.5,0.0,2975.0,-18912.5,22,bear_cross
SHRIRAMFIN,1484,2022-02-23,240.83999633789065,2022-02-24,235.0200042724609,-8636.86822509774,0.0,0.0,-8636.86822509774,1,bear_cross
JINDALSTEL,46,2022-02-04,417.5,2022-02-25,369.7999877929688,-2194.2005615234348,0.0,0.0,-2194.2005615234348,21,bear_cross
INDIGO,173,2022-02-09,2182.60009765625,2022-02-25,1830.550048828125,-60904.658447265625,0.0,0.0,-60904.658447265625,16,bear_cross
DIVISLAB,82,2022-02-17,4465.14990234375,2022-02-25,3936.64990234375,-43337.0,0.0,0.0,-43337.0,8,bear_cross
HDFCBANK,473,2022-02-23,755.3499755859375,2022-02-25,709.7000122070312,-21592.432678222656,0.0,0.0,-21592.432678222656,2,bear_cross
SOLARINDS,153,2022-02-24,2325.64990234375,2022-02-25,2272.89990234375,-8070.75,0.0,0.0,-8070.75,1,bear_cross
BAJAJHLDNG,67,2022-02-21,5363.2998046875,2022-02-28,5203.5,-10706.5869140625,0.0,0.0,-10706.5869140625,7,bear_cross
EICHERMOT,131,2022-02-23,2725.5,2022-03-02,2589.800048828125,-17776.693603515625,0.0,0.0,-17776.693603515625,7,bear_cross
SOLARINDS,149,2022-03-02,2312.85009765625,2022-03-03,2291.800048828125,-3136.457275390625,0.0,0.0,-3136.457275390625,1,bear_cross
DMART,79,2022-03-02,4340.35009765625,2022-03-14,4198.9501953125,-11170.59228515625,0.0,0.0,-11170.59228515625,12,bear_cross
HINDZINC,1028,2022-03-04,340.3999938964844,2022-03-14,313.1499938964844,-28013.0,0.0,0.0,-28013.0,10,bear_cross
APOLLOHOSP,72,2022-03-02,4802.7998046875,2022-03-29,4658.60009765625,-10382.37890625,0.0,0.0,-10382.37890625,27,bear_cross
BEL,4885,2022-03-04,71.68333435058594,2022-03-31,69.48332977294922,-10747.022361755371,0.0,2442.5,-8304.522361755371,27,bear_cross
TATASTEEL,2253,2022-03-04,130.3300018310547,2022-04-25,127.75499725341795,-5801.485313415559,0.0,0.0,-5801.485313415559,52,bear_cross
INDIGO,162,2022-03-31,1989.3499755859375,2022-04-25,1916.0999755859375,-11866.5,0.0,0.0,-11866.5,25,bear_cross
CUMMINSIND,371,2022-02-18,985.2000122070312,2022-04-26,998.9500122070312,5101.25,0.0,2968.0,8069.25,67,bear_cross
CANBK,438,2022-03-29,45.7400016784668,2022-04-29,46.63999938964844,394.1989974975586,0.0,0.0,394.1989974975586,31,bear_cross
SUNPHARMA,370,2022-03-15,892.25,2022-05-02,928.6500244140624,13468.009033203083,0.0,0.0,13468.009033203083,48,bear_cross
BAJAJHLDNG,65,2022-04-29,5518.60009765625,2022-05-02,5169.4501953125,-22694.74365234375,0.0,0.0,-22694.74365234375,3,bear_cross
COALINDIA,1882,2022-03-03,184.8000030517578,2022-05-04,187.64999389648438,5363.682769775391,0.0,0.0,5363.682769775391,62,bear_cross
GAIL,3303,2022-03-04,106.0,2022-05-04,105.03333282470705,-3192.901679992629,0.0,11009.998899,7817.097219007372,61,bear_cross
JINDALSTEL,786,2022-03-04,445.1000061035156,2022-05-04,532.8499755859375,68971.4760131836,0.0,786.0,69757.4760131836,61,bear_cross
DIVISLAB,78,2022-03-15,4393.7998046875,2022-05-06,4365.7998046875,-2184.0,0.0,0.0,-2184.0,52,bear_cross
SHRIRAMFIN,1452,2022-05-04,246.0500030517578,2022-05-12,224.0,-32016.604431152344,0.0,0.0,-32016.604431152344,8,bear_cross
ADANIENSOL,162,2022-03-02,2134.39990234375,2022-05-13,2187.050048828125,8529.32373046875,0.0,0.0,8529.32373046875,72,bear_cross
SOLARINDS,118,2022-05-06,2998.89990234375,2022-05-16,2783.25,-25446.6884765625,0.0,0.0,-25446.6884765625,10,bear_cross
GODREJCP,418,2022-05-18,819.5999755859375,2022-05-26,754.8499755859375,-27065.5,0.0,0.0,-27065.5,8,bear_cross
KOTAKBANK,998,2022-05-05,355.1199951171875,2022-06-14,347.4700012207031,-7634.693908691406,0.0,0.0,-7634.693908691406,40,bear_cross
BRITANNIA,98,2022-05-23,3450.25,2022-06-14,3359.0,-8942.5,0.0,0.0,-8942.5,22,bear_cross
ITC,1279,2022-05-20,265.4275817871094,2022-06-16,253.6318817138672,-15086.700393676758,0.0,7993.75,-7092.950393676758,27,bear_cross
ABB,153,2022-05-10,2305.699951171875,2022-06-20,2173.14990234375,-20280.157470703125,0.0,0.0,-20280.157470703125,41,bear_cross
BAJAJ-AUTO,89,2022-05-23,3787.800048828125,2022-06-20,3628.949951171875,-14137.65869140625,0.0,0.0,-14137.65869140625,28,bear_cross
TRENT,311,2022-06-16,1094.9000244140625,2022-06-21,1048.800048828125,-14337.092407226562,0.0,0.0,-14337.092407226562,5,bear_cross
EICHERMOT,127,2022-05-19,2696.0,2022-06-23,2662.75,-4222.75,0.0,0.0,-4222.75,35,bear_cross
HAL,387,2022-05-23,878.5999755859375,2022-06-24,885.25,2573.5594482421875,0.0,0.0,2573.5594482421875,32,bear_cross
HDFCAMC,365,2022-06-23,914.25,2022-06-24,907.9000244140625,-2317.7410888671875,0.0,0.0,-2317.7410888671875,1,bear_cross
DRREDDY,16,2022-05-26,861.489990234375,2022-06-27,861.9299926757812,7.0400390625,0.0,0.0,7.0400390625,32,bear_cross
HDFCAMC,373,2022-06-27,908.0250244140625,2022-06-29,875.0499877929688,-12299.688659667969,0.0,0.0,-12299.688659667969,2,bear_cross
BAJAJ-AUTO,6,2022-06-29,3889.0,2022-07-06,3682.75,-1237.5,0.0,840.0,-397.5,7,bear_cross
SOLARINDS,120,2022-06-22,2792.60009765625,2022-07-07,2681.60009765625,-13320.0,0.0,0.0,-13320.0,15,bear_cross
DRREDDY,391,2022-06-28,864.1099853515625,2022-07-27,842.4000244140625,-8488.5947265625,0.0,2346.0,-6142.5947265625,29,bear_cross
UNITDSPR,397,2022-07-06,793.0499877929688,2022-08-03,785.4500122070312,-3017.1903076171875,0.0,0.0,-3017.1903076171875,28,bear_cross
APOLLOHOSP,87,2022-06-21,3811.699951171875,2022-08-25,4210.75,34717.354248046875,0.0,1022.25,35739.604248046875,65,bear_cross
MARUTI,43,2022-05-25,7802.64990234375,2022-08-26,8735.900390625,40129.77099609375,0.0,2580.0,42709.77099609375,93,bear_cross
TCS,113,2022-08-01,3301.89990234375,2022-08-30,3132.550048828125,-19136.533447265625,0.0,0.0,-19136.533447265625,29,bear_cross
CGPOWER,1822,2022-06-27,186.1999969482422,2022-09-02,226.8000030517578,73973.21112060547,0.0,0.0,73973.21112060547,67,bear_cross
ONGC,1983,2022-08-03,136.6999969482422,2022-09-07,132.10000610351562,-9121.781845092773,0.0,6444.75,-2677.0318450927734,35,bear_cross
ASIANPAINT,12,2022-07-07,2861.39990234375,2022-09-19,3322.550048828125,5533.8017578125,0.0,0.0,5533.8017578125,74,bear_cross
MOTHERSON,5523,2022-09-19,55.20000076293945,2022-09-22,54.511112213134766,-3804.731460571289,0.0,0.0,-3804.731460571289,3,bear_cross
GODREJCP,349,2022-06-28,797.25,2022-09-26,890.4500122070312,32526.804260253906,0.0,0.0,32526.804260253906,90,bear_cross
ADANIENSOL,157,2022-06-28,2140.550048828125,2022-09-29,3602.10009765625,229463.35766601562,0.0,0.0,229463.35766601562,93,bear_cross
CUMMINSIND,324,2022-09-08,1226.300048828125,2022-09-29,1177.4000244140625,-15843.60791015625,0.0,0.0,-15843.60791015625,21,bear_cross
SBIN,742,2022-09-02,533.2999877929688,2022-09-30,521.75,-8570.090942382812,0.0,0.0,-8570.090942382812,28,bear_cross
APOLLOHOSP,92,2022-09-02,4277.14990234375,2022-10-03,4383.39990234375,9775.0,0.0,0.0,9775.0,31,bear_cross
MARUTI,43,2022-09-02,9024.5,2022-10-03,8828.150390625,-8443.033203125,0.0,0.0,-8443.033203125,31,bear_cross
TVSMOTOR,500,2022-05-20,679.0999755859375,2022-10-06,1034.9000244140625,177900.0244140625,0.0,0.0,177900.0244140625,139,bear_cross
EICHERMOT,117,2022-06-27,2877.89990234375,2022-10-12,3408.0,62021.71142578125,0.0,2457.0,64478.71142578125,107,bear_cross
HINDUNILVR,126,2022-09-26,2682.050048828125,2022-10-12,2550.64990234375,-16556.41845703125,0.0,0.0,-16556.41845703125,16,bear_cross
APOLLOHOSP,89,2022-10-07,4390.5,2022-10-12,4275.5498046875,-10230.5673828125,0.0,0.0,-10230.5673828125,5,bear_cross
CUMMINSIND,322,2022-10-12,1200.300048828125,2022-10-14,1189.199951171875,-3574.2314453125,0.0,0.0,-3574.2314453125,2,bear_cross
UNITDSPR,262,2022-09-02,810.0,2022-10-17,823.5,3537.0,0.0,0.0,3537.0,45,bear_cross
ETERNAL,6021,2022-10-07,65.55000305175781,2022-10-20,62.04999923706055,-21073.522968292236,0.0,0.0,-21073.522968292236,13,bear_cross
ABB,119,2022-10-13,3247.5,2022-10-24,3041.25,-24543.75,0.0,0.0,-24543.75,11,bear_cross
ZYDUSLIFE,949,2022-10-04,409.3500061035156,2022-11-18,408.3999938964844,-901.5615844726562,0.0,0.0,-901.5615844726562,45,bear_cross
DRREDDY,447,2022-09-30,872.1400146484375,2022-11-22,869.969970703125,-970.0096435546875,0.0,0.0,-970.0096435546875,53,bear_cross
ITC,1163,2022-10-20,333.5057067871094,2022-11-22,324.69500732421875,-10246.843475341797,0.0,0.0,-10246.843475341797,33,bear_cross
NESTLEIND,346,2022-10-20,986.9550170898438,2022-11-24,978.2550048828124,-3010.2042236328516,0.0,2076.0,-934.2042236328516,35,bear_cross
TORNTPHARM,252,2022-09-30,1545.800048828125,2022-11-25,1614.1500244140625,17224.19384765625,0.0,0.0,17224.19384765625,56,bear_cross
MAXHEALTH,933,2022-11-29,439.6000061035156,2022-12-09,432.6000061035156,-6531.0,0.0,0.0,-6531.0,10,bear_cross
SUNPHARMA,9,2022-09-26,921.0999755859376,2022-12-12,992.8499755859376,645.75,0.0,0.0,645.75,77,bear_cross
HCLTECH,416,2022-10-06,946.0,2022-12-13,1028.4000244140625,34278.41015625,0.0,4160.0,38438.41015625,68,bear_cross
BHARTIARTL,494,2022-10-24,797.4500122070312,2022-12-13,828.4000244140625,15289.306030273438,0.0,0.0,15289.306030273438,50,bear_cross
ASIANPAINT,131,2022-11-30,3135.050048828125,2022-12-21,3082.14990234375,-6929.919189453125,0.0,0.0,-6929.919189453125,21,bear_cross
CANBK,7790,2022-10-20,49.79999923706055,2022-12-23,62.369998931884766,97920.29762268066,0.0,0.0,97920.29762268066,64,bear_cross
INDHOTEL,890,2022-12-09,327.1000061035156,2022-12-23,304.04998779296875,-20514.51629638672,0.0,0.0,-20514.51629638672,14,bear_cross
NTPC,209,2022-12-21,169.75,2022-12-23,165.89999389648438,-804.6512756347656,0.0,0.0,-804.6512756347656,2,bear_cross
DMART,99,2022-12-14,4108.9501953125,2022-12-26,3875.60009765625,-23101.65966796875,0.0,0.0,-23101.65966796875,12,bear_cross
HDFCLIFE,741,2022-11-24,547.6500244140625,2022-12-29,568.2000122070312,15227.540954589844,0.0,0.0,15227.540954589844,35,bear_cross
SIEMENS,231,2022-12-13,1783.5098876953125,2022-12-29,1679.4935302734375,-24027.778564453125,0.0,0.0,-24027.778564453125,16,bear_cross
CIPLA,368,2022-12-29,1085.800048828125,2022-12-30,1087.550048828125,644.0,0.0,0.0,644.0,1,bear_cross
SHREECEM,14,2022-12-29,24284.25,2022-12-30,23256.75,-14385.0,0.0,0.0,-14385.0,1,bear_cross
NESTLEIND,402,2022-12-14,1019.4149780273438,2023-01-02,980.2999877929688,-15724.22607421875,0.0,0.0,-15724.22607421875,19,bear_cross
BOSCHLTD,23,2023-01-03,17169.650390625,2023-01-04,17133.75,-825.708984375,0.0,0.0,-825.708984375,1,bear_cross
DMART,97,2023-01-02,4068.75,2023-01-06,3857.800048828125,-20462.145263671875,0.0,0.0,-20462.145263671875,4,bear_cross
HDFCBANK,488,2022-12-30,820.6500244140625,2023-01-09,797.2000122070312,-11443.60595703125,0.0,0.0,-11443.60595703125,10,bear_cross
TVSMOTOR,364,2022-12-30,1101.0,2023-01-10,1021.0999755859376,-29083.60888671871,0.0,0.0,-29083.60888671871,11,bear_cross
LODHA,776,2022-11-22,498.1000061035156,2023-01-12,517.5,15054.395263671875,0.0,0.0,15054.395263671875,51,bear_cross
AXISBANK,479,2022-10-13,808.7000122070312,2023-01-18,917.7000122070312,52211.0,0.0,0.0,52211.0,97,bear_cross
MAXHEALTH,892,2022-12-27,445.54998779296875,2023-01-27,438.1499938964844,-6600.7945556640625,0.0,0.0,-6600.7945556640625,31,bear_cross
MOTHERSON,7277,2023-01-02,49.43333435058594,2023-01-27,48.43333435058594,-7277.0,0.0,0.0,-7277.0,25,bear_cross
ADANIGREEN,183,2023-01-18,2166.14990234375,2023-01-30,1486.25,-124421.68212890625,0.0,0.0,-124421.68212890625,12,bear_cross
HDFCLIFE,622,2023-01-06,609.4500122070312,2023-01-31,587.9500122070312,-13373.0,0.0,0.0,-13373.0,25,bear_cross
HINDALCO,858,2022-12-29,465.9500122070313,2023-02-03,465.3999938964844,-471.9157104492675,0.0,0.0,-471.9157104492675,36,bear_cross
BPCL,2174,2023-01-09,172.35000610351562,2023-02-03,166.10000610351562,-13587.5,0.0,0.0,-13587.5,25,bear_cross
IOC,266,2023-01-04,78.5,2023-02-07,79.25,199.5,0.0,0.0,199.5,34,bear_cross
HINDUNILVR,145,2023-02-06,2648.75,2023-02-14,2581.0,-9823.75,0.0,0.0,-9823.75,8,bear_cross
GODREJCP,425,2022-11-18,838.8499755859375,2023-02-28,914.0,31938.760375976562,0.0,0.0,31938.760375976562,102,bear_cross
EICHERMOT,115,2023-02-01,3263.35009765625,2023-03-01,3105.89990234375,-18106.7724609375,0.0,0.0,-18106.7724609375,28,bear_cross
CGPOWER,1368,2023-01-10,289.45001220703125,2023-03-02,306.79998779296875,23734.7666015625,0.0,0.0,23734.7666015625,51,bear_cross
BAJAJFINSV,278,2023-02-15,1398.5999755859375,2023-03-02,1343.9000244140625,-15206.58642578125,0.0,0.0,-15206.58642578125,15,bear_cross
DRREDDY,436,2023-02-03,874.02001953125,2023-03-03,878.1199951171875,1787.58935546875,0.0,0.0,1787.58935546875,28,bear_cross
CHOLAFIN,538,2023-01-27,718.4000244140625,2023-03-08,769.2999877929688,27384.180297851562,0.0,699.4,28083.580297851564,40,bear_cross
LTM,14,2023-01-27,4430.64990234375,2023-03-15,4566.9501953125,1908.2041015625,0.0,280.0,2188.2041015625,47,bear_cross
BEL,4016,2023-03-06,95.8499984741211,2023-03-15,92.75,-12449.593872070312,0.0,0.0,-12449.593872070312,9,bear_cross
BANKBARODA,1460,2023-03-08,173.10000610351562,2023-03-17,159.75,-19491.008911132812,0.0,0.0,-19491.008911132812,9,bear_cross
BAJAJHLDNG,64,2023-02-01,5883.9501953125,2023-03-20,5985.75,6515.1875,0.0,0.0,6515.1875,47,bear_cross
INDHOTEL,1219,2023-03-03,315.1000061035156,2023-03-28,304.95001220703125,-12372.842559814453,0.0,0.0,-12372.842559814453,25,bear_cross
ASIANPAINT,135,2023-03-03,2833.89990234375,2023-03-29,2784.449951171875,-6675.743408203125,0.0,0.0,-6675.743408203125,26,bear_cross
ADANIPORTS,562,2023-03-06,684.6500244140625,2023-04-03,631.9000244140625,-29645.5,0.0,0.0,-29645.5,28,bear_cross
BPCL,537,2023-03-17,175.4499969482422,2023-04-13,168.64999389648438,-3651.6016387939453,0.0,0.0,-3651.6016387939453,27,bear_cross
ABB,130,2023-02-07,2932.0,2023-04-17,3230.0,38740.0,0.0,0.0,38740.0,69,bear_cross
SIEMENS,211,2023-01-12,1726.365478515625,2023-04-24,1907.425537109375,38203.67236328125,0.0,2110.0,40313.67236328125,102,bear_cross
ADANIENSOL,222,2023-03-20,1022.3499755859375,2023-04-27,987.7999877929688,-7670.0972900390625,0.0,0.0,-7670.0972900390625,38,bear_cross
ADANIGREEN,518,2023-03-16,740.4000244140625,2023-05-11,902.3499755859375,83890.07470703125,0.0,0.0,83890.07470703125,56,bear_cross
POWERGRID,2304,2023-03-01,166.6875,2023-05-24,175.5749969482422,20476.79296875,0.0,0.0,20476.79296875,84,bear_cross
HDFCAMC,399,2023-04-13,892.3250122070312,2023-05-25,870.9749755859375,-8518.664611816406,0.0,0.0,-8518.664611816406,42,bear_cross
ICICIBANK,445,2023-03-28,848.7000122070312,2023-06-13,935.9500122070312,38826.25,0.0,0.0,38826.25,77,bear_cross
WIPRO,2116,2023-04-27,187.2749938964844,2023-06-19,190.6499938964844,7141.5,0.0,0.0,7141.5,53,bear_cross
INFY,314,2023-05-25,1298.6500244140625,2023-06-26,1265.0,-10566.107666015625,0.0,5495.0,-5071.107666015625,32,bear_cross
GAIL,3995,2023-06-20,108.0,2023-06-27,104.8000030517578,-12783.987808227595,0.0,0.0,-12783.987808227595,7,bear_cross
HCLTECH,234,2023-05-11,1078.300048828125,2023-07-13,1110.550048828125,7546.5,0.0,0.0,7546.5,63,bear_cross
TRENT,273,2023-04-03,1374.949951171875,2023-07-17,1687.6500244140625,85367.11999511719,0.0,400.400091,85767.52008611719,105,bear_cross
GODREJCP,421,2023-07-04,1060.949951171875,2023-07-19,1041.949951171875,-7999.0,0.0,0.0,-7999.0,15,bear_cross
BRITANNIA,90,2023-04-24,4327.7998046875,2023-07-26,4885.60009765625,50202.0263671875,0.0,0.0,50202.0263671875,93,bear_cross
HDFCLIFE,759,2023-03-29,489.70001220703125,2023-08-02,642.75,116164.94073486328,0.0,1442.1,117607.04073486329,126,bear_cross
HDFCBANK,473,2023-06-26,821.75,2023-08-03,820.25,-709.5,0.0,0.0,-709.5,38,bear_cross
BAJAJFINSV,75,2023-04-17,1341.300048828125,2023-08-04,1493.6500244140625,11426.248168945312,0.0,60.0,11486.248168945312,109,bear_cross
INDHOTEL,1148,2023-07-18,390.1000061035156,2023-08-11,382.5499877929688,-8667.421020507747,0.0,0.0,-8667.421020507747,24,bear_cross
ADANIGREEN,456,2023-07-20,979.6500244140625,2023-08-11,973.9000244140625,-2622.0,0.0,0.0,-2622.0,22,bear_cross
TVSMOTOR,280,2023-07-13,1338.6500244140625,2023-08-16,1344.9000244140625,1750.0,0.0,0.0,1750.0,34,bear_cross
SHREECEM,18,2023-08-07,24224.19921875,2023-08-21,23537.25,-12365.0859375,0.0,0.0,-12365.0859375,14,bear_cross
SBILIFE,3,2023-08-11,1334.3499755859375,2023-08-21,1282.449951171875,-155.7000732421875,0.0,0.0,-155.7000732421875,10,bear_cross
COALINDIA,1804,2023-08-02,240.35000610351562,2023-08-23,230.75,-17318.411010742188,0.0,7216.0,-10102.411010742188,21,bear_cross
EICHERMOT,133,2023-08-07,3359.550048828125,2023-08-23,3343.39990234375,-2147.969482421875,0.0,4921.0,2773.030517578125,16,bear_cross
TORNTPHARM,250,2023-03-15,1520.5999755859375,2023-08-24,1938.5,104475.00610351562,0.0,2000.0,106475.00610351562,162,bear_cross
DRREDDY,425,2023-06-13,935.1300048828124,2023-09-04,1115.7099609375,76746.48132324223,0.0,3400.0,80146.48132324223,83,bear_cross
ADANIENSOL,323,2023-07-26,834.8499755859375,2023-09-06,813.4500122070312,-6912.188171386719,0.0,0.0,-6912.188171386719,42,bear_cross
BAJAJHLDNG,48,2023-09-04,7340.7998046875,2023-09-06,7176.7998046875,-7872.0,0.0,0.0,-7872.0,2,bear_cross
SIEMENS,198,2023-08-29,2258.18701171875,2023-09-25,2165.470458984375,-18357.87744140625,0.0,0.0,-18357.87744140625,27,bear_cross
INDHOTEL,1139,2023-08-28,392.0,2023-09-29,405.1499938964844,14977.843048095703,0.0,0.0,14977.843048095703,32,bear_cross
HDFCLIFE,714,2023-09-06,640.9500122070312,2023-10-03,637.4000244140625,-2534.6912841796875,0.0,0.0,-2534.6912841796875,27,bear_cross
LTM,23,2023-08-11,5106.5498046875,2023-10-04,5212.75,2442.6044921875,0.0,0.0,2442.6044921875,54,bear_cross
M&M,287,2023-08-16,1546.8499755859375,2023-10-04,1537.4000244140625,-2712.135986328125,0.0,0.0,-2712.135986328125,49,bear_cross
ASIANPAINT,139,2023-09-25,3274.85009765625,2023-10-04,3166.85009765625,-15012.0,0.0,0.0,-15012.0,9,bear_cross
SHRIRAMFIN,1491,2023-05-25,273.92999267578125,2023-10-05,370.1199951171875,143419.29364013672,0.0,5964.0,149383.29364013672,133,bear_cross
ADANIPORTS,545,2023-10-05,824.5999755859375,2023-10-10,790.0499877929688,-18829.74334716797,0.0,0.0,-18829.74334716797,5,bear_cross
HINDALCO,1003,2023-08-29,446.2999877929688,2023-10-11,480.6499938964844,34453.056121826114,0.0,0.0,34453.056121826114,43,bear_cross
TORNTPHARM,238,2023-10-09,1894.050048828125,2023-10-11,1868.25,-6140.41162109375,0.0,0.0,-6140.41162109375,2,bear_cross
AXISBANK,458,2023-08-25,981.3499755859376,2023-10-12,1019.0999755859376,17289.5,0.0,0.0,17289.5,48,bear_cross
AXISBANK,448,2023-10-13,1018.4500122070312,2023-10-16,994.0499877929688,-10931.2109375,0.0,0.0,-10931.2109375,3,bear_cross
INFY,303,2023-10-12,1494.4000244140625,2023-10-17,1434.1500244140625,-18255.75,0.0,0.0,-18255.75,5,bear_cross
MAZDOCK,27,2023-09-06,956.1749877929688,2023-10-20,1064.875,2934.9003295898438,0.0,92.61,3027.510329589844,44,bear_cross
BPCL,2470,2023-10-20,176.85000610351562,2023-10-23,173.1999969482422,-9015.52261352539,0.0,0.0,-9015.52261352539,3,bear_cross
AMBUJACEM,1024,2023-10-13,445.6000061035156,2023-10-25,415.9500122070313,-30361.59374999994,0.0,0.0,-30361.59374999994,12,bear_cross
DMART,116,2023-10-06,3861.5,2023-10-26,3740.550048828125,-14030.1943359375,0.0,0.0,-14030.1943359375,20,bear_cross
ITC,837,2023-10-16,431.7230529785156,2023-10-26,416.6534118652344,-12613.289611816406,0.0,0.0,-12613.289611816406,10,bear_cross
HCLTECH,35,2023-10-23,1258.5999755859375,2023-10-26,1229.0,-1035.9991455078125,0.0,0.0,-1035.9991455078125,3,bear_cross
CIPLA,368,2023-10-26,1157.449951171875,2023-10-27,1150.8499755859375,-2428.791015625,0.0,0.0,-2428.791015625,1,bear_cross
INDIGO,181,2023-10-10,2473.5,2023-10-30,2471.25,-407.25,0.0,0.0,-407.25,20,bear_cross
HINDUNILVR,178,2023-10-11,2516.199951171875,2023-10-30,2482.050048828125,-6078.6826171875,0.0,0.0,-6078.6826171875,19,bear_cross
BRITANNIA,96,2023-10-17,4586.0498046875,2023-10-30,4514.2998046875,-6888.0,0.0,0.0,-6888.0,13,bear_cross
DRREDDY,372,2023-10-25,1110.3900146484375,2023-10-30,1079.4599609375,-11505.97998046875,0.0,0.0,-11505.97998046875,5,bear_cross
BOSCHLTD,23,2023-10-12,19698.099609375,2023-11-02,19358.400390625,-7813.08203125,0.0,0.0,-7813.08203125,21,bear_cross
CIPLA,364,2023-11-03,1208.5,2023-12-01,1212.300048828125,1383.2177734375,0.0,0.0,1383.2177734375,28,bear_cross
ULTRACEMCO,52,2023-11-02,8381.4501953125,2024-01-16,9954.5498046875,81801.1796875,0.0,0.0,81801.1796875,75,bear_cross
ADANIPOWER,5913,2023-11-03,74.58999633789062,2024-01-24,103.51000213623048,171003.99428558358,0.0,0.0,171003.99428558358,82,bear_cross
ICICIBANK,500,2024-01-24,1029.050048828125,2024-01-25,999.2000122070312,-14925.018310546875,0.0,0.0,-14925.018310546875,1,bear_cross
TVSMOTOR,331,2023-08-29,1349.25,2024-01-29,1941.0999755859373,195902.34191894523,0.0,0.0,195902.34191894523,153,bear_cross
ADANIENT,16,2023-12-01,2358.550048828125,2024-01-29,2893.60009765625,8560.80078125,0.0,0.0,8560.80078125,59,bear_cross
TRENT,199,2023-11-02,2197.64990234375,2024-02-07,3035.0,166632.66943359375,0.0,0.0,166632.66943359375,97,bear_cross
TECHM,318,2024-01-16,1337.6500244140625,2024-02-16,1300.3499755859375,-11861.41552734375,0.0,0.0,-11861.41552734375,31,bear_cross
HCLTECH,253,2023-11-03,1273.4000244140625,2024-03-13,1635.5999755859375,91636.58764648438,0.0,3036.0,94672.58764648438,131,bear_cross
ADANIPOWER,4882,2024-01-30,114.08999633789062,2024-03-15,107.56999969482422,-31830.623611450195,0.0,0.0,-31830.623611450195,45,bear_cross
CANBK,5733,2023-11-02,76.66000366210938,2024-03-18,109.83000183105467,190163.5995025634,0.0,0.0,190163.5995025634,137,bear_cross
DLF,764,2023-11-02,574.8499755859375,2024-03-18,823.7000122070312,190121.42797851562,0.0,0.0,190121.42797851562,137,bear_cross
BPCL,2446,2023-11-03,180.2749938964844,2024-03-18,293.2250061035156,276275.7298583984,0.0,25683.0,301958.7298583984,136,bear_cross
BANKBARODA,2377,2024-01-30,234.25,2024-03-19,254.5,48134.25,0.0,0.0,48134.25,49,bear_cross
HCLTECH,356,2024-03-15,1679.25,2024-03-19,1643.4000244140625,-12762.59130859375,0.0,0.0,-12762.59130859375,4,bear_cross
TORNTPHARM,240,2023-10-12,1885.5,2024-03-20,2501.5,147840.0,0.0,5280.0,153120.0,160,bear_cross
DRREDDY,472,2024-01-25,1180.4200439453125,2024-03-20,1226.97998046875,21976.2900390625,0.0,0.0,21976.2900390625,55,bear_cross
SBILIFE,98,2024-02-07,1464.0,2024-03-20,1461.3499755859375,-259.702392578125,0.0,264.6,4.897607421875023,42,bear_cross
UNIONBANK,3211,2024-03-22,146.8000030517578,2024-04-18,143.25,-11399.059799194336,0.0,0.0,-11399.059799194336,27,bear_cross
PIDILITIND,451,2024-02-19,1355.550048828125,2024-04-22,1415.3499755859375,26969.766967773438,0.0,0.0,26969.766967773438,63,bear_cross
KOTAKBANK,1678,2024-03-20,349.92999267578125,2024-04-29,321.70001220703125,-47369.9072265625,0.0,0.0,-47369.9072265625,40,bear_cross
ADANIPORTS,399,2024-04-26,1330.550048828125,2024-05-07,1289.949951171875,-16199.43896484375,0.0,0.0,-16199.43896484375,11,bear_cross
ADANIENSOL,19,2024-04-29,1062.8499755859375,2024-05-08,1021.5499877929688,-784.6997680664062,0.0,0.0,-784.6997680664062,9,bear_cross
BAJAJ-AUTO,57,2024-05-07,9052.5498046875,2024-05-08,8677.900390625,-21355.0166015625,0.0,0.0,-21355.0166015625,1,bear_cross
TATAPOWER,1505,2024-03-22,392.1499938964844,2024-05-14,411.75,29498.009185791016,0.0,0.0,29498.009185791016,53,bear_cross
ITC,1460,2024-03-18,403.5577697753906,2024-05-17,415.4497680664063,17362.317504882896,0.0,0.0,17362.317504882896,60,bear_cross
ETERNAL,3480,2024-03-22,169.64999389648438,2024-05-23,185.5,55158.021240234375,0.0,0.0,55158.021240234375,62,bear_cross
BAJAJHLDNG,62,2024-05-08,8279.5498046875,2024-05-27,8031.9501953125,-15351.17578125,0.0,0.0,-15351.17578125,19,bear_cross
MAXHEALTH,570,2024-05-17,849.0499877929688,2024-05-29,791.9500122070312,-32546.986083984375,0.0,0.0,-32546.986083984375,12,bear_cross
SBIN,822,2024-04-24,773.0,2024-06-12,835.5499877929688,51416.08996582031,0.0,11261.4,62677.489965820314,49,bear_cross
BANKBARODA,2402,2024-05-27,268.95001220703125,2024-06-12,274.79998779296875,14051.641357421875,0.0,0.0,14051.641357421875,16,bear_cross
ADANIGREEN,375,2024-06-13,1827.3499755859375,2024-06-19,1814.0,-5006.2408447265625,0.0,0.0,-5006.2408447265625,6,bear_cross
ADANIENT,191,2024-05-23,3140.949951171875,2024-06-27,3170.5,5644.059326171875,0.0,240.72322100000002,5884.782547171875,35,bear_cross
ONGC,2412,2024-06-19,275.79998779296875,2024-06-27,267.75,-19416.570556640625,0.0,0.0,-19416.570556640625,8,bear_cross
ADANIPOWER,5114,2024-05-15,125.61000061035156,2024-07-01,143.72000122070312,92614.54312133789,0.0,0.0,92614.54312133789,47,bear_cross
BAJAJ-AUTO,56,2024-05-29,8989.75,2024-07-04,9422.400390625,24228.421875,0.0,4480.0,28708.421875,36,bear_cross
JINDALSTEL,718,2024-03-22,821.5499877929688,2024-07-11,1007.8499755859376,133763.39123535165,0.0,0.0,133763.39123535165,111,bear_cross
HAL,189,2024-03-22,3121.35009765625,2024-07-23,4997.25,354545.08154296875,0.0,0.0,354545.08154296875,123,bear_cross
HINDALCO,1093,2024-03-22,539.7000122070312,2024-07-23,672.2999877929688,144931.7733154297,0.0,0.0,144931.7733154297,123,bear_cross
CHOLAFIN,496,2024-07-24,1395.6500244140625,2024-07-25,1388.9000244140625,-3348.0,0.0,0.0,-3348.0,1,bear_cross
MUTHOOTFIN,411,2024-03-22,1434.449951171875,2024-07-26,1742.5,126608.57006835938,0.0,9864.0,136472.57006835938,126,bear_cross
ASIANPAINT,237,2024-07-04,2925.550048828125,2024-07-26,2901.39990234375,-5723.584716796875,0.0,0.0,-5723.584716796875,22,bear_cross
BAJAJHLDNG,54,2024-06-12,8382.400390625,2024-08-07,9189.9501953125,43607.689453125,0.0,1134.0,44741.689453125,56,bear_cross
EICHERMOT,120,2024-07-11,4849.14990234375,2024-08-08,4597.14990234375,-30240.0,0.0,6120.0,-24120.0,28,bear_cross
IOC,3938,2024-07-26,176.85000610351562,2024-08-12,169.08999633789062,-30558.91845703125,0.0,0.0,-30558.91845703125,17,bear_cross
INDHOTEL,1086,2024-07-29,647.0,2024-08-13,617.1500244140625,-32417.073486328125,0.0,0.0,-32417.073486328125,15,bear_cross
GAIL,3036,2024-08-14,227.16000366210935,2024-08-19,232.5500030517578,16364.038146972742,0.0,0.0,16364.038146972742,5,bear_cross
ADANIENSOL,676,2024-07-24,1023.7999877929688,2024-08-27,1053.3499755859375,19975.791748046875,0.0,0.0,19975.791748046875,34,bear_cross
DMART,137,2024-08-13,5013.7998046875,2024-08-28,4958.5498046875,-7569.25,0.0,0.0,-7569.25,15,bear_cross
NTPC,1817,2024-07-01,378.3500061035156,2024-09-09,394.7999877929688,29889.61672973643,0.0,5905.25,35794.86672973643,70,bear_cross
TMPV,654,2024-08-14,1053.449951171875,2024-09-09,1049.3499755859375,-2681.384033203125,0.0,0.0,-2681.384033203125,26,bear_cross
HAL,145,2024-09-09,4703.4501953125,2024-09-12,4598.75,-15181.5283203125,0.0,0.0,-15181.5283203125,3,bear_cross
ADANIGREEN,377,2024-08-14,1825.6500244140625,2024-09-13,1811.9000244140625,-5183.75,0.0,0.0,-5183.75,30,bear_cross
IOC,4081,2024-08-27,173.4600067138672,2024-09-18,170.50999450683594,-12038.999816894531,0.0,0.0,-12038.999816894531,22,bear_cross
TCS,174,2024-06-28,3934.14990234375,2024-09-23,4284.89990234375,61030.5,0.0,1740.0,62770.5,87,bear_cross
ADANIGREEN,349,2024-09-18,1954.4000244140625,2024-10-07,1801.199951171875,-53466.82556152344,0.0,0.0,-53466.82556152344,19,bear_cross
UNIONBANK,5637,2024-09-23,123.43000030517578,2024-10-07,118.86000061035156,-25761.08827972412,0.0,0.0,-25761.08827972412,14,bear_cross
HINDUNILVR,6,2024-05-08,2379.39990234375,2024-10-09,2818.800048828125,2636.40087890625,0.0,144.0,2780.40087890625,154,bear_cross
KOTAKBANK,1831,2024-09-13,365.489990234375,2024-10-09,360.6799926757813,-8807.105529785053,0.0,0.0,-8807.105529785053,26,bear_cross
BAJFINANCE,1028,2024-08-28,686.3599853515625,2024-10-10,730.0449829101562,44908.177490234375,0.0,0.0,44908.177490234375,43,bear_cross
JINDALSTEL,738,2024-09-12,966.9000244140624,2024-10-14,1005.8499755859376,28745.063964843917,0.0,0.0,28745.063964843917,32,bear_cross
LTM,112,2024-10-09,6376.7998046875,2024-10-22,5943.10009765625,-48574.3671875,0.0,0.0,-48574.3671875,13,bear_cross
INFY,374,2024-10-10,1952.75,2024-10-23,1851.5999755859373,-37830.10913085946,0.0,0.0,-37830.10913085946,13,bear_cross
TORNTPHARM,148,2024-10-10,3557.25,2024-10-23,3339.64990234375,-32204.814453125,0.0,0.0,-32204.814453125,13,bear_cross
INDHOTEL,1043,2024-10-15,705.2000122070312,2024-10-23,656.0999755859375,-51211.33819580078,0.0,0.0,-51211.33819580078,8,bear_cross
KOTAKBANK,1925,2024-10-15,382.1600036621094,2024-10-23,352.6300048828125,-56845.247650146484,0.0,0.0,-56845.247650146484,8,bear_cross
SUNPHARMA,362,2024-07-01,1520.8499755859375,2024-10-24,1839.3499755859373,115296.99999999991,0.0,1810.0,117106.99999999991,115,bear_cross
BOSCHLTD,21,2024-09-10,33105.69921875,2024-10-25,36049.1015625,61811.44921875,0.0,0.0,61811.44921875,45,bear_cross
BHARTIARTL,446,2024-08-19,1483.550048828125,2024-10-28,1666.0,81372.67822265625,0.0,0.0,81372.67822265625,70,bear_cross
VBL,1152,2024-10-31,605.5499877929688,2024-11-01,597.75,-8985.5859375,0.0,0.0,-8985.5859375,1,bear_cross
TECHM,440,2024-10-10,1658.800048828125,2024-11-06,1632.6500244140625,-11506.0107421875,0.0,6600.0,-4906.0107421875,27,bear_cross
VBL,1138,2024-11-04,608.5,2024-11-06,586.25,-25320.5,0.0,0.0,-25320.5,2,bear_cross
DIVISLAB,146,2024-07-29,4790.60009765625,2024-11-18,5750.10009765625,140087.0,0.0,4380.0,144467.0,112,bear_cross
ICICIBANK,524,2024-10-30,1331.8499755859375,2024-11-19,1253.449951171875,-41081.61279296875,0.0,0.0,-41081.61279296875,20,bear_cross
BANKBARODA,2775,2024-10-31,251.47999572753903,2024-11-21,237.1999969482422,-39626.99661254875,0.0,0.0,-39626.99661254875,21,bear_cross
HDFCBANK,80,2024-10-22,864.3499755859375,2024-11-22,870.5999755859375,500.0,0.0,0.0,500.0,31,bear_cross
SBIN,848,2024-10-31,822.4500122070312,2024-11-22,780.75,-35361.6103515625,0.0,0.0,-35361.6103515625,22,bear_cross
BEL,2435,2024-11-05,284.1499938964844,2024-11-22,275.45001220703125,-21184.45541381836,0.0,0.0,-21184.45541381836,17,bear_cross
MAXHEALTH,680,2024-11-01,1017.5999755859375,2024-11-29,976.8499755859375,-27710.0,0.0,0.0,-27710.0,28,bear_cross
EICHERMOT,139,2024-11-04,4953.60009765625,2024-12-06,4837.5498046875,-16130.99072265625,0.0,0.0,-16130.99072265625,32,bear_cross
DIVISLAB,110,2024-11-26,6138.4501953125,2024-12-16,5876.7001953125,-28792.5,0.0,0.0,-28792.5,20,bear_cross
BAJAJFINSV,400,2024-12-16,1679.699951171875,2024-12-23,1569.6500244140625,-44019.970703125,0.0,0.0,-44019.970703125,7,bear_cross
PFC,1414,2024-11-25,477.9500122070313,2024-12-24,456.5,-30330.317260742268,0.0,0.0,-30330.317260742268,29,bear_cross
UNIONBANK,4253,2024-11-06,117.37999725341795,2024-12-26,118.16000366210938,3317.3672561646113,0.0,0.0,3317.3672561646113,50,bear_cross
M&M,222,2024-11-26,3045.60009765625,2024-12-26,2928.699951171875,-25951.83251953125,0.0,0.0,-25951.83251953125,30,bear_cross
CGPOWER,263,2024-11-29,752.4500122070312,2024-12-26,713.7000122070312,-10191.25,0.0,0.0,-10191.25,27,bear_cross
ETERNAL,2514,2024-11-21,271.3599853515625,2024-12-27,273.20001220703125,4625.8275146484375,0.0,0.0,4625.8275146484375,36,bear_cross
HDFCBANK,757,2024-11-26,892.7999877929688,2024-12-27,895.375,1949.2842407226562,0.0,0.0,1949.2842407226562,31,bear_cross
VBL,1076,2024-11-22,626.75,2024-12-30,624.2999877929688,-2636.213134765625,0.0,0.0,-2636.213134765625,38,bear_cross
ADANIPORTS,557,2025-01-02,1218.699951171875,2025-01-07,1163.050048828125,-30996.99560546875,0.0,0.0,-30996.99560546875,5,bear_cross
LODHA,581,2024-11-07,1218.550048828125,2025-01-08,1340.75,70998.17163085938,0.0,0.0,70998.17163085938,62,bear_cross
ADANIPOWER,6548,2025-01-03,104.36000061035156,2025-01-08,101.97000122070312,-15649.716003417969,0.0,0.0,-15649.716003417969,5,bear_cross
ADANIENSOL,838,2024-12-30,805.9500122070312,2025-01-09,770.2000122070312,-29958.5,0.0,0.0,-29958.5,10,bear_cross
ITC,1465,2024-12-26,460.706787109375,2025-01-10,450.1000061035156,-15538.934173583984,0.0,0.0,-15538.934173583984,15,bear_cross
VBL,1064,2025-01-01,638.5,2025-01-10,605.4500122070312,-35165.18701171875,0.0,0.0,-35165.18701171875,9,bear_cross
DIVISLAB,88,2025-01-03,6144.75,2025-01-10,5824.5498046875,-28177.6171875,0.0,0.0,-28177.6171875,7,bear_cross
JINDALSTEL,666,2025-01-08,941.4500122070312,2025-01-10,931.5499877929688,-6593.416259765625,0.0,0.0,-6593.416259765625,2,bear_cross
BAJAJHLDNG,60,2024-12-06,10742.9501953125,2025-01-14,10314.7998046875,-25689.0234375,0.0,0.0,-25689.0234375,39,bear_cross
CIPLA,448,2024-12-30,1506.5999755859375,2025-01-14,1439.199951171875,-30195.2109375,0.0,0.0,-30195.2109375,15,bear_cross
ADANIENT,265,2025-01-02,2554.85009765625,2025-01-14,2225.14990234375,-87370.5517578125,0.0,0.0,-87370.5517578125,12,bear_cross
DMART,9,2025-01-07,3934.75,2025-01-16,3568.449951171875,-3296.700439453125,0.0,0.0,-3296.700439453125,9,bear_cross
HINDUNILVR,47,2025-01-10,2435.39990234375,2025-01-22,2340.5,-4460.29541015625,0.0,0.0,-4460.29541015625,12,bear_cross
TMPV,817,2025-01-20,779.75,2025-01-27,734.0999755859375,-37296.06994628906,0.0,0.0,-37296.06994628906,7,bear_cross
CHOLAFIN,514,2025-01-09,1275.25,2025-01-28,1175.3499755859375,-51348.612548828125,0.0,0.0,-51348.612548828125,19,bear_cross
NESTLEIND,3,2025-01-10,1128.0250244140625,2025-01-29,1078.1500244140625,-149.625,0.0,0.0,-149.625,19,bear_cross
ADANIPOWER,5782,2025-01-20,110.26000213623048,2025-01-29,99.44000244140624,-62561.2382354738,0.0,0.0,-62561.2382354738,9,bear_cross
ADANIENSOL,774,2025-01-22,813.3499755859375,2025-01-30,744.7000122070312,-53135.07165527344,0.0,0.0,-53135.07165527344,8,bear_cross
AMBUJACEM,1128,2025-01-29,543.1500244140625,2025-01-31,509.5499877929688,-37900.841308593685,0.0,0.0,-37900.841308593685,2,bear_cross
GODREJCP,553,2025-01-10,1181.0999755859375,2025-02-01,1121.25,-33097.03649902344,0.0,0.0,-33097.03649902344,22,bear_cross
RELIANCE,489,2025-01-20,1302.3499755859375,2025-02-01,1265.0999755859375,-18215.25,0.0,0.0,-18215.25,12,bear_cross
COALINDIA,1427,2025-02-01,395.8999938964844,2025-02-10,378.25,-25186.541290283203,0.0,0.0,-25186.541290283203,9,bear_cross
DLF,813,2025-02-10,757.4500122070312,2025-02-11,730.9500122070312,-21544.5,0.0,0.0,-21544.5,1,bear_cross
BRITANNIA,132,2025-01-10,4926.2998046875,2025-02-12,4904.0498046875,-2937.0,0.0,0.0,-2937.0,33,bear_cross
NESTLEIND,10,2025-02-01,1156.5999755859375,2025-02-13,1096.875,-597.249755859375,0.0,71.25,-525.999755859375,12,bear_cross
ADANIPORTS,535,2025-02-11,1144.199951171875,2025-02-18,1082.9000244140625,-32795.46081542969,0.0,0.0,-32795.46081542969,7,bear_cross
AXISBANK,605,2025-02-12,1007.4000244140624,2025-02-19,994.1500244140624,-8016.25,0.0,0.0,-8016.25,7,bear_cross
HDFCLIFE,965,2025-01-31,634.1500244140625,2025-02-21,620.0,-13654.773559570312,0.0,0.0,-13654.773559570312,21,bear_cross
BHARTIARTL,394,2025-01-16,1607.449951171875,2025-02-25,1601.300048828125,-2423.0615234375,0.0,0.0,-2423.0615234375,40,bear_cross
GRASIM,231,2025-01-30,2453.64990234375,2025-02-25,2393.699951171875,-13848.438720703125,0.0,0.0,-13848.438720703125,26,bear_cross
TATACONSUM,13,2025-01-08,955.0,2025-03-03,963.7000122070312,113.10015869140625,0.0,0.0,113.10015869140625,54,bear_cross
LODHA,503,2025-02-24,1215.550048828125,2025-03-04,1120.8499755859375,-47634.13684082031,0.0,0.0,-47634.13684082031,8,bear_cross
BAJAJHLDNG,53,2025-01-30,11426.849609375,2025-03-05,11209.150390625,-11538.05859375,0.0,0.0,-11538.05859375,34,bear_cross
SBILIFE,412,2025-02-20,1475.5999755859375,2025-03-05,1393.0999755859375,-33990.0,0.0,0.0,-33990.0,13,bear_cross
NTPC,1890,2025-02-27,318.70001220703125,2025-03-05,313.75,-9355.523071289062,0.0,0.0,-9355.523071289062,6,bear_cross
ETERNAL,2719,2025-02-25,222.69000244140625,2025-03-10,216.8300018310547,-15933.341659545898,0.0,0.0,-15933.341659545898,13,bear_cross
JINDALSTEL,600,2025-02-25,862.25,2025-04-08,791.0499877929688,-42720.00732421875,0.0,0.0,-42720.00732421875,42,bear_cross
CGPOWER,956,2025-03-10,630.0499877929688,2025-04-08,540.5,-85609.78833007812,0.0,1242.8,-84366.98833007812,29,bear_cross
JSWSTEEL,669,2025-01-27,932.4500122070312,2025-04-09,954.5999755859376,14818.325500488358,0.0,0.0,14818.325500488358,72,bear_cross
CHOLAFIN,471,2025-01-30,1296.550048828125,2025-04-09,1463.300048828125,78539.25,0.0,612.3000000000001,79151.55,69,bear_cross
CUMMINSIND,207,2025-03-06,2903.949951171875,2025-04-11,2781.449951171875,-25357.5,0.0,0.0,-25357.5,36,bear_cross
COALINDIA,1536,2025-04-17,399.25,2025-05-05,383.5,-24192.0,0.0,0.0,-24192.0,18,bear_cross
NTPC,1844,2025-03-06,326.20001220703125,2025-05-06,348.6000061035156,41305.58874511719,0.0,0.0,41305.58874511719,61,bear_cross
CHOLAFIN,380,2025-04-17,1611.9000244140625,2025-05-07,1530.5999755859375,-30894.0185546875,0.0,0.0,-30894.0185546875,20,bear_cross
BAJAJ-AUTO,76,2025-04-21,8018.0,2025-05-08,7849.0,-12844.0,0.0,0.0,-12844.0,17,bear_cross
ADANIPOWER,5029,2025-03-11,101.01000213623048,2025-05-12,102.4000015258789,6990.30693054192,0.0,0.0,6990.30693054192,62,bear_cross
MUTHOOTFIN,271,2025-05-12,2229.60009765625,2025-05-19,2104.800048828125,-33820.813232421875,0.0,0.0,-33820.813232421875,7,bear_cross
CIPLA,297,2025-04-21,1515.199951171875,2025-05-21,1454.4000244140625,-18057.578247070312,0.0,0.0,-18057.578247070312,30,bear_cross
TCS,8,2025-05-05,3431.0,2025-06-04,3405.199951171875,-206.400390625,0.0,240.0,33.599609375,30,bear_cross
AXISBANK,602,2025-02-20,1011.3499755859376,2025-06-05,1171.0,96109.31469726555,0.0,0.0,96109.31469726555,105,bear_cross
MAXHEALTH,504,2025-05-07,1156.0,2025-06-06,1137.4000244140625,-9374.3876953125,0.0,0.0,-9374.3876953125,30,bear_cross
CHOLAFIN,377,2025-05-08,1574.5,2025-06-06,1511.5999755859375,-23713.309204101562,0.0,0.0,-23713.309204101562,29,bear_cross
UNITDSPR,398,2025-06-06,1610.0,2025-06-16,1453.0999755859375,-62446.209716796875,0.0,0.0,-62446.209716796875,10,bear_cross
INDHOTEL,831,2025-06-09,776.8499755859375,2025-06-16,735.1500244140625,-34652.659423828125,0.0,0.0,-34652.659423828125,7,bear_cross
MAZDOCK,257,2025-03-10,2338.199951171875,2025-06-17,3165.60009765625,212641.83764648438,0.0,771.0,213412.83764648438,99,bear_cross
BAJAJFINSV,308,2025-06-17,2028.199951171875,2025-06-18,2003.300048828125,-7669.169921875,0.0,0.0,-7669.169921875,1,bear_cross
ADANIPORTS,521,2025-03-11,1142.9000244140625,2025-06-20,1338.0,101647.08728027344,0.0,3647.0,105294.08728027344,101,bear_cross
ADANIPOWER,4517,2025-05-19,113.0999984741211,2025-06-23,106.0500030517578,-31844.829322815007,0.0,0.0,-31844.829322815007,35,bear_cross
PNB,5653,2025-05-21,100.48999786376952,2025-06-25,105.22000122070312,26738.708976745686,0.0,16393.7,43132.40897674569,35,bear_cross
TORNTPHARM,4,2025-06-16,3252.5,2025-06-25,3180.89990234375,-286.400390625,0.0,24.0,-262.400390625,9,bear_cross
LODHA,494,2025-04-17,1240.800048828125,2025-07-01,1384.199951171875,70839.5517578125,0.0,0.0,70839.5517578125,75,bear_cross
ABB,102,2025-07-01,6080.5,2025-07-03,5906.0,-17799.0,0.0,0.0,-17799.0,2,bear_cross
DMART,146,2025-06-19,4228.39990234375,2025-07-14,4064.199951171875,-23973.19287109375,0.0,0.0,-23973.19287109375,25,bear_cross
INFY,408,2025-05-07,1511.5,2025-07-17,1607.9000244140625,39331.2099609375,0.0,8976.0,48307.2099609375,71,bear_cross
EICHERMOT,111,2025-06-23,5525.0,2025-07-24,5441.5,-9268.5,0.0,0.0,-9268.5,31,bear_cross
ADANIENSOL,714,2025-07-03,878.7999877929688,2025-07-25,849.0499877929688,-21241.5,0.0,0.0,-21241.5,22,bear_cross
ADANIGREEN,597,2025-07-16,1033.0999755859375,2025-08-01,984.7000122070312,-28894.77813720703,0.0,0.0,-28894.77813720703,16,bear_cross
TMPV,892,2025-07-25,700.5,2025-08-01,665.9500122070312,-30818.589111328125,0.0,0.0,-30818.589111328125,7,bear_cross
MUTHOOTFIN,4,2025-06-05,2272.300048828125,2025-08-04,2592.699951171875,1281.599609375,0.0,0.0,1281.599609375,60,bear_cross
BANKBARODA,2477,2025-07-17,249.0800018310547,2025-08-04,235.1300048828125,-34554.1424407959,0.0,0.0,-34554.1424407959,18,bear_cross
APOLLOHOSP,78,2025-06-16,6994.5,2025-08-07,7189.5,15210.0,0.0,0.0,15210.0,52,bear_cross
HINDALCO,923,2025-06-25,669.4000244140625,2025-08-07,684.8499755859375,14260.304931640625,0.0,0.0,14260.304931640625,43,bear_cross
HDFCBANK,633,2025-06-24,974.2000122070312,2025-08-08,997.7000122070312,14875.5,0.0,8545.5,23421.0,45,bear_cross
CIPLA,393,2025-07-29,1572.0,2025-08-11,1485.800048828125,-33876.580810546875,0.0,0.0,-33876.580810546875,13,bear_cross
GODREJCP,481,2025-08-04,1266.5,2025-08-11,1186.0999755859375,-38672.41174316406,0.0,0.0,-38672.41174316406,7,bear_cross
CGPOWER,915,2025-08-12,664.9000244140625,2025-08-14,670.4500122070312,5078.238830566406,0.0,0.0,5078.238830566406,2,bear_cross
MAXHEALTH,482,2025-08-12,1263.300048828125,2025-08-18,1220.699951171875,-20533.2470703125,0.0,0.0,-20533.2470703125,6,bear_cross
JIOFIN,1852,2025-08-04,329.5,2025-08-29,310.1000061035156,-35928.78869628906,0.0,926.0,-35002.78869628906,25,bear_cross
JSWSTEEL,607,2025-06-26,1024.449951171875,2025-09-02,1035.5,6707.379638671875,0.0,1699.6,8406.979638671875,68,bear_cross
INFY,395,2025-08-29,1500.0999755859375,2025-09-08,1444.5999755859375,-21922.5,0.0,0.0,-21922.5,10,bear_cross
ASIANPAINT,251,2025-08-04,2431.0,2025-09-18,2493.60009765625,15712.62451171875,0.0,0.0,15712.62451171875,45,bear_cross
PIDILITIND,392,2025-08-11,1540.6500244140625,2025-09-18,1531.0,-3782.8095703125,0.0,0.0,-3782.8095703125,38,bear_cross
CIPLA,26,2025-08-14,1561.0,2025-09-23,1542.199951171875,-488.80126953125,0.0,0.0,-488.80126953125,40,bear_cross
HCLTECH,7,2025-09-18,1481.5,2025-09-24,1429.800048828125,-361.899658203125,0.0,0.0,-361.899658203125,6,bear_cross
APOLLOHOSP,75,2025-08-18,7821.5,2025-09-25,7643.5,-13350.0,0.0,750.0,-12600.0,38,bear_cross
SBILIFE,318,2025-09-26,1809.800048828125,2025-09-29,1798.800048828125,-3498.0,0.0,0.0,-3498.0,3,bear_cross
TORNTPHARM,168,2025-09-25,3614.60009765625,2025-09-30,3586.60009765625,-4704.0,0.0,0.0,-4704.0,5,bear_cross
AMBUJACEM,1110,2025-09-23,590.2999877929688,2025-10-03,571.0999755859375,-21312.013549804688,0.0,0.0,-21312.013549804688,10,bear_cross
BAJAJFINSV,284,2025-09-08,2014.4000244140625,2025-10-06,2000.9000244140625,-3834.0,0.0,0.0,-3834.0,28,bear_cross
HYUNDAI,280,2025-08-05,2189.199951171875,2025-10-07,2480.800048828125,81648.02734375,0.0,0.0,81648.02734375,63,bear_cross
BAJAJFINSV,320,2025-10-08,2032.5999755859373,2025-10-09,2013.5999755859373,-6080.0,0.0,0.0,-6080.0,1,bear_cross
IRFC,3450,2025-10-08,127.08000183105469,2025-10-15,124.5199966430664,-8832.01789855957,0.0,0.0,-8832.01789855957,7,bear_cross
GAIL,3621,2025-10-08,179.89999389648438,2025-10-23,178.38999938964844,-5467.69010925293,0.0,0.0,-5467.69010925293,15,bear_cross
ETERNAL,1887,2025-06-05,245.67999267578125,2025-10-28,333.70001220703125,166093.77685546875,0.0,0.0,166093.77685546875,145,bear_cross
EICHERMOT,107,2025-08-08,5681.5,2025-10-29,7002.5,141347.0,0.0,0.0,141347.0,82,bear_cross
BOSCHLTD,16,2025-10-28,39005.0,2025-10-30,37380.0,-26000.0,0.0,0.0,-26000.0,2,bear_cross
HINDZINC,1435,2025-09-03,440.8999938964844,2025-10-31,477.6000061035156,52664.517517089844,0.0,0.0,52664.517517089844,58,bear_cross
MARUTI,48,2025-08-12,12597.0,2025-11-04,15651.0,146592.0,0.0,0.0,146592.0,84,bear_cross
POWERGRID,192,2025-10-09,285.29998779296875,2025-11-07,270.20001220703125,-2899.1953125,0.0,0.0,-2899.1953125,29,bear_cross
EICHERMOT,92,2025-11-04,7023.5,2025-11-07,6806.5,-19964.0,0.0,0.0,-19964.0,3,bear_cross
MAXHEALTH,568,2025-10-16,1155.800048828125,2025-11-10,1135.300048828125,-11644.0,0.0,0.0,-11644.0,25,bear_cross
INFY,436,2025-10-29,1500.199951171875,2025-11-10,1476.800048828125,-10202.357421875,0.0,0.0,-10202.357421875,12,bear_cross
INDHOTEL,879,2025-10-30,746.75,2025-11-10,691.2999877929688,-48740.56072998047,0.0,0.0,-48740.56072998047,11,bear_cross
HDFCBANK,663,2025-10-08,982.5,2025-11-14,986.6500244140624,2751.466186523362,0.0,0.0,2751.466186523362,37,bear_cross
ADANIGREEN,573,2025-10-31,1140.0999755859375,2025-11-14,1076.800048828125,-36270.85803222656,0.0,0.0,-36270.85803222656,14,bear_cross
BAJAJHLDNG,50,2025-11-11,12614.0,2025-11-17,12570.0,-2200.0,0.0,0.0,-2200.0,6,bear_cross
BRITANNIA,104,2025-11-11,6133.5,2025-11-18,5830.5,-31512.0,0.0,0.0,-31512.0,7,bear_cross
HAL,36,2025-11-18,4795.2001953125,2025-11-20,4744.2001953125,-1836.0,0.0,0.0,-1836.0,2,bear_cross
ADANIGREEN,593,2025-11-18,1088.5999755859375,2025-11-25,1009.4000244140625,-46965.571044921875,0.0,0.0,-46965.571044921875,7,bear_cross
ENRIN,195,2025-11-13,3283.60009765625,2025-11-28,3111.60009765625,-33540.0,0.0,0.0,-33540.0,15,bear_cross
GODREJCP,569,2025-11-10,1121.800048828125,2025-12-05,1132.5999755859375,6145.1583251953125,0.0,0.0,6145.1583251953125,25,bear_cross
INDIGO,109,2025-11-17,5908.5,2025-12-05,5436.5,-51448.0,0.0,0.0,-51448.0,18,bear_cross
HINDUNILVR,246,2025-12-05,2462.199951171875,2025-12-08,2338.60009765625,-30405.56396484375,0.0,0.0,-30405.56396484375,3,bear_cross
HYUNDAI,5,2025-12-05,2372.800048828125,2025-12-09,2275.0,-489.000244140625,0.0,0.0,-489.000244140625,4,bear_cross
INDHOTEL,793,2025-11-28,735.0,2025-12-12,729.0,-4758.0,0.0,0.0,-4758.0,14,bear_cross
BANKBARODA,2327,2025-09-18,245.88999938964844,2025-12-15,284.45001220703125,89729.1498260498,0.0,0.0,89729.1498260498,88,bear_cross
ASIANPAINT,161,2025-10-23,2504.60009765625,2025-12-16,2780.199951171875,44371.576416015625,0.0,724.5,45096.076416015625,54,bear_cross
SIEMENS,188,2025-11-20,3211.5,2025-12-16,3157.800048828125,-10095.5908203125,0.0,0.0,-10095.5908203125,26,bear_cross
BAJAJFINSV,276,2025-12-15,2083.10009765625,2025-12-17,2035.199951171875,-13220.4404296875,0.0,0.0,-13220.4404296875,2,bear_cross
SUNPHARMA,396,2025-10-03,1636.199951171875,2025-12-22,1744.9000244140625,43045.22900390625,0.0,0.0,43045.22900390625,80,bear_cross
CHOLAFIN,362,2025-12-11,1744.0,2025-12-22,1648.0999755859375,-34715.808837890625,0.0,0.0,-34715.808837890625,11,bear_cross
ADANIENSOL,626,2025-12-16,1016.4500122070312,2025-12-24,994.5999755859375,-13678.122924804688,0.0,0.0,-13678.122924804688,8,bear_cross
INFY,422,2025-11-11,1513.5,2026-01-13,1595.9000244140625,34772.810302734375,0.0,0.0,34772.810302734375,63,bear_cross
MOTHERSON,5864,2025-11-17,109.83999633789062,2026-01-13,114.98999786376952,30199.608947753823,0.0,0.0,30199.608947753823,57,bear_cross
ASIANPAINT,222,2026-01-13,2896.39990234375,2026-01-21,2675.60009765625,-49017.556640625,0.0,0.0,-49017.556640625,8,bear_cross
EICHERMOT,26,2025-11-25,7258.5,2026-01-22,7140.0,-3081.0,0.0,0.0,-3081.0,58,bear_cross
TATACONSUM,533,2025-12-22,1184.0,2026-01-22,1163.5999755859375,-10873.213012695312,0.0,0.0,-10873.213012695312,31,bear_cross
LTM,10,2026-01-21,5976.5,2026-01-22,5844.0,-1325.0,0.0,0.0,-1325.0,1,bear_cross
BAJAJ-AUTO,70,2025-12-24,9099.0,2026-01-29,9433.5,23415.0,0.0,0.0,23415.0,36,bear_cross
TATACAP,1661,2025-12-12,326.04998779296875,2026-01-30,331.04998779296875,8305.0,0.0,0.0,8305.0,49,bear_cross
CANBK,4291,2025-12-17,147.1699981689453,2026-02-03,146.47000122070312,-3003.6869049072266,0.0,0.0,-3003.6869049072266,48,bear_cross
INFY,386,2026-01-20,1681.199951171875,2026-02-05,1535.800048828125,-56124.3623046875,0.0,0.0,-56124.3623046875,16,bear_cross
HAL,137,2026-02-02,4619.39990234375,2026-02-06,4035.5,-79994.28662109375,0.0,0.0,-79994.28662109375,4,bear_cross
TECHM,387,2026-01-19,1670.5,2026-02-11,1644.5999755859375,-10023.309448242188,0.0,0.0,-10023.309448242188,23,bear_cross
HINDALCO,780,2025-12-08,823.25,2026-02-18,890.0999755859375,52142.98095703125,0.0,0.0,52142.98095703125,72,bear_cross
DLF,824,2026-02-11,671.7999877929688,2026-02-19,642.4500122070312,-24184.3798828125,0.0,0.0,-24184.3798828125,8,bear_cross
ADANIPOWER,3725,2026-02-06,153.4499969482422,2026-02-23,142.6999969482422,-40043.75,0.0,0.0,-40043.75,17,bear_cross
GRASIM,225,2026-02-02,2819.0,2026-03-04,2777.300048828125,-9382.489013671875,0.0,0.0,-9382.489013671875,30,bear_cross
BOSCHLTD,14,2026-03-04,35370.0,2026-03-05,33390.0,-27720.0,0.0,0.0,-27720.0,1,bear_cross
GAIL,3736,2026-02-19,167.30999755859375,2026-03-06,156.72999572753906,-39526.88684082031,0.0,0.0,-39526.88684082031,15,bear_cross
BPCL,1662,2026-02-04,373.4500122070313,2026-03-09,352.75,-34403.42028808603,0.0,0.0,-34403.42028808603,33,bear_cross
ADANIPORTS,15,2026-02-05,1567.9000244140625,2026-03-09,1477.5,-1356.0003662109375,0.0,0.0,-1356.0003662109375,32,bear_cross
TATASTEEL,1955,2025-12-22,168.69000244140625,2026-03-10,191.00999450683597,43635.5844879151,0.0,0.0,43635.5844879151,78,bear_cross
IOC,780,2026-02-03,164.61000061035156,2026-03-10,161.22000122070312,-2644.1995239257812,0.0,0.0,-2644.1995239257812,35,bear_cross
BAJAJ-AUTO,67,2026-01-30,9512.0,2026-03-11,9610.0,6566.0,0.0,0.0,6566.0,40,bear_cross
BANKBARODA,2011,2026-02-23,309.04998779296875,2026-03-11,294.3999938964844,-29461.137725830078,0.0,0.0,-29461.137725830078,16,bear_cross
ADANIENSOL,596,2026-03-13,1004.4000244140625,2026-03-16,992.2999877929688,-7211.621826171875,0.0,0.0,-7211.621826171875,3,bear_cross
DIVISLAB,99,2026-02-19,6283.5,2026-03-18,6086.5,-19503.0,0.0,0.0,-19503.0,27,bear_cross
DMART,149,2026-03-10,3966.199951171875,2026-03-18,3781.39990234375,-27535.207275390625,0.0,0.0,-27535.207275390625,8,bear_cross
HINDALCO,627,2026-03-11,956.5999755859376,2026-03-20,897.0499877929688,-37337.84234619148,0.0,0.0,-37337.84234619148,9,bear_cross
MAZDOCK,245,2026-03-12,2436.10009765625,2026-03-24,2206.699951171875,-56203.035888671875,0.0,0.0,-56203.035888671875,12,bear_cross
PFC,1368,2026-03-19,432.25,2026-03-27,403.4500122070313,-39398.38330078117,0.0,4446.0,-34952.38330078117,8,bear_cross
ABB,114,2026-02-03,5468.0,2026-04-02,6063.0,67830.0,0.0,0.0,67830.0,58,bear_cross
ABB,93,2026-04-06,6142.0,2026-04-08,6269.0,11811.0,0.0,0.0,11811.0,2,bear_cross
HCLTECH,412,2026-04-07,1403.300048828125,2026-04-27,1203.199951171875,-82441.240234375,0.0,9888.0,-72553.240234375,20,bear_cross
INFY,434,2026-04-08,1339.4000244140625,2026-04-27,1154.5999755859375,-80203.22119140625,0.0,0.0,-80203.22119140625,19,bear_cross
TECHM,410,2026-04-01,1384.0,2026-04-30,1459.800048828125,31078.02001953125,0.0,0.0,31078.02001953125,29,bear_cross
ONGC,1994,2026-04-01,284.6499938964844,2026-05-12,281.0,-7278.087829589844,0.0,0.0,-7278.087829589844,41,bear_cross
DMART,133,2026-04-02,4271.10009765625,2026-05-12,4389.39990234375,15733.8740234375,0.0,0.0,15733.8740234375,40,bear_cross
ABB,89,2026-04-09,6565.0,2026-05-14,6305.0,-23140.0,0.0,2633.5099999999998,-20506.49,35,bear_cross
TATAPOWER,29,2026-04-09,394.9500122070313,2026-05-15,407.8500061035156,374.0998229980452,0.0,0.0,374.0998229980452,36,bear_cross
RELIANCE,433,2026-04-30,1425.4000244140625,2026-05-19,1335.9000244140625,-38753.5,0.0,0.0,-38753.5,19,bear_cross
ONGC,2042,2026-05-15,300.8999938964844,2026-05-28,274.04998779296875,-54827.712463378906,0.0,0.0,-54827.712463378906,13,bear_cross
BHARTIARTL,315,2026-05-20,1913.5,2026-06-02,1810.5999755859373,-32413.50769042976,0.0,0.0,-32413.50769042976,13,bear_cross
DRREDDY,1,2026-04-27,1317.0999755859375,2026-06-03,1274.0,-43.0999755859375,0.0,0.0,-43.0999755859375,37,bear_cross
SBILIFE,323,2026-05-26,1901.9000244140625,2026-06-03,1801.699951171875,-32364.623657226562,0.0,0.0,-32364.623657226562,8,bear_cross
EICHERMOT,31,2026-05-28,7419.0,2026-06-08,7070.0,-10819.0,0.0,0.0,-10819.0,11,bear_cross
HCLTECH,502,2026-06-04,1179.0,2026-06-10,1146.300048828125,-16415.37548828125,0.0,0.0,-16415.37548828125,6,bear_cross
ADANIPOWER,3804,2026-03-17,154.05999755859375,2026-06-12,215.50999450683597,233755.7883911134,0.0,0.0,233755.7883911134,87,bear_cross
HINDALCO,578,2026-04-09,951.7999877929688,2026-06-12,1024.300048828125,41905.03527832031,0.0,0.0,41905.03527832031,64,bear_cross
COALINDIA,1302,2026-06-03,472.1499938964844,2026-06-12,446.20001220703125,-33786.87615966797,0.0,0.0,-33786.87615966797,9,bear_cross
INFY,391,2026-06-03,1270.800048828125,2026-06-15,1116.4000244140625,-60370.40954589844,0.0,9775.0,-50595.40954589844,12,bear_cross
CIPLA,25,2026-04-27,1295.0,2026-06-16,1381.300048828125,2157.501220703125,0.0,325.0,2482.501220703125,50,bear_cross
TMPV,1676,2026-05-21,361.25,2026-06-23,361.5,419.0,0.0,5028.0,5447.0,33,bear_cross
BANKBARODA,855,2026-06-10,273.75,2026-07-06,252.1999969482422,-18425.25260925293,0.0,0.0,-18425.25260925293,26,bear_cross
EICHERMOT,81,2026-06-15,7312.0,2026-07-06,7339.5,2227.5,0.0,0.0,2227.5,21,bear_cross
KOTAKBANK,1417,2026-06-12,393.3500061035156,2026-07-08,381.7000122070313,-16508.04135131828,0.0,0.0,-16508.04135131828,26,bear_cross
ITC,2083,2026-07-01,286.95001220703125,2026-07-13,281.75,-10831.625427246094,0.0,0.0,-10831.625427246094,12,bear_cross
ASIANPAINT,36,2026-07-06,2737.800048828125,2026-07-14,2652.10009765625,-3085.1982421875,0.0,0.0,-3085.1982421875,8,bear_cross
RECLTD,33,2026-06-12,336.8500061035156,2026-07-15,352.45001220703125,514.8002014160156,0.0,0.0,514.8002014160156,33,bear_cross
GRASIM,1,2026-07-06,3180.89990234375,2026-07-20,3109.699951171875,-71.199951171875,0.0,0.0,-71.199951171875,14,bear_cross
MARUTI,43,2026-06-16,13805.0,2026-07-21,13514.0,-12513.0,0.0,0.0,-12513.0,35,bear_cross
ADANIGREEN,568,2026-04-09,1029.6500244140625,2026-07-24,1379.9000244140625,198942.0,0.0,0.0,198942.0,106,bear_cross
MAXHEALTH,587,2026-06-16,1028.9000244140625,2026-07-24,1084.199951171875,32461.057006835938,0.0,1174.0,33635.05700683594,38,bear_cross
ADANIPORTS,10,2026-07-20,1837.4000244140625,2026-07-27,1768.300048828125,-690.999755859375,0.0,0.0,-690.999755859375,7,bear_cross
UNIONBANK,30,2026-07-21,175.92999267578125,2026-07-30,171.0800018310547,-145.49972534179688,0.0,0.0,-145.49972534179688,9,bear_cross
POWERGRID,42,2026-07-24,289.79998779296875,2026-08-03,284.25,-233.0994873046875,0.0,0.0,-233.0994873046875,10,bear_cross
RECLTD,1659,2026-07-27,361.6000061035156,2026-08-12,344.70001220703125,-28037.089874267578,0.0,7050.75,-20986.339874267578,16,bear_cross
INDHOTEL,918,2026-05-21,659.5999755859375,2026-08-13,724.0,59119.222412109375,0.0,2983.5,62102.722412109375,84,bear_cross
AMBUJACEM,522,2026-08-03,432.2000122070313,2026-08-13,421.0,-5846.4063720703425,0.0,0.0,-5846.4063720703425,10,bear_cross
GAIL,3578,2026-07-31,173.63999938964844,2026-08-21,172.5,-4078.9178161621094,0.0,0.0,-4078.9178161621094,21,bear_cross
BANKBARODA,2297,2026-08-13,251.0,2026-08-21,244.5,-14930.5,0.0,0.0,-14930.5,8,bear_cross
ZYDUSLIFE,9,2026-08-13,1205.0,2026-08-21,1107.699951171875,-875.700439453125,0.0,0.0,-875.700439453125,8,bear_cross
