Date,walk_forward,fixed_6_30,hindsight_20_200,nifty100
2014-01-01,996306.6167765327,1002768.8661918537,994367.2747376356,1000000.0
2014-01-02,984950.6986343093,985412.4504547945,981756.0980135568,985968.4486506969
2014-01-03,997992.5445876736,989049.7257555777,991333.5303046022,985410.5402010307
2014-01-06,1004197.5013711324,990664.0499026867,996256.731340818,983020.6614073518
2014-01-07,999304.689597068,985409.3095461257,989433.088033071,977539.3078311599
2014-01-08,1007836.478475531,994099.1099691754,998480.0381593799,979611.2921720957
2014-01-09,1003162.3100304939,992918.889074161,991599.4450470023,977486.1385463896
2014-01-10,1005335.0978769173,988343.1749378718,993657.9871623217,977483.1790168937
2014-01-13,1007648.7806475573,994153.6508735887,1000856.3299203701,990874.4832805257
2014-01-14,1011063.749833804,993946.5612942448,1002999.6772575357,986760.8153188118
2014-01-15,1010252.1535603113,997505.3562655112,1003134.5675681711,997954.0764306685
2014-01-16,1018424.3664978425,993915.4773584076,1012559.4611565695,996213.5716732024
2014-01-17,1002769.7108445184,973968.489759145,995754.1981716667,986694.9637394449
2014-01-20,1020407.9896951903,986654.8939873205,1016337.4195105801,994056.9066980322
2014-01-21,1026860.1007579716,987469.1290404422,1027121.3489957888,995521.0968652287
2014-01-22,1035505.810462658,994593.8516456946,1031374.9272544412,999323.2191409735
2014-01-23,1029059.6838277739,987054.4692918578,1020843.7944663058,999900.4770717118
2014-01-24,1013260.1282881015,970657.238440988,1002591.0781826756,986834.9374234121
2014-01-27,987268.5732740244,961454.1860862789,972016.9492224426,965037.6590100464
2014-01-28,988430.8765547815,958527.659058343,979449.4438811797,963527.0861796917
2014-01-29,998037.0409920625,958813.520735758,985452.8587664517,963533.7129999888
2014-01-30,993682.1374357468,954728.0487626991,982621.5250188853,954499.5015527563
2014-01-31,1012224.1740207798,960279.9655103958,1000569.2299277151,960074.0120612719
2014-02-03,1001317.0530034481,960123.5016703752,985028.9475871123,946858.4735281274
2014-02-04,1002959.6738072863,955109.8143065986,991688.7707614766,947313.3794557091
2014-02-05,1014876.8988453059,956005.8635780406,1006884.6463909827,950975.2302259408
2014-02-06,1014320.6328786105,957676.7839189243,1006359.7362317882,953393.9209209826
2014-02-07,1032431.8565736852,957321.7292921072,1020543.3313174528,957375.5175658453
2014-02-10,1030049.4588174693,956347.8601360146,1018495.78181545,955344.175499252
2014-02-11,1032318.1873945098,952955.4226047188,1023649.7459049172,956668.1644416446
2014-02-12,1028818.00763584,950685.0296204595,1021770.6562555319,959336.3894133668
2014-02-13,1017415.3006517906,926310.6438728536,1004690.8925880989,946205.5857282234
2014-02-14,1020874.4218589934,932294.3468227299,1012582.0299607792,952767.556263634
2014-02-17,1023790.2940617914,932066.2157274459,1016172.8610163521,956310.2944994003
2014-02-18,1024156.1715898128,933220.9550640661,1015722.6835255466,964881.5996059119
2014-02-19,1029279.5310544514,938440.1009396964,1017391.5818515085,968896.5048592703
2014-02-20,1025087.5132507202,938581.6639766664,1016204.3651651591,960362.9295121777
2014-02-21,1024501.2561414763,944047.5921548016,1023069.7386323746,969997.3976438139
2014-02-24,1022536.4019590353,952768.7130530695,1018123.1789604472,974021.5790340301
2014-02-25,1040609.6143648204,948424.1831826197,1037027.062441052,976137.4302311937
2014-02-26,1039261.2844035802,954911.9614155353,1034533.5741693923,981169.5671766608
2014-02-28,1057189.4594845115,962527.9232038505,1054750.8972271064,988014.0008348096
2014-03-03,1048678.1037642544,962870.9969687288,1053251.7264936508,980801.9042921166
2014-03-04,1053727.5396853306,975612.3187122496,1063348.4293603646,992552.9394429838
2014-03-05,1057558.0812952565,969048.1808088185,1068362.1679618154,997513.1909238468
2014-03-06,1062377.744565194,975594.9988149039,1078484.5945146207,1008979.0903846011
2014-03-07,1042893.6134758253,980588.6144277306,1066833.6437323245,1027339.0845789332
2014-03-10,1034106.5052091776,977607.7916879058,1056511.9415037294,1029564.8907968893
2014-03-11,1018534.8568978867,978087.8413585058,1045255.9974517424,1024999.0229471142
2014-03-12,1027323.6327831547,977884.2196895429,1044868.1709461428,1025762.0514776323
2014-03-13,1021284.1566784591,964011.887565984,1051507.156524703,1021564.6961847418
2014-03-14,1030425.7910356978,969539.745044471,1060763.9910279182,1023297.9473774392
2014-03-18,1038622.3871791929,972199.5645895804,1070601.3600891414,1027303.4966580175
2014-03-19,1040192.0943797698,972396.1536066374,1067505.3782259584,1028989.4288663113
2014-03-20,1046513.430562229,964710.6757765478,1068655.1243815285,1022294.5807256474
2014-03-21,1050400.05385114,971340.1377829533,1076463.1604912695,1024494.6221812335
2014-03-24,1056351.9123996075,974972.7423247775,1080545.6083643208,1037992.8978392596
2014-03-25,1063913.129628835,973956.7791637168,1092087.7349521471,1039581.4910588568
2014-03-26,1061845.8643032522,965751.9301833872,1097851.856369948,1041361.6492899751
2014-03-27,1059629.25543368,971789.0785651653,1096904.265963619,1047861.4798343342
2014-03-28,1060636.716470024,984361.1397471153,1098962.6283079453,1058300.9781275634
2014-03-31,1078753.9908543564,992208.9457990793,1102751.580873472,1061311.3967736964
2014-04-01,1096096.5699242135,995400.6778495504,1120024.2175032888,1063107.4586478244
2014-04-02,1111127.092239941,995053.3885066395,1133492.2997883593,1069243.8782973748
2014-04-03,1120343.7913847712,995442.0480138764,1140184.8303615055,1065877.8171536722
2014-04-04,1115984.9076755107,992110.8083026556,1138387.0748951957,1060216.8700931391
2014-04-07,1113971.507193497,983415.4589677348,1130452.6034858036,1060392.523739364
2014-04-09,1128561.0878534997,990491.1801152179,1141812.425961303,1076594.7471745627
2014-04-10,1119403.0193348438,993204.4291379936,1144041.4908870405,1078448.5625197587
2014-04-11,1121127.205054552,994844.6498394171,1146549.701759096,1074961.1553472404
2014-04-15,1118020.8988965484,988891.1264334823,1147193.1951204876,1066406.5544593423
2014-04-16,1100444.6145686416,985227.801044423,1132858.321123147,1057396.1282450277
2014-04-17,1127684.333519068,996234.8164646579,1161351.8467490633,1073607.019845392
2014-04-21,1141701.9329699504,997395.906690986,1181154.9386812134,1080426.7038112325
2014-04-22,1128400.985595532,998449.3345554038,1167833.7518000097,1080414.6228672017
2014-04-23,1137748.4187896778,995746.5776210524,1169281.2365281268,1083838.5584571103
2014-04-24,1137748.4187896778,995746.5776210524,1169281.2365281268,1083838.5584571103
2014-04-25,1153751.9406974695,986976.557424491,1179773.4948765375,1076493.110464671
2014-04-28,1177433.7240640146,989466.9571938502,1201209.1867730333,1073795.1743464083
2014-04-29,1163669.3542784473,981850.9232244658,1194675.377776472,1066043.921523816
2014-04-30,1149048.6960832023,968790.9041508479,1179285.6807459975,1061492.6290528015
2014-05-02,1167761.43331136,973058.2784003646,1201101.7244015464,1062036.5150014253
2014-05-05,1165478.2095450193,965558.4398966846,1199895.3903780314,1062561.5045427245
2014-05-06,1161374.289065116,967315.3774158267,1202220.9537421034,1065108.5606873035
2014-05-07,1161062.9961452256,959174.6913067731,1203339.0601038542,1055571.7855576917
2014-05-08,1156627.2988014868,956344.9693548036,1198332.328632067,1056287.0216285791
2014-05-09,1168792.213435623,962122.8089237238,1213458.2016555758,1086775.3965710697
2014-05-12,1173833.5496256414,974249.629383652,1229723.616805387,1109721.481874457
2014-05-13,1188524.7972517344,997007.7882240259,1252228.0273491973,1125917.2970327444
2014-05-14,1196034.6925888495,1002496.7861116552,1255489.1735452677,1128756.2763011777
2014-05-15,1201642.2323038976,1004390.9051735869,1260805.3301652393,1129856.5224709704
2014-05-16,1221241.8268390044,1027718.3606184657,1289852.8632153287,1145076.4408080254
2014-05-19,1249246.5813606635,1074024.9770756508,1301165.0902892922,1160006.0581948094
2014-05-20,1253111.919545059,1077000.655508839,1303158.375885838,1162044.7372913798
2014-05-21,1268830.2458433278,1075703.6297347394,1316963.636525248,1158970.0623023922
2014-05-22,1292213.516084369,1090084.3794108427,1330612.9930012897,1164959.3167082153
2014-05-23,1298357.0106368025,1108412.9106647426,1331813.779657602,1180337.2855613825
2014-05-26,1307951.135009014,1090978.2682010946,1329673.4806067399,1176122.8152883402
2014-05-27,1309764.0941799479,1072118.8768246295,1330232.9245194762,1168231.7367984944
2014-05-28,1307637.4737086925,1085721.5949369036,1330057.4217078825,1170699.1101653583
2014-05-29,1300622.8722399697,1071245.7248052377,1325828.2535594886,1156757.8708898656
2014-05-30,1319283.456015757,1073401.4811179028,1339278.0136294537,1156491.4746986318
2014-06-02,1325038.823467124,1104443.7545498558,1342070.8693248855,1177422.5413052384
2014-06-03,1329683.7985458942,1110318.978423741,1359763.0528547524,1187323.6643038644
2014-06-04,1335451.4588665022,1118092.524620968,1360454.915202708,1186934.2431854533
2014-06-05,1371570.2964402693,1135803.7601399617,1398249.6970876101,1200655.817154862
2014-06-06,1395967.2471607921,1156092.2161384926,1421521.715064181,1219468.2441499424
2014-06-09,1419157.341139857,1172237.7721558448,1442073.1124291425,1230439.3672290416
2014-06-10,1430484.704239653,1160481.8462212987,1451943.1604780022,1229794.6444619866
2014-06-11,1411086.7299150114,1141165.8514834237,1432453.6695952208,1223380.6133521323
2014-06-12,1423221.6490160495,1135982.5325090266,1441873.0673248055,1226642.83558491
2014-06-13,1383684.3705013294,1104022.1127840306,1411793.9274570772,1206921.2189395248
2014-06-16,1388325.067486649,1113729.652159404,1419797.5914958508,1206199.8868629094
2014-06-17,1397599.4570199824,1130093.1508913394,1442478.1633401306,1222145.2837309788
2014-06-18,1383678.1655806429,1119863.6731385866,1422298.1709667947,1210771.7332892052
2014-06-19,1379008.3375063816,1102755.6473954723,1414733.1807250748,1207059.3622645482
2014-06-20,1362590.1953272026,1110503.0390699143,1402961.8589998102,1202528.5201355354
2014-06-23,1375445.5288262386,1116843.0807310736,1425471.12409581,1200735.2132130659
2014-06-24,1393808.781765753,1131931.4458219628,1444036.9094248416,1214872.90619504
2014-06-25,1403264.9559512767,1143491.900307514,1452886.7439856566,1213288.5246523486
2014-06-26,1401508.2119459277,1140276.9982166886,1447333.5645261386,1202043.8425152341
2014-06-27,1410588.199880125,1145118.8778971795,1452198.255242167,1204910.8255318971
2014-06-30,1431397.702408257,1161292.7965664421,1481423.402129305,1222556.5251794439
2014-07-01,1435007.6441476573,1175740.2287783918,1479387.1459834932,1227115.5079051247
2014-07-02,1452224.1493381255,1201418.3769734562,1512506.9079363435,1243208.6261156993
2014-07-03,1465031.5528262744,1200487.1345821666,1534562.2503604756,1241757.5472381776
2014-07-04,1470620.2916880155,1203053.4731734025,1540410.7254528352,1248120.3283517696
2014-07-07,1468328.9174530716,1201725.0769738453,1542595.7681245548,1253041.5847214304
2014-07-08,1398989.1233495339,1150532.5074876803,1473970.0216084297,1222869.2925112569
2014-07-09,1346443.3182302732,1142541.7885957742,1431561.6202214889,1215643.5561512953
2014-07-10,1327739.634459802,1143541.673999313,1414187.2953138258,1214451.7001840707
2014-07-11,1313788.1606228033,1125822.4058230212,1400572.1922142704,1194419.9640444315
2014-07-14,1319409.2049553038,1126337.3447595455,1404269.1952644195,1195048.5396664897
2014-07-15,1360426.1089082556,1146410.8581517248,1446146.132732247,1208906.4351847724
2014-07-16,1377084.5780744373,1161909.6895533062,1476196.9664284003,1224140.6364414874
2014-07-17,1390635.8222537793,1167759.2060387714,1493683.5373182034,1228645.128435703
2014-07-18,1380156.519047593,1165087.4209827723,1483818.8333398718,1231017.9621898173
2014-07-21,1372106.224453278,1166447.5490134403,1478306.4656493966,1233877.4587618264
2014-07-22,1369160.1542004885,1176308.5318288575,1476404.428830323,1246194.6194090664
2014-07-23,1364238.1972809066,1170170.3369409952,1470285.7930992427,1249320.8518963908
2014-07-24,1364598.8443596992,1176457.8112135367,1461498.6168474308,1254531.3195461708
2014-07-25,1339620.9319981884,1170895.7142138989,1431159.8810409526,1246518.7949751618
2014-07-28,1340391.794799283,1152896.2929660208,1415960.1329397575,1241519.567960429
2014-07-30,1344869.229345975,1165897.479804917,1417124.4688706552,1248912.607479054
2014-07-31,1356435.0075081864,1156173.4091691421,1435101.8076909005,1239104.6631264116
2014-08-01,1339071.3603619917,1151750.98559607,1416741.3533843702,1221616.6725414514
2014-08-04,1358625.3417312193,1171597.1783515585,1449516.1772040636,1234953.4921414354
2014-08-05,1378600.514154401,1183151.5939775582,1468336.1860349337,1244488.4231453184
2014-08-06,1358629.3363959051,1168020.5900580324,1444820.6608465486,1233373.2742723539
2014-08-07,1344145.6557311965,1169501.5084488369,1427286.4925089418,1229932.8896304863
2014-08-08,1320674.688456708,1147811.5842837887,1402284.4425968865,1215784.9860303688
2014-08-11,1354154.3817933407,1159123.6748598558,1433504.3510213336,1225353.4291084595
2014-08-12,1357341.8671245629,1154116.854403089,1446870.768356007,1240688.5393347945
2014-08-13,1338251.2569898383,1147070.9454215958,1435772.7077806003,1241436.4949592247
2014-08-14,1350552.5333109405,1158638.9206655866,1449453.276898352,1250531.2498526126
2014-08-18,1377388.5971527037,1179566.2994844432,1488238.7143467474,1264757.6078966516
2014-08-19,1388183.5406805214,1191795.6921778477,1507364.486415037,1270008.8793739288
2014-08-20,1393997.6409239338,1185526.4306898909,1512989.9310001424,1267405.4861140354
2014-08-21,1399954.915066816,1202914.7102469816,1529365.732381891,1271062.0064123955
2014-08-22,1409168.5430291926,1202692.329626661,1535138.5366305874,1274384.1666181898
2014-08-25,1395169.3477059253,1201792.6815780539,1518093.0540439445,1271273.9894130684
2014-08-26,1393621.021108902,1194979.0888536538,1528582.877941535,1270936.516495357
2014-08-27,1391145.3726709746,1200440.9727086304,1525218.7322341024,1275715.650479793
2014-08-28,1377520.6507048516,1202937.0240573343,1521282.524402994,1277665.4909242217
2014-09-01,1409936.5490360525,1228699.1488430724,1546608.2324429776,1291863.3492726095
2014-09-02,1417782.5672143446,1241863.9728941575,1553457.2602679804,1300820.4751606053
2014-09-03,1445576.7066877894,1248012.9356436236,1580868.6072443805,1306564.1746837664
2014-09-04,1462102.9682738807,1248329.447862246,1601530.971201105,1303808.3713507657
2014-09-05,1467938.0595635944,1259230.9952336466,1601555.4099015568,1302798.03953032
2014-09-08,1488737.6197165113,1275950.9056152136,1638051.2044466545,1317207.894707497
2014-09-09,1499672.2307054957,1292895.3808654493,1646753.8432344191,1315251.3041835532
2014-09-10,1491821.143965045,1278831.6474994633,1642402.6576139256,1305208.119734714
2014-09-11,1478412.8207098327,1287470.6173879027,1634590.1647336048,1305042.8583574719
2014-09-12,1486992.0989991568,1288127.1926068233,1644663.1563607466,1308144.5348290924
2014-09-15,1485058.689232505,1283743.1755807127,1640799.3127329387,1298787.7154186124
2014-09-16,1431176.3688941775,1239150.9396764045,1571539.2450383971,1277840.7021299226
2014-09-17,1444793.5963063373,1241211.3883694003,1585509.2852676453,1284919.6339597302
2014-09-18,1466180.7482320976,1272421.0357393827,1622405.91904484,1308031.9142372757
2014-09-19,1459347.3017238022,1263286.0076113841,1611872.8776326815,1307578.2307096936
2014-09-22,1444975.2039848978,1271082.0765167957,1607118.3797379455,1311096.1248652865
2014-09-23,1412427.7009320352,1260976.876053612,1559567.7176407445,1289318.5279349624
2014-09-24,1398347.6781551759,1249224.6370535018,1545482.457230725,1286421.7752860435
2014-09-25,1418277.764612377,1230664.4106712157,1555191.5757420177,1270825.0634106102
2014-09-26,1430525.0274560768,1244354.0459400206,1574856.3051737358,1281578.5083331275
2014-09-29,1465635.5173207545,1252525.1549459016,1607011.605449479,1281331.2963380083
2014-09-30,1476033.4705489206,1261206.915007944,1625814.3120144824,1282145.9858702507
2014-10-01,1469650.7133145102,1257345.0777184288,1616871.0571068004,1278660.5590307673
2014-10-07,1488356.0901339557,1240810.1128291497,1629317.8078616406,1263246.6185290597
2014-10-08,1471653.1523766627,1247177.0466513138,1618803.8937301615,1261809.7161099785
2014-10-09,1467559.0688653116,1254049.0037661623,1623566.198544602,1281573.5498106936
2014-10-10,1456105.888867109,1240566.642376215,1602299.2933668233,1264319.3300345254
2014-10-13,1458040.1289570401,1244088.6734071,1610655.342302592,1268563.5379015508
2014-10-14,1457691.9357367833,1236396.4067176192,1598963.8593992826,1266372.0442996358
2014-10-15,1457691.9357367833,1236396.4067176192,1598963.8593992826,1266372.0442996358
2014-10-16,1407295.7818700878,1210898.7677561175,1547369.2005151962,1245678.37893574
2014-10-17,1419544.2460396388,1230194.9126473928,1548344.6105674275,1252380.4198791892
2014-10-20,1439186.4076565225,1251456.3732462984,1584851.2758445877,1268984.7438472642
2014-10-21,1449840.4260103721,1268316.8825919854,1607148.7200656587,1277195.549861134
2014-10-22,1469687.8023264161,1272307.1576120208,1630387.5788787438,1288595.5454330668
2014-10-27,1452554.379989346,1276978.7326128355,1610344.9974083302,1287956.8805254223
2014-10-28,1473686.0870351666,1290258.489105882,1633139.294225731,1293452.192743498
2014-10-29,1476528.7669790636,1285444.3419864348,1642957.7829332093,1303201.044477344
2014-10-30,1478827.084295029,1286455.9006626953,1644755.1637982833,1315416.7133768534
2014-10-31,1512303.5646464694,1303778.4860662937,1679520.5561613736,1339696.2556679146
2014-11-03,1533448.8805140734,1308509.4954770817,1713539.666958902,1341210.8211243274
2014-11-05,1540491.9901539057,1314202.9631707964,1719113.5149605577,1342601.4031950084
2014-11-07,1549525.4379807345,1310641.1179789607,1732807.5432364258,1343765.610498225
2014-11-10,1548170.8953342235,1310973.6973480468,1730471.5700620422,1345079.3437582387
2014-11-11,1554494.8145798515,1311339.7578970022,1727522.2781254977,1348806.0236511847
2014-11-12,1586884.7204868386,1311391.6695017857,1769516.3135698207,1353835.4331641404
2014-11-13,1599253.9883265207,1287510.0990939492,1766289.9148500569,1349691.3167020527
2014-11-14,1614807.5456907083,1300713.8199478292,1782112.3459833537,1355161.1636479537
2014-11-17,1619483.5855292003,1322940.1800018046,1768282.4421446354,1362266.4309255213
2014-11-18,1635165.117109391,1327288.6046919818,1786034.9718675078,1363819.704698962
2014-11-19,1610387.960556571,1309572.7445157387,1755691.7439411788,1356147.345360099
2014-11-20,1613274.8147013627,1302664.9762248616,1765673.4271357567,1359550.3313077986
2014-11-21,1608946.7718908116,1312857.5097416232,1757316.3791738346,1369876.3551614801
2014-11-24,1619504.746828749,1322517.058046273,1763086.4413857355,1377782.680801913
2014-11-25,1588665.9131562952,1314153.2380254685,1736202.6951033308,1365425.1235528293
2014-11-26,1581667.891218082,1319034.7618030724,1725989.472432999,1367061.7946139255
2014-11-27,1581435.277783818,1342909.4530758732,1725048.3800641675,1370657.1401017345
2014-11-28,1613729.0573919662,1372216.026148598,1752681.875576355,1385646.2103757763
2014-12-01,1632341.7228305181,1366084.395816085,1767537.0277826302,1381154.7211731551
2014-12-02,1646817.468485819,1352040.440061604,1772953.7650550425,1378034.6445730487
2014-12-03,1660687.2326035518,1353038.4407302246,1782114.5630584129,1382707.3878878586
2014-12-04,1653503.6493298097,1352317.9926486614,1775480.3756957406,1386870.8535723535
2014-12-05,1639431.1683637833,1332234.2620612916,1755898.756121285,1381772.016876012
2014-12-08,1632655.946195746,1308209.9424144346,1749611.8216295477,1365649.2482189226
2014-12-09,1589649.7247559868,1289254.5542522883,1706028.9167027324,1348749.5753894877
2014-12-10,1614270.8418350306,1298701.2476165697,1717716.8648324336,1353072.1579224465
2014-12-11,1605590.4683570492,1291990.9305588333,1711654.2724798291,1342666.7480148335
2014-12-12,1594921.911862358,1280310.5915402404,1708493.7778329735,1330684.243871297
2014-12-15,1580391.5711515432,1269933.0940297262,1690943.4186724727,1329256.7226683875
2014-12-16,1545159.1735891632,1257468.7489286268,1662890.1775119035,1303133.0418615832
2014-12-17,1519944.3389682462,1255084.4089714917,1629597.331691409,1297410.4659605175
2014-12-18,1567830.0788273353,1262278.8732055617,1671460.2488762084,1321726.91495389
2014-12-19,1585431.233757598,1260845.2873475982,1693841.5642299922,1331148.8361725798
2014-12-22,1599789.4478244823,1264104.3504265433,1700525.8205607026,1346541.328248573
2014-12-23,1582257.2319331153,1258212.2914952736,1683937.2021682248,1337027.093641516
2014-12-24,1577241.1212940766,1256858.0543372044,1677606.5411017267,1323923.6604992745
2014-12-26,1593444.6698196584,1264848.961708927,1687520.0996522903,1328581.3812130743
2014-12-29,1606086.0430356674,1271707.1927021076,1707830.73342809,1336545.4899562208
2014-12-30,1617196.2314535545,1289555.2089252507,1729880.8810824852,1338719.4528605826
2014-12-31,1625006.4518382635,1293088.6622812464,1742431.9898164119,1345090.0279044132
2015-01-01,1619699.318610382,1295645.9400101108,1739883.423659221,1345899.5589692441
2015-01-02,1637639.315564391,1301442.0304972455,1750334.7623555302,1362816.5841476424
2015-01-05,1634396.3662951286,1300710.8118365128,1755277.4903596211,1360124.324888612
2015-01-06,1586998.8405175444,1264999.7496956224,1705865.9030161544,1319635.4386421335
2015-01-07,1590741.0898409928,1258662.1192936178,1702999.952049996,1316126.1893247336
2015-01-08,1622615.4210156861,1283613.1895447164,1750932.3013899352,1338250.6358725636
2015-01-09,1650274.1558327195,1275860.2789408865,1774526.4621694167,1344748.7096257976
2015-01-12,1661535.9659762117,1285666.5475966458,1780342.3601846548,1350916.7122797323
2015-01-13,1658936.2287798282,1283320.5072861263,1770068.1287271166,1347377.664012425
2015-01-14,1677780.5206757968,1281382.0413182597,1770848.0870467348,1344327.5288648463
2015-01-15,1682160.540414539,1301465.1823304314,1780003.9782793059,1376714.849089917
2015-01-16,1697442.3707373037,1300857.771154012,1799178.1824679056,1380886.5562490637
2015-01-19,1707549.5203695071,1304819.4009037667,1799899.3166210614,1386760.326599612
2015-01-20,1717136.836969246,1310353.025010589,1814614.1418397797,1406998.3892946106
2015-01-21,1713718.7431724954,1318330.850006578,1809667.6884522643,1412152.6946963202
2015-01-22,1719515.2979615524,1316263.800198641,1812701.9550607868,1417051.0446037985
2015-01-23,1731615.4920911442,1336299.804831845,1824865.808965092,1429538.6284231697
2015-01-27,1733439.8218349733,1346190.588451602,1836965.5643078145,1440862.529467051
2015-01-28,1738386.024730672,1336197.6880489413,1833721.5259822,1442847.850651882
2015-01-29,1779856.4092826769,1333723.0579010898,1875914.1958212666,1447862.8495574314
2015-01-30,1779238.1240400553,1329220.9447954514,1892408.1739077822,1426862.8345238077
2015-02-02,1798002.6736361685,1313265.8080809019,1913308.322650935,1427375.148566065
2015-02-03,1797739.8170635628,1295106.9183650685,1901877.8978212278,1419751.893861269
2015-02-04,1786781.9442635085,1279984.5473588558,1883333.5466325234,1413797.0885011675
2015-02-05,1751764.3118501345,1273949.9641547557,1852468.9729656847,1409650.716081355
2015-02-06,1724567.9890323884,1261895.3456168126,1808440.4773973098,1401411.1851395469
2015-02-09,1671996.8052717252,1235525.1934290621,1732247.042533474,1379118.9462307836
2015-02-10,1696313.1203116954,1241171.0712211523,1730444.0582974139,1386778.5749455292
2015-02-11,1744127.3428968333,1256944.0576767726,1777226.312110789,1399128.9809082882
2015-02-12,1769216.9216974748,1270778.8330441955,1802540.3736403396,1413870.3607059908
2015-02-13,1765642.1068121209,1277142.893313029,1797249.1026959787,1427716.0955671761
2015-02-16,1754626.0153459187,1265105.8062850656,1797667.407690714,1427100.081956151
2015-02-18,1751854.2839226061,1280249.594330323,1787983.602431038,1436755.515478411
2015-02-19,1720091.6427330999,1283704.334222925,1762579.640633471,1440073.4697885101
2015-02-20,1720090.2400382727,1288171.7765625436,1762155.3895179457,1432192.4985151447
2015-02-23,1701086.3341665664,1270623.7793111105,1737981.4116789263,1419653.3921172163
2015-02-24,1702784.1698879562,1269290.0377290351,1743569.777347289,1420478.044102264
2015-02-25,1688057.4881932451,1261538.4801101256,1723813.4628831432,1420753.3890462162
2015-02-26,1682227.0803492842,1248197.1757254268,1722206.4731720719,1406942.5283614036
2015-02-27,1723894.910845373,1276923.0637999189,1755778.6249761856,1433761.1312146864
2015-03-02,1764125.5875404496,1287786.4669353145,1787485.1910019687,1452060.4521716111
2015-03-03,1771415.351890203,1293954.149846722,1792440.0255430012,1459898.6084284103
2015-03-04,1744586.5260928927,1272656.4449111759,1768812.2266951096,1447248.485804095
2015-03-05,1751841.075258117,1282152.0085874256,1781923.287186712,1450584.8187098692
2015-03-09,1749376.046319133,1262311.5434949524,1773696.8676126734,1422965.3699924243
2015-03-10,1750044.8892608548,1255732.3011712271,1780074.6444084323,1417150.5463063912
2015-03-11,1737961.296839231,1243520.4151980646,1772796.4218870925,1414915.2949023382
2015-03-12,1762394.2435480552,1253280.0553502885,1808372.8754247038,1429411.4258467667
2015-03-13,1737758.9627613365,1251654.7884086035,1787706.7295740007,1408468.7916269824
2015-03-16,1756923.7384409325,1239802.392705286,1799311.5014498553,1404751.6074209497
2015-03-17,1793286.513497734,1250894.4738792463,1834595.329477909,1420488.5231989785
2015-03-18,1790970.0037319763,1262187.0178929444,1842571.7280943352,1415870.7524607559
2015-03-19,1769379.3035745888,1265429.3382556834,1825720.4105505089,1407987.4678549385
2015-03-20,1723649.6829600204,1243991.045080598,1764953.9127518756,1396648.970403143
2015-03-23,1717086.2704151256,1232355.4114277216,1755570.6515001694,1391946.771891789
2015-03-24,1716554.2338239304,1237041.7781088178,1766039.0887580155,1390356.725539654
2015-03-25,1728961.996083807,1237697.3054922319,1776056.5112243746,1388867.663102522
2015-03-26,1697610.3179948218,1228316.6718277072,1755117.7038060154,1360353.2508045172
2015-03-27,1732717.3939618615,1211880.8061457442,1783308.6969599153,1360207.8298063485
2015-03-30,1747727.2019872337,1230972.4451644323,1807984.52648943,1384283.5510875199
2015-03-31,1747969.453610824,1238260.1800056954,1821777.3274189197,1384462.2760404772
2015-04-01,1770629.2096665928,1250490.3984848007,1838120.3669008308,1399696.9730938897
2015-04-06,1827188.9895978838,1259924.6074383664,1894405.105663743,1411878.7467693754
2015-04-07,1864779.3965653735,1267164.2097843518,1933329.549843119,1414191.851567557
2015-04-08,1852786.1843798626,1270363.4871496672,1918278.3118202917,1423338.1760782315
2015-04-09,1841470.474540535,1266084.165603604,1909626.6433419273,1432429.1363345177
2015-04-10,1855248.8964446979,1277160.2043415732,1924631.6640955932,1434183.4195070572
2015-04-13,1867739.4076122327,1290324.054752827,1945194.6841367674,1443329.2724739462
2015-04-15,1854159.569698309,1270898.3312513665,1922933.499160032,1429919.4676147394
2015-04-16,1865502.6715078547,1275915.9745104236,1943708.3700187835,1422439.7840210558
2015-04-17,1798052.8338071313,1250531.5440989193,1885568.4209245504,1405206.905167092
2015-04-20,1779772.9271887974,1237178.493513154,1861336.529522132,1379042.079406575
2015-04-21,1782750.9893913348,1234711.6754460456,1858272.9117372104,1367930.7582862915
2015-04-22,1795187.2395395353,1248405.5061453383,1867142.9651425087,1375214.1285014898
2015-04-23,1785080.8905487712,1247440.2442426016,1855478.287323302,1371547.988412961
2015-04-24,1764595.1105215678,1233510.943351845,1815955.0622953298,1355647.4455022514
2015-04-27,1711900.7268577525,1209173.960526207,1770998.2301821327,1339122.7831531807
2015-04-28,1764018.0821796278,1235508.8539844383,1848645.43632824,1352456.6511044507
2015-04-29,1750078.626223192,1223398.9010589176,1834319.8898351684,1346589.2535947736
2015-04-30,1761807.3879012119,1215779.0092226935,1845623.6335493498,1338800.2766715698
2015-05-04,1791810.4950841207,1219488.659967875,1879405.54078994,1363215.6885195677
2015-05-05,1807241.1504039052,1219634.4509086271,1896118.3295085568,1363806.3663802582
2015-05-06,1729992.6381312336,1171310.27294096,1820259.644504797,1325392.3445725814
2015-05-07,1705476.4653917374,1147405.428822246,1795902.1172595534,1314426.7557503008
2015-05-08,1734706.522403681,1183195.687670529,1843036.7413546212,1337822.775594117
2015-05-11,1770093.6461405056,1201327.2204692317,1886975.4638384965,1360891.3387441188
2015-05-12,1725671.0776607187,1175366.335168432,1838393.2846764657,1329524.5997680528
2015-05-13,1752974.8726388738,1193605.7957013207,1862320.3887080264,1348909.8291139964
2015-05-14,1762982.4108114596,1194897.8022227408,1877937.377031869,1349980.9880778696
2015-05-15,1761566.4062968146,1194931.5756871102,1882075.5037296533,1355990.4472210319
2015-05-18,1779366.9533049876,1205181.9321955033,1900186.9465114828,1373906.8096544647
2015-05-19,1790437.82207036,1207430.96955943,1909842.8619658807,1372703.6831833776
2015-05-20,1796814.5536343292,1214748.1519683893,1909312.9984005934,1380927.515110505
2015-05-21,1796281.110470983,1214193.22797392,1903144.0703513792,1379966.5394181877
2015-05-22,1798986.327348924,1217922.830562673,1901383.7377426617,1385439.8826896262
2015-05-25,1787315.4646180475,1221695.3899814817,1905105.3884043836,1373145.6374458822
2015-05-26,1786979.3342737767,1226712.7201710972,1908746.2639888509,1368582.868712271
2015-05-27,1766292.6367715811,1206678.4567801722,1893096.1445529724,1366439.3721432106
2015-05-28,1738569.1421015025,1194605.2849252238,1869269.6549833207,1363090.3756230073
2015-05-29,1785452.836424795,1230101.146564138,1924185.184892974,1382003.3946047225
2015-06-01,1772114.898861619,1215210.1520113014,1906931.5401832422,1381417.8531584465
2015-06-02,1736594.111474605,1188266.4557601972,1872502.4346669053,1349748.8230999592
2015-06-03,1728623.906716028,1180468.63918817,1861429.8766847826,1334115.113406298
2015-06-04,1746103.0048033174,1188396.6034157546,1884199.0655227865,1334827.0347139048
2015-06-05,1744261.8267649242,1189376.2650768089,1875301.1702967607,1333531.6180140618
2015-06-08,1718267.2973886642,1176986.890559101,1844335.6300676444,1320943.125009102
2015-06-09,1709169.3675866986,1169325.5855129277,1838595.8147233867,1317449.5460729718
2015-06-10,1722371.2800822773,1168940.008128511,1850173.126174941,1333643.905151782
2015-06-11,1689341.9159929778,1162712.5311226766,1810407.0859428514,1308414.991906604
2015-06-12,1706216.602545683,1162158.0834856879,1825485.784849734,1311266.1911104098
2015-06-15,1697883.1713203161,1166669.7615737768,1818208.475181108,1316824.099398125
2015-06-16,1719346.8666108546,1165829.3836681638,1835175.8742404382,1322823.154787968
2015-06-17,1737205.612274665,1178169.6589326935,1854459.1459119224,1332210.8621111407
2015-06-18,1737705.0631915035,1175308.5768271273,1865981.6324020573,1344723.4472767345
2015-06-19,1739832.2451985134,1183021.7086410443,1870397.6051949032,1353082.9734936939
2015-06-22,1769021.6341569968,1196016.1542264828,1904172.9232671533,1374137.403471386
2015-06-23,1794943.8642065474,1200063.0016316758,1922185.6094766385,1378359.886212319
2015-06-24,1802923.3435261021,1188342.7868496852,1921610.272617088,1374361.6606506298
2015-06-25,1817706.2297353644,1192906.899725384,1942222.1610115063,1380701.4083587232
2015-06-26,1815816.0077798783,1190371.5856339005,1936535.795932525,1378029.59682295
2015-06-29,1788942.7761465039,1184424.0115982248,1907572.8074401787,1366893.9817940374
2015-06-30,1815715.1202562887,1196091.2761565528,1938646.3499564503,1376386.6789486224
2015-07-01,1832738.166971554,1211961.4575326631,1962754.738982459,1390704.2429976405
2015-07-02,1816760.4084739485,1227433.7446965356,1955878.281486158,1392444.488230424
2015-07-03,1826447.7613441136,1221017.611083617,1956326.3736129813,1397766.763943397
2015-07-06,1849168.5300754935,1227119.8238356693,1985038.6098404923,1404522.8217184683
2015-07-07,1855873.4136237747,1234188.5421518385,1984158.7613734023,1403925.0983684498
2015-07-08,1825043.9085944386,1222615.649602444,1952527.9649288799,1380955.951189143
2015-07-09,1811853.4942753196,1222088.4582245657,1933880.2693605032,1376418.7618919518
2015-07-10,1811659.0920482164,1224265.5605478038,1941332.2317204948,1380851.848975225
2015-07-13,1839960.2487639587,1242184.2572555738,1980425.6212155083,1397201.9361590354
2015-07-14,1858234.0792608233,1239458.1106493657,1990945.4474693625,1396929.811892766
2015-07-15,1865753.7510782918,1242266.0049460595,1991873.449000232,1407302.158272518
2015-07-16,1880384.3182882667,1248910.0368690656,2014160.4825477223,1421995.795493346
2015-07-17,1872810.3070551015,1247163.3776677873,2010315.6044047812,1423527.0647526882
2015-07-20,1891895.8729512764,1246896.0617349944,2022881.463908853,1423046.217820128
2015-07-21,1867335.3048364397,1231362.8092444297,1992217.4638447107,1409160.1274340213
2015-07-22,1877225.1659873954,1237305.650642317,2011707.8267443804,1426054.8454976876
2015-07-23,1863910.2116266217,1230150.4437255326,2004220.9255628886,1420482.0560798463
2015-07-24,1844326.5348757303,1216093.8711660525,1984292.8525030816,1409310.460331668
2015-07-27,1839996.9226032542,1190172.4849302561,1968506.5099761947,1384178.9181980523
2015-07-28,1814447.3134694865,1176674.787730891,1941769.9194692075,1380262.278421379
2015-07-29,1824058.041220282,1175994.4031211378,1952041.2734062595,1386580.2798382868
2015-07-30,1818010.2892330103,1180046.9959236723,1944076.4639440281,1394850.9070672435
2015-07-31,1872893.353607892,1192890.5711787378,1984733.7861148145,1413026.2401435946
2015-08-03,1872755.2930601493,1193431.863515731,1988271.9599259333,1416420.0378098341
2015-08-04,1896698.730178875,1214338.8355876112,2004680.1534278006,1416137.0024840992
2015-08-05,1919184.9713084984,1220356.82160386,2028163.284651229,1425325.5167939411
2015-08-06,1935180.2326613488,1220589.7887523137,2050503.5359487738,1429243.5640530873
2015-08-07,1901352.3665811885,1200263.1106595115,2032054.252088484,1425282.408707613
2015-08-10,1911926.2634722448,1195601.1109358966,2040526.8731036102,1419895.8686695104
2015-08-11,1883401.5592989658,1182058.6778746396,2012508.3162334936,1409704.5962733082
2015-08-12,1838535.9991510895,1170153.2546001505,1960331.9262604672,1388364.204526964
2015-08-13,1838584.8243532372,1165825.1938129978,1959355.256770566,1388562.8822739557
2015-08-14,1882348.5954435838,1204417.8615371739,1999319.1776275951,1416045.9899766291
2015-08-17,1906892.9737916952,1213778.2294457748,2013706.1701520707,1411539.2487454866
2015-08-18,1919419.038793746,1213025.6140197539,2030106.6931211588,1411132.5765377728
2015-08-19,1940083.1366926224,1215777.0829785531,2055948.0490848033,1415307.2477424426
2015-08-20,1902042.9859498395,1192389.0563546512,2025701.817189718,1395275.0903579276
2015-08-21,1887975.6207789143,1184254.501274037,2013493.3895598736,1383383.8808259137
2015-08-24,1703333.6061051385,1081818.5512429893,1841954.8068105746,1296229.2005795254
2015-08-25,1742562.969853401,1094703.4932244462,1890699.4372489606,1310853.9642372166
2015-08-26,1735320.9296982808,1075869.307976315,1872833.666571962,1296886.5149115927
2015-08-27,1774381.2707672857,1102742.2676393646,1927807.5480610034,1324615.4821448587
2015-08-28,1776157.3194004952,1106406.6759859668,1944680.928588733,1333184.840465039
2015-08-31,1752185.870805379,1096961.3511625973,1931777.827892325,1327606.3966494673
2015-09-01,1724153.571298741,1091677.6234674708,1903469.23737035,1298488.8001617421
2015-09-02,1714333.269750121,1087414.3473911597,1889926.5078517552,1287244.8795980094
2015-09-03,1737901.1048663608,1088444.1265560493,1913546.8590277776,1304522.8292698234
2015-09-04,1717562.9035713424,1084855.2793158109,1885934.4407822648,1276906.8168709094
2015-09-07,1675301.460803805,1073638.3121470585,1843577.7793901516,1258635.69410621
2015-09-08,1690734.7176711233,1073928.5376541216,1866822.2004442464,1277416.5594204173
2015-09-09,1683870.6386144652,1075093.7140238718,1876601.1778064496,1299763.964396586
2015-09-10,1658996.7625021916,1075093.7140238718,1873584.675352726,1296603.6508441165
2015-09-11,1658915.7479538887,1074228.8039039776,1876029.9319753554,1296789.7511733153
2015-09-14,1670550.2733669076,1076792.660117856,1893422.1710643938,1311677.3290740536
2015-09-15,1650829.5512882534,1069138.9663970987,1871033.8415692826,1303804.7659668715
2015-09-16,1634524.8454371523,1064347.6108929238,1852042.2928371364,1311984.686579631
2015-09-18,1649425.1493873014,1071035.66401808,1879708.3318994385,1325223.431848008
2015-09-21,1642342.4563709414,1072463.2998197372,1874481.9360692974,1324872.8266733072
2015-09-22,1620964.6306101293,1053410.2917158424,1857049.1592879626,1298929.3429407338
2015-09-23,1626581.7304434108,1054297.976942708,1872258.877239171,1303174.0370807415
2015-09-24,1638690.3474809767,1058042.4477540257,1883516.3413154993,1306328.3795131661
2015-09-28,1626469.5741957007,1057962.6607450414,1876177.984048244,1294520.2004521585
2015-09-29,1629089.0266492318,1068306.9556830535,1874427.29441584,1301444.0463767715
2015-09-30,1633336.1751444484,1074740.447764816,1894328.1473510978,1320213.8073436923
2015-10-01,1637229.5349155543,1071380.8536142048,1901268.033941385,1322034.3131934104
2015-10-05,1647429.0746996435,1087549.4912997251,1911031.4736794354,1349769.8607741718
2015-10-06,1634903.8702725086,1090423.7926282797,1913113.963243935,1354991.037558384
2015-10-07,1628795.9003477183,1098681.3955222752,1888730.1668450404,1358426.9387907414
2015-10-08,1630385.5828522844,1088227.5405753127,1881953.836688203,1349037.3544954308
2015-10-09,1661436.8194811225,1088933.4635972143,1914164.8796562047,1357294.9960845113
2015-10-12,1658937.8669618708,1088657.325700074,1919166.435996028,1350810.4595052989
2015-10-13,1646681.9858211935,1095104.826580775,1924857.0869251129,1348714.8724010726
2015-10-14,1662514.7612605933,1087559.0633169336,1937818.3892878364,1345592.366373303
2015-10-15,1654247.881764276,1107057.258309274,1949589.5074862216,1356008.4597050934
2015-10-16,1662186.5227819965,1103451.6970650204,1966974.62911501,1365226.6973422996
2015-10-19,1659240.9765316448,1097106.2417806543,1969434.4834507601,1371952.6995110433
2015-10-20,1668729.3370029184,1096971.3412595626,1973132.5105426821,1370152.7156475864
2015-10-21,1662961.650990229,1089857.4839645652,1964456.158539152,1367796.3007853578
2015-10-23,1667167.3371833446,1095104.3130321142,1982848.4814282656,1372931.9957427625
2015-10-26,1666585.8112366109,1085434.1836407757,1983605.9052272174,1367146.8120093402
2015-10-27,1680998.220029135,1100707.3075355995,1990360.861493516,1363908.7788797328
2015-10-28,1685539.0436086303,1089520.2045723004,1980866.3005480748,1354735.4018066335
2015-10-29,1677196.9038439281,1082329.9816687903,1955982.8893879843,1345196.6237358002
2015-10-30,1660562.7390846089,1086583.137553089,1941444.577351008,1338800.405622464
2015-11-02,1666719.0785469483,1085542.0081121195,1954341.6856139414,1337175.616753718
2015-11-03,1671423.9671003178,1100710.4355856604,1952260.6534650896,1339768.3805741163
2015-11-04,1650470.850647168,1096072.1260941934,1941364.944372523,1337056.3163896555
2015-11-05,1639161.5334662814,1083653.0134261705,1935028.0499949614,1322428.5015217683
2015-11-06,1636926.1677594688,1078343.807541686,1933945.378949543,1321508.1824219194
2015-11-09,1689829.947018773,1085995.7309359494,1961457.2653013323,1317386.56382442
2015-11-10,1661247.026718056,1069553.4252309531,1922064.2901417252,1295227.8912027606
2015-11-13,1654710.3988974837,1070053.6071611953,1918345.4768217073,1291803.381522693
2015-11-16,1650895.2679754235,1066184.9407979792,1918595.9824311978,1296792.5781086583
2015-11-17,1662201.0767170666,1069951.3431757987,1924408.8278501816,1302319.2335809956
2015-11-18,1636692.9393062715,1063699.2395212038,1907439.3956514525,1286577.5030079274
2015-11-19,1649394.2307654498,1076708.8831354696,1927114.1598765985,1304370.9827121294
2015-11-20,1665781.970694366,1079469.6283819207,1944546.6457042757,1307788.8889076519
2015-11-23,1678140.6353132254,1074243.4301648464,1964034.3384678732,1307230.2988084569
2015-11-24,1668066.2265169134,1066728.6933105115,1950704.0511829208,1305098.0964101115
2015-11-26,1664620.0684859932,1069997.6430304814,1946853.264583301,1312562.1208103858
2015-11-27,1666498.1732938304,1073300.8564441942,1945587.2145071572,1321336.2036379168
2015-11-30,1660019.2829895217,1075423.6804741481,1940369.2623498782,1319568.0909686335
2015-12-01,1668947.1915162061,1076448.3351139566,1965190.2863186176,1324520.23300788
2015-12-02,1652946.9628217933,1074346.2500474763,1958264.9791548282,1321486.2999228237
2015-12-03,1635444.5696902259,1066461.6971552896,1945715.6080473033,1310540.4358562988
2015-12-04,1613504.466724603,1057656.4781620698,1917910.2356759142,1297348.0639478334
2015-12-07,1609785.719832285,1057880.4944516767,1917637.3868683889,1295178.503895244
2015-12-08,1598851.6765066022,1043751.0735210154,1905984.3921206598,1284252.0388441966
2015-12-09,1575191.0705935187,1023960.2853902801,1874013.1654426244,1267905.3246839982
2015-12-10,1597379.650167386,1029386.4364478698,1901340.5104402953,1279413.4579504258
2015-12-11,1591841.7182694867,1019363.3948197362,1891078.9365280254,1267546.9068183706
2015-12-14,1611320.9705496428,1019929.7110797599,1914447.5553754508,1274084.6346975425
2015-12-15,1617225.8090913836,1015631.8160866043,1916782.435331431,1282561.1075697558
2015-12-16,1613161.733311179,1011645.3849066056,1923749.0210954917,1290334.6942850477
2015-12-17,1634336.0595781573,1020551.7396141726,1952671.8859449779,1306464.0682758824
2015-12-18,1633399.4016702548,1016024.513212994,1941295.7831863281,1295054.6617301106
2015-12-21,1645107.71331884,1018755.628549936,1956724.723451479,1306567.0986509095
2015-12-22,1646119.7620936206,1013883.7599676293,1953380.7304202523,1299211.483213994
2015-12-23,1677381.2683982798,1021969.2064509356,1983371.9393365607,1311533.8175532809
2015-12-24,1682334.9028631886,1016916.5740275214,1990859.0196575804,1311010.241726733
2015-12-28,1683108.1439911453,1022440.8033702169,1988430.924134952,1320622.303826226
2015-12-29,1709966.540183941,1026674.034492766,2005169.0714775478,1321829.1036915006
2015-12-30,1694431.3581998008,1026432.7090668856,1992988.6345576074,1316577.6352545628
2015-12-31,1710431.2147057857,1034945.046500813,2005272.86389388,1324934.5309889086
2016-01-01,1714602.6850102637,1035900.8718619378,2004958.549892947,1329381.7292114785
2016-01-04,1675583.1061760243,1015102.5904655242,1955724.9312412837,1303131.9335174174
2016-01-05,1691694.7603033218,1020017.4209882788,1979078.5879494774,1303433.3579403188
2016-01-06,1691572.2097907925,1018265.5288905121,1979402.1808270514,1296691.112282565
2016-01-07,1647628.0585187692,997834.1227923224,1923369.4350129229,1266044.0392281348
2016-01-08,1657870.7255777998,1004134.7947018999,1940635.6793844816,1272729.7300235624
2016-01-11,1645912.1798873858,1001122.4894381418,1921376.0275035969,1265091.9410682595
2016-01-12,1652207.7468650262,998798.9003801827,1911533.6968384217,1256351.3820426052
2016-01-13,1642329.0040996133,996863.0277568516,1911585.8344038373,1262850.24041639
2016-01-14,1641047.316575125,994247.7519288219,1913860.8306232635,1257444.100215015
2016-01-15,1618264.8174715713,986369.5430960793,1887392.8820568356,1238206.9549810102
2016-01-18,1591904.5063174062,974271.7519270895,1855816.4376132295,1220787.7237492378
2016-01-19,1616849.1046078035,979044.090249145,1881374.8266776507,1235033.6114125939
2016-01-20,1585780.2499904176,972308.3825277362,1853680.756821819,1213754.0900382488
2016-01-21,1556265.3177892077,968115.4839034915,1832037.21077828,1206885.8573911344
2016-01-22,1601959.131190386,971234.5467341187,1894907.5360112493,1231439.7998116014
2016-01-25,1611820.2448115214,971023.0257207671,1904299.202046066,1233625.1544692558
2016-01-27,1603870.8188970792,972182.7911792272,1888909.5514988652,1234070.9507229042
2016-01-28,1611155.1731459226,970565.139756771,1890390.1259913545,1231405.790958081
2016-01-29,1640870.9177587377,975007.0132609396,1920230.897093493,1254439.3228694876
2016-02-01,1612752.7718289983,973038.4396872367,1887267.0164084355,1254193.143157486
2016-02-02,1566890.4355251302,953810.4326979638,1832806.0255559743,1236274.4679838752
2016-02-03,1559216.4915797287,945866.4001713954,1825012.8280188388,1220648.9705974103
2016-02-04,1537711.4383922706,946966.3418185861,1808756.6423283087,1226489.0579246448
2016-02-05,1561774.139597642,957473.5046722067,1838203.198158033,1242997.7595513423
2016-02-08,1535266.7911563984,950522.3734339543,1812675.4284171073,1228264.5109002083
2016-02-09,1523416.9625969962,935612.861519713,1794684.4550608331,1211534.3135984072
2016-02-10,1471668.674508974,937730.9703837801,1751717.7595815186,1197402.0451413763
2016-02-11,1451072.018956245,914129.1837791023,1704279.2028531318,1158043.8035436203
2016-02-12,1442359.9729928658,917389.6120467598,1724637.3645924712,1158713.2496599369
2016-02-15,1453736.5595646042,920153.5246445596,1729215.6385033277,1190352.7936344442
2016-02-16,1440771.9698113939,902140.8466649054,1696572.0300897062,1169565.0518765233
2016-02-17,1434557.8565438765,907172.2624435313,1694033.943385116,1178825.8835371705
2016-02-18,1438119.2718288791,915066.6401519134,1702314.6275732592,1191469.652039184
2016-02-19,1439668.75682243,920381.4674129434,1708709.2626731747,1194220.425592108
2016-02-22,1441972.5587299624,934236.7788620292,1716645.993775749,1198945.3758112784
2016-02-23,1432974.5547729873,917280.4453223585,1715172.0848282625,1179414.2866774169
2016-02-24,1424175.4399064886,912515.7590412762,1711471.6368356477,1164306.0445799145
2016-02-25,1423180.4268499478,911737.0466672181,1712961.8093391028,1156679.8137725082
2016-02-26,1417769.9932793323,905221.3558302056,1706313.5091509558,1166243.6379538728
2016-02-29,1415276.0606759177,901794.1745957558,1702368.7168403915,1160772.9705187154
2016-03-01,1439011.7080633636,914331.0632404973,1727590.3574712717,1199564.191141543
2016-03-02,1450029.8440663028,931568.3891142054,1734369.5766255113,1222501.4562535642
2016-03-03,1449238.5748515592,931991.9082228257,1743612.290770071,1238797.5862023684
2016-03-04,1445115.1322651545,930580.5471791851,1746778.1254716555,1241797.3936298385
2016-03-08,1443764.8382650507,929046.7103100911,1746230.3291215438,1242077.8069454068
2016-03-09,1449481.0827391536,934552.7749768202,1750490.0001160512,1249032.2677529093
2016-03-10,1439594.6560609187,930146.4600782862,1748038.585650285,1241838.2752117736
2016-03-11,1448136.6450749654,934386.253211188,1745506.9603785314,1245767.1788479283
2016-03-14,1454044.1090466606,939827.4816806794,1747071.9555691036,1251432.2806919515
2016-03-15,1444636.7270120357,934312.3693975793,1743550.9681843296,1238605.371527915
2016-03-16,1431016.2508515825,931781.1278529634,1731998.047722567,1243427.1525986055
2016-03-17,1426647.324915525,933956.655478874,1722089.9136635584,1247574.7582749974
2016-03-18,1440100.8422006152,944488.6829942593,1737206.4595920513,1261593.0166044075
2016-03-21,1458186.7860074898,960536.4928533098,1756063.738540979,1278589.2405280638
2016-03-22,1470257.1649972966,958274.7449779302,1760554.599545523,1281001.5428196366
2016-03-23,1466262.0237776835,953491.3579937079,1761896.8493922013,1281515.1705316876
2016-03-28,1451525.694978204,939889.3203498308,1738100.307037007,1264366.6342286859
2016-03-29,1457802.279974843,938289.137000189,1741341.8566393526,1261751.9075723183
2016-03-30,1488638.9587297281,953276.6773160562,1779412.9146395768,1284390.6299721259
2016-03-31,1500380.2393422278,954268.8284484207,1793974.011011309,1285903.1578565452
2016-04-01,1492538.1651783101,947924.2321543515,1782266.8951423839,1282364.5393882557
2016-04-04,1497593.1406423014,950791.2441064238,1783504.08292175,1289310.7796175156
2016-04-05,1466077.9856249178,934285.3707238089,1777815.1280130174,1264445.6860503966
2016-04-06,1499598.984924358,944378.5020805921,1811069.3385369114,1267197.5968756767
2016-04-07,1485328.878496731,937865.2594889854,1800860.6693838881,1256781.0905659879
2016-04-08,1501536.5235060349,939917.9797805129,1798577.2815829744,1258958.3893363713
2016-04-11,1522735.8467742426,950416.6837169147,1830678.9083153706,1277037.2541447345
2016-04-12,1533144.023420721,959551.1178139678,1849338.8931156064,1283719.987971892
2016-04-13,1552422.3039879191,974681.0684421654,1887989.3820914107,1305906.4843481695
2016-04-18,1569067.6613918084,983894.4349880164,1907959.3012269433,1317011.1506998157
2016-04-20,1566053.2713509074,983672.7186161518,1932762.1267270055,1317273.2883739886
2016-04-21,1549618.6843598862,980147.2084763017,1907885.8768988203,1316811.801848177
2016-04-22,1545908.4389869426,986110.6098030142,1900310.8814386325,1315303.1683189855
2016-04-25,1540062.0256512242,983280.2776578576,1900772.4415672845,1307778.8471786126
2016-04-26,1553207.552248213,991147.3036219878,1925970.907860812,1324161.5783725388
2016-04-27,1547875.9454403617,989560.3351914881,1917096.5695666063,1327210.5943817038
2016-04-28,1528878.2912733208,978775.3002427253,1902216.0026510383,1306096.7128436863
2016-04-29,1521268.5913896617,980740.1684117373,1888022.1613989095,1307305.3607502973
2016-05-02,1519979.2609508554,984958.4295201125,1921346.737525462,1304273.2552976685
2016-05-03,1494936.2183809865,979536.8455526427,1915170.0895548842,1293919.6818029713
2016-05-04,1474848.2856185276,969160.5260424518,1870364.9647106852,1285024.1614235288
2016-05-05,1478763.7186488332,965499.4604187948,1864890.2512226747,1289507.0537898766
2016-05-06,1481127.0391884092,970280.6442312795,1872308.6637643375,1290266.1103870787
2016-05-09,1494351.5509136035,979551.9753577219,1880693.7848119813,1310508.1802899193
2016-05-10,1488370.7964575125,981941.6851245641,1866530.2041230998,1313651.022521615
2016-05-11,1482493.4991098922,989889.1442394333,1875104.9234017488,1308316.9604598766
2016-05-12,1496318.2016061854,986094.711997889,1886922.686010047,1317639.8079479313
2016-05-13,1490360.6069558756,977247.6702419101,1848719.589969052,1303684.1694091356
2016-05-16,1489233.3893221114,967511.2812523601,1858176.394633656,1309986.7150520529
2016-05-17,1507579.8173016123,967363.0008083797,1861627.6852414957,1314328.062722572
2016-05-18,1503549.6247975726,958189.6863859001,1867036.5539024363,1311454.6349535151
2016-05-19,1468853.407721395,952098.7987333171,1843779.9427693323,1296851.302934307
2016-05-20,1465301.060396764,949178.7211678287,1828837.9926971258,1290796.994255604
2016-05-23,1455155.114030968,953290.7088121836,1840728.7514917515,1287701.075652235
2016-05-24,1448904.3327516322,953905.0002319793,1855456.5413511728,1289721.7397285765
2016-05-25,1478523.7648881292,962619.8685310227,1869632.0019336883,1318085.7439476554
2016-05-26,1497634.8470053365,965977.6725798149,1888319.984221253,1339280.5598484993
2016-05-27,1514178.1592142426,972994.744530751,1930521.3067599265,1354508.9893257564
2016-05-30,1513173.4431431466,974905.7167186416,1964841.202563401,1360435.9398949943
2016-05-31,1510887.7773326654,965817.6502933236,1991446.2476333438,1356924.7896568854
2016-06-01,1511568.9459146354,970669.6986205501,1973662.7847534898,1359833.1379270435
2016-06-02,1534856.4655956142,974266.3262622269,1985698.9919214323,1366692.63274559
2016-06-03,1521335.036495926,977089.8760706987,1976044.572972786,1367317.9006663694
2016-06-06,1519945.864849514,973253.1042472598,1983666.2503519296,1364076.5820137653
2016-06-07,1521777.8163554114,975678.7279971043,2004905.611746241,1374218.5602130685
2016-06-08,1525420.1097154068,973238.5811212369,2024336.7498170778,1376188.4862331671
2016-06-09,1513885.3470915083,968471.5607325417,2018311.5341898699,1366887.7999232446
2016-06-10,1504093.6000241607,965791.9003275159,2014588.321682518,1361035.0018161319
2016-06-13,1504321.7816969138,960264.8094727532,1993837.8337394502,1351150.8684437529
2016-06-14,1505552.5335872655,960807.7714573328,1992536.5553330262,1351342.7756608992
2016-06-15,1525416.6708913245,972938.6144216947,2003624.9078223922,1366598.641314555
2016-06-16,1526767.9117452053,968691.9899654203,2005746.1304423225,1358338.5520155432
2016-06-17,1522522.8122340909,971296.1584838624,1997766.3748649391,1362485.1804024254
2016-06-20,1535718.798889033,977823.7478785908,2023179.9738118076,1373247.594566255
2016-06-21,1539941.182147546,975658.0208222206,2029152.521175726,1371066.7084178692
2016-06-22,1535748.6534591008,975816.4934908171,2017083.7502058218,1369057.6330696046
2016-06-23,1538256.2447803584,976513.9968764004,2029034.5808180508,1378842.742261115
2016-06-24,1503826.4925940856,958471.7714980212,1983539.1497787465,1350232.9910921373
2016-06-27,1509889.6422507458,967539.7479866433,2011559.9674073926,1353087.2076920043
2016-06-28,1516454.4573942507,970611.703288194,2015914.0007751798,1359371.2156426704
2016-06-29,1540980.9895543698,975779.7480095957,2037642.9837345285,1373007.1923416178
2016-06-30,1564966.4807197382,988976.2442898451,2067674.3357156923,1387747.2442503246
2016-07-01,1573962.0296661768,1001500.015306386,2082135.0744653505,1396580.2184527318
2016-07-04,1582212.1594792719,1010871.3830828662,2095493.362764246,1404348.9475793499
2016-07-05,1577524.3293271007,1008252.5969964062,2081899.1947875211,1399202.5577330724
2016-07-07,1560770.0248683768,1005680.9363759189,2072689.8996564809,1399528.1351389945
2016-07-08,1563533.7367645667,1004413.3324295465,2079181.424613728,1398007.4058748416
2016-07-11,1578244.8735783885,1017599.1179512722,2124430.802408071,1422121.308683467
2016-07-12,1593661.0321553922,1014721.9414031765,2154736.8663504813,1431421.688863962
2016-07-13,1591592.311941157,1009110.7058104493,2156389.2885718895,1430308.5790499886
2016-07-14,1598819.9945563846,1008890.4077955824,2161300.2744527273,1437771.858298815
2016-07-15,1609077.7238203622,1013214.7361397903,2188929.6078486666,1435919.418858585
2016-07-18,1594649.2066011399,1003349.6800810222,2161831.835032401,1429859.4201925707
2016-07-19,1601909.7149675745,1013247.7814322476,2167790.3046915093,1433438.2753780321
2016-07-20,1619528.347975942,1021945.3060253279,2170802.449537095,1440486.6469522049
2016-07-21,1611526.4672100479,1026458.8667546122,2154514.981663494,1433102.556867516
2016-07-22,1623097.9378415945,1033811.8890715224,2207448.7735675867,1440427.1723112224
2016-07-25,1637422.8369541266,1039286.1500233068,2218796.8782969667,1456504.5095308002
2016-07-26,1618799.963561023,1029192.4909116908,2209785.381020944,1449925.4566967664
2016-07-27,1622719.0219003859,1024951.300617975,2244171.2151707085,1454907.227286854
2016-07-28,1638780.5307962238,1024729.6722080976,2235230.90076219,1463585.0102303554
2016-07-29,1664803.5167261667,1025443.1170549085,2262455.7361709955,1460070.2695171582
2016-08-01,1678606.1421837166,1021741.7926513132,2283490.853497712,1460454.2142866123
2016-08-02,1668369.7060739563,1017858.2991137959,2266812.551879055,1456981.1626060326
2016-08-03,1642549.8842981148,1015720.1838498893,2239151.30862348,1441780.367565378
2016-08-04,1669486.1365042052,1019643.366941618,2266235.89492439,1444060.0705648926
2016-08-05,1711412.681020833,1033338.5572061335,2331985.8866245956,1467319.7797860089
2016-08-08,1719204.4316420548,1043317.1205290919,2339244.979550416,1473757.8582591931
2016-08-09,1712583.0552584806,1035047.3810087404,2326774.029869714,1467706.4934773918
2016-08-10,1671216.3476693404,1028985.0332877215,2303856.811120394,1449276.0590807018
2016-08-11,1671798.8891396052,1027729.8396493313,2295232.573297279,1452365.820368199
2016-08-12,1672888.0875908558,1032367.5616165937,2316558.027488883,1465963.134618684
2016-08-16,1686208.9174017254,1053408.8599610517,2331022.9593123854,1462899.4770019883
2016-08-17,1714205.474880109,1052491.9315736375,2351750.8243424264,1461857.412141615
2016-08-18,1709504.8219640981,1060876.153351404,2360374.677908481,1470391.7274079507
2016-08-19,1722337.923884773,1063002.772714274,2363613.6273171357,1470064.5754751062
2016-08-22,1710394.6092376409,1051566.5434406816,2358645.3888352355,1463352.4227535408
2016-08-23,1718632.3413034766,1048141.710294784,2349247.9166507195,1462439.1661936461
2016-08-24,1726729.9660847285,1052776.4170792848,2348136.4429740645,1467057.7020759212
2016-08-25,1724540.4711386855,1048912.0932591502,2324879.821846223,1457477.9765974544
2016-08-26,1724173.7084734945,1046526.6914684215,2343514.2737732115,1455350.8972114658
2016-08-29,1736002.399287163,1043409.6578696272,2366972.024805321,1460504.5526953633
2016-08-30,1774705.0853541985,1054086.278169124,2406922.8501387546,1481638.4505125913
2016-08-31,1764278.0337279027,1055968.0730306753,2399855.2322389106,1488303.3814409648
2016-09-01,1767292.9182060747,1053012.7790522377,2397479.34702331,1486181.4449285998
2016-09-02,1775701.4995150536,1071058.190211534,2404716.100146802,1492053.5085610494
2016-09-06,1796616.2860924813,1073014.2635149516,2451663.8197269724,1514940.6140516417
2016-09-07,1793082.7661894767,1081709.0798650058,2453115.532373032,1512111.641472325
2016-09-08,1805195.865987254,1092419.4308306498,2476093.788902611,1518385.6405727663
2016-09-09,1781711.9007742277,1084164.1730427202,2422936.5640192255,1503959.2048384948
2016-09-12,1727974.6946619,1061258.5328435404,2326854.1057741377,1475559.0767984404
2016-09-14,1749312.9732910492,1074967.0896853239,2349545.0724622007,1479628.3381556515
2016-09-15,1734891.697688854,1079487.5315493632,2341398.5651631267,1480980.2982065587
2016-09-16,1756577.4399878215,1085575.6168268605,2329672.3847667915,1486865.357342881
2016-09-19,1766913.5823822701,1103441.5349492205,2350949.2722160663,1491610.3234137278
2016-09-20,1761789.2757937296,1103882.7500021395,2360812.59602215,1487006.143536348
2016-09-21,1766295.9460862535,1106723.6954921703,2371730.491605298,1487019.5366473838
2016-09-22,1796885.6476793839,1123676.7767312708,2417826.41664752,1502993.458969894
2016-09-23,1792290.3686981006,1123921.7423844812,2410693.2941925074,1498151.9289734734
2016-09-26,1787302.0822191134,1114131.7226780755,2392043.8486210085,1481861.681081487
2016-09-27,1779812.2206467695,1117452.0836415796,2383496.27873015,1479217.1267725297
2016-09-28,1808675.6173843457,1128460.378829883,2429090.9592177873,1486371.7136988966
2016-09-29,1760067.931471068,1102495.985304555,2341998.910317669,1455932.7371049311
2016-09-30,1789302.3683168988,1119366.3547125806,2374167.786452721,1463242.9721799672
2016-10-03,1843857.798587725,1139168.8197467036,2432739.846749968,1487775.717951934
2016-10-04,1862236.0840747762,1159001.2703198455,2439319.0763685885,1493816.9035986245
2016-10-05,1878997.9241806548,1158953.8099223475,2463264.966711917,1490627.945980218
2016-10-06,1884365.2347902432,1155905.5129759705,2447569.0321799684,1485524.1391631612
2016-10-07,1891251.6922983038,1151050.0847138646,2449322.1234717565,1483204.2701891311
2016-10-10,1895019.5357903067,1147402.1157604372,2467871.305993909,1484293.138070574
2016-10-13,1873392.7569762145,1136726.0907575558,2434261.5190687752,1461170.0597760563
2016-10-14,1888565.1390743928,1140996.500726766,2429171.9932390014,1463636.2512812142
2016-10-17,1853683.787979011,1118179.5576870001,2392507.011440708,1453224.3086647452
2016-10-18,1882844.8925076297,1139254.637100773,2438231.3843550803,1479870.8921387366
2016-10-19,1866868.1124353977,1133009.7446298373,2436276.0642526373,1477925.3227274087
2016-10-20,1868299.040033061,1141116.4188326618,2433789.3482055287,1483925.7786502268
2016-10-21,1871512.5981856612,1137295.0330395806,2434113.403031185,1484305.2502330889
2016-10-24,1874121.1723144029,1136630.1220085423,2414740.1015373743,1486005.4433817987
2016-10-25,1875592.1965460454,1149306.5428502506,2396684.0993159786,1483734.0684119752
2016-10-26,1856246.386832581,1126592.8934943334,2352735.695683255,1470427.828977202
2016-10-27,1854017.9797664892,1111276.6535447363,2332728.3813323807,1467731.619359847
2016-10-28,1861042.013384181,1125437.9841925274,2350879.3247313984,1474315.061098728
2016-11-01,1886070.5004183059,1141023.2510593638,2378194.198825427,1474252.2534310492
2016-11-02,1858300.0899923383,1121721.3364394563,2348142.905253038,1453931.9713434682
2016-11-03,1828792.032992241,1104658.1860775333,2345303.3509711623,1446835.7653926965
2016-11-04,1801560.8936670905,1095889.2460782295,2310548.8666173727,1436520.6267102624
2016-11-07,1830712.943930935,1105640.0709602686,2348504.9292720645,1447206.553867943
2016-11-08,1839798.3088269364,1109357.2064021113,2376056.03681959,1454654.4892500683
2016-11-09,1788039.5056040096,1086167.219985906,2316845.719076651,1434309.9373282024
2016-11-10,1809573.9225467758,1116706.0201479606,2380975.0052378415,1451420.0522312392
2016-11-11,1723157.8929387033,1079212.7513061636,2292106.0053304737,1410811.9294768649
2016-11-15,1636690.08143925,1049743.5534410377,2190915.5061190478,1373963.773788609
2016-11-16,1647379.256928297,1034961.8275105536,2196642.2390001165,1376128.6479925385
2016-11-17,1644244.8130578552,1043884.8655638819,2199521.352722546,1371638.6638059944
2016-11-18,1656212.4141140678,1042229.5496286401,2202125.258514852,1371843.5574622566
2016-11-21,1605183.4732800997,999156.8375680676,2129020.604919536,1345551.7083239986
2016-11-22,1633524.9378506388,1012888.7642187321,2168529.070616611,1359401.2345291523
2016-11-23,1649441.7964378921,1023877.9952437266,2205785.8149894485,1366893.5394365788
2016-11-24,1650723.936693289,1033563.7541912952,2206980.1463624644,1357124.787723926
2016-11-25,1662866.3579894446,1045559.0797371112,2231576.843513499,1381866.9780398912
2016-11-28,1672519.5571415906,1044921.3387508985,2242708.121436729,1385333.2477566027
2016-11-29,1677870.0774501506,1041969.9806744403,2262431.737698654,1387712.2957143798
2016-11-30,1701127.3345626537,1051499.2188537961,2278363.2927918183,1402086.0512477797
2016-12-01,1685935.3770776356,1037286.5973002472,2262858.182631013,1395364.350770388
2016-12-02,1658375.0793496976,1020808.1239827052,2249428.6119376803,1377208.5830458768
2016-12-05,1673340.9719043453,1028455.5079627018,2266843.88750694,1385247.020574557
2016-12-06,1679963.6965305076,1035954.402053817,2265963.5962163764,1387868.5706228379
2016-12-07,1677798.163428454,1031580.3781859763,2267580.981898316,1381793.364686202
2016-12-08,1712910.971868434,1049140.1425858166,2291235.4745245497,1406474.1186796906
2016-12-09,1709882.533332754,1057768.9560160448,2290037.5294527495,1407835.4010609628
2016-12-12,1685782.5320804962,1051505.7761684514,2261687.3197013848,1392032.97356431
2016-12-13,1695127.0253260576,1049696.1014381435,2250544.4588427194,1398202.3000887092
2016-12-14,1672025.9574922535,1031463.9873798868,2239843.7341999523,1390501.4328376534
2016-12-15,1669123.4334698918,1032707.10501797,2245478.0790426694,1386028.2792577674
2016-12-16,1661847.4720896597,1021689.7352463488,2242878.898142732,1383613.9702938776
2016-12-19,1656346.0719190438,1019388.103894981,2229186.866029571,1377105.0237596752
2016-12-20,1641583.6025968401,1012637.2258714848,2211412.21592205,1372102.713979894
2016-12-21,1641049.5835318328,1013367.524184722,2208830.6540373974,1368963.51477627
2016-12-22,1623684.0847061314,997014.3719594713,2172375.2086706054,1353390.5760085396
2016-12-23,1614359.3729139217,996984.4013565149,2158067.5034081903,1353323.5219983933
2016-12-26,1591856.107816436,976278.9169725239,2101476.3437626604,1338372.9264609332
2016-12-27,1599909.0955090441,980216.3314016246,2144865.33046863,1360122.4929230122
2016-12-28,1598324.531608483,977242.5432821529,2142267.151242205,1361351.3754340264
2016-12-29,1619157.7381000193,983791.8962548785,2168313.5281492886,1373729.490702835
2016-12-30,1615777.21046363,988317.1224034845,2183764.9119177675,1387899.2109913127
2017-01-02,1634796.0383974353,990656.3827584512,2209469.35238065,1389004.4831473036
2017-01-03,1634913.8092582743,1001556.6066942896,2209628.5227612453,1392627.9241224604
2017-01-04,1630011.0499495235,1003027.2002062206,2203002.31607836,1392068.644880025
2017-01-05,1661758.2253036413,1015216.149070825,2245909.449030761,1407576.4288182268
2017-01-06,1651071.2334951586,1013437.3884101541,2231465.701728111,1402768.7802502734
2017-01-09,1672230.6601054727,1014239.6366021809,2260063.2169602048,1401775.216724196
2017-01-10,1689766.742445481,1020302.2659300606,2283763.6882000626,1411593.6766706582
2017-01-11,1726499.2809050349,1034779.693602733,2333408.669014359,1427632.6681785744
2017-01-12,1735418.3851200987,1033670.4595659054,2345463.0702674906,1432228.3727737265
2017-01-13,1727775.416190364,1031296.6204045207,2335133.3990333956,1431502.569471276
2017-01-16,1727727.7797296348,1037684.7558356348,2335069.01711812,1434758.087738657
2017-01-17,1714993.0533440982,1038269.9187779487,2317857.703291241,1432534.1053733034
2017-01-18,1734352.3068886232,1040789.9395374837,2344022.2378184507,1436690.0483877524
2017-01-19,1738732.122541202,1054362.5459318822,2349941.6725529125,1440080.7593478842
2017-01-20,1703161.3247084771,1045164.4424615512,2301866.8144023037,1424329.4590076793
2017-01-23,1743847.3567308697,1056273.4095255227,2356855.044561936,1432513.368459054
2017-01-24,1756452.7508348678,1074496.194959923,2373891.562447535,1447045.9235878347
2017-01-25,1770119.8927097472,1082027.0875590984,2392363.060052084,1468310.1646649733
2017-01-27,1772398.7989623696,1091172.2850089518,2395443.06110656,1475075.726048318
2017-01-30,1772581.842177037,1088774.3144808821,2395690.4487705072,1475239.285667314
2017-01-31,1755426.8055030731,1073599.1558349777,2372504.9706559125,1461172.8574386355
2017-02-01,1785131.7379207881,1102841.8090571826,2412651.9591792137,1488350.475048352
2017-02-02,1781351.5845731252,1108829.7279270347,2407542.9836417222,1492765.3893714123
2017-02-03,1768796.5337724632,1113948.2811173678,2390574.506039563,1493979.2346885847
2017-02-06,1784108.49949841,1121561.0126890622,2411269.02584605,1505311.7537531923
2017-02-07,1763128.5585458311,1112891.1023616975,2382914.09014721,1500086.0989282948
2017-02-08,1764970.3442422978,1121142.6903965352,2385403.311404428,1501435.159094437
2017-02-09,1761605.9188042725,1115987.8660084836,2380856.202946193,1503543.8759465031
2017-02-10,1764223.691816799,1109970.143014246,2384394.191237586,1505104.565714241
2017-02-13,1765927.724637289,1114654.990832544,2386697.235901197,1506820.6415263677
2017-02-14,1760087.9478533296,1111889.303612382,2378804.625737087,1502593.374135999
2017-02-15,1734909.4418273384,1105380.1672936683,2344775.2201742413,1490036.7981504996
2017-02-16,1772651.7750601894,1115123.7738964374,2395784.964880418,1502061.1124298752
2017-02-17,1764858.1138014733,1124116.660646407,2385251.6290455395,1510020.3855992681
2017-02-20,1785360.2054390684,1132794.998302027,2412960.7389705745,1519813.600298334
2017-02-21,1789830.638652518,1136183.568142258,2419002.645694709,1526075.1089437043
2017-02-22,1788411.7307865352,1124751.42336552,2417084.9548206753,1527193.3453179945
2017-02-23,1791666.704399043,1127933.4871433238,2421484.1362908566,1528063.715388562
2017-02-27,1793366.8331290816,1121319.99135286,2423781.904474712,1521678.3413350955
2017-02-28,1798724.5160468158,1124532.539907181,2431022.9522436503,1520418.6727389174
2017-03-01,1811411.7635602264,1121039.055654427,2448170.097140348,1530580.9449595646
2017-03-02,1770184.908198201,1108723.8520056522,2392450.9301752024,1520267.9002938312
2017-03-03,1797433.7307229696,1114868.8352295975,2429278.42231664,1519822.7780943713
2017-03-06,1807878.0280787477,1119821.94491552,2443394.1617561383,1530622.4107114207
2017-03-07,1791166.955713481,1123388.7330617176,2420808.7129483065,1528017.7528522853
2017-03-08,1776942.333716879,1122267.9014247186,2401583.7664641556,1523939.59702588
2017-03-09,1768680.62764085,1117980.1302462786,2390417.8558890014,1524129.4150351672
2017-03-10,1762210.232607688,1121422.0630555397,2381672.9487643293,1524684.930067126
2017-03-14,1795596.5206349143,1139737.7869403032,2426795.38511316,1551346.9353883306
2017-03-15,1809690.4253396022,1149486.3220796695,2445843.663778496,1552676.4212829857
2017-03-16,1849885.46194215,1164935.9511905664,2500168.3008617903,1566589.3688809786
2017-03-17,1850860.038758183,1164836.6854596627,2501485.4667687225,1567366.7982569672
2017-03-20,1853120.5817481463,1167400.0326283155,2504540.6493962505,1562669.6862863912
2017-03-21,1856338.2756610704,1169452.400208767,2508889.446383131,1560431.9602153457
2017-03-22,1833521.923161811,1163297.2256919404,2478052.5527302413,1545016.5651200004
2017-03-23,1836510.7285988654,1174421.889471297,2482092.000990634,1555556.143195462
2017-03-24,1842656.1197198604,1173297.285318449,2490397.6568775545,1559268.364911823
2017-03-27,1802167.055873456,1169494.962803672,2435675.634329158,1549279.474621796
2017-03-28,1818247.786995381,1174981.6641596,2457409.1605570507,1559193.1878394152
2017-03-29,1842743.389617371,1179036.394438998,2490515.6044131527,1565791.6784760074
2017-03-30,1842755.130433153,1193163.2549092672,2490531.472430956,1571283.700964113
2017-03-31,1860090.1809881753,1194128.904119469,2513960.243986359,1572572.6472004193
2017-04-03,1867436.2717355578,1195266.6990153722,2523888.676637847,1582771.0191500313
2017-04-05,1889224.0038813245,1199155.7643386002,2553335.3631377365,1589292.6697969367
2017-04-06,1897521.496631474,1207960.8133386348,2564549.640333458,1589645.2012132057
2017-04-07,1878498.3141867416,1201891.5438677464,2538839.3146358347,1580374.679573764
2017-04-10,1883188.2062718144,1206889.1393652596,2545177.8257311382,1579737.5413468382
2017-04-11,1878027.1638298146,1217538.5366126166,2538202.542678023,1589877.7450537013
2017-04-12,1867779.4929330521,1210499.99307383,2524352.549010387,1585450.3496398893
2017-04-13,1824864.8389444791,1209927.6557079821,2466352.278316851,1577417.72395873
2017-04-17,1834958.9598622988,1214348.6264597476,2479994.7451954777,1575152.102193576
2017-04-18,1815059.968833861,1203083.0949716114,2453100.741424995,1567473.298639935
2017-04-19,1825483.1740432293,1214096.4624912695,2467187.9742802014,1568914.8125595108
2017-04-20,1830293.8823692321,1224257.6289539782,2473689.771666477,1574569.477474063
2017-04-21,1825865.5560668476,1223029.6756958219,2467704.7735274727,1572686.9859341842
2017-04-24,1838501.8360273745,1231271.872064388,2484783.034451236,1589044.318260784
2017-04-25,1877448.359506317,1246712.4925844227,2537420.2735852697,1605787.0087642318
2017-04-26,1876456.2812157497,1248574.3308938239,2536079.4539804463,1611758.4641922102
2017-04-27,1867796.2105003768,1246638.980682404,2524375.143237301,1609086.917207239
2017-04-28,1875485.462039699,1238939.721592491,2534767.366621652,1604004.9744228458
2017-05-02,1860455.7458701662,1244282.4380883132,2514454.314429456,1606731.5695688133
2017-05-03,1840018.0463506163,1254985.4755783004,2486832.232126225,1606288.4333016267
2017-05-04,1837412.8977489362,1259672.9340972863,2483311.306054339,1614031.2134006824
2017-05-05,1806728.1992787733,1261670.4735942585,2441840.1382361646,1599547.7072205315
2017-05-08,1820011.5547351858,1267557.6858503928,2459792.9385172883,1604806.4221984502
2017-05-09,1831421.0668905426,1275020.1908372953,2475213.1908550584,1607275.773972314
2017-05-10,1846759.2734197464,1280313.3572936233,2495943.1757894373,1623711.3165616633
2017-05-11,1861780.3418246286,1285107.5999326543,2516244.540302857,1626298.265975742
2017-05-12,1851739.0283659713,1272275.9373311806,2502673.4440783397,1621946.3701576225
2017-05-15,1884733.0245797324,1281336.925018027,2547265.6878412557,1630573.5376823226
2017-05-16,1886041.0245775832,1290582.3602159186,2549033.483847783,1640177.9977195614
2017-05-17,1903717.0549868837,1301498.8241838883,2572923.098542092,1640833.873058408
2017-05-18,1851054.6655553423,1285135.667643141,2501748.5099455924,1621462.831771391
2017-05-19,1845708.6930377006,1271963.0864266655,2494523.2890868625,1619710.105073887
2017-05-22,1842548.0606523566,1254704.0000152162,2490251.612238168,1619013.8356411569
2017-05-23,1837422.0891706778,1243811.1612754911,2483323.7284998097,1608041.327717731
2017-05-24,1807508.1973282704,1217791.3336066252,2442894.3258808637,1600626.5269678158
2017-05-25,1840707.7899042114,1223953.7756346476,2487764.4384729965,1624696.077803763
2017-05-26,1882181.384706105,1226645.496539984,2543817.080206619,1642958.4040541013
2017-05-29,1881437.01229814,1215017.0379597242,2542811.0415427573,1642043.7013133573
2017-05-30,1887379.551424153,1218128.7035699997,2550842.537684086,1646728.1243629707
2017-05-31,1882640.6732800042,1221369.2143740396,2544437.8206562498,1647294.1652228779
2017-06-01,1885570.358787194,1230417.7164836088,2548397.366794247,1648328.7859695358
2017-06-02,1880802.7902471558,1237700.7632919208,2541953.8739503846,1655284.9823064543
2017-06-05,1879058.3526110386,1241771.896888177,2539596.221127884,1661925.0821502507
2017-06-06,1877463.5528393246,1239053.3364927706,2537440.8077698722,1654523.795503582
2017-06-07,1891975.3173936899,1243543.2428652032,2557053.8348868606,1659933.4326996491
2017-06-08,1900138.0233831105,1244774.7365313955,2568085.9442708534,1658385.3965198495
2017-06-09,1914817.253684664,1251122.0178580799,2587925.3056994593,1662385.1812039786
2017-06-12,1898618.9326394133,1243462.0990470496,2566032.8536327244,1654459.3976358594
2017-06-13,1891769.3738237682,1238757.1327340682,2556775.496797353,1653892.7475406937
2017-06-14,1897221.4942215374,1237230.6008888283,2564144.1792760366,1654751.8374437003
2017-06-15,1888100.239947507,1235319.6863023594,2551816.566962089,1648734.0118703514
2017-06-16,1883001.9921078824,1235764.4765816515,2544926.152446812,1650897.0157778445
2017-06-19,1908241.9116789429,1248243.8575731216,2579038.560012637,1661938.053860976
2017-06-20,1906994.2729336696,1245223.9719854796,2577352.3438084275,1662245.5013926409
2017-06-21,1896071.9633590581,1240077.788326582,2562590.558426335,1659432.5585926864
2017-06-22,1885767.1811984275,1231382.9178302968,2548663.3774006264,1657457.6556457153
2017-06-23,1869239.8007936461,1215000.343200128,2526326.1930535827,1646147.2593272915
2017-06-27,1854816.6133182978,1205391.0206022363,2506832.8801619867,1635044.5715004397
2017-06-28,1866708.4138209743,1208026.3748012905,2522904.957741184,1632802.2505751292
2017-06-29,1895852.7663481415,1208234.0996714826,2562294.307966719,1635647.9151615559
2017-06-30,1897571.0001445883,1205754.8408882376,2564616.5456185765,1640169.408089553
2017-07-03,1916181.0558865173,1208091.993924805,2589768.5198356146,1657081.7963905064
2017-07-04,1927139.0218353528,1202285.714244263,2604578.495734575,1656430.868753358
2017-07-05,1942356.5258684172,1207449.7262740768,2625145.3481070246,1662046.9346483299
2017-07-06,1936832.6984419378,1213853.2278559576,2617679.7517145774,1669155.3309604193
2017-07-07,1940505.9776074109,1212663.92898988,2622644.284015994,1667914.0238723317
2017-07-10,1955328.5040674412,1232173.3814074467,2642677.3139286386,1685550.7555478679
2017-07-11,1953947.5045384865,1222541.3977814696,2640810.8571577566,1686086.802413541
2017-07-12,1962022.035209467,1237295.5606390706,2651723.7953062225,1692868.0926251158
2017-07-13,1976296.328314858,1238456.0145788216,2671015.873585405,1707068.2578032955
2017-07-14,1976831.8107651519,1241859.1236861178,2671739.592040106,1707296.2347884767
2017-07-17,1992083.6103796437,1247995.2654268513,2692352.7957825772,1712058.7742836261
2017-07-18,1994090.4879871898,1245058.6812979905,2695065.14305019,1697518.7164383638
2017-07-19,2026413.726734955,1264679.9983496794,2738750.840657385,1711631.2749843448
2017-07-20,2016930.8201740433,1258669.7557734305,2725934.445874362,1707085.1947764498
2017-07-21,2031128.343104144,1247780.7131025903,2745122.7672655303,1713939.4139294655
2017-07-24,2030338.23070113,1250754.4944396033,2744054.90980907,1721921.7288342356
2017-07-25,2040485.7746616742,1266564.8139317734,2757769.5793189965,1722413.1942904552
2017-07-26,2053445.0042558042,1269991.3097498044,2775284.3150696186,1730866.3572198455
2017-07-27,2044158.0622240934,1258966.3469136446,2762732.771443103,1729613.9009480947
2017-07-28,2032235.7858462415,1250704.1177045132,2746619.5049262,1730479.9989627423
2017-07-31,2060829.4988909774,1251505.4196022826,2785264.651574,1741269.4786964727
2017-08-01,2085196.309108145,1251783.9119631469,2818197.0291462406,1746243.9440790347
2017-08-02,2083701.8470864748,1254041.6426608642,2816177.224866305,1740176.322691209
2017-08-03,2068237.6105438473,1243757.000754861,2795276.907091866,1730862.2338314895
2017-08-04,2097205.0589286718,1242618.847772569,2834427.1667693234,1741782.4273322427
2017-08-07,2119303.9630064056,1258458.7840471307,2864294.410226077,1744161.8794129435
2017-08-08,2133651.9291480407,1235965.865443492,2883686.059529322,1729267.7032384388
2017-08-09,2121938.5609744354,1228025.47334508,2867855.1378823,1714175.7700553501
2017-08-10,2098119.286713287,1181579.6276065405,2835662.7693911535,1694072.6494537606
2017-08-11,2059887.624512498,1164217.4400520588,2783991.68386172,1678555.8280724126
2017-08-14,2114589.235028644,1173047.210771645,2857922.332776044,1696533.3145922034
2017-08-16,2139999.6078716437,1177222.9099645263,2892265.112370867,1714198.656972068
2017-08-17,2128810.3184104026,1180812.7478858947,2877142.4967302256,1715028.6646104774
2017-08-18,2134390.9738612943,1174353.1481696598,2884684.8976752562,1704775.0545780517
2017-08-21,2118162.1884310297,1167718.9801829953,2862751.2722000675,1688369.0594901063
2017-08-22,2114510.933267127,1169487.1924298303,2857816.5059094215,1688586.4542643856
2017-08-23,2140137.080571733,1176095.7421959285,2892450.9102994786,1704892.8518362562
2017-08-24,2149960.823375283,1174889.4821903082,2905727.9541265424,1708238.464835875
2017-08-28,2154607.2832702473,1177274.055875655,2912007.765487631,1718988.7681486362
2017-08-29,2127642.91623308,1166054.4491731173,2875564.72233384,1698989.484927394
2017-08-30,2171097.9186665663,1178119.227350311,2934295.288000328,1715956.1131423058
2017-08-31,2176327.743009992,1176862.1567296246,2941363.5315816253,1720773.291455802
2017-09-01,2202056.4236695888,1182418.474943825,2976136.512466931,1731771.909477573
2017-09-04,2189775.7512413543,1167197.7923673808,2959538.864369246,1721258.2435111199
2017-09-05,2200970.057680348,1169308.6713423254,2974668.260585768,1728561.1698957048
2017-09-06,2214412.364522981,1166484.2346647421,2992835.8877982786,1723664.4787735841
2017-09-07,2230294.5635507912,1162279.0009066241,3014301.092738924,1727922.0808636325
2017-09-08,2229481.344501899,1156960.8717581993,3013202.006049761,1726608.4649143885
2017-09-11,2236479.9170555403,1176209.0294901214,3022660.758826554,1739371.0783268712
2017-09-12,2263814.010994078,1189688.6613157932,3059603.4975008518,1754625.9488639443
2017-09-13,2254948.0741733364,1182562.371878867,3047620.953363557,1751643.7594695978
2017-09-14,2261831.288622596,1181311.8401210902,3056923.796662841,1753800.4074258492
2017-09-15,2265227.4006491536,1178951.5832801654,3061513.7303693644,1752969.5669297283
2017-09-18,2272170.6247643544,1186211.1516839957,3070897.6782924854,1764057.635294859
2017-09-19,2259720.616829538,1191387.7202659333,3054071.1688547456,1764002.6535111896
2017-09-20,2258065.793623561,1189681.6577223877,3051834.632264653,1762280.7464965233
2017-09-21,2235355.9270238266,1189510.7381548346,3021141.6570737213,1757675.89585075
2017-09-22,2174245.5921063293,1168328.874341139,2938549.450497122,1727377.4385858634
2017-09-25,2143730.74967521,1156239.3339950482,2897307.8475321583,1710409.2437443337
2017-09-26,2172309.758956577,1157806.6862331117,2935933.121661451,1710863.148853392
2017-09-27,2147422.7978359144,1141148.5965416585,2902297.7466186443,1686000.0217883221
2017-09-28,2153626.5886683767,1141786.7946785898,2910682.33123407,1691651.2885243879
2017-09-29,2177157.105704832,1149659.8099013015,2942484.4368280396,1697660.954179795
2017-10-03,2194960.0231701043,1155457.1671713174,2966545.5426776963,1710669.4285324675
2017-10-04,2195655.289403397,1154829.292246468,2967485.213069675,1719403.6852604614
2017-10-05,2197276.778544142,1163304.7386418309,2969676.6978038847,1716293.869282548
2017-10-06,2252541.0120713045,1185290.5848139045,3044367.7463464113,1731684.1709842216
2017-10-09,2249922.6983871893,1181242.0371179376,3040829.0273233075,1733392.554771864
2017-10-10,2260824.6077279737,1188424.2741731915,3055563.2412589546,1739075.0602473554
2017-10-11,2247459.5630439324,1188006.3918700633,3037500.035862681,1732679.9379297248
2017-10-12,2298894.0371303596,1192785.9782691675,3107015.0649431157,1751977.998050477
2017-10-13,2313681.1622849726,1192815.0773559622,3127000.2490710164,1762884.851185162
2017-10-16,2327875.3448285786,1202021.6936546324,3146184.055842984,1772999.6306029123
2017-10-17,2336668.199317317,1212419.6747164868,3158067.827308355,1774766.3548069934
2017-10-18,2326686.9115024786,1208668.0647614603,3144577.8573021917,1770822.959590353
2017-10-19,2307609.405992599,1197107.7444096385,3118794.112569564,1759923.0127274347
2017-10-23,2328005.789146423,1206775.1757594093,3146360.3547302457,1766708.274674701
2017-10-24,2319102.2423046585,1212474.242470114,3134326.979671637,1769496.8631147498
2017-10-25,2323639.468446702,1214655.3152819239,3140459.1587754553,1785909.3374757918
2017-10-26,2330317.6565259974,1224233.1320305706,3149484.9036048236,1793999.5415739599
2017-10-27,2327297.6837246437,1232222.2222113786,3145403.3318411955,1792902.3675159086
2017-10-30,2339929.738468721,1246166.4803469814,3162475.882275067,1801892.4627576615
2017-10-31,2316086.3996105953,1233224.3598451565,3130250.9898554,1798395.8227537756
2017-11-01,2338865.43125671,1235122.932842644,3161037.4434048817,1816694.3359138917
2017-11-02,2334535.547480677,1252155.7734936317,3155185.4928998547,1815288.0314501408
2017-11-03,2330673.168907831,1243243.1965144954,3149965.387832583,1820128.859208817
2017-11-06,2332729.0123099433,1239931.2184873433,3152743.9136447166,1822102.1834420592
2017-11-07,2308140.8398405565,1229522.9865680935,3119512.3592329407,1802733.2904777871
2017-11-08,2294174.3730382663,1224435.175229232,3100636.31620622,1793538.258367973
2017-11-09,2310475.13554797,1230567.3316586919,3122667.220575753,1796219.2562263974
2017-11-10,2323096.3194070975,1218348.4920280417,3139725.07872596,1797421.0838855077
2017-11-13,2298588.8192588547,1220217.6789728666,3106602.5550537785,1781173.2276335321
2017-11-14,2301223.294501931,1212958.5481306275,3110163.1168440366,1774648.0856979145
2017-11-15,2260717.4385973224,1208756.8389782577,3055418.399392365,1761411.0788117456
2017-11-16,2286500.15958177,1214332.3964355488,3090264.4171818146,1778741.0874955228
2017-11-17,2316929.20223149,1220307.7083349407,3131390.059511329,1792611.181181153
2017-11-20,2325506.8856180045,1216285.9457925311,3142983.0216373606,1795118.1545632195
2017-11-21,2336559.9912927956,1213845.6140087598,3157921.5813496877,1799743.3040493878
2017-11-22,2326984.127295748,1211669.8777968015,3144979.5521747307,1801633.683877079
2017-11-23,2330093.005065627,1204135.8715377722,3149181.2813149476,1802446.2126475996
2017-11-24,2320032.5433961973,1219790.5975545275,3135584.305785698,1809599.8417500213
2017-11-27,2313174.6409657006,1227514.025518671,3126315.6723379116,1811762.8578144484
2017-11-28,2300039.358215334,1225537.7215649027,3108562.9961690605,1807796.1172600193
2017-11-29,2298291.1392542715,1234516.791542441,3106200.2327875784,1806406.2093720534
2017-11-30,2265880.223147103,1221276.8143178169,3062396.036949443,1784002.6872236747
2017-12-01,2230724.649651765,1204361.2525821852,3014882.3652871,1765778.227720553
2017-12-04,2237227.44983082,1197140.8416822837,3023671.068809016,1766847.7866297255
2017-12-05,2229844.3202727092,1203344.272403484,3013692.577241779,1765610.7729388182
2017-12-06,2198732.4920658874,1187684.4012946873,2971644.132478669,1751929.2279490165
2017-12-07,2251788.272181476,1191090.4943373534,3043350.398813247,1774508.8929919198
2017-12-08,2259588.6340400376,1195348.746043086,3053892.790683041,1791826.6551352772
2017-12-11,2258283.3669960867,1197381.315177356,3052128.6883347686,1800930.4029666532
2017-12-12,2246482.7787369615,1187543.8620677898,3036179.8864743486,1785998.8945331902
2017-12-13,2221506.2535993704,1180594.6755620497,3002423.463333901,1776284.857228551
2017-12-14,2222935.0222948585,1181241.0417937546,3004354.481375403,1785101.0244243834
2017-12-15,2257275.8531037997,1200388.8770203278,3050767.0071128793,1799362.718588203
2017-12-18,2280712.4233589517,1209270.6561426776,3082442.141189198,1810121.1588953908
2017-12-19,2304708.949393643,1215431.51051494,3114874.0700610275,1825124.3549201617
2017-12-20,2312795.10811028,1204942.8282611968,3125802.723815541,1822481.7243412281
2017-12-21,2332697.936245549,1212767.5715825004,3152701.9135356746,1823212.3257948696
2017-12-22,2345175.9925466343,1223985.4208880924,3169566.3310697144,1832286.870337346
2017-12-26,2357177.3762463825,1238076.6142251838,3185786.5131890373,1839202.0679504548
2017-12-27,2347695.4808314983,1238400.7703772585,3172971.4849961614,1831778.5333185329
2017-12-28,2368394.793069047,1245315.0125268388,3200947.143689984,1829958.1719418275
2017-12-29,2368124.3545799754,1252023.8628119843,3200581.639040308,1839664.6444422733
2018-01-01,2343390.643880263,1253687.3760578996,3167153.385926093,1825014.087370662
2018-01-02,2334327.9320493033,1258149.617073512,3154904.895246123,1825251.3033411715
2018-01-03,2353612.421770567,1265370.9177627973,3180968.3845222536,1827035.26781193
2018-01-04,2378086.035415042,1269891.7266606847,3214045.1097035063,1839087.5586331822
2018-01-05,2394140.362139078,1280780.3582354982,3235742.949701109,1850640.9689148315
2018-01-08,2401077.100111422,1290327.8102206627,3245118.131433513,1862234.2542649515
2018-01-09,2392150.901352179,1294499.207475843,3233054.1417194568,1862953.67711956
2018-01-10,2384441.4674780993,1288101.930257842,3222634.6413849182,1861675.9076221606
2018-01-11,2386792.298746032,1297106.9543115192,3225811.850967716,1864157.2050945435
2018-01-12,2405835.5621935115,1312669.72680831,3251549.31666268,1868610.192611608
2018-01-15,2407110.5604702346,1315034.2362336628,3253272.5099850222,1876741.8530174897
2018-01-16,2386963.3648595302,1310034.5107964026,3226043.051268016,1865847.445863401
2018-01-17,2414601.4444538197,1300469.0814251695,3263396.6344600213,1880892.5534437795
2018-01-18,2368177.063243132,1278653.9322813174,3200652.8761690473,1881357.76296391
2018-01-19,2394808.7462752047,1289061.2277083502,3236646.2882398046,1894946.7442106055
2018-01-22,2403696.7047886024,1300767.87819726,3248658.595267312,1907696.0121777758
2018-01-23,2472410.5256529893,1309949.7975592182,3341527.110800091,1927012.1336183315
2018-01-24,2439630.689311973,1300744.56929797,3297224.3096735803,1925453.1529746393
2018-01-25,2442873.3064801893,1281855.5124669988,3301606.791088021,1919026.1126728752
2018-01-29,2452765.6336475983,1272072.586660295,3314976.5284661087,1926822.383774805
2018-01-30,2422920.167582586,1258024.3725816568,3274639.605064457,1913406.237179218
2018-01-31,2409722.154278836,1236534.5849811474,3256802.1469216463,1908227.9042420457
2018-02-01,2420071.9638931076,1222786.5486254825,3270790.1837217133,1906977.9412456455
2018-02-02,2361901.8198593436,1194858.5500853253,3192171.7215726604,1861073.9786746078
2018-02-05,2336208.154883331,1186448.717787075,3157446.065294165,1846417.3407535676
2018-02-06,2301990.6647749767,1167769.5646583363,3111200.2377205254,1817606.8221229932
2018-02-07,2314509.884208883,1175526.559908297,3128120.288298859,1816746.7433084305
2018-02-08,2351469.766636675,1172230.7065710884,3178072.5303974207,1836862.2392529119
2018-02-09,2348152.95332115,1170712.6416973895,3173589.770960711,1817924.2123985144
2018-02-12,2374984.4213315025,1168671.662463922,3209853.197624242,1834510.9181462605
2018-02-14,2365418.6629453944,1164786.8250322063,3196924.8264452284,1828288.6919799664
2018-02-15,2376112.2513174177,1165260.270165104,3211377.489175021,1832860.0055021483
2018-02-16,2363114.3918694197,1144439.3523878625,3193810.5441724784,1816019.6871372676
2018-02-19,2326291.2509633955,1133480.4645179387,3144043.1117960145,1802083.8175042307
2018-02-20,2325094.6888856785,1130891.639937337,3142425.927036057,1800773.5792916273
2018-02-21,2315067.5165391667,1130569.5468307908,3128873.942892289,1805123.1368322063
2018-02-22,2317239.473689959,1115911.925245686,3131809.3994548484,1800805.9623945798
2018-02-23,2374422.3984773755,1128092.0099287198,3209093.6091236817,1820997.1281496733
2018-02-26,2395041.548961951,1130364.8825920853,3236960.927124068,1837067.8098116787
2018-02-27,2393119.280060048,1127381.8414123033,3234362.9307220504,1831845.7207989877
2018-02-28,2385620.7295813616,1135270.9254536303,3224228.444779585,1821946.4718639266
2018-03-01,2361670.816436763,1125811.9529215526,3191859.5144407013,1814988.720740932
2018-03-05,2301824.251194898,1118250.4293142902,3110975.3254401144,1797286.9787057242
2018-03-06,2289023.6561379614,1104135.3101499095,3093674.988391181,1778631.4548367287
2018-03-07,2268338.2188202715,1083074.0177902419,3065718.082012309,1761555.8173387055
2018-03-08,2273900.1947960467,1085214.7511606817,3073235.237161033,1774388.1289169136
2018-03-09,2259070.950741046,1084620.8674638588,3053193.128244122,1772110.8521396671
2018-03-12,2304533.0767666325,1095303.5238203865,3114636.3736327435,1802802.0264824533
2018-03-13,2314758.307167724,1089828.0521499987,3128456.0383870015,1807126.947357389
2018-03-14,2303007.105047259,1090297.3221333595,3112573.9831770747,1805081.9187467461
2018-03-15,2285360.1826871373,1101820.446581852,3088723.7087680716,1797693.3537714162
2018-03-16,2263275.54620322,1081904.483808738,3058875.7483353335,1771683.4433329818
2018-03-19,2223478.8338543894,1065983.477867263,3005089.456837806,1752837.4268240395
2018-03-20,2240100.7150663887,1066323.7152960198,3027554.3614829294,1760072.846742828
2018-03-21,2238399.9948307923,1068068.5061274937,3025255.793863933,1765699.3678449956
2018-03-22,2231384.471064717,1064882.9358944094,3015774.1310827844,1758960.9347947335
2018-03-23,2201932.158393679,1055749.4323041262,2975968.564715508,1740051.6576046317
2018-03-26,2229715.080090051,1063198.6412578826,3013517.905774531,1763545.0113432193
2018-03-27,2246548.145217596,1068142.157108171,3036268.2309725275,1773615.2157562918
2018-03-28,2194605.425809106,1060996.043404179,2966066.295124389,1760455.6321669805
2018-04-02,2228417.9942899104,1080061.4350979638,3011764.8605899904,1780196.3263733543
2018-04-03,2239903.3233003113,1078092.2072464433,3027287.581378674,1788237.8919060265
2018-04-04,2214534.8386909943,1067626.8299371575,2993001.4148208126,1768009.4136264883
2018-04-05,2245826.9201205685,1088175.4024793427,3035293.4765012525,1802087.9940693814
2018-04-06,2248377.7867102213,1102405.1606644422,3038741.0390224922,1806119.6385934046
2018-04-09,2249594.2406915384,1099910.4523405212,3040385.1082073776,1813206.7015876947
2018-04-10,2249112.5745469835,1096599.5414966065,3039734.1238891645,1816184.0386671259
2018-04-11,2257611.86188973,1103425.3724057283,3051221.131723661,1818800.5957067045
2018-04-12,2264648.091255396,1113900.6401188325,3060730.7786610248,1824533.9637883925
2018-04-13,2268328.624168959,1117298.6152131683,3065705.1145915897,1827700.8077027502
2018-04-16,2275309.5521393707,1121710.231639564,3075140.0202553696,1836016.3892715608
2018-04-17,2274584.1479816954,1123844.230798627,3074159.617674969,1839543.7622397994
2018-04-18,2273834.132669614,1123421.9090002412,3073145.952479473,1835898.423011406
2018-04-19,2306208.572319201,1144550.6567802618,3116900.849436759,1843660.6026882245
2018-04-20,2302167.6647575144,1144635.417508512,3111439.457799119,1842314.3953025574
2018-04-23,2312248.6378719066,1149678.4903533729,3125064.155079556,1846736.6154825655
2018-04-24,2313875.4921686566,1151980.1962156286,3127262.890961606,1851603.5967382637
2018-04-25,2305783.098484043,1147332.315651499,3116325.810485757,1844555.857112197
2018-04-26,2313230.4963724506,1155418.082739286,3126391.1623724373,1850961.6698649062
2018-04-27,2335783.502960929,1160749.866140334,3156872.1371796248,1863760.7017075096
2018-04-30,2331390.2283787,1164226.8987650564,3150934.5123517946,1872288.8301610888
2018-05-02,2293313.6480837404,1152050.1622554734,3099473.0240503885,1865671.2973853482
2018-05-03,2269935.603785158,1128860.9124493415,3067876.9893261124,1856449.0788743072
2018-05-04,2253747.3157609664,1126273.4986684169,3045998.0971482084,1845582.6854933216
2018-05-07,2299820.7408375656,1137208.067149874,3108267.5290987184,1862118.6384151613
2018-05-08,2293894.9019762133,1131401.1929410398,3100258.603799303,1861621.9385400005
2018-05-09,2289182.2352534393,1132674.8194677064,3093889.3121889806,1863788.7348930594
2018-05-10,2275140.8729724507,1114556.9098000156,3074912.0459754355,1856637.3849203663
2018-05-11,2312374.850126316,1121445.949378705,3125234.7342230477,1869961.489843329
2018-05-14,2312306.8932241523,1118716.6756866702,3125142.88870282,1868623.233311079
2018-05-15,2331823.381812933,1116298.9396479572,3151519.9304806236,1866924.3648679699
2018-05-16,2330551.928259267,1126557.0821188882,3149801.5279436605,1857664.2218187186
2018-05-17,2335680.3195944764,1137950.216462013,3156732.682176984,1848998.6361057698
2018-05-18,2308954.252558815,1126612.0921638517,3120611.707671289,1832368.6957905372
2018-05-21,2272091.2635555705,1114075.6040832112,3070790.419555338,1816656.6733548692
2018-05-22,2298129.7322251233,1136248.7181960389,3105982.086990928,1823059.0072677429
2018-05-23,2269376.607918024,1122681.867393809,3067121.4918771763,1805860.8464108522
2018-05-24,2286775.711677463,1130215.6031964535,3090636.8330038013,1818730.1574022335
2018-05-25,2320496.899517731,1146029.1010278272,3136211.895157721,1838298.5385960133
2018-05-28,2328931.333248157,1152961.2843634393,3147611.2516489006,1855015.0717281867
2018-05-29,2327306.3720476157,1151683.8218810628,3145415.0743356,1846605.2923153406
2018-05-30,2327739.73944914,1152504.084923974,3146000.7816467863,1842942.2298809888
2018-05-31,2343727.9616922573,1153316.8812734617,3167609.279719639,1861718.9537336382
2018-06-01,2327263.726067368,1126660.0293111142,3145357.4371844525,1853234.5683835407
2018-06-04,2324818.8007822526,1111736.4761238692,3142053.0570908855,1840988.2148864677
2018-06-05,2323117.07591101,1093986.9321637738,3139753.131680692,1833027.7190316212
2018-06-06,2354016.2474950673,1116621.154955738,3181514.1654888303,1850568.4708123107
2018-06-07,2379086.690140901,1131348.5618700846,3215397.5205836263,1866525.0042465401
2018-06-08,2379233.3854785557,1128584.5694211377,3215595.7831467064,1867565.4827561055
2018-06-11,2383141.3103554966,1132348.5732681374,3220877.4452282167,1870566.3742478548
2018-06-12,2384165.26531314,1134091.2263278742,3222261.346977422,1880729.1284405843
2018-06-13,2392607.5291118417,1133738.1481410258,3233671.286009467,1882263.539282337
2018-06-14,2380467.90883626,1134473.7433827878,3217264.273563603,1876800.3941216245
2018-06-15,2384784.1590029188,1134948.3355047351,3223097.797891071,1876167.4713765723
2018-06-18,2366312.7013415955,1130689.6687459506,3198133.1425836748,1872244.186993762
2018-06-19,2342362.5893874206,1112885.9837912403,3165763.943548479,1856906.273466777
2018-06-20,2360991.4549729684,1112593.6075730554,3190941.339758244,1865994.933130231
2018-06-21,2347374.34488723,1108565.7745250752,3172537.4614176005,1860238.4453182318
2018-06-22,2357623.966308079,1122617.4326229307,3186390.0912692547,1873653.3472429325
2018-06-25,2350973.659728922,1122052.0092002433,3177402.029012273,1861126.8617133338
2018-06-26,2338815.2979323124,1118745.3547320422,3160969.686913439,1862563.8515657692
2018-06-27,2319294.2719994457,1105075.4238935336,3134586.512797127,1845232.0295572367
2018-06-28,2315263.0372184836,1091953.5033881573,3129138.19417414,1829828.685830712
2018-06-29,2341362.1306145736,1095055.8970657468,3164411.797503953,1853154.8553747258
2018-07-02,2323702.0967359934,1091851.7164357912,3140543.8025368396,1842409.0781419664
2018-07-03,2336301.6634454406,1099411.9025613712,3157572.444547184,1849868.083224301
2018-07-04,2354589.309515648,1111303.6921470754,3182288.6737098857,1859930.6187605187
2018-07-05,2328739.526815987,1109404.5475083971,3147352.0202686484,1856432.5955446337
2018-07-06,2330997.7749579,1104112.0978059608,3150404.101349367,1861363.7174478762
2018-07-09,2361151.5592170525,1122346.4520064138,3191157.72480701,1875426.0380330598
2018-07-10,2376145.702928154,1135131.1378987706,3211422.699896713,1892166.4237847128
2018-07-11,2364023.2230292326,1141276.107115897,3195038.8531155735,1890389.2315997032
2018-07-12,2378792.288649893,1143847.6698099861,3214999.6293137693,1901298.5779618488
2018-07-13,2391985.874860948,1133871.0614150527,3232831.104125695,1899417.190087849
2018-07-16,2348989.209372325,1125403.3368517684,3174719.992757451,1881343.5791442583
2018-07-17,2361611.8499151696,1137806.2249384786,3191779.819653577,1894916.2153017137
2018-07-18,2340115.637279038,1137829.906202927,3162727.129350786,1888049.7304045036
2018-07-19,2353666.263466199,1140710.8827293885,3181041.1529738484,1884746.6942969696
2018-07-20,2395352.3267545467,1164377.356013872,3237380.951391327,1894080.0737292613
2018-07-23,2412059.6477039643,1168074.991872309,3259961.330063098,1909509.0944452325
2018-07-24,2437394.787292534,1158133.4544934682,3294202.429958413,1923386.4986750758
2018-07-25,2425904.35696869,1155052.6053434024,3278672.814611971,1922738.5987825105
2018-07-26,2417958.519140799,1162959.325357171,3267933.8081870954,1930810.9819830884
2018-07-27,2443547.6192956166,1164257.1101099926,3302518.142390946,1949635.2499846725
2018-07-30,2447959.597383675,1161522.668614878,3308481.0454932163,1958508.1939938325
2018-07-31,2484883.607002536,1178138.5929721706,3358384.8045577756,1965127.5356644187
2018-08-01,2484969.6701137354,1179919.74686889,3358501.121090297,1964401.825015136
2018-08-02,2474929.1526486045,1172187.7427162721,3344931.100671727,1948794.2016859741
2018-08-03,2494016.8886748957,1174040.2222052093,3370728.672213291,1967909.7044843668
2018-08-06,2492636.3080364866,1167169.0361366824,3368862.781583873,1972306.0556990702
2018-08-07,2498051.8605474466,1155607.3811520594,3376182.04161273,1972496.0443259238
2018-08-08,2523564.398386051,1178713.455390823,3410662.8998555145,1982052.940722655
2018-08-09,2536151.5523048323,1188950.3363403417,3427674.765656527,1986346.2344803251
2018-08-10,2514710.748448822,1176821.246685672,3398696.9617607594,1978074.3880838864
2018-08-13,2510310.891369141,1159142.1056569654,3392750.44051647,1964267.0886814615
2018-08-14,2545315.106736131,1169183.3525271746,3440059.5477328734,1978701.174659673
2018-08-16,2538347.870383793,1167612.6439572142,3430643.146646917,1969273.6941823491
2018-08-17,2558656.648847511,1171664.7414953436,3458090.9887911025,1986071.3897195035
2018-08-20,2575001.3523790757,1161587.4777529857,3480181.2805941957,2001642.0742365196
2018-08-21,2593293.7929479885,1172170.4184589835,3504903.989646561,2005707.9605461988
2018-08-23,2600349.729276993,1168752.7162417679,3514440.2710572784,2008946.2090767464
2018-08-24,2618147.041518877,1163970.80859649,3538493.8013017843,2005034.1063220135
2018-08-27,2639032.916684064,1179166.407059908,3566721.604643152,2027525.957812604
2018-08-28,2663889.4362107795,1174472.343469904,3600315.8370802253,2034095.3767980202
2018-08-29,2696769.764287035,1170420.0089018268,3644754.455399807,2029055.3051856621
2018-08-30,2682898.511117254,1166353.9968184216,3626007.0960730813,2027821.905759518
2018-08-31,2672352.304647583,1171296.2202339384,3611753.6238164087,2030120.1190492564
2018-09-03,2638112.371881316,1168843.9377455073,3565477.464407066,2013401.8193988258
2018-09-04,2627174.6207694667,1143825.593513497,3550694.8093858995,1995552.0574638168
2018-09-05,2623540.4690833357,1141741.2649454868,3545783.158890172,1987432.246440506
2018-09-06,2635516.6989249615,1143448.778054246,3561969.3449162142,1998711.537612608
2018-09-07,2660486.8510517725,1156954.5126046548,3595717.154766888,2009598.2252895767
2018-09-10,2612804.870755729,1146298.061468872,3531273.718613103,1982420.285947343
2018-09-11,2588737.251466135,1137010.3542132855,3498745.7053587697,1954949.2750503763
2018-09-12,2606093.807591,1141884.831531246,3522203.5422509834,1968585.3143086715
2018-09-14,2641671.629687955,1151624.1306277516,3570287.8938773377,1995043.6328277884
2018-09-17,2609598.8253635173,1148750.082968838,3526940.664904839,1972281.6314054893
2018-09-18,2585283.757100636,1137903.4285887508,3494078.217929164,1953590.440181011
2018-09-19,2587001.9539473546,1135628.5309872911,3496400.405642503,1945886.80900908
2018-09-21,2543083.2485297443,1128280.2126489661,3437043.1333361864,1926862.6216025865
2018-09-24,2508738.5964153437,1105537.149434278,3390625.443005024,1892666.8370329372
2018-09-25,2543034.249494854,1110671.8550127018,3436976.9098665025,1909909.6737207167
2018-09-26,2549752.0827468713,1111014.462245127,3446056.2361776223,1908524.1977221782
2018-09-27,2521518.0272667245,1103296.802409886,3407897.176079855,1892801.2663457568
2018-09-28,2501168.883811758,1094121.031753388,3380394.7796004624,1882584.5914808982
2018-10-01,2498456.395842564,1092532.1852451537,3376728.7815824402,1894518.4495978688
2018-10-03,2468562.2384528243,1092925.3070304343,3336326.050589392,1868906.7062630851
2018-10-04,2408745.3675398855,1057666.5612470696,3255481.994246433,1826333.7718086487
2018-10-05,2341474.5131071825,1009040.0024078558,3164563.6853647814,1778225.2661846427
2018-10-08,2373681.054185115,1010654.075419751,3208091.663036931,1780537.4385893343
2018-10-09,2363110.8447432457,1010654.075419751,3193805.750139228,1772017.1382214928
2018-10-10,2416360.3365404634,1010654.075419751,3265773.822848244,1803166.1389304777
2018-10-11,2351956.7132406137,1011637.9296295053,3178730.651393792,1764957.9442045083
2018-10-12,2424668.214080466,1012057.6930868586,3277002.1353574675,1805421.3647292668
2018-10-15,2428716.846711598,1012561.4079546661,3282473.9676273228,1812388.587970436
2018-10-16,2440276.2621473614,1010456.330033214,3298096.818146212,1826496.8734382552
2018-10-17,2388461.379492046,995054.8231765706,3228067.6569938855,1801538.1479176395
2018-10-19,2365293.0982401655,999805.8648507047,3196755.122481296,1777049.5841066504
2018-10-22,2330949.1932970234,990235.9288596567,3150338.4419715162,1767189.0573612414
2018-10-23,2281661.5457934947,985371.8017739487,3083724.90483771,1749684.7962134157
2018-10-24,2303928.9018577267,976118.8125872189,3113819.815534152,1762161.2288751798
2018-10-25,2294431.207913365,976175.6215639054,3100983.435217908,1745292.456427281
2018-10-26,2258134.3324651388,977017.1372218953,3051927.264291136,1731321.9280630727
2018-10-29,2311375.0750000975,1000629.5798471627,3123883.512144719,1769884.4308358554
2018-10-30,2297874.5901729474,999271.468335515,3105637.2558734417,1763273.3043033853
2018-10-31,2327174.9073044104,998035.5902859722,3145237.396316933,1795594.7982446605
2018-11-01,2335489.9306602147,1013931.8257027942,3156475.366582011,1796345.4383468183
2018-11-02,2350872.6080763917,1009806.655251519,3177265.455076426,1825910.9497452993
2018-11-05,2361082.672351629,1003572.4274132851,3191064.6224172567,1822474.7647308866
2018-11-06,2349516.106317591,992834.0950754383,3175432.107678876,1822024.407343269
2018-11-07,2357107.157378606,999811.4066194693,3185691.6105634747,1833926.5488992261
2018-11-09,2349359.440340314,1012107.3347668432,3175220.3695370993,1832998.4810389269
2018-11-12,2323037.9642369845,996638.1919282668,3139646.210196257,1814686.0376807244
2018-11-13,2331092.4477464277,998771.1349217732,3150532.054084658,1830345.9623622438
2018-11-14,2293291.447060295,1005939.3364446692,3099443.018789953,1829636.7419195957
2018-11-15,2318097.4484996824,1014031.321478456,3132968.9747184766,1836790.3673633882
2018-11-16,2315406.1690736283,1008332.452807586,3129331.640597953,1847544.3888077738
2018-11-19,2315359.840260447,1008951.8726881825,3129269.0260023386,1861072.9445841918
2018-11-20,2293098.3558713943,1002499.9458637369,3099182.051027572,1841914.222455246
2018-11-21,2293680.007124259,1010016.8386199792,3099968.1678193877,1835340.7144251063
2018-11-22,2266629.621103127,1003281.4862308024,3063408.8677721806,1822635.0593217404
2018-11-26,2271431.1366565786,1014732.0537489952,3069898.240887331,1838789.8925735515
2018-11-27,2284500.1331217405,1013644.145750437,3087561.329418211,1847070.1139048657
2018-11-28,2287717.3315737974,1005363.413759047,3091909.4567768467,1852873.0550616346
2018-11-29,2318715.084077131,1007516.3433849104,3133803.725260599,1874138.6904644666
2018-11-30,2320806.9268242572,1004502.1915547592,3136630.9051235407,1878580.6614204445
2018-12-03,2328486.9905968304,1004128.2859756208,3147010.711002238,1880420.1162014217
2018-12-04,2330226.236634647,1000120.0592795761,3149361.3472446487,1877549.6003259597
2018-12-05,2315709.585411888,993617.2680768664,3129741.7156682676,1861065.6866890667
2018-12-06,2280198.0841004453,980024.1901856496,3081746.998307946,1830005.7379836144
2018-12-07,2290254.140110342,983153.1094295132,3095338.0194737855,1844927.9167604
2018-12-10,2248314.8060093205,967045.6747171893,3038655.9189676605,1809712.5368576369
2018-12-11,2264526.111507033,972830.3936148658,3060565.919859507,1822484.5109659005
2018-12-12,2292523.9951589634,989731.5388567632,3098405.787590714,1856110.2182224568
2018-12-13,2298788.7376175015,1000976.1947657814,3106872.7499135896,1866691.397006174
2018-12-14,2309281.976358646,1009863.4453848705,3121054.6349079395,1869600.4913630607
2018-12-17,2307793.5069233463,1006620.0600227059,3119042.929764297,1884051.902299885
2018-12-18,2314698.139558553,1010207.4348546495,3128374.7202987857,1888291.847102175
2018-12-19,2337316.2478493713,1023292.6830209026,3158943.681749401,1900547.4566200671
2018-12-20,2328306.175818685,1022409.9956979353,3146766.3351281933,1896798.1578989064
2018-12-21,2299144.342445809,1006754.0247792868,3107353.3590851617,1864211.481785501
2018-12-24,2287971.8026495893,1004457.6201885184,3092253.381052306,1847061.6451820824
2018-12-26,2299226.6071750955,1002972.4463298302,3107464.5420057657,1857907.4743649336
2018-12-27,2305815.40658223,1001706.793397287,3116369.4757205043,1865843.0220178976
2018-12-28,2320415.2353598177,1008580.1591595045,3136101.523924945,1880825.4491426162
2018-12-31,2321071.191293165,1008320.1539861659,3136988.065424436,1882247.1008584648
2019-01-01,2333800.802867796,1010107.8802683296,3154192.4664513846,1888771.1899100556
2019-01-02,2316388.467287413,1003397.8855373093,3130659.242174711,1868969.5679608462
2019-01-03,2296170.5129448776,1001575.1897440071,3103334.1511918306,1849089.6566380598
2019-01-04,2307175.958968071,1009946.830801892,3118208.2976458194,1857776.96236801
2019-01-07,2315252.294535929,1006032.4629860955,3129123.6751593454,1864355.7111568952
2019-01-08,2318209.0539673776,1006181.928951712,3133119.81240993,1868775.290437928
2019-01-09,2324982.6149514443,1007168.5173566883,3142274.4561998965,1876667.3455098341
2019-01-10,2323584.247732514,1009450.5452985454,3140384.526544434,1872661.4301546742
2019-01-11,2319474.099848158,998050.876409307,3134829.554810383,1867796.8051621886
2019-01-14,2327733.6219915603,1004977.1489501935,3145992.513743808,1857472.8862827406
2019-01-15,2360144.4967843005,1011939.772166928,3189796.6537444196,1881628.066936209
2019-01-16,2366052.6877413453,1014070.5243634467,3197781.7274422976,1882270.784580362
2019-01-17,2362420.6178443995,996671.410144319,3192872.8905387823,1884482.9838861274
2019-01-18,2372844.964558834,985212.9591828454,3206961.6661677663,1882026.705694982
2019-01-21,2385174.9392972556,977577.9855902536,3223625.947619583,1889436.627315176
2019-01-22,2377247.6337811984,977834.5676049176,3212911.988096011,1884510.8348248345
2019-01-23,2363352.864710453,975139.9239220867,3194132.846417693,1869317.826171622
2019-01-24,2375007.456812438,984723.1333151709,3209884.330675679,1872287.4168931253
2019-01-25,2362538.8290297473,982965.088014456,3193032.656029401,1858585.5621228009
2019-01-28,2327292.5449805893,969785.7888119677,3145396.3866949966,1836277.0266596572
2019-01-29,2334305.748966596,972804.674830794,3154874.914233065,1835178.761741127
2019-01-30,2354127.324234489,973549.6516560703,3181664.2885902775,1835080.5318280028
2019-01-31,2390614.716342467,982500.363228964,3230977.947736345,1863418.4013713184
2019-02-01,2390527.786427878,988447.5317908615,3230860.459696505,1875241.1484144921
2019-02-04,2392784.9297258384,985014.1514287344,3233911.047551895,1875857.177869529
2019-02-05,2398455.149425496,983120.0098678091,3241574.496907901,1877470.5019416
2019-02-06,2428591.909135792,996950.0441595361,3282305.111245108,1899315.059431993
2019-02-07,2421339.9162332797,1001261.7400924176,3272503.8542776085,1903202.6795877158
2019-02-08,2406153.4764503157,993286.6759132567,3251978.9860468744,1880319.725879443
2019-02-11,2373446.9447635384,984940.2280985755,3207775.2580665695,1869828.4075406077
2019-02-12,2356296.7960141506,983492.4138676227,3184596.386109131,1860186.566198617
2019-02-14,2332785.597049815,977065.760285586,3152820.3893919224,1846260.277208214
2019-02-15,2325352.490792411,966998.4982647233,3142774.3530161413,1839056.032137821
2019-02-18,2309914.310545699,962109.3163055213,3121909.251003125,1824751.4186841869
2019-02-19,2303923.8461341043,957132.847127535,3113812.9825922227,1819624.6022565279
2019-02-20,2334505.049586409,964215.1192196283,3155144.2742027775,1842331.4455796636
2019-02-21,2342781.3747127764,970768.6516087274,3166329.942804577,1852810.2842744766
2019-02-22,2341168.9034962757,979104.7437070125,3164150.6460294593,1854874.2231472675
2019-02-25,2361574.0742519093,978483.6766820133,3191728.764862474,1869173.429954486
2019-02-26,2345820.0146177616,978392.5212121372,3170436.743644128,1862334.7261904902
2019-02-27,2345684.434761877,971833.2767486646,3170253.5039436757,1859004.8412392957
2019-02-28,2337643.470366878,974543.2310724359,3159385.9314899575,1859272.986438419
2019-03-01,2337579.3367478917,986286.9046874963,3159299.2532363534,1872939.7103397558
2019-03-05,2361715.5904120533,1003379.5204783123,3191920.0276324837,1896146.7768909167
2019-03-06,2383622.5856989296,1008663.1839162083,3221527.901368555,1907827.976021817
2019-03-07,2382656.0716520348,998152.1596765885,3220221.632503754,1907450.4431480668
2019-03-08,2377353.2476402954,989764.4866121473,3213054.727972659,1904200.28782049
2019-03-11,2401167.482747934,1003305.8590789837,3245240.285916813,1929740.192883814
2019-03-12,2402353.9414702314,1005811.9105083883,3246843.8157292237,1950800.7763385486
2019-03-13,2414856.8809328773,1005945.7062630975,3263741.8635031017,1955532.0938716154
2019-03-14,2410097.597298336,1005756.934172256,3257309.5679244357,1955304.7287506966
2019-03-15,2420826.9567687702,1018011.0123595379,3271810.5762238186,1967748.3017659169
2019-03-18,2441429.35969379,1025792.0934122673,3299655.259462011,1973612.297692255
2019-03-19,2465244.262240706,1042004.9485625047,3331841.7194677033,1984946.4566806704
2019-03-20,2467274.873144394,1028153.4297594827,3334586.1429021438,1982360.905904414
2019-03-22,2453904.9649402457,1022416.5078355847,3316516.3643319886,1971391.5427289838
2019-03-25,2446670.901406634,1030366.2774270483,3306739.339372742,1952902.3196281942
2019-03-26,2479348.946472087,1038069.7015209106,3350904.566943644,1974597.896279011
2019-03-27,2476417.089534626,1036848.9713152315,3346942.0860611764,1968457.8446999057
2019-03-28,2508238.6471189437,1046044.1424287583,3389949.7485317118,1989438.436033315
2019-04-01,2533872.5918050734,1062638.6910574352,3424594.6912856386,2008627.3386997378
2019-04-02,2528278.9477546634,1062137.3032255855,3417034.735910641,2013486.749541284
2019-04-03,2519216.0457741898,1052985.2384937298,3404785.9882386588,2002143.435588521
2019-04-04,2506595.1808717214,1042788.9631395431,3387728.5611666697,1995143.8394493368
2019-04-05,2516359.7435388914,1051248.7422305888,3400925.6215006677,2006468.4347828412
2019-04-08,2498229.149186078,1040103.2266240852,3376421.651817541,1996263.68968387
2019-04-09,2512058.6334878486,1041678.9880335106,3395112.559433114,2007370.8137285374
2019-04-10,2494244.132267388,1032479.7321526129,3371035.797837129,1993471.9743943573
2019-04-11,2495013.467028421,1031264.1382326963,3372075.573770211,1996184.2130353972
2019-04-12,2496387.02174425,1046899.5039126532,3373931.96868258,2004284.4596689697
2019-04-15,2500163.2501721224,1046093.3368786367,3379035.6395889227,2012519.145449058
2019-04-16,2511536.232547222,1046296.6035532373,3394406.5209788615,2028381.8283616232
2019-04-18,2511363.555989386,1041986.8402319216,3394173.144121166,2022134.209797049
2019-04-22,2481235.8664568006,1027810.7445325821,3353454.7883649697,1993694.325174058
2019-04-23,2489645.7392233214,1033162.8540748239,3364820.9500748203,1990578.8387441093
2019-04-24,2519482.665720928,1040859.059576084,3405146.332029085,2014644.6537756613
2019-04-25,2508260.9954804117,1033231.0207940514,3389979.9529233174,2000673.6900692927
2019-04-26,2527359.5240348647,1033591.3922542699,3415792.110847309,2017524.3208338057
2019-04-30,2537229.190191078,1036509.6033925716,3429131.2212795555,2015384.1619186762
2019-05-02,2534753.3667573035,1036818.4765646646,3425785.0815346898,2010502.9761077012
2019-05-03,2529621.9529206012,1035877.2573764822,3418849.8423120095,2007510.10121167
2019-05-06,2494479.6589338076,1027921.2855547782,3371354.1182507463,1987259.6860849278
2019-05-07,2473179.4311670884,1023742.1124160176,3342566.306594787,1970833.9969342304
2019-05-08,2434817.65583639,1018820.772877111,3290719.3697871966,1947173.138292837
2019-05-09,2429182.0454868586,1018016.7282027113,3283102.695867767,1937833.025545473
2019-05-10,2411492.8097074046,1010854.6060065391,3259195.233772341,1933755.051108213
2019-05-13,2400382.1452415097,1000210.2429992182,3244178.881857245,1909632.9002137154
2019-05-14,2384165.110333457,1001984.4123056479,3222261.1375183538,1921182.270121006
2019-05-15,2401216.6650860286,1003249.3271553819,3245306.7571255425,1910277.1716680732
2019-05-16,2429105.6612030906,1006784.1782709383,3282999.460522179,1925190.6769259716
2019-05-17,2465319.035095275,1006525.8240093393,3331942.776924828,1949662.6032957297
2019-05-20,2519147.0315491753,1028549.586632318,3404692.7137191044,2020612.0797032772
2019-05-21,2507066.104208939,1018682.3784498769,3388365.02630144,2000618.2302421131
2019-05-22,2516891.206991488,1021240.108337369,3401643.908175483,2006672.6394973164
2019-05-23,2497521.9846000047,1010441.858243155,3375465.900492409,1995475.554189283
2019-05-24,2524328.773078019,1026528.0454994204,3411695.972126289,2029289.3014009094
2019-05-27,2531859.12101137,1043202.1151488508,3421873.4331555017,2042705.7100576933
2019-05-28,2531144.516932263,1038300.9512338466,3420907.627162101,2044382.7936244546
2019-05-29,2513963.1940056486,1033705.2331622906,3397686.6224935786,2032343.7608933821
2019-05-30,2529256.8941199314,1043389.6446708657,3418356.4558509756,2045214.831373884
2019-05-31,2524032.4524167567,1042038.4733924983,3411295.4870479316,2043507.8512734214
2019-06-03,2562732.4316123426,1055477.3081185434,3463599.5151725886,2071249.3030722414
2019-06-04,2542605.676987025,1048408.579594408,3436397.6829788196,2060372.2050359137
2019-06-06,2497733.560061152,1032164.3396446658,3375751.8502293434,2028374.0041135356
2019-06-07,2495179.509290501,1040916.962599451,3372299.9842046923,2032453.1152670335
2019-06-10,2505533.6366079124,1040351.7085450507,3386293.8564928183,2040895.1415760498
2019-06-11,2523326.6713965223,1041891.9103309055,3410341.6056480063,2048826.7676027392
2019-06-12,2510128.5594292623,1035179.1035594922,3392504.014158896,2037855.846250288
2019-06-13,2509086.5281128716,1044664.0995596581,3391095.6817408395,2040463.9814250025
2019-06-14,2477584.7225238252,1036668.3417952567,3348520.1724058148,2024143.4072965393
2019-06-17,2432187.9708866873,1021573.4124038285,3287165.2822029865,1997528.3292288492
2019-06-18,2448353.349748157,1029665.0140013932,3309013.212051809,2000677.6327515575
2019-06-19,2440137.1349857356,1024563.8977304088,3297908.784169818,1999252.373394643
2019-06-20,2473173.4046078967,1034003.9573194939,3342558.161543342,2025982.5510404226
2019-06-21,2457209.5564201665,1029827.0099902127,3320982.6056400966,2009160.7310279396
2019-06-24,2443799.3322229628,1032038.6056225046,3302858.338957067,2005817.2336324546
2019-06-25,2472150.324709904,1035044.8477101612,3341175.442460007,2020938.9163811759
2019-06-26,2488651.717005082,1040130.078991208,3363477.503201203,2030618.8585360805
2019-06-27,2480188.551077006,1043351.788921371,3352039.31439783,2031026.2734240391
2019-06-28,2471805.4517821977,1050909.2640467575,3340709.3377311383,2022618.3227492776
2019-07-01,2485306.876330624,1053314.3864407353,3358956.8640601547,2035437.5165477688
2019-07-02,2491678.3367878934,1054367.912551777,3367568.0585331004,2042920.4597616266
2019-07-03,2498483.4116651933,1055999.185930416,3376765.294169167,2045212.4980611303
2019-07-04,2506314.3242281037,1055910.0908288755,3387348.9761102395,2050681.249728928
2019-07-05,2483215.5452755177,1048429.8568141357,3356130.3757622815,2026702.8935388695
2019-07-08,2420449.120239329,998348.7409457834,3271299.920330115,1983643.5263669726
2019-07-09,2446404.5813950454,994653.7889450757,3306379.400952467,1984581.4839255249
2019-07-10,2414479.651089633,978792.1192887698,3263232.0275615687,1974034.2631669366
2019-07-11,2421056.5994255887,989984.4110377779,3272120.944245469,1988858.7732484315
2019-07-12,2410807.6566931093,987449.970819752,3258269.231658793,1984836.6731673498
2019-07-15,2422994.063932221,972625.1321247013,3274739.4779023807,1991421.759894824
2019-07-16,2444589.3834822383,983231.4227509608,3303926.1137761767,2005458.5205721462
2019-07-17,2450952.5380929136,990139.2524434025,3312526.082681489,2009745.820692379
2019-07-18,2422723.2013147315,969837.7542706643,3274373.4000321194,1993657.182119815
2019-07-19,2383038.6130647557,948158.6646671148,3220738.6471695425,1963789.7607685241
2019-07-22,2384399.855788948,952109.52505975,3222578.402105089,1953315.5011119796
2019-07-23,2369556.683278501,948385.6169337285,3202517.4685184867,1950099.7728621017
2019-07-24,2338933.2679208186,945212.1891977036,3161129.1264202576,1937934.4845319176
2019-07-25,2321978.1558465515,952226.0280301822,3138213.851600411,1936940.3749661043
2019-07-26,2353442.2489612275,956544.7961211022,3180738.3915457586,1944149.9437719954
2019-07-29,2341419.2384878215,948859.1925994885,3164488.980279518,1926579.5049857514
2019-07-30,2309035.8843466514,937783.6498601346,3120722.0351550695,1907563.1493994454
2019-07-31,2315271.3440557173,949800.2810772518,3129149.4210806508,1914719.525675864
2019-08-01,2293521.0371539434,939263.8386389344,3099753.315771115,1891227.7883798436
2019-08-02,2306670.166759703,942948.4822176935,3117524.706325062,1895362.564663813
2019-08-05,2274300.4461811287,941655.9073051586,3073776.1873149504,1873081.9861818813
2019-08-06,2291088.3361626933,947020.131750316,3096465.457128552,1888232.4360747666
2019-08-07,2270888.5172076286,946366.5918737148,3069164.876593377,1873164.6248207744
2019-08-08,2293260.230291439,950659.8026752524,3099400.8285151767,1903189.2331606855
2019-08-09,2315817.2594110565,949751.8202945687,3129887.239877789,1916502.6134976044
2019-08-13,2262921.361368198,938260.1527313984,3058397.058321614,1883625.9202527625
2019-08-14,2284149.800140861,935297.8562406175,3087087.845285514,1902376.1694402397
2019-08-16,2286691.1916351113,939582.4202738327,3090522.6019689543,1905911.2890639324
2019-08-19,2286590.5160572906,940780.6420384137,3090386.536307854,1907197.3036901075
2019-08-20,2284551.9300495405,934471.2526814914,3087631.334312912,1899885.3813648787
2019-08-21,2279449.1391513674,926831.7388125379,3080734.779735882,1882485.7725547582
2019-08-22,2256599.065107976,925480.1900943788,3049852.3105393,1852876.3064056619
2019-08-23,2268238.232994313,933681.8170327502,3065582.94856879,1868079.8921791879
2019-08-26,2314788.1323043243,942483.9005524343,3128496.3478346085,1906828.29318584
2019-08-27,2317261.668663709,936998.7510519767,3131839.3965389696,1917252.293431404
2019-08-28,2321078.854887152,941742.6106126973,3136998.422970973,1907115.2946422838
2019-08-29,2328448.1472501606,941585.5065306972,3146958.2132092468,1892526.055347184
2019-08-30,2349802.185687542,945967.7959536357,3175818.7513857423,1907173.2730683174
2019-09-03,2322695.463071728,925761.9220154188,3139183.3109660093,1867848.7309575856
2019-09-04,2326903.545313075,923324.1578443076,3144870.6435299353,1874515.298295753
2019-09-05,2326749.03484172,925153.0997206568,3144661.818610457,1876322.0540318876
2019-09-06,2337875.697567656,933302.889342343,3159699.7925899695,1892231.0225841007
2019-09-09,2350198.345104845,930374.3489792808,3176354.171138805,1901583.8984861362
2019-09-11,2340902.686918183,920264.9602738526,3163790.847402243,1908235.219951735
2019-09-12,2323359.831988019,919748.4983219452,3140081.222830695,1900045.6722998116
2019-09-13,2348683.437981147,922225.0372526146,3174306.7347718836,1915686.1704707402
2019-09-16,2349274.0202618404,921933.1930687863,3175104.9220800265,1904510.5165129313
2019-09-17,2333796.378188032,908320.1985300635,3154186.4863816383,1872306.7850574052
2019-09-18,2353884.7432119665,910581.3368159663,3181336.434030966,1877284.6054936107
2019-09-19,2328150.251860095,899553.1565434397,3146555.599843967,1854707.0819742652
2019-09-20,2436424.1443405612,918962.6403039147,3292890.5807710425,1954384.7228515223
2019-09-23,2504236.8019750933,925102.8331313216,3384541.150767442,2008083.5241414094
2019-09-24,2512838.93283385,927251.2894194291,3396167.15428787,2006559.253799308
2019-09-25,2506025.473666153,920512.0875178515,3386958.5870653307,1979899.7392380172
2019-09-26,2523275.962595149,933217.5665501384,3410273.0713844644,2002657.4825232788
2019-09-27,2521662.1364126313,924157.5875846663,3408091.9433375443,1993862.184329645
2019-09-30,2527983.6534132976,928779.7599867883,3416635.637930307,1985257.4233118964
2019-10-01,2504113.1341893324,914405.1483362808,3384374.010539488,1965441.5164010818
2019-10-03,2491424.032736364,911387.0905855767,3367224.359995273,1956412.5615369107
2019-10-04,2469761.1708026994,900539.5748903409,3337946.4388338025,1932227.1110295034
2019-10-07,2466534.899707882,897323.5113424069,3333586.049562576,1921204.5957382952
2019-10-09,2473339.879311561,903345.4602892867,3342783.156433867,1952738.8834338726
2019-10-10,2467839.53510639,902283.3324248743,3335349.298225608,1939277.7565326013
2019-10-11,2498640.2419455256,910735.9386529651,3376977.2543707937,1950872.4699269563
2019-10-14,2486694.13830865,911201.4134589428,3360831.7846937845,1958164.8326283076
2019-10-15,2491676.013957311,918709.4021256276,3367564.9191671708,1973313.1334909045
2019-10-16,2530018.2058894453,922081.8159711824,3419385.3885024115,1980848.7147762862
2019-10-17,2557925.7988740574,924499.767382971,3457103.2260490824,2004720.2684931941
2019-10-18,2571538.1021973477,940848.7577793887,3475500.6079252963,2019725.2327352872
2019-10-22,2512523.958143441,937777.0437547531,3395741.4578040955,2010073.798440113
2019-10-23,2525837.637827136,935571.5859965385,3413735.2420668555,2013558.4138308645
2019-10-24,2525579.705814482,934362.6337411664,3413386.640245239,2009394.982171151
2019-10-25,2521928.402205958,932464.9304760551,3408451.808480428,2008702.8699757853
2019-10-27,2528266.372748636,935885.3186402875,3417017.740463029,2016931.0163355218
2019-10-29,2539380.5979012726,955164.8057948874,3432038.904738837,2044221.1416725793
2019-10-30,2548485.4701433433,954474.8615127169,3444344.3763106405,2054678.12284374
2019-10-31,2571055.7744233655,954351.2397131292,3474848.729397708,2060596.3808487037
2019-11-01,2567314.775393239,958280.9992444725,3469792.6719384226,2062388.6391288692
2019-11-04,2565452.48552631,965924.669605752,3467275.7387616932,2069492.5491171952
2019-11-05,2582010.4706772855,959120.1925992557,3489654.2862189757,2063883.5302075767
2019-11-06,2554191.5892517623,964144.0228684715,3452056.3446510118,2072086.5989555225
2019-11-07,2561991.335197932,962200.5196347213,3462597.9040991925,2080590.282690176
2019-11-08,2531728.5803019158,961401.9255783252,3421697.0039924723,2062069.2817982498
2019-11-11,2533431.2929532556,963503.6382978054,3423998.2644131505,2063492.7718709796
2019-11-13,2514003.1755195507,945873.8419058581,3397740.658549178,2051062.2190100052
2019-11-14,2514059.2040634095,941854.3425881524,3397816.3825830063,2054571.190787474
2019-11-15,2513476.0510225627,940771.5949531704,3397028.236085684,2058269.0677705307
2019-11-18,2495131.1642567986,942766.1706834781,3372234.644634617,2056291.0198970665
2019-11-19,2489371.300527811,954269.3152641024,3364450.039042128,2063788.1949550998
2019-11-20,2501424.2344567818,959839.3704355174,3380739.8926366074,2074294.0941662774
2019-11-21,2490910.0241201115,948126.9952410354,3366529.6639856203,2068561.877668873
2019-11-22,2476260.569721242,940287.3719099931,3346730.5454636975,2059725.1477115366
2019-11-25,2506798.2144710138,962405.8628277214,3388002.9663552055,2087347.9712590307
2019-11-26,2484891.4223686093,953751.9104909595,3358395.367228231,2080141.3595805517
2019-11-27,2511345.662888568,960595.5751759739,3394148.9611301664,2091556.7757488387
2019-11-28,2505240.2077241926,964876.1192312898,3385897.279726995,2101975.2768355897
2019-11-29,2485421.1926733763,963582.256949308,3359111.3655697308,2085539.1479099207
2019-12-02,2468844.8585792696,965257.381963775,3336708.0190387145,2084248.977554299
2019-12-03,2463577.716739615,962011.946697257,3329589.3398909676,2074066.0848662658
2019-12-04,2479731.464624338,967467.58594505,3351421.5501722977,2081753.8740033128
2019-12-05,2482196.0201108484,959425.989794044,3354752.460993457,2075858.4837647188
2019-12-06,2463294.8296767813,954003.03121649,3329207.010670175,2058456.0742799346
2019-12-09,2457492.6490248726,949447.3562331678,3321365.2126560714,2059864.6911590558
2019-12-10,2449937.4417126407,946375.9583691935,3311154.153529929,2044935.0145975691
2019-12-11,2450445.2357129,948285.4284237883,3311840.450324479,2054184.8026884594
2019-12-12,2466197.1818102887,951486.3806636928,3333129.615042942,2065439.560058703
2019-12-13,2473639.5149345836,949074.3785029971,3343188.1217692345,2085426.4692073604
2019-12-16,2465995.4505732637,944740.7392774842,3332856.9700308694,2078926.058384552
2019-12-17,2488156.803540747,949430.4550388254,3362808.61478586,2096721.0698336381
2019-12-18,2493102.205759912,950677.715508835,3369492.4544709316,2106168.128638186
2019-12-19,2497237.9805033877,957907.5002570016,3375082.0615714095,2113008.5628602426
2019-12-20,2505969.287810883,968384.1349188745,3386882.6504210373,2116337.7236016234
2019-12-23,2510322.5196752218,966234.936337732,3392766.156474485,2114871.8148043365
2019-12-24,2496755.252655622,964953.5557990783,3374429.6423337013,2107516.015862609
2019-12-26,2498257.6883264543,961659.8750916298,3376460.2232078034,2093297.9502084942
2019-12-27,2516667.5205028136,965362.2014782309,3401341.5900699426,2113036.665038696
2019-12-30,2514501.805476213,971436.0383110079,3398414.5699005304,2114668.0506337965
2019-12-31,2503641.3525051163,967074.0312234586,3383736.3853264274,2099837.0221531135
2020-01-01,2491387.935408504,961455.4286668712,3370708.4745911066,2101754.539399267
2020-01-02,2501534.97925158,970935.2489258463,3372825.4972598157,2119095.050255809
2020-01-03,2488567.5241031135,968356.7778230603,3360925.601898169,2110193.839498298
2020-01-06,2446590.53626475,949307.0447017481,3307300.928201513,2069432.298726625
2020-01-07,2456675.503925686,952349.6636518451,3318402.35552639,2080428.2462254008
2020-01-08,2474926.4804120823,952781.3238565753,3330133.6539606294,2076387.349227154
2020-01-09,2511179.761639128,962810.4456989956,3367434.7720439015,2108582.8043575194
2020-01-10,2522257.517642187,963908.4917994705,3378906.2157505,2115412.8802906745
2020-01-13,2549537.713973155,971282.5159388353,3409206.9891130924,2128521.7515067514
2020-01-14,2564864.7631557146,972978.0192869186,3425336.1079724804,2133997.2796303337
2020-01-15,2578559.95247779,976928.2002451994,3437699.499132703,2132317.253884747
2020-01-16,2581915.495069581,977059.8415636069,3448127.984752457,2134306.069811208
2020-01-17,2597397.0182156484,983833.3733711633,3463741.9744503503,2134380.6462344932
2020-01-20,2575138.817806836,981937.5757824692,3428504.445796342,2112460.100035515
2020-01-21,2565404.679961323,978716.3867211853,3407636.6889313767,2102865.6477707983
2020-01-22,2567578.200487724,979477.0685457117,3407539.1888259244,2093186.2537708797
2020-01-23,2590408.4994007675,989484.754052656,3430277.737632355,2107398.34879488
2020-01-24,2607135.9428561847,997510.543828195,3466837.5054019545,2120190.8772357535
2020-01-27,2597425.6899310984,986662.1669592086,3437775.167571449,2098888.7491466803
2020-01-28,2615765.5528262253,975636.4413571167,3431640.8129283213,2088693.6853616328
2020-01-29,2645222.9440586227,982011.6923986551,3492504.3476054072,2101298.4703615075
2020-01-30,2614495.093827932,969625.899010195,3478774.750788405,2082181.2051284837
2020-01-31,2619755.5729037,965880.4388483396,3483652.5377122494,2068723.882416478
2020-02-03,2615388.169100966,955392.0678698171,3489014.065383451,2023082.643993314
2020-02-04,2656779.6011020956,965401.0402100205,3544130.3187622884,2069393.7686595602
2020-02-05,2689135.907148471,969735.045975677,3592045.9149906076,2090101.9522535647
2020-02-06,2709765.3851874415,978212.3422611055,3628612.9931882774,2100706.8088449663
2020-02-07,2725689.0211784435,976440.9233269143,3645690.555621832,2096497.7165200626
2020-02-10,2725132.1579806088,975837.4194396595,3672090.1609197487,2085542.9244321
2020-02-11,2739239.387586483,977326.0118408444,3666888.0613085725,2095933.3810698607
2020-02-12,2754670.6755875535,982237.5580733871,3713245.867017531,2109890.632475643
2020-02-13,2753286.8038706575,979390.3945485181,3733772.669740471,2105496.750205814
2020-02-14,2745372.6449027085,975561.1976460271,3688419.4273844794,2093273.5292060652
2020-02-17,2730597.584853738,965838.4125943958,3659196.9464737354,2080370.952243823
2020-02-18,2730508.676085928,963223.610562976,3660197.97285975,2071439.7883592811
2020-02-19,2762801.413505474,977580.3604531945,3703551.1944640595,2096981.4531128148
2020-02-20,2752808.3603143645,974812.5003879892,3702116.31988489,2090640.9442793762
2020-02-24,2703786.173788553,966630.7196379188,3637159.1169627206,2047132.9163501938
2020-02-25,2713556.5924630263,964319.9219091056,3616477.2771180733,2040390.076851827
2020-02-26,2705423.666235689,962738.3264672118,3613883.596725814,2018594.6941887934
2020-02-27,2705901.5504211695,960890.481973961,3594671.9937920617,2011172.7203798692
2020-02-28,2593196.606145519,932799.6027100878,3460071.2131591034,1937433.4600736566
2020-03-02,2591192.0501808166,928871.7411635089,3432296.840391049,1926568.2066501945
2020-03-03,2640900.3518897896,940810.8154065241,3488263.3627930447,1958110.6955723863
2020-03-04,2606859.509197747,936490.372738031,3456678.988122935,1948153.7009898312
2020-03-05,2622809.738417686,942682.5655866425,3492970.406104618,1952682.197567797
2020-03-06,2583263.497936298,925377.6624396815,3436551.014166625,1904997.3109019808
2020-03-09,2493677.6097176075,910988.9922665735,3325440.111614324,1813045.8745597533
2020-03-11,2491051.736988762,909750.041590756,3309461.990168358,1812166.1937992435
2020-03-12,2318433.3022952504,870806.1018288436,3102219.037272779,1660762.7447971173
2020-03-13,2367282.2984779123,862708.2846969435,3165693.080884279,1721829.31853916
2020-03-16,2241555.722928239,844581.2553581488,3006647.0488948566,1596825.663860782
2020-03-17,2221312.796027176,845261.8205503775,2987557.4396093227,1560555.8717343407
2020-03-18,2114885.7294277283,845261.8205503775,2857350.405045344,1475284.3117303196
2020-03-19,2076773.7455173028,834264.9135986114,2783650.828446108,1438306.4080506873
2020-03-20,2164607.4924783264,823305.6990108994,2910647.121894277,1517733.2659407533
2020-03-23,2061826.7277574276,814949.2999780735,2692924.9328471664,1324372.0178967323
2020-03-24,2085527.995884121,808442.2663166196,2765841.3550382233,1355397.547308519
2020-03-25,2097012.5911382777,801044.7969924901,2795668.1499771676,1439612.1105762734
2020-03-26,2099193.295633409,796935.0915220982,2838380.472973582,1498731.552556419
2020-03-27,2092487.5231463723,796592.6160662322,2839858.0039424067,1501319.9869737448
2020-03-30,2099752.215954264,798222.4139457466,2862898.247800289,1442648.4930265245
2020-03-31,2120395.5499059167,798222.4139457466,2920942.6852215184,1498561.9140524066
2020-04-01,2084538.3732773364,794122.3588741225,2859924.1983492207,1442421.7316961202
2020-04-03,2083679.3919166822,794528.7420738993,2857210.096736561,1414307.8074786237
2020-04-07,2149021.315383233,824476.191514246,2956530.870114527,1533478.2076452684
2020-04-08,2156365.2308345204,830189.882808021,2999079.199147136,1531182.8785587058
2020-04-09,2180942.6563295317,845226.3579432323,3033356.184998038,1593221.5888886303
2020-04-13,2187986.6023719907,850926.9266578774,3011789.91451949,1575160.782490093
2020-04-15,2210173.7231270038,854087.6454463318,3027498.5733597307,1566656.5149743962
2020-04-16,2215837.3311744416,866391.4335736952,3010322.2614976903,1578457.103384113
2020-04-17,2205591.8709391775,862858.961413031,3004817.7715789317,1622447.1060110808
2020-04-20,2208560.3138186573,860050.964468381,3007765.903480673,1620553.844375448
2020-04-21,2212043.122709,863115.4554405394,3006255.1614626935,1574724.942282614
2020-04-22,2237427.689572961,870317.0774958513,3014073.1291490663,1608458.7022000821
2020-04-23,2260434.0293697133,866098.4691200787,3008750.2970522963,1628076.3946569753
2020-04-24,2259189.579148309,874255.6244237544,3003476.405582032,1600088.936344941
2020-04-27,2278421.751447419,885344.2676282625,3019308.2196574607,1623829.9885122604
2020-04-28,2256576.7757503544,871708.6404778715,2978686.3195181205,1638045.8178145387
2020-04-29,2250496.102310243,869834.2050171418,2979806.4771990785,1666604.8457978088
2020-04-30,2246596.9959293213,869741.5696186607,2970160.556763784,1717418.744434164
2020-05-04,2183910.577499279,862002.1224716662,2887335.77713533,1622522.571641759
2020-05-05,2155217.837564714,843678.2501436997,2828044.795173276,1606302.393365996
2020-05-06,2176177.734659115,843815.8495107596,2832126.471418043,1618243.2950184422
2020-05-07,2162124.112093622,837612.0125224692,2803058.5404255074,1604994.388338602
2020-05-08,2188931.5696626944,855867.4966912315,2865762.4812577856,1614789.6531178204
2020-05-11,2209920.0757634905,855389.9212882674,2890208.256781841,1615301.3211055035
2020-05-12,2195782.2773983437,844374.1503858514,2868144.591394923,1608516.8608356337
2020-05-13,2202186.7406898397,834812.2103913701,2863055.661748378,1639379.8107546042
2020-05-14,2202046.2450973466,829096.6788248861,2867474.4619167694,1601683.3951924138
2020-05-15,2198274.18621819,823523.002385483,2846739.811387017,1599524.8382494964
2020-05-18,2187664.4907039963,822117.9091222654,2825257.8112040223,1545240.1646998965
2020-05-19,2192504.736846597,822328.9429840404,2838118.2254945883,1554879.8292130777
2020-05-20,2244096.742722717,842590.674406736,2900891.972516764,1587292.8918707105
2020-05-21,2256457.2753454656,851632.5069142248,2909609.2645903095,1595976.3002929403
2020-05-22,2265802.304445038,848552.8493696393,2900571.4322247435,1583426.8484355372
2020-05-26,2252972.320218209,844102.7931916872,2881839.9686491406,1582177.709391564
2020-05-27,2254496.620548699,845164.5284545127,2852967.7118696505,1625404.0448253201
2020-05-28,2267035.412179274,851937.9133691606,2892734.261972447,1655698.9008839803
2020-05-29,2299317.1886433517,877349.649623947,2921575.910034655,1676027.8111939668
2020-06-01,2326923.193910947,886421.4269214747,2933760.799722165,1716779.8859437695
2020-06-02,2327534.0093928943,888736.0052319862,2942237.2244735765,1741379.3215711704
2020-06-03,2344711.2618321413,888945.6789557299,2944455.8014024007,1755419.146331645
2020-06-04,2375852.190132789,902849.9411098008,3005049.421194293,1751579.4651543007
2020-06-05,2373596.0213224012,902373.2315249841,3012107.0408201893,1773228.768555671
2020-06-08,2338062.3540385505,898347.7472091591,2967767.2820636,1777085.1542365686
2020-06-09,2344411.0803964245,900646.5155273058,2957903.2978598564,1757241.8607086532
2020-06-10,2356409.7524237717,902086.3805704982,2952365.257083648,1767604.9227935083
2020-06-11,2318760.7993287267,884456.273077007,2913951.346533721,1731663.2399079734
2020-06-12,2368883.0989651424,887933.3275619027,2941334.185180108,1744740.0349280338
2020-06-15,2347776.8306073113,885413.1246955016,2921779.426664763,1718526.9997215648
2020-06-16,2351766.4580275174,883791.6964108143,2923143.906010361,1734234.9039435636
2020-06-17,2365207.053400274,891168.2046296367,2902231.7619832717,1729476.1793209387
2020-06-18,2396160.7160419286,893053.5832435552,2888455.846264757,1761815.9508445682
2020-06-19,2392993.009196163,900721.9008818645,2886070.6284100353,1787854.9122462529
2020-06-22,2406391.9052020805,909404.6236017882,2910079.07490566,1802715.0219720984
2020-06-23,2420614.294523603,920581.1684069565,2951954.1341173523,1831283.1756227582
2020-06-24,2383635.1549003203,904922.4462513288,2895149.2644639756,1803630.6511727236
2020-06-25,2393293.302639847,909024.4059735283,2873513.2837526863,1801317.8702759002
2020-06-26,2386305.003422254,910586.542947774,2882345.865771935,1815797.2175226938
2020-06-29,2387585.8964898014,903937.3613815276,2876562.145479141,1803048.0469734136
2020-06-30,2382642.050524002,901754.0649422926,2873378.1804383956,1801323.9882426085
2020-07-01,2363444.4796265205,901150.9498795874,2839782.761984688,1820546.588458699
2020-07-02,2376768.468911014,904691.2089379437,2866461.306479172,1841642.344282655
2020-07-03,2397534.568966089,913830.2958961801,2876206.787962779,1851970.9256045022
2020-07-06,2387247.38744393,913558.3044890764,2880471.3770488575,1876591.0538686274
2020-07-07,2378474.5238132174,912746.4482744456,2895575.3528361293,1883237.2256440213
2020-07-08,2354199.135085694,901586.9005846961,2874639.5357579347,1868254.7301975104
2020-07-09,2376890.482037689,904492.3489560657,2893125.6388684195,1885338.9948517447
2020-07-10,2378013.4517897735,906444.8100410342,2892946.1900473996,1877923.5567211944
2020-07-13,2394631.1072732396,916605.262935325,2895964.5186493755,1883871.9051509253
2020-07-14,2348073.2608791585,914961.4521236729,2858621.735701912,1852006.9118811302
2020-07-15,2348971.7295647785,926862.5856822449,2878734.392075511,1852347.246343333
2020-07-16,2384101.398496691,928372.2866233671,2903224.026414363,1871623.039535694
2020-07-17,2435718.4940457596,946184.4298881416,2930956.213272911,1900152.1830108955
2020-07-20,2432461.4253434897,949925.9296582954,2948301.394714712,1919672.907531908
2020-07-21,2441043.1946320795,956829.5039749386,2935047.117979403,1941062.5540790602
2020-07-22,2462374.8764101937,949119.2758978636,2927282.7056450606,1935123.1862999417
2020-07-23,2468711.4181625927,957699.0142281412,2948049.1983861243,1949906.6927787722
2020-07-24,2448148.4437060594,956601.8479427414,2947518.1631984157,1943604.6636240238
2020-07-27,2446141.649932001,955373.993718204,2953829.0230844067,1932153.393633072
2020-07-28,2470228.883739791,971466.4183002481,2988079.1344859367,1959153.4900310142
2020-07-29,2490053.396658549,965169.442999704,3014456.960470175,1945850.364583497
2020-07-30,2492869.5045774993,962612.2355656883,3048319.793573953,1932559.459598291
2020-07-31,2523962.210085405,957033.2200884519,3105395.4123214227,1931106.84113223
2020-08-03,2510048.99958786,946467.7798199619,3104745.264159261,1902507.1757585567
2020-08-04,2529498.161401958,949305.2167088066,3135253.923795296,1934850.5653485367
2020-08-05,2528488.506293353,955270.4580245937,3135414.4169791117,1935989.7403780387
2020-08-06,2514985.824526223,966824.7115032059,3198209.171562519,1953115.1011780135
2020-08-07,2510347.5333883953,967580.3006508385,3212177.019292893,1955834.8760995488
2020-08-10,2592228.6431025593,981270.1184700854,3333356.2333132923,1968144.2716529144
2020-08-11,2578786.248686896,977602.0860251094,3304684.5856789816,1974705.5195885643
2020-08-12,2557300.526240271,975745.9313778578,3307028.179358102,1972451.5908374882
2020-08-13,2560161.2748322044,977296.0755431269,3312625.3378762105,1973321.9957875244
2020-08-14,2592568.4014089396,966748.9536976784,3306096.9696299215,1952404.933794437
2020-08-17,2618291.4566506394,970275.407200574,3320512.100789421,1963631.163938
2020-08-18,2623430.399400903,969860.5169381634,3327622.7076933053,1987567.813602709
2020-08-19,2630483.4731594957,966259.3646666707,3324177.146743128,1991587.4357565553
2020-08-20,2607412.8627546923,962351.713427577,3320804.7450734824,1976850.2195391092
2020-08-21,2623126.7600490083,962423.8739109171,3337435.260613644,1986625.283705843
2020-08-24,2625121.07747535,962157.0358339924,3328053.6729065957,2000953.4351362425
2020-08-25,2612571.2802414633,961922.805051299,3313267.2350018886,2002047.960281247
2020-08-26,2610531.4889973546,973931.7623037912,3317652.326826969,2014273.0767333678
2020-08-27,2632631.2865980463,983067.7202599332,3331358.306187396,2016851.0717199878
2020-08-28,2633409.777582582,984595.3765886367,3336795.4612702336,2031014.9831379564
2020-08-31,2517756.178281694,957447.6157735962,3222865.470205875,1980102.3270792514
2020-09-01,2567324.263582051,964298.6547270317,3265111.6248217127,1995676.8517714823
2020-09-02,2611197.7203438436,972729.4339706354,3296543.092339532,2008768.71805862
2020-09-03,2608806.719847577,976484.6340591107,3318259.98084291,2009281.3556261775
2020-09-04,2562208.0336400266,958362.098917478,3263381.478704503,1975082.9623620687
2020-09-07,2533020.1141247195,955440.1954306475,3244580.590938775,1977376.9461833334
2020-09-08,2493738.7817923077,943571.8366800301,3230600.6272074715,1969866.7264956932
2020-09-09,2541567.266329422,952527.6137527643,3236455.509474377,1963477.575201667
2020-09-10,2553595.246717667,957650.4447132375,3253276.6920238407,1991842.0189525534
2020-09-11,2558141.3739984375,964632.6417189826,3244797.8687272086,1996474.48826086
2020-09-14,2570615.0154216415,984555.7263444337,3277182.664896948,1992536.8685613456
2020-09-15,2588266.316886784,984679.3178830149,3297103.3080346566,2007415.1502823345
2020-09-16,2622760.946414668,990487.5747953561,3337227.643492435,2021148.3678368714
2020-09-17,2611905.346896925,987356.431283132,3335967.2634521355,2006290.275213532
2020-09-18,2659695.3132509645,989629.952374442,3377797.96371568,2005245.1220703248
2020-09-21,2561632.558965363,959331.5051718882,3280998.385454781,1958232.666356204
2020-09-22,2557146.7632862437,956730.158757159,3300143.5032172245,1940520.4734670222
2020-09-23,2544242.412804365,953193.9345259208,3274678.2367933295,1936546.4987533751
2020-09-24,2459820.1880326984,924393.5862445288,3188732.134395512,1881509.9449424115
2020-09-25,2525509.511890558,946652.3431595779,3269170.1196127515,1925261.659185308
2020-09-28,2576871.316070046,959445.8666634419,3302209.1050415724,1957783.5105984476
2020-09-29,2579303.3014535015,961088.9114548459,3267927.0303280638,1955770.857702494
2020-09-30,2583156.4082975797,960477.4108451566,3269388.2142286836,1961182.565232243
2020-10-01,2597493.376627378,959484.37802972,3288574.2154111452,1988846.9873416154
2020-10-05,2602261.5342827197,973142.6402988029,3319344.2688707006,2002557.5040321667
2020-10-06,2631190.1269385223,977057.7879060706,3339357.9560211077,2027538.6756632337
2020-10-07,2625247.08238145,983080.2574122141,3347296.109369082,2038393.6514939188
2020-10-08,2656331.5931652393,1002319.7222471059,3410915.4624248357,2054136.189514539
2020-10-09,2624215.4324263474,1001686.1624663518,3396586.6923474804,2065365.1321913982
2020-10-12,2650231.926270844,1009023.20691084,3417260.6834390424,2066777.3275076589
2020-10-13,2631898.081056077,1006501.0064706902,3409227.3006518823,2066187.1719255745
2020-10-14,2628770.0850855955,997980.0040332455,3414333.599400507,2074068.3087323366
2020-10-15,2588796.991911253,976049.9747799335,3343463.9329583477,2025663.6304137548
2020-10-16,2615878.8081359514,977444.0188147112,3378454.4743805747,2040313.936267054
2020-10-19,2605429.432769139,980086.3537133506,3353832.5476594954,2059170.2546521046
2020-10-20,2622441.18681096,991508.7795621526,3385581.6578927194,2063273.7433715817
2020-10-21,2622623.6752935383,989750.9173638901,3392254.220393061,2068795.1564244877
2020-10-22,2603517.783430785,987787.9165430218,3373464.399404609,2062517.120024776
2020-10-23,2590279.4914033124,988924.4569999733,3355881.697643663,2069947.655405362
2020-10-26,2565911.542454821,976451.3959794405,3327069.004014558,2041755.0216510505
2020-10-27,2631189.1219496336,982142.2024406112,3377434.8969747773,2064030.2742172794
2020-10-28,2586896.718830652,970631.051908256,3333373.659233863,2038151.0340654803
2020-10-29,2595392.375751165,967252.3915332648,3329017.4912206186,2031004.0073822625
2020-10-30,2597805.8845598176,966808.6145644453,3332190.390942053,2026598.6757704564
2020-11-02,2590008.259255468,960087.2615071126,3317475.7511663255,2031562.414229711
2020-11-03,2597062.357137331,962043.4285874171,3337902.470476627,2054916.0014527864
2020-11-04,2619552.7128420444,965821.9770376164,3396034.920924549,2071830.317155155
2020-11-05,2668812.951829478,985638.8027272352,3446557.1131154834,2108241.0772282626
2020-11-06,2679477.044234466,986464.7986732341,3459745.6790094804,2130864.3743290245
2020-11-09,2729400.9763629357,997664.000892077,3512428.8769690925,2164720.9464138057
2020-11-10,2630066.408616536,995206.3136860419,3422909.7103616577,2188488.8965668827
2020-11-11,2682927.9481991595,1005557.6039301935,3491941.342461278,2209594.6902827383
2020-11-12,2692997.9523395556,1005213.9145937738,3492971.341839889,2202406.843219651
2020-11-13,2713005.1969621773,1006088.9549751646,3515125.79343912,2209356.9801220656
2020-11-14,2719987.913826579,1009093.977595797,3531673.1986999763,2219750.4713446754
2020-11-17,2713843.2909300663,1020764.6302825186,3530702.2887736172,2236337.7330951425
2020-11-18,2719291.8564311024,1026097.0071973543,3527633.4332361505,2247018.8076367
2020-11-19,2692112.608846719,1014841.4201004128,3488246.3466716395,2219750.697815243
2020-11-20,2706707.793081106,1020492.7060858227,3518338.521941066,2236568.4376064283
2020-11-23,2719350.453672065,1027136.0033001973,3566677.455536954,2249573.49935702
2020-11-24,2723825.0376651003,1034624.1971014019,3585986.190417468,2270542.7297957945
2020-11-25,2680291.9292473546,1016122.8526915748,3516782.4857155946,2236269.497230093
2020-11-26,2701642.388213287,1028110.0481159089,3557189.9050399666,2258326.892903834
2020-11-27,2722383.2510688715,1031372.2984020644,3571448.8287438466,2257018.244251842
2020-12-01,2746910.5723855104,1042192.378216752,3616616.6005900097,2282085.4290900296
2020-12-02,2779998.380854303,1043532.5624421221,3631943.2697363887,2285281.5572735495
2020-12-03,2803710.4335570787,1058812.8496780987,3645989.588141489,2291494.6324532703
2020-12-04,2843132.469066053,1065893.9951054093,3692761.319183716,2311486.4124614843
2020-12-07,2852818.136973245,1075176.9372161096,3702965.063044285,2328949.290363386
2020-12-08,2847963.442796749,1071482.723427814,3704144.5659992974,2334445.0115961097
2020-12-09,2853653.8039799645,1073871.5295696112,3725925.6949729086,2355083.477647342
2020-12-10,2832111.80637978,1077138.918739837,3709718.0997454245,2348638.8030504957
2020-12-11,2813694.6402931996,1079278.9870537822,3687912.8865104686,2354748.679303946
2020-12-14,2829478.4058699645,1088593.8858026238,3709062.9849084034,2362541.3655787874
2020-12-15,2837668.6181621603,1083446.30675024,3718665.708649902,2363292.9948981307
2020-12-16,2866625.962533054,1095700.3521130783,3755435.2518486506,2382305.647160102
2020-12-17,2878324.1969294786,1095319.7395937166,3774351.8988075843,2390409.717297912
2020-12-18,2888112.5357061746,1098365.6404967476,3787709.2811039663,2393881.7665553857
2020-12-21,2778984.1921644234,1054588.5447319385,3684106.390066042,2317671.9531292487
2020-12-22,2819170.582002996,1070272.9188608958,3766142.472866324,2342851.5870818156
2020-12-23,2851996.9984424594,1088753.0850869727,3817116.6850328846,2368403.6471704035
2020-12-24,2871411.775720111,1093313.2190351153,3838804.0515748616,2391941.946712697
2020-12-28,2886515.418617407,1099904.7288019867,3854276.81915508,2413416.1153581403
2020-12-29,2897297.965245355,1098248.9635945398,3871511.8041562526,2422185.5162250814
2020-12-30,2911787.8840976423,1096242.600908072,3884364.1496304544,2430921.5654374138
2020-12-31,2917147.4490805925,1098546.9102503103,3894307.884052771,2431292.8874131367
2021-01-01,2945556.198191916,1105986.8292172826,3910385.460518619,2439349.2165059806
2021-01-04,2963905.1158427773,1121861.0992191958,3948014.0276256152,2461663.195388096
2021-01-05,2966780.3885152577,1132473.593033602,3956513.700597424,2476972.637841639
2021-01-06,2963226.351142579,1131180.6933373027,3955901.9000250553,2468278.5978306993
2021-01-07,2965278.3930268907,1125963.8029051353,3917026.215197732,2468224.886202834
2021-01-08,3015923.5360807385,1136963.9735786598,4005490.3508456787,2504240.2500542914
2021-01-11,3031110.3469856214,1141367.7580638574,4083476.964832883,2526241.9610189446
2021-01-12,3024399.5955982637,1140118.1643450886,4067814.583303768,2537167.0201934474
2021-01-13,3027234.0462035146,1135487.7619893719,4051357.5092932284,2535325.215287859
2021-01-14,3026068.3898989432,1139350.6072055015,4024144.3241260974,2541760.9180495446
2021-01-15,2967834.421168879,1122260.383163764,3951741.9221784147,2512003.151043319
2021-01-18,2896604.5043614,1101203.660176766,3882970.1726228837,2482860.3374247933
2021-01-19,2942468.324325895,1110969.8204999906,3924653.7442080686,2524617.215779835
2021-01-20,2978937.73792411,1117321.3017233422,3956703.3065147237,2545141.6907046973
2021-01-21,2947828.8775352794,1107060.0809771903,3930566.5247524427,2534090.0599132963
2021-01-22,2888617.328374598,1096389.6099153871,3893915.578357175,2498409.3977017454
2021-01-25,2860135.719668624,1094285.307003436,3879531.9014494615,2475755.139184839
2021-01-27,2832603.5761925615,1086217.392259475,3838145.8403258855,2430611.431409794
2021-01-28,2820630.549633065,1077533.375934021,3791072.370824174,2406692.5052899634
2021-01-29,2770214.102184004,1067941.6032874195,3753793.7069137567,2371474.928699433
2021-02-01,2859321.523351166,1104637.2975179988,3853878.9340554043,2478152.4812247995
2021-02-02,2941015.8800399466,1119550.9612243723,3954093.7333608097,2540056.8817052417
2021-02-03,3000662.5894986624,1112599.4730419777,4015989.586627297,2563061.756321337
2021-02-04,3024957.537807529,1134104.2608161161,4021752.4316282044,2584280.35655867
2021-02-05,3047799.454084284,1136266.8810437352,4070513.5502617075,2586292.567893343
2021-02-08,3076054.3494441314,1149018.230334179,4086695.38466974,2618873.977243005
2021-02-09,3065261.182634517,1139039.8940965002,4070512.947328994,2617905.9933938636
2021-02-10,3077695.9258936285,1137030.0250174045,4079792.986096223,2618798.0702073877
2021-02-11,3084141.0293084886,1133079.7342455087,4099412.557141454,2631954.0766882095
2021-02-12,3099758.3646583837,1130513.829231521,4076972.9768405333,2631255.306934046
2021-02-15,3107021.2306264425,1148342.459226541,4091874.921224411,2658062.3248502915
2021-02-16,3117472.691846113,1148032.9288074358,4093577.858122888,2659211.3370351866
2021-02-17,3098734.138656787,1149085.995267324,4048200.058916878,2644757.7128073717
2021-02-18,3083149.755452169,1145962.5729682813,4019048.8194896095,2632817.0067006205
2021-02-19,3025062.889129022,1127719.5959720495,3974298.828397241,2607436.614464065
2021-02-22,2980542.109769468,1100854.534661195,3930620.730582719,2557135.2093326445
2021-02-23,2980329.3069107807,1110174.3839722492,3929348.963933535,2564326.4442832544
2021-02-24,3019219.325358349,1136057.3417401605,3971329.808510987,2607596.3729473986
2021-02-25,3048749.004312797,1150599.9291842193,3984724.1505929762,2627284.494115208
2021-02-26,2981601.0257842154,1120097.9573503367,3877079.077142388,2533739.4315865897
2021-03-01,3016467.673641808,1136147.3773461499,3955533.3148667603,2572064.3794413833
2021-03-02,3072281.628917999,1140934.0038980134,4021479.068248354,2601748.9316011467
2021-03-03,3117553.485902871,1164471.6782720059,4071612.235012781,2656629.9180933996
2021-03-04,3143163.622992288,1150158.489905589,4062213.770816972,2632290.201474156
2021-03-05,3111793.2407662687,1120731.1145898744,4023223.2022408303,2605597.789230913
2021-03-08,3116625.098967636,1126736.7868345666,4027908.168529187,2608090.871921319
2021-03-09,3127468.924846913,1123868.4214318271,4040534.7754018004,2626919.2049342105
2021-03-10,3139908.178340982,1130815.4998690728,4086902.622711223,2640595.261461217
2021-03-12,3112538.7956043826,1125894.7807584316,4055761.8911284106,2615577.7798625263
2021-03-15,3072265.22283928,1123557.670038175,4019434.3721444127,2598759.372445542
2021-03-16,3062780.7623585328,1125817.5674241337,4019442.384355902,2597432.357755659
2021-03-17,3008708.412704832,1108089.5084851757,3970512.9843678055,2562078.168486044
2021-03-18,2971207.9236751236,1091126.6384385766,3890287.476586286,2533343.300034664
2021-03-19,3031748.892831859,1106049.1004346912,3940866.067234261,2565262.270603939
2021-03-22,3081740.534605569,1112569.8305463782,3990504.9761974197,2567553.9235456632
2021-03-23,3133613.089748891,1120005.0097272042,4043199.3445521784,2583760.131904663
2021-03-24,3079634.466205925,1105688.7486064031,4021837.1070463527,2538451.120227921
2021-03-25,3014114.8665921087,1085386.778036128,3960998.477161492,2497180.297949154
2021-03-26,3041387.172255712,1099443.60399755,3995428.0151692503,2528770.44578033
2021-03-30,3088780.989397161,1114432.3877624618,4095781.2024703017,2581162.734678478
2021-03-31,3093863.947332656,1122605.562855741,4077645.4372731345,2558915.4236409618
2021-04-01,3136053.2878590543,1139386.9683403575,4120653.4351780675,2590966.8801886654
2021-04-05,3096220.638381286,1129246.4171231098,4120887.4790678057,2553411.070009347
2021-04-06,3177670.867153637,1136732.0907788821,4161550.6056042016,2563851.0003706994
2021-04-07,3186426.918801733,1140463.987167682,4175854.592005986,2587621.870520398
2021-04-08,3223546.4394866135,1162789.2616600888,4194789.528094437,2598601.018693616
2021-04-09,3246024.4276403696,1162353.8063584606,4231929.352244505,2593043.6596817505
2021-04-12,3129279.636891746,1107422.6862172727,4155051.132803368,2497259.830125605
2021-04-13,3098827.405808821,1122636.3115743897,4139190.7954090172,2529952.859198606
2021-04-15,3136896.1523217256,1128896.5868930237,4160376.230953602,2543728.9986729794
2021-04-16,3163023.076213031,1138570.6846299754,4216796.341699331,2553023.839288757
2021-04-19,3112283.1446659365,1124823.230934122,4182875.656546827,2508009.648828742
2021-04-20,3099955.189260402,1118733.3337159033,4142376.569964098,2500029.3847126244
2021-04-22,3102506.9677018956,1120544.5540253886,4123022.5711864294,2516913.6511281673
2021-04-23,3075702.9777165977,1116616.9479002447,4107611.231154588,2507677.6525221607
2021-04-26,3096704.695911087,1136450.9816369188,4099361.6595427175,2530974.39854111
2021-04-27,3137657.08380758,1145565.1665520787,4144968.957237026,2558918.5229799147
2021-04-28,3145106.277804487,1162162.8436410923,4157457.8659107625,2592923.453622356
2021-04-29,3145943.1088003707,1192802.3991755543,4153691.0014726506,2597983.0384602924
2021-04-30,3135249.4554345743,1194189.1462537192,4159846.3323941636,2556582.730989215
2021-05-03,3168189.669145571,1211105.0461137327,4180790.0018959357,2560120.318991979
2021-05-04,3158699.2569806846,1205702.6999191649,4089396.233787929,2538058.187046328
2021-05-05,3180953.1339328666,1223726.7549624718,4152972.8770976025,2562143.2946241093
2021-05-06,3179803.3840308585,1242143.145560094,4169307.764486458,2580330.017201856
2021-05-07,3200656.714406902,1270747.096079581,4152423.842506275,2596390.872417969
2021-05-10,3228693.616075877,1287111.3196497413,4191820.894035336,2617971.304009767
2021-05-11,3204565.5576000675,1272648.306526632,4180802.5982581577,2604985.6733005303
2021-05-12,3192763.4021265414,1240587.1258964085,4167286.9397808868,2582248.1921368353
2021-05-14,3169643.413919341,1220282.5131873607,4147294.081817403,2574134.5387129304
2021-05-17,3212571.1996348687,1235588.862792764,4184332.597822177,2615755.146890696
2021-05-18,3233868.5438239714,1261531.6789768073,4212101.082944732,2648712.9804364145
2021-05-19,3224375.879658661,1260503.1113851033,4219943.696102277,2639624.3986905282
2021-05-20,3232794.3257043334,1238309.142245536,4205452.432230966,2620918.2842075326
2021-05-21,3262920.844278254,1242739.1739964054,4251128.849850114,2663076.3884484856
2021-05-24,3274185.8754689596,1247370.1768146777,4249190.260388716,2669386.045475728
2021-05-25,3276680.4869397245,1249983.9373515546,4262638.715144655,2670139.1067814776
2021-05-26,3275782.0135948923,1244778.9916154728,4282729.946036196,2683378.508316376
2021-05-27,3292390.902181299,1257430.557102579,4288233.905306641,2690610.520369581
2021-05-28,3299642.6759549784,1242646.9206894834,4276295.958194322,2705453.6374338167
2021-05-31,3337205.6610814366,1256333.5513843393,4316990.62073089,2734434.336478884
2021-06-01,3342591.1763905482,1244073.9427270372,4314804.184845165,2732797.721803026
2021-06-02,3376554.817276703,1258894.4500911047,4317651.153419172,2740174.7849966204
2021-06-03,3384752.982739689,1261231.0459179946,4330067.083242014,2761528.7453293703
2021-06-04,3382164.3744649948,1268365.8465168276,4330484.627651915,2760322.7635263773
2021-06-07,3411821.575891644,1280502.5587423716,4351603.418771227,2772892.066584142
2021-06-08,3410732.4558384796,1297895.9541269462,4380672.835379534,2772624.575635604
2021-06-09,3380223.8363193637,1289414.634044204,4373571.9201611765,2753125.6640793905
2021-06-10,3419891.2179568717,1298526.4559083108,4410144.585621871,2775362.6438277275
2021-06-11,3408518.67439357,1299003.205201218,4428729.114927314,2786190.7331258524
2021-06-14,3370650.469981491,1288254.378293893,4445400.094588463,2786705.2388002495
2021-06-15,3352740.5026465915,1279394.415392276,4434152.284999659,2796550.720860215
2021-06-16,3294511.5355668794,1260050.246943865,4425052.981887125,2777293.797763878
2021-06-17,3239874.238025227,1245269.527022284,4434064.350849387,2762509.7849091575
2021-06-18,3263879.945781323,1230402.98225716,4418523.836775387,2758903.297594564
2021-06-21,3315102.8960158927,1242535.746961919,4438906.895132167,2772026.7731734114
2021-06-22,3330001.1527386773,1253750.6103664206,4464700.065458814,2778186.8907704
2021-06-23,3309941.4846893167,1248718.901878145,4450054.067649099,2761900.3002721863
2021-06-24,3304667.9163255924,1247229.2813363445,4489758.388596341,2775584.049332256
2021-06-25,3317027.796048324,1250996.1630853072,4506370.919645057,2788672.3735296163
2021-06-28,3345455.9976309715,1245732.8938153083,4521523.565201028,2783100.1319363774
2021-06-29,3348603.695319229,1245111.5698414051,4524804.7804851765,2773181.7488856316
2021-06-30,3329087.3491520765,1244024.4824545386,4528137.683411677,2767536.8705827454
2021-07-01,3339440.8277641297,1237699.0596230507,4533777.866187179,2762222.142335657
2021-07-02,3363703.1753966846,1234047.8188441808,4555683.424900891,2767224.755296477
2021-07-05,3371159.0752163185,1238839.5138351226,4566731.4346816735,2786459.7170399916
2021-07-06,3370973.196854708,1239417.7043406756,4568311.801743722,2784481.028126725
2021-07-07,3381706.2377858874,1255113.370778842,4580388.413046639,2795296.4828727474
2021-07-08,3340846.358997766,1248586.9211131434,4544940.068896877,2772580.712660647
2021-07-09,3366611.8632970904,1260243.6568959,4563478.609517223,2767529.999154381
2021-07-12,3373828.7252263217,1266683.3619414358,4576533.888555786,2768154.5875667254
2021-07-13,3376574.066765868,1267705.6218437396,4587065.852748795,2785408.320320974
2021-07-14,3370759.514197857,1271697.601888926,4613511.951168716,2791804.5568393627
2021-07-15,3370243.37449429,1273080.2978531064,4648187.618577757,2804236.1865901165
2021-07-16,3396281.594401169,1275347.0655011036,4660812.457475265,2806262.562212371
2021-07-19,3383821.6497951644,1281911.868041825,4647244.963052406,2777634.7871604543
2021-07-20,3367103.7373890993,1268221.2513221204,4609925.416763928,2756670.3693232285
2021-07-22,3392182.223264743,1280349.4206350949,4650494.84466108,2792973.946270592
2021-07-23,3392144.2018637424,1277590.216605657,4667708.059473649,2797910.61673153
2021-07-26,3406184.183773426,1292454.2885903646,4708789.672930749,2793562.529838413
2021-07-27,3314616.471324447,1301399.7794830003,4622973.48286308,2779426.374573461
2021-07-28,3316257.707599861,1304756.6843085587,4609689.291717846,2775470.821522896
2021-07-29,3305962.533849595,1328281.9207055052,4621654.854181837,2786651.831939937
2021-07-30,3336789.820478002,1324897.3695137391,4702249.94549556,2785761.4525837
2021-08-02,3367475.560069615,1329314.080582564,4723288.468856885,2807933.1654235325
2021-08-03,3412854.346851042,1340642.3235138957,4789714.156423144,2848373.1615907033
2021-08-04,3399244.7561400514,1326485.1273059768,4777382.369272712,2864792.652720291
2021-08-05,3385981.146291574,1333889.225157227,4790591.587121289,2869608.903542569
2021-08-06,3384209.5585298897,1327149.6206291905,4766020.416121193,2861963.5785155892
2021-08-09,3369485.0747673423,1298413.79544457,4765847.21134472,2863309.292070337
2021-08-10,3354775.5428017806,1275505.8154120871,4788529.454925588,2865085.635829786
2021-08-11,3338549.4266330525,1284837.3438345785,4762370.813910911,2864463.5383950653
2021-08-12,3326432.4236764098,1297852.2402545675,4785269.121494173,2878459.6563573126
2021-08-13,3322091.9614614053,1292061.5906709356,4837050.084768705,2903939.788023183
2021-08-16,3301888.6267392035,1301866.54585155,4813740.516197948,2909441.6872328436
2021-08-17,3308992.3063777382,1320134.8097100698,4870687.693421179,2919538.6924501187
2021-08-18,3332602.4015445923,1314788.897118368,4885576.35778487,2914966.198487605
2021-08-20,3300725.981305324,1281727.13367842,4846366.12383405,2891191.7935016747
2021-08-23,3290800.914360018,1272177.1722624248,4864174.33511694,2896701.549555935
2021-08-24,3327380.9097732245,1301472.2984387504,4885376.533070873,2920063.985636545
2021-08-25,3338717.4500360787,1293148.8059811834,4881186.650201557,2923877.3864438017
2021-08-26,3340211.0866248915,1289393.5054170925,4887205.273317656,2925850.3495936673
2021-08-27,3375153.836267531,1303145.7510520988,4918359.612732706,2941333.6987138623
2021-08-30,3427494.7769973166,1324631.1133619503,4993309.932874192,2981848.605469537
2021-08-31,3466883.315480289,1351505.119676019,5047049.55420158,3018108.405377617
2021-09-01,3458204.1019662106,1363598.8161726035,5014852.845263791,3012904.6852606256
2021-09-02,3506218.9618390994,1378499.2966220484,5056593.582195913,3041145.2301896447
2021-09-03,3491595.089257665,1376971.3952429334,5058113.625957574,3057249.3551146123
2021-09-06,3510105.062913337,1376546.5653015836,5079741.53226363,3064781.3011108297
2021-09-07,3510194.083795824,1369298.5446609713,5060959.208441142,3060880.9744483484
2021-09-08,3499938.729643799,1366832.9392010916,5046304.186796449,3063265.7465819516
2021-09-09,3489991.487109943,1355633.212457731,5034116.23332216,3067873.5236331364
2021-09-13,3481887.7995075453,1364584.1660136846,5050216.650276821,3067091.8833787558
2021-09-14,3507424.629957778,1367890.7389207075,5058832.563979729,3072254.619992627
2021-09-15,3528522.4498361605,1373488.4304440052,5086212.321970419,3094994.4783594133
2021-09-16,3534556.3576857317,1384969.2376543067,5080256.2984738145,3115093.6178128025
2021-09-17,3510041.346327348,1382726.562344296,5062464.572228716,3104545.4300091625
2021-09-20,3474097.961621273,1361658.4349100147,5022094.636994837,3067942.390240143
2021-09-21,3503881.2198250866,1374106.7983881093,5072116.235782276,3096387.0016456186
2021-09-22,3503990.102369707,1372227.136517158,5072725.698749828,3096309.880099419
2021-09-23,3520452.4139728057,1401864.7159848616,5110889.739577754,3142866.3263775813
2021-09-24,3481998.0047851955,1389492.3387521976,5105764.079864704,3143603.4291448034
2021-09-27,3462227.211940618,1372231.8999668525,5030016.894463822,3142762.8254421945
2021-09-28,3441737.0239105024,1354872.9994571812,4973653.001489714,3123358.3848165176
2021-09-29,3440021.7962357076,1353152.696633351,4999111.503234669,3115138.363668936
2021-09-30,3420016.262806122,1348551.8688189255,4979567.1495546475,3101042.4089409406
2021-10-01,3426124.187107891,1339981.9937168013,4978916.253149201,3089452.9251628006
2021-10-04,3480044.514691166,1369982.7758960896,5059671.970219294,3120386.373014366
2021-10-05,3470757.5319670816,1379879.46757648,5048504.268114576,3142254.9746060357
2021-10-06,3413439.1772211464,1374876.7647563375,5002309.383866281,3111473.500618455
2021-10-07,3435737.484084366,1376099.9074329236,5031104.088962562,3137886.3648081417
2021-10-08,3425613.3144684997,1377605.2492346873,5036809.656276448,3152400.1851048404
2021-10-11,3431986.132098505,1384887.132035773,5038014.405363482,3162305.61969191
2021-10-12,3439865.6841062987,1394313.487941598,5018801.614491523,3172690.338235354
2021-10-13,3460526.9678654335,1400550.0524812667,5079517.501476883,3202953.2482400737
2021-10-14,3522063.1330844476,1409578.8047556318,5115099.838342049,3233959.9296461837
2021-10-18,3535484.575480377,1416637.1309137666,5104679.440489014,3255571.3601281815
2021-10-19,3458710.1665628604,1405899.2514353034,5072830.174619499,3240112.7962832497
2021-10-20,3426092.021456686,1364764.3517977411,5023087.152078327,3209077.4769191407
2021-10-21,3431771.6989522087,1356773.7518720091,5003596.708798713,3193150.8245156743
2021-10-22,3395132.522064032,1361194.365391967,4937007.277373692,3177660.2293464714
2021-10-25,3421920.526765656,1343269.4145638186,4892746.721490543,3175435.4127986776
2021-10-26,3440134.5936359945,1373878.1444167192,4924886.673980017,3204485.373102434
2021-10-27,3460166.300585315,1371217.5321869,4989257.665281985,3198371.8902090923
2021-10-28,3388816.8962126207,1352816.1112435698,4922248.45911782,3135451.5295649655
2021-10-29,3423743.7691825423,1346823.4639191013,4920806.283660895,3109836.100860392
2021-11-01,3452956.7699287515,1349773.4132233972,5010129.705957835,3154028.3153786296
2021-11-02,3441055.426513444,1346203.0138633882,4997105.977550256,3148479.748026613
2021-11-03,3431230.136538943,1335056.2361173667,4975613.584131717,3142530.016798769
2021-11-04,3449719.743470685,1347317.2364678208,5001292.709781527,3158007.9462708877
2021-11-08,3431794.7367046676,1343846.4110719806,4995762.980381114,3186641.2599107316
2021-11-09,3450614.953228907,1349078.8036100597,4987139.673462628,3184821.8067250815
2021-11-10,3431845.745882558,1334876.610429767,4979926.970549312,3181782.724422221
2021-11-11,3391753.7564817616,1324608.0874900671,4933162.280099616,3158931.296059408
2021-11-12,3430492.1382714286,1348024.59684809,4984492.780175404,3199389.0768553806
2021-11-15,3448886.9377921904,1366391.518283732,5017476.485432363,3201465.493540926
2021-11-16,3402648.756793832,1366809.8960214525,4957933.139590782,3184002.844452362
2021-11-17,3367771.6228869106,1377920.0256740467,4912670.435922274,3168309.69662397
2021-11-18,3389336.585993199,1370019.5433951854,4882488.729748902,3141860.347831317
2021-11-22,3346230.835537161,1342710.6299746623,4811042.907665231,3081475.150681234
2021-11-23,3371011.935849262,1348258.1855803798,4846447.935811015,3101447.5767753394
2021-11-24,3364406.2792641227,1345546.1175041976,4784496.503924553,3085668.476337107
2021-11-25,3380996.04551528,1352217.6712401102,4832842.759167814,3108022.6124812495
2021-11-26,3355881.8181151906,1326143.3294257661,4808235.560252322,3017308.105493261
2021-11-29,3336469.574311495,1321274.8084029907,4808485.879846687,3017045.088464135
2021-11-30,3322548.2645779327,1323454.144646371,4824689.965878906,3005029.255250839
2021-12-01,3295551.6923245504,1316937.6071933897,4774367.088470566,3035305.388432222
2021-12-02,3298448.696185158,1328031.2607279113,4820988.881718432,3075388.425099215
2021-12-03,3294750.199456743,1310172.3070597234,4790652.298879498,3043818.4612168246
2021-12-06,3243280.1175592407,1279209.6212289028,4680295.632334968,2992246.553873499
2021-12-07,3260822.4984619888,1288092.1887873572,4714208.482789688,3038750.448821614
2021-12-08,3283719.376076458,1298243.9203994744,4778337.168013275,3088645.593263332
2021-12-09,3289633.017307176,1297020.8290858425,4771798.493919852,3096608.0241174744
2021-12-10,3290843.6741853356,1305066.6463394533,4754333.063262419,3097404.7699394342
2021-12-13,3280011.5918761115,1296018.353824337,4735931.028378573,3073408.3885288313
2021-12-14,3308931.812240982,1304736.7797939458,4750672.339562782,3068653.8967770194
2021-12-15,3283687.80808142,1294177.7316420672,4739826.414554608,3049253.768825415
2021-12-16,3265840.3484246754,1285785.2604091752,4742249.079244303,3051475.5272004786
2021-12-17,3170117.2216763454,1251810.3732261893,4721625.9638275085,3001552.486468081
2021-12-20,3088266.31324938,1226272.4400315785,4647924.699784381,2933165.6103780586
2021-12-21,3129463.958451274,1233607.3451413559,4694559.290568139,2964733.032174089
2021-12-22,3171464.4803080675,1237500.602460958,4763210.285991538,2999470.571648157
2021-12-23,3164790.1052041133,1240640.0227232496,4765062.145224138,3021700.643573942
2021-12-24,3157964.8009491526,1238202.8416377865,4758234.627353673,3006525.491971083
2021-12-27,3168947.3168401876,1241966.7295176974,4766561.099000604,3020093.019503425
2021-12-28,3184194.186976647,1249242.5933555015,4820643.148483874,3046165.3578304206
2021-12-29,3185891.290599156,1254686.879600055,4849188.868331292,3042137.115031198
2021-12-30,3178257.305994508,1261981.792944505,4852095.95528592,3037227.2858286058
2021-12-31,3205571.6308980426,1264643.410494038,4890813.872071727,3066702.191308377
2022-01-03,3255394.2516132635,1278576.1385245228,4922537.984768851,3111087.7571484176
2022-01-04,3255818.3715318483,1282185.6498480397,4905971.1471288325,3138377.0999412355
2022-01-05,3257758.9455246963,1272332.7321076973,4872650.518866137,3158634.031838608
2022-01-06,3252235.565278772,1267708.1461646904,4830586.264892224,3130425.159886495
2022-01-07,3271440.7311108047,1266784.8565352121,4844758.260675422,3142290.553754375
2022-01-10,3321332.83772251,1265320.2139170766,4878100.986887618,3172743.5418883753
2022-01-11,3314550.6181107387,1270509.4918567832,4911347.406748442,3180720.5198288886
2022-01-12,3328605.108905726,1271983.475178273,4929107.828464564,3207688.5299399006
2022-01-13,3342640.068917949,1278909.1355680686,4957236.09309146,3216739.839194168
2022-01-14,3354996.3538659895,1273445.2775121247,4954788.736788383,3217270.45060483
2022-01-17,3308133.412125359,1273814.2997983675,4936865.162263549,3227273.1995359776
2022-01-18,3211947.5280763656,1257997.134240243,4818838.010656537,3190429.0549819903
2022-01-19,3204525.9880869477,1247566.8695952306,4797860.310920789,3164193.2844666815
2022-01-20,3225054.524512006,1236020.0774442595,4765905.8715834385,3136958.697368726
2022-01-21,3163984.881709004,1232497.2749530056,4675157.633275827,3108267.3534869216
2022-01-24,3048534.330622336,1223532.6262583982,4555482.351666109,3020726.6987332576
2022-01-25,3089096.5401477846,1231089.8424961152,4599406.387447194,3044322.7100586067
2022-01-27,3070597.562403026,1222179.3195956007,4563474.762825972,3011769.6302087116
2022-01-28,3105401.7652867534,1224038.5620778364,4586644.109318749,3013894.4700392117
2022-01-31,3147684.1821868694,1226584.4201843871,4626889.492720698,3054366.391750796
2022-02-01,3196330.00169419,1226562.7950549517,4716979.629919679,3097656.636047722
2022-02-02,3243885.8795103147,1225827.9191459133,4763591.429452936,3132908.279383362
2022-02-03,3231754.2445575735,1220020.2760478992,4719449.062289981,3098018.620650526
2022-02-04,3218362.769427811,1212699.1626032346,4711994.532860254,3091243.320977639
2022-02-07,3198723.9141543633,1198414.4284889535,4688427.327811727,3042871.1424475433
2022-02-08,3198348.7146174754,1198520.743707002,4680639.079875906,3048472.274025245
2022-02-09,3229277.7523140586,1210716.4839041932,4766955.723043461,3083532.0761397495
2022-02-10,3236932.6059587942,1223721.9762792934,4792275.63651434,3107221.493542168
2022-02-11,3186927.8257733593,1205711.5449608793,4700589.214856516,3066037.2941959254
2022-02-14,3124594.9106435985,1157563.2024114649,4546464.830805284,2972543.270619096
2022-02-15,3178750.3116606665,1164812.3832451084,4682095.909869254,3059601.5557063003
2022-02-16,3157884.505981197,1163290.1060997266,4653569.129193037,3055012.089044178
2022-02-17,3128823.527268919,1155362.169746699,4618218.149084727,3054122.8725610212
2022-02-18,3101484.846651094,1143832.4402971817,4617555.330901525,3045121.459118245
2022-02-21,3054817.2454544995,1131980.7169620267,4595546.468926442,3029601.403506881
2022-02-22,3066593.2269819886,1125495.7005501154,4583227.140507557,3011683.7700540274
2022-02-23,3051319.106589126,1116474.604123223,4583624.8581234375,3011121.878961303
2022-02-24,2900030.3531483384,1068153.9783019247,4425393.447370944,2863718.8735670396
2022-02-25,2993253.1994482907,1083458.072420346,4524685.342169176,2941140.3629485187
2022-02-28,3009851.9095261362,1081119.1671917704,4560163.383085935,2966250.8978367085
2022-03-02,2972144.607414564,1081022.1097104822,4572506.149793568,2938182.648077744
2022-03-03,2949485.6777286227,1076489.1270405734,4601595.585215719,2921749.0373507594
2022-03-04,2880665.101354561,1048052.2415137067,4571256.057912978,2873133.1218951545
2022-03-07,2836889.8922606837,1046349.1651997303,4574220.863472981,2804095.418300089
2022-03-08,2868697.833465242,1052496.834156805,4630782.839884313,2832772.13915559
2022-03-09,2881722.399093852,1060521.434531253,4662104.444042694,2889094.0147726554
2022-03-10,2892816.151866799,1063017.6281676372,4661164.765900477,2935079.318630723
2022-03-11,2934047.9385568555,1075316.185619502,4691221.705019343,2942408.362001241
2022-03-14,2914851.865949112,1078077.300796985,4692441.147039207,2977051.368981873
2022-03-15,2871125.650487188,1047778.559598429,4629305.8648709925,2941604.973477005
2022-03-16,2905978.0041728867,1063577.699859405,4698673.361400632,2998173.0428357716
2022-03-17,2898582.4825030845,1067039.2378428858,4685702.526164328,3051736.4914913913
2022-03-21,2915668.529230692,1068010.532891497,4651657.683719449,3020331.1970031406
2022-03-22,2917796.916186769,1070543.4647282932,4678857.32544855,3050911.1141613447
2022-03-23,2911788.0796923474,1078917.285729579,4665651.435374441,3041611.2630272373
2022-03-24,2943963.959550781,1090946.6062206116,4707208.355109543,3038773.4882908994
2022-03-25,2935395.902992396,1090855.372864254,4683965.412829012,3028381.093847622
2022-03-28,2968260.521700588,1098397.211752929,4696864.791952637,3037478.717035028
2022-03-29,2971293.7151614535,1102818.9297298894,4686263.768278314,3055163.9746592776
2022-03-30,2958897.1069075917,1098406.373093851,4668521.742788209,3083336.469159795
2022-03-31,2992387.052886585,1105787.7320092218,4681073.874208257,3079127.7831237665
2022-04-01,3014657.7850197656,1114832.5363824554,4754502.772107203,3117313.2273264793
2022-04-04,3047428.046505489,1124634.2406078642,4789209.4868485555,3183111.1868302203
2022-04-05,3054640.307682036,1130569.4435843443,4784218.67499888,3172696.9116563885
2022-04-06,3076748.251290391,1135069.5901062766,4800705.82895599,3151738.8883199203
2022-04-07,3057562.673916833,1128869.3627635913,4763661.805652488,3124802.9048402463
2022-04-08,3090052.0557849454,1141186.4245112424,4804305.547289523,3154150.153639723
2022-04-11,3086474.592385568,1144697.2767212298,4792111.83622602,3144204.8909189184
2022-04-12,3068657.537068877,1131271.8311904042,4688578.374052664,3117171.889187772
2022-04-13,3082040.325397522,1132716.7419171,4705526.065023868,3109751.264310986
2022-04-18,3066365.3252686723,1128528.4215720121,4618069.409376246,3062776.776755409
2022-04-19,3015993.434563167,1130598.8455359687,4608704.587640329,3021678.0586323026
2022-04-20,3021054.4538956895,1130746.5918738993,4636336.271904472,3050633.0172374356
2022-04-21,3023204.0801180704,1131846.6967239135,4708649.766984878,3094925.697213012
2022-04-22,2985094.162686309,1118134.109474635,4649448.220692202,3058431.3111331756
2022-04-25,2910760.5669944724,1089207.818838264,4503872.1744960155,3016503.5426419727
2022-04-26,2955988.0217889873,1095690.5813114087,4577599.837826023,3064844.324747877
2022-04-27,2939524.2545090793,1087850.7793559164,4530002.01848431,3033563.0953737674
2022-04-28,2964575.329855011,1095835.9020291998,4586786.800473338,3072004.4482319993
2022-04-29,2945064.983554554,1085668.8357548842,4560743.307017243,3044385.1636054246
2022-05-02,2950662.746989565,1080906.4989012033,4560657.204890247,3037772.943660296
2022-05-04,2883477.3620713316,1063333.1379001997,4518527.72122778,2965296.735215014
2022-05-05,2894769.0415882547,1069712.7261921149,4505237.2181914495,2967551.61645649
2022-05-06,2868122.716771639,1066936.8197306138,4487852.360059703,2917469.630705853
2022-05-09,2843062.5657058614,1056327.2862861662,4451358.767784406,2891667.9855351313
2022-05-10,2797408.603814297,1056850.6570518285,4322184.703155283,2871493.5312162885
2022-05-11,2796893.341205339,1054415.2903399323,4308353.368930832,2859858.6113858246
2022-05-12,2759916.7442044313,1048237.3876305732,4247947.950120954,2796648.382871107
2022-05-13,2769698.954844873,1051372.9966002153,4269403.135549598,2790088.084392754
2022-05-16,2783928.76000512,1055317.3964314219,4307791.3566121375,2806205.6774992486
2022-05-17,2830786.893702419,1058103.327744489,4378794.288014669,2879391.0905331043
2022-05-18,2836391.0128784045,1059188.2522262651,4360737.290968363,2877151.1012074337
2022-05-19,2818566.1504310328,1050817.9022351177,4307572.355864202,2800600.253215293
2022-05-20,2874890.551704171,1054934.03462002,4367163.792061055,2875502.886973969
2022-05-23,2852980.75932869,1050939.2815062166,4382001.245683149,2863789.495902642
2022-05-24,2810850.498904921,1052788.8873138574,4371326.20269486,2846758.3712668177
2022-05-25,2784697.0484920205,1043880.8218499804,4344464.62555288,2826615.6598803564
2022-05-26,2775676.4351210934,1048876.1232292722,4341105.59812125,2855508.4907617327
2022-05-27,2814043.3590872046,1062078.0189039605,4325681.864654053,2886044.6257015495
2022-05-30,2834521.2113850783,1059637.3278544794,4365150.269332046,2942165.1530341343
2022-05-31,2826679.9004465677,1059476.7604206759,4391391.7583284015,2933761.969714185
2022-06-01,2831808.2026316184,1057098.5914494614,4401460.5800356055,2919984.437815212
2022-06-02,2842739.0636869287,1055322.3315994528,4428782.728092273,2938468.4973975862
2022-06-03,2817438.73758948,1043272.669559137,4380881.528677139,2925659.2201678925
2022-06-06,2812704.3575069653,1046325.6755141473,4368501.743259865,2922078.112889691
2022-06-07,2817955.279883618,1043989.4176397255,4390207.665157153,2895722.4151234096
2022-06-08,2801076.5138768316,1040811.8817806402,4396284.625063562,2885456.9254799453
2022-06-09,2811340.4157194546,1050429.5645034632,4416064.289505969,2907624.5884769284
2022-06-10,2796551.0729504465,1041509.6717022987,4395816.36997901,2861587.5543324593
2022-06-13,2725219.2464991026,1021500.0965484546,4315994.493868508,2788518.342872518
2022-06-14,2751589.623789076,1014717.2134172693,4323368.818379845,2783198.5954871643
2022-06-15,2748980.2151607717,1015262.3601287621,4333430.356856041,2779817.500932947
2022-06-16,2684483.433077835,1004632.4674003184,4226415.468220409,2721743.796890624
2022-06-17,2672396.041328558,997308.9514514366,4194165.7529007806,2704816.2962936643
2022-06-20,2670617.013450474,992332.1259341155,4156367.223558344,2711357.286176318
2022-06-21,2729178.0239931135,998798.3376137274,4256158.4388990365,2765823.058044855
2022-06-22,2701129.1986445016,996596.8622184834,4215476.677919091,2724210.122210034
2022-06-23,2744979.836405483,999727.430288677,4336362.287732167,2750366.4380219467
2022-06-24,2783135.740978618,999972.8471220203,4386933.907028188,2777219.057586367
2022-06-27,2805102.570674543,995274.8129986423,4421469.7916204715,2800308.068682357
2022-06-28,2815878.953115861,1000222.2967459222,4467503.7264888,2803532.913748907
2022-06-29,2808438.436047059,991261.3082765604,4481442.741843522,2793674.4601603253
2022-06-30,2803701.8110218295,987966.7706853562,4444319.473097268,2790485.345991981
2022-07-01,2826695.3225626843,996733.7366826676,4441838.9090510355,2789849.425127681
2022-07-04,2848689.405165371,1001378.4464961721,4429858.89897942,2806556.383792046
2022-07-05,2835767.2469610153,1003186.1307127698,4418025.074423114,2803692.485772714
2022-07-06,2877158.4546042117,1018894.5661926186,4481277.299326965,2837765.2956599765
2022-07-07,2895336.248973604,1022131.8576985474,4517833.4845905695,2862857.5363502637
2022-07-08,2891442.21820778,1025042.8576091548,4509609.690526388,2877832.4568302874
2022-07-11,2913450.790079619,1033454.3914259131,4562903.443066914,2885129.6359136305
2022-07-12,2889580.8966099853,1022299.3769409263,4531136.457593743,2860289.344822298
2022-07-13,2896792.9871414145,1023579.905966864,4527977.392043005,2845169.4443214512
2022-07-14,2897130.508085856,1018962.1784951326,4517008.7441951465,2841957.657601225
2022-07-15,2947365.5959854536,1028181.301000657,4584545.91450878,2860180.3149637766
2022-07-18,2960059.1600935743,1029507.6624863901,4585412.364679823,2900641.8975328067
2022-07-19,2962742.131381048,1033915.5123314318,4624621.022055578,2912524.5103575103
2022-07-20,2977008.287638555,1041785.9716331868,4616432.251483607,2940487.8117573783
2022-07-21,3010507.854244868,1046678.138317896,4651076.843641574,2961031.513101622
2022-07-22,3022576.7751436494,1049524.7507373872,4677058.059657718,2976616.0464915717
2022-07-25,3025571.691590196,1040236.6798950353,4632196.673785721,2962797.008400445
2022-07-26,3008409.787447571,1023534.2073002161,4586577.965756714,2934968.1433394286
2022-07-27,3045574.4662833665,1034238.1174659239,4613450.720596459,2962695.8475188115
2022-07-28,3053138.559675229,1044867.1369902303,4629771.878950096,3012004.843216403
2022-07-29,3091496.582940268,1063641.3528506297,4694860.899482069,3052504.921452572
2022-08-01,3146058.317481068,1072451.1471490655,4783196.824348014,3087535.475637238
2022-08-02,3143314.747581921,1072690.5681590352,4805290.731579628,3091134.721000523
2022-08-03,3141582.825492886,1073835.6032332121,4798647.147878166,3096247.445213057
2022-08-04,3138326.60562503,1077456.4091221446,4785903.726309212,3097439.415449732
2022-08-05,3109888.8487849794,1079042.026178608,4762298.413033031,3097854.112700328
2022-08-08,3136720.2602606188,1080347.805072037,4812134.7408568915,3121809.4305972685
2022-08-10,3148241.131675411,1086529.71961429,4832535.223302794,3122287.3245683396
2022-08-11,3134295.945048316,1090196.55992779,4825653.717567909,3146165.258130534
2022-08-12,3121486.202465831,1082708.009186115,4832798.0242207805,3153763.4340969324
2022-08-16,3163870.5209005508,1090159.713445212,4930094.203502211,3180153.29596821
2022-08-17,3169492.3550220793,1095715.2781670124,4945769.2571310215,3202659.2634158684
2022-08-18,3181520.805199696,1095642.0472701201,4946652.120298452,3209174.1293288977
2022-08-19,3125835.9488345305,1079167.5222135072,4907108.678883116,3175753.601454436
2022-08-22,3088407.9112342857,1054585.7168352797,4834562.742289309,3126751.81651611
2022-08-23,3122062.869437562,1065561.3313984394,4913936.1924692085,3141825.3831825117
2022-08-24,3134003.5692596682,1070563.597530176,4926131.9811720345,3148634.0123416004
2022-08-25,3121781.246125389,1074809.174377409,4903223.644921357,3136382.3496706043
2022-08-26,3156909.2054827013,1069980.0986272793,4929771.2930420535,3144455.7460801047
2022-08-29,3157133.914261863,1060587.8749962999,4919325.946379662,3104478.411453921
2022-08-30,3210039.3715808666,1070390.692364294,5022028.403782569,3182811.1492248257
2022-09-01,3255166.3050498143,1085176.213721168,5034741.215351334,3149722.6251721145
2022-09-02,3278588.111282588,1077414.5083746864,5029311.048847468,3148236.225590385
2022-09-05,3323234.6245678808,1075217.8020095485,5052246.883326581,3166771.011812975
2022-09-06,3318973.1041592183,1076705.9193516811,5077511.449022037,3168431.207576031
2022-09-07,3315402.0498578376,1074765.4629597215,5077518.486615508,3164319.9888393
2022-09-08,3331984.887360882,1076551.288361802,5119088.884153118,3192538.5734796394
2022-09-09,3328205.5580463186,1080306.908516773,5113548.680005374,3197642.4566178992
2022-09-12,3361890.6735458565,1094064.2232530531,5130625.433798781,3218994.696356136
2022-09-13,3375466.038168537,1097788.080746591,5141948.427596868,3242492.6876166374
2022-09-14,3373768.1626725155,1097328.6848121355,5183826.690221123,3234010.6565299807
2022-09-15,3403975.6604622058,1095111.0927263869,5225184.926301766,3218395.2788386885
2022-09-16,3339811.0817869334,1069721.9723933083,5093537.17455978,3151804.7634300594
2022-09-19,3361014.611145394,1069663.063006574,5206888.79197575,3167086.8183675804
2022-09-20,3388770.552685683,1084320.3285263863,5262875.395372542,3201644.8716369444
2022-09-21,3363654.334474568,1082944.3222452553,5217830.0661233375,3178729.3780248086
2022-09-22,3407473.915994282,1090987.8577343188,5242276.062458838,3168079.9925134955
2022-09-23,3363042.503640833,1073110.322709068,5146897.493300611,3113238.1696087066
2022-09-26,3260526.7435993617,1047497.4290052636,4972646.179853139,3052825.012706055
2022-09-27,3262279.9303775993,1047642.69273586,4946541.618094305,3051318.6788103986
2022-09-28,3233878.4068495063,1053965.740216541,4935705.857043798,3025493.4656594247
2022-09-29,3223474.416070661,1056629.4683640716,4952644.490032937,3016360.430409805
2022-09-30,3248410.9464323134,1063295.4272838186,4996068.3801658265,3063920.7982776193
2022-10-03,3174151.0909422366,1050825.373593515,4864887.694207811,3020370.275489893
2022-10-04,3251126.8724600794,1062675.9064483035,4992419.218753532,3090332.978994344
2022-10-06,3265368.4591967687,1061962.7363503885,5024174.739488767,3103216.9322594795
2022-10-07,3273889.9207311682,1057016.7554027403,5030159.894186418,3099433.5767329955
2022-10-10,3244869.29560515,1056269.28607462,5011763.058343893,3083885.4346629046
2022-10-11,3207784.6600593133,1030847.9420343853,4897753.68505659,3036901.5272640637
2022-10-12,3208225.8509221347,1034081.2529876982,4969942.0913115,3061033.507515636
2022-10-13,3174428.7712855553,1035669.276871122,4939922.255517511,3039699.0846764944
2022-10-14,3171906.1125995065,1045201.2279588738,4946073.101964513,3062579.3350924263
2022-10-17,3193165.3444311284,1050552.553781002,4994767.059432651,3085304.5461653043
2022-10-18,3244776.2384288986,1055123.188171095,5041269.929126486,3117021.542075629
2022-10-19,3233892.2268592548,1051691.991065567,5008467.24200909,3120004.2580137704
2022-10-20,3256247.68544173,1061692.8613684895,5021511.76549119,3132833.7859700127
2022-10-21,3232597.6482242406,1074626.1555903344,5000397.737814008,3129170.7365964553
2022-10-24,3242237.3339013658,1076306.4168396716,5015766.648501284,3154175.8157319473
2022-10-25,3254475.3978024465,1079222.9328718903,5038894.426074076,3142917.2987562544
2022-10-27,3276223.275467545,1102279.1689244383,5084555.634142473,3162844.590621745
2022-10-28,3277893.5262740618,1095164.575868095,5128646.014882445,3167777.9809341775
2022-10-31,3316763.6882355064,1098441.7534906664,5199466.093964802,3207813.350689484
2022-11-01,3377804.788007154,1107344.5252762218,5199894.437212436,3232881.1393584786
2022-11-02,3362395.2754864334,1112791.4679933046,5189756.5244561555,3222157.4399313335
2022-11-03,3371990.501062557,1116741.3462505697,5178182.809490105,3217776.4467677968
2022-11-04,3379509.236128552,1117261.8175864203,5195630.217812932,3229031.6594475554
2022-11-07,3411302.6180039654,1126753.4045826613,5250773.785288108,3244594.5966759026
2022-11-09,3410499.761554288,1135529.3125958114,5242835.476289492,3237233.247989
2022-11-10,3395699.09547816,1124156.8208692358,5170752.776401627,3212730.4234062773
2022-11-11,3401282.571027421,1133106.5286516857,5150066.739739104,3266556.170058496
2022-11-14,3388117.6597539973,1126207.0935050184,5161019.442092357,3265653.185080356
2022-11-15,3398913.493843568,1119141.0987673248,5123748.163033398,3277403.9401631625
2022-11-16,3390188.0277529918,1116456.5542543614,5100202.472345277,3273873.4501810833
2022-11-17,3393734.3834389737,1112101.9133188208,5037345.921101466,3259236.4025221444
2022-11-18,3372183.1820774097,1117100.981848473,5008748.898597793,3250623.1608155034
2022-11-21,3349259.3111749855,1126093.5282995517,4982268.124679023,3224466.7752769785
2022-11-22,3373393.273693352,1130629.9931195404,4986379.3262039805,3237243.7092114585
2022-11-23,3361718.3936661915,1135766.3955558448,5005425.864896102,3241843.9745591455
2022-11-24,3395351.894144254,1145632.0346359927,5016531.6983912,3275832.716523947
2022-11-25,3401108.301986819,1158729.5401573158,5055897.5279070465,3280161.7259801733
2022-11-28,3397644.0317603853,1157030.0854764236,5052530.0564631205,3287985.664932742
2022-11-29,3382006.250764184,1158620.9767868067,5045947.663666672,3298784.0125474897
2022-11-30,3392880.547276234,1158552.1775828504,5114824.909731728,3327099.144183154
2022-12-01,3398763.7272499166,1170264.6999296632,5125221.040067375,3336479.6393533526
2022-12-02,3404002.020482348,1167791.5444632915,5067671.476521798,3318361.896677205
2022-12-05,3410602.2586487434,1176360.2121284006,5088958.900397383,3317871.937853208
2022-12-06,3397659.0628125123,1170314.190421977,5083334.268269992,3309735.9412757973
2022-12-07,3391917.0350084105,1158714.6737069287,5071841.06540545,3297827.970264205
2022-12-08,3392802.4007512205,1167828.882335772,5096001.934100761,3306236.2073241347
2022-12-09,3367442.2632528604,1151384.725114859,5078980.208705185,3286090.991856267
2022-12-12,3364570.283683993,1159235.3415729054,5095253.396781082,3286617.0226140353
2022-12-13,3371781.8058057185,1170293.4026489882,5097244.293008638,3302559.8461666773
2022-12-14,3392366.323999778,1188834.4142431745,5121400.82127007,3312297.6560466588
2022-12-15,3352972.5094935996,1180666.4800837152,5046044.572029932,3271329.748217957
2022-12-16,3297972.5174677907,1161997.4240354921,4971767.832160113,3243490.2527519483
2022-12-19,3330044.836877068,1176629.6712238984,5065839.893427571,3271279.2876371094
2022-12-20,3336951.698637055,1173556.2092527985,5020899.295780317,3265244.40452589
2022-12-21,3272027.090043656,1143054.5125255222,4934761.481037454,3228418.811403093
2022-12-22,3249616.8736138744,1129438.8086822599,4881865.725514646,3213742.260645279
2022-12-23,3182179.279578078,1095909.1096038797,4723775.808406734,3145179.488125635
2022-12-26,3221731.47448226,1122002.7996550105,4819640.6716512805,3188490.512250787
2022-12-27,3233275.073171408,1129151.3477594082,4835390.555689725,3211137.3701182627
2022-12-28,3238029.0213928167,1133501.1657664403,4870252.4218975715,3212403.603066981
2022-12-29,3241748.1896709264,1134906.281147302,4881534.8135411395,3225148.169567295
2022-12-30,3238472.682958834,1133105.8092561846,4877551.101878965,3210191.246309483
2023-01-02,3254480.3001886862,1138378.1480063708,4914894.689495538,3223445.3092895495
2023-01-03,3252750.296204271,1142411.8612607906,4898711.994964547,3230833.3296048786
2023-01-04,3201311.6688541276,1118653.4375242256,4837778.98882536,3195103.7974205837
2023-01-05,3195764.8879306214,1123928.863740618,4860940.222097768,3190948.1378678107
2023-01-06,3164385.354020179,1112165.0011377905,4826418.133707369,3166995.81609109
2023-01-09,3207210.782315292,1125245.0658307283,4893753.29792738,3208208.046581712
2023-01-10,3180013.244344307,1115413.449377918,4871503.540932872,3178719.3356299517
2023-01-11,3177092.694870155,1119808.102190191,4827078.405488926,3173998.850982868
2023-01-12,3153200.5392749654,1110132.0916709837,4838763.961915614,3169392.0171886743
2023-01-13,3178174.528128712,1116880.7537926205,4875350.19351187,3186584.115512471
2023-01-16,3172626.936381915,1112924.605647964,4849924.978764567,3177402.0320529505
2023-01-17,3169431.4141068044,1107012.107230357,4872654.402602674,3202366.8764418606
2023-01-18,3176649.620415044,1103001.4969319606,4893797.925499099,3218331.498831908
2023-01-19,3173139.038240736,1090900.6126790792,4895210.259171294,3207646.7925683786
2023-01-20,3159959.518342249,1088955.9089304172,4864856.451108464,3194378.361428745
2023-01-23,3169081.054644563,1082747.7192717083,4895825.907129392,3208392.4399570804
2023-01-24,3164959.5520181684,1076305.5174253613,4884809.405039949,3207713.6093526487
2023-01-25,3094166.8796291533,1068210.39017422,4811609.948981566,3160061.883932952
2023-01-27,3039992.8493354796,1042893.0852277192,4710643.158960373,3093248.218304454
2023-01-30,2994692.258903079,1016965.5819497944,4714200.850017287,3089236.817215387
2023-01-31,3004244.962959269,1014760.9504596682,4773645.1998231765,3094422.547721827
2023-02-01,2991761.3915262255,1003662.1553269483,4668692.549138612,3079478.10568635
2023-02-02,2945920.3574285517,993935.175212438,4711339.497201311,3074899.2520010057
2023-02-03,2968987.5476597585,1004264.5561497452,4784951.728958327,3109556.6431286437
2023-02-06,2962391.3324883347,1005495.3486714036,4768115.58581477,3096176.961706599
2023-02-07,2930191.595604873,1002902.1398226832,4768355.3427874055,3088829.5935247047
2023-02-08,2934990.520708278,1002613.7023050175,4760451.133580556,3115499.930730235
2023-02-09,2935556.4906498105,1004118.1988391962,4751425.453576505,3116172.643361343
2023-02-10,2941445.1391826835,1005190.5114406991,4736861.478160777,3109473.499268937
2023-02-13,2925287.5310023506,1005631.5868065844,4735170.656969079,3090049.4719503038
2023-02-14,2919961.482317019,1002992.1902889132,4729902.465031583,3112383.375917124
2023-02-15,2941131.7459634487,1010755.0272016963,4771045.102540104,3129032.3426490813
2023-02-16,2958569.3572409404,1015333.4104805656,4791811.818823101,3133949.0717610586
2023-02-17,2937632.4182366123,1008565.2161829894,4754349.566038528,3117404.724995304
2023-02-20,2942306.9078725562,1005626.3066251341,4758642.1527546365,3100813.183214178
2023-02-21,2927655.354155838,1001938.765676103,4733315.530985882,3096824.780947925
2023-02-22,2890303.672761772,991984.4960367314,4666026.905743451,3049501.279627555
2023-02-23,2899174.584659755,991306.7870808006,4667384.943515745,3040899.875356265
2023-02-24,2872789.8308489285,989446.7904350293,4649291.644424541,3033136.8679102166
2023-02-27,2833526.419179779,977131.4005639362,4585627.690622164,3017979.216254314
2023-02-28,2818257.138051907,969540.4560144356,4577038.1420398615,3005222.9729164387
2023-03-01,2830555.6705271844,968004.3180989983,4681443.69759359,3032398.363314099
2023-03-02,2835570.4972650856,971323.4683798883,4655916.878478197,3013227.083553407
2023-03-03,2848775.486437618,974156.1458476017,4686959.955349717,3058280.9259397225
2023-03-06,2877766.6698308736,981620.7473239212,4721652.046154577,3079422.7492314884
2023-03-08,2878909.621853531,991276.7922836981,4727208.704000247,3087673.5248319237
2023-03-09,2837389.725120945,978638.2046465129,4681815.953587395,3060442.9245819356
2023-03-10,2835486.6849341006,975039.3460792924,4664516.21590966,3033319.7787810275
2023-03-13,2792000.877759841,958781.421353415,4606454.856908249,2989847.4435445466
2023-03-14,2772017.6793360785,953570.2819158077,4565623.327481759,2970417.8975760466
2023-03-15,2782261.595289794,958523.0082519854,4569603.6329526575,2959484.830635268
2023-03-16,2819313.0753488643,970378.9199891868,4578475.446357414,2964278.2422973714
2023-03-17,2824806.93411829,973803.71805242,4597394.876860936,2984045.3449953264
2023-03-20,2804870.4725757134,975874.5564151941,4580555.737789946,2964392.253848463
2023-03-21,2781685.5253233593,973351.7051178674,4559342.198987795,2985048.528611089
2023-03-22,2770311.512741831,977658.847383515,4560891.589164784,2994818.5301195574
2023-03-23,2750183.3061279836,982865.357036389,4542807.691617563,2982819.4679042483
2023-03-24,2733597.5591660524,983848.8774613339,4530766.639008117,2960637.1268892917
2023-03-27,2704695.5357508366,962317.4529132716,4523833.036696148,2963689.403115467
2023-03-28,2667593.011112765,940831.1276858536,4526120.059843191,2954170.847118763
2023-03-29,2671686.442432318,938660.2782026329,4536623.579377668,2975740.5793766673
2023-03-31,2665643.3076191684,939631.1781016923,4573485.209652126,3022874.562441909
2023-04-03,2611970.3891186975,921563.585553146,4533190.73264193,3029629.251109406
2023-04-05,2600800.538114472,916540.2863343504,4545077.193848291,3055845.621438542
2023-04-06,2637044.9942080746,932007.638747394,4549506.278646581,3062974.642753244
2023-04-10,2674108.4970885585,947722.0250825819,4573480.281165734,3068505.3807462803
2023-04-11,2705553.704226751,968617.9134228047,4584097.0330274515,3085096.1984791057
2023-04-12,2737474.3638986447,961139.0622909118,4588637.111979058,3100213.9444781337
2023-04-13,2744758.1457547746,963098.2078175794,4559745.812928515,3101929.0443834965
2023-04-17,2768636.926030564,972310.6283426391,4551645.964470335,3085770.9744385337
2023-04-18,2755893.9395755823,972713.6606318096,4542430.347479801,3080001.2881557625
2023-04-19,2752413.865671446,961465.2143133492,4549151.776126575,3070228.0233545965
2023-04-20,2745773.884793698,959295.6179045141,4543780.855895785,3070976.0881648907
2023-04-21,2724458.456436272,952935.7408621968,4536504.0145570375,3070258.0816564118
2023-04-24,2731316.841580637,951568.5179254037,4566912.122143615,3089424.6802487904
2023-04-25,2757343.4721316383,966836.284939403,4578892.453995035,3095665.8439838896
2023-04-26,2757809.0923942006,964427.0158807768,4606312.720344457,3103639.443616791
2023-04-27,2747739.764819143,963093.7986989762,4641999.703712424,3120217.540118271
2023-04-28,2795657.0661927387,979242.4005785362,4657753.829439554,3149684.3486551726
2023-05-02,2815400.5136370147,985917.532358217,4680773.991164403,3164672.975199394
2023-05-03,2779214.473430519,976301.7854827816,4693089.072804514,3156157.2149685095
2023-05-04,2807488.4120368487,983000.331644519,4703771.436033363,3184039.41434929
2023-05-05,2804900.809481583,978445.9758153264,4696284.942236551,3155771.2462047506
2023-05-08,2792772.981242651,977830.5776682314,4741015.130293982,3187272.1501614177
2023-05-09,2794664.5224490347,970981.1226031383,4743403.699845319,3186460.7029156215
2023-05-10,2812420.4566705893,975764.1071647664,4757138.579076251,3196421.058947828
2023-05-11,2831652.264844182,978690.514599074,4720616.398142153,3196981.72491273
2023-05-12,2800152.093451033,975606.1987741916,4694213.101575929,3198306.3114482397
2023-05-15,2779555.252045793,980972.3623483262,4742220.494437865,3211672.906462376
2023-05-16,2766122.093596024,978904.6263396511,4743520.4396866355,3200381.4774650317
2023-05-17,2766261.508789765,975494.854041306,4704237.099331179,3181746.716437063
2023-05-18,2743610.3272434357,970282.7304857014,4644858.057245512,3169220.899975091
2023-05-19,2760258.3270534966,973582.053472231,4668218.58372127,3182603.083560332
2023-05-22,2879080.677082968,979993.8614499465,4693876.075578992,3203811.2094398886
2023-05-23,2941883.6111396537,976623.9681495869,4706338.8978977,3210637.145144838
2023-05-24,2922248.5160592813,969469.5267483987,4686846.2391114915,3201829.3090821346
2023-05-25,2961359.8847061107,969055.1961166797,4702188.781231479,3209479.678900014
2023-05-26,2997248.2986323205,976241.3160788069,4727064.775081193,3241062.7363976785
2023-05-29,2996011.447197051,975771.3662611993,4742777.46424987,3258165.024904038
2023-05-30,2991007.5493762363,976586.4514169792,4725143.23081052,3262833.1198719074
2023-05-31,3016645.094508655,982452.848814331,4736446.682479168,3250434.2608293328
2023-06-01,3015526.6133067696,977673.9115632424,4742532.244363328,3244677.8980193106
2023-06-02,3007630.446385742,977650.8629001646,4777231.19406312,3256205.839550094
2023-06-05,3002210.8131417776,975235.7940760601,4786357.447081141,3266201.9729326023
2023-06-06,3004194.512391671,975340.0029066046,4819472.871739854,3268639.027624069
2023-06-07,3031782.08120897,982274.4783813732,4907533.670161883,3291955.747515094
2023-06-08,3023099.3825255386,976181.4623700173,4858270.098361893,3274866.438719177
2023-06-09,3007402.6464086887,968531.1029782036,4845140.183737545,3264424.600025873
2023-06-12,3046648.5963031836,973576.7395821383,4861860.719060534,3272152.5798782017
2023-06-13,3068900.2402421543,976975.5749537076,4898755.792929658,3293679.6230463665
2023-06-14,3078918.1551566236,975185.0153456831,4927979.364791923,3300222.6084873374
2023-06-15,3108177.769852124,977998.1151452827,4928675.451428894,3291924.4438317507
2023-06-16,3131309.541851258,992122.5545372652,4961261.994583637,3317534.4932273645
2023-06-19,3133978.534748491,997368.4430447932,4932890.785760386,3306569.1849250584
2023-06-20,3141669.6727323104,1004368.120462357,4966646.784198018,3317451.439779813
2023-06-21,3132418.8913944615,1007331.3838739261,4968651.70705203,3323277.628090033
2023-06-22,3106411.113967851,999678.1418503231,4939433.244591779,3304691.296752787
2023-06-23,3031547.657841136,995716.5705197023,4884212.027602626,3282278.8982251226
2023-06-26,3065817.9608312068,1001522.2304168523,4905008.298587303,3288772.671662495
2023-06-27,3088475.148503199,1011018.4368623467,4916681.782074204,3309662.979096404
2023-06-28,3119910.6366415927,1009514.5855682648,4975248.891823736,3336089.892941107
2023-06-30,3124655.268127936,1019601.066151056,5013331.855032162,3371373.0541345743
2023-07-03,3120883.7988126073,1021188.134080382,5029008.4233465325,3393280.1395990453
2023-07-04,3117264.4434009227,1033313.8132581932,5052588.494016413,3401493.686442135
2023-07-05,3134699.627714296,1046807.9526844436,5099473.062706235,3406293.7198692313
2023-07-06,3133970.8848445844,1047140.7275559475,5186328.213832117,3423761.7025170056
2023-07-07,3097334.8148619873,1039100.7367820065,5176756.322660764,3395069.5772730983
2023-07-10,3107090.176950414,1033369.8777831555,5132598.381311227,3396250.5377901923
2023-07-11,3129203.0362338447,1033719.5177014484,5146860.32612442,3413045.4791559717
2023-07-12,3109714.5793775087,1031036.9349980326,5126007.872090722,3405975.519630572
2023-07-13,3112143.738206936,1028091.6394044437,5085485.402489726,3408053.1438187584
2023-07-14,3137208.2408885844,1035193.993266923,5076287.214997366,3434932.501997731
2023-07-17,3138884.708382953,1039056.831748957,5099382.538134799,3457990.735074031
2023-07-18,3137771.7217608215,1033029.2520897452,5065789.994162551,3461679.348733387
2023-07-19,3145852.0189685114,1035327.4713141801,5117001.377132982,3476621.0656741173
2023-07-20,3143091.522852028,1043164.9601761977,5147476.027291868,3498661.424800559
2023-07-21,3115563.775685558,1032703.9014048227,5135138.823709772,3461895.334291662
2023-07-24,3096916.1617667726,1028667.1186353535,5146455.020184558,3450883.7231624397
2023-07-25,3113440.1353109167,1031341.0947202024,5167832.215637118,3455534.89599211
2023-07-26,3138557.5928385123,1033239.7393441967,5179512.773927584,3472287.848293676
2023-07-27,3129517.3699952336,1038533.6044885813,5167329.099121869,3455788.0125473035
2023-07-28,3122803.4581820457,1044290.6144076805,5156056.6526004495,3458741.841095371
2023-07-31,3139585.0246143173,1052619.224573853,5214679.284173246,3476144.369749558
2023-08-01,3131484.0152486847,1046887.9042766343,5167994.895423999,3472676.036761619
2023-08-02,3086264.5473384173,1029724.6514069063,5080770.172864471,3436310.0373958456
2023-08-03,3083823.513577861,1027915.4935514063,5036261.473771474,3412785.6676503327
2023-08-04,3087125.569253412,1033324.1492218146,5013769.546482449,3437214.917937347
2023-08-07,3135211.919121861,1037779.9997168748,5019907.450840135,3450103.1824760432
2023-08-08,3115699.897541164,1048093.9209090096,4995865.318356672,3445753.1354244333
2023-08-09,3142992.6396523514,1056190.4782868696,5054026.437561978,3457761.5611056667
2023-08-10,3136331.0570028876,1055332.3201507037,5067075.830243549,3441525.901227611
2023-08-11,3111162.805172668,1053576.0197755108,5044421.509286995,3424367.5711895996
2023-08-14,3091048.8514611367,1042146.9491305087,5001907.640191743,3419693.5885786177
2023-08-16,3096842.7087838235,1042165.1462465146,5022821.297139486,3424474.9080566536
2023-08-17,3079265.362778141,1044067.1667334826,5019247.870433584,3407989.7034851983
2023-08-18,3074675.153663402,1053677.8562817532,4995163.526444594,3398649.8215799276
2023-08-21,3150467.073209617,1071038.1385628951,5036212.069277645,3416303.6735200705
2023-08-22,3174520.2495566686,1085772.6359841658,5027368.001610166,3420169.8088939656
2023-08-23,3158196.8917059978,1077387.8407409734,5026925.812837142,3426697.855696554
2023-08-24,3164469.4588493295,1073050.344436451,5024752.040290531,3419776.2055229666
2023-08-25,3132212.644689661,1064867.6335646906,4980965.046438366,3396843.5251119956
2023-08-28,3140491.438986932,1069658.2330045898,5006667.854206804,3405610.301438321
2023-08-29,3147257.080640531,1070569.9805907523,5036715.864258456,3414005.1098306323
2023-08-30,3156706.5855737333,1066323.3529421245,5010045.779276744,3416843.99939514
2023-08-31,3141038.9473827467,1068584.9263292248,4963452.601353102,3398641.3237536284
2023-09-01,3194532.8080238467,1074380.540519613,5018506.024472523,3430133.9180414183
2023-09-04,3236408.572487515,1077690.350114172,5047239.519684659,3448245.809475076
2023-09-05,3237385.2903279066,1077397.4419261464,5066492.749367835,3456293.0494635897
2023-09-06,3220477.3258642307,1077526.1705221243,5076318.475032789,3464586.6584276604
2023-09-07,3238698.886696488,1087508.4256271399,5104902.301828889,3484419.3990761912
2023-09-08,3280510.6514490764,1098940.1251374434,5155905.5614913665,3501864.282926391
2023-09-11,3409333.5621366114,1115320.5725881606,5201833.8318580035,3533952.4805968385
2023-09-12,3351372.7471041144,1086917.6385997671,5100530.938015894,3522304.6009040354
2023-09-13,3349991.5292994883,1081735.377989335,5149053.962838211,3535121.4514510473
2023-09-14,3376792.0232129935,1090540.031036512,5173075.941901798,3543403.235020982
2023-09-15,3361622.3522738735,1103551.1360752007,5157045.28752596,3558154.8061191915
2023-09-18,3350728.3384261257,1099782.1559082565,5204744.554402149,3548872.0576282754
2023-09-20,3327298.2441164227,1090180.0310931634,5165650.683388423,3509286.251314952
2023-09-21,3296327.8202852,1087595.1875832172,5147952.34229439,3481331.7707968494
2023-09-22,3316534.350810794,1091713.8432474236,5105806.570731896,3470567.092886108
2023-09-25,3315116.451316023,1095471.0079584182,5114030.396410911,3469239.4844112056
2023-09-26,3310360.275710202,1093901.4053077002,5107759.434239068,3469063.980492484
2023-09-27,3336349.0193641256,1101705.5480135928,5103400.744610405,3477677.934288028
2023-09-28,3285540.8821836067,1082026.5313449667,5041766.230139839,3441833.44140797
2023-09-29,3304171.2643251866,1091482.6561175429,5102376.2573136715,3463995.217244812
2023-10-03,3309927.5756037906,1092427.2380808487,5088150.0909375,3449035.790093965
2023-10-04,3269084.4131257273,1084045.6382608076,5031815.983650304,3428390.3669706
2023-10-05,3279504.64636279,1072871.6025798966,5051511.235284547,3446017.3884576196
2023-10-06,3295958.917807408,1080789.1065470227,5140724.562418309,3465159.8468243936
2023-10-09,3249987.2490643347,1059433.7471466428,5100787.730685812,3437608.228106704
2023-10-10,3294571.3779742364,1079348.6442909737,5151209.2841806505,3470777.075141994
2023-10-11,3311591.6937970393,1083465.6428639428,5180174.098677372,3492013.0764780524
2023-10-12,3306857.102657372,1083834.8309070927,5199824.179724257,3490442.8927607266
2023-10-13,3339448.65967386,1077167.5702254954,5220670.126103001,3483963.1506451177
2023-10-16,3338514.55226826,1078654.8120753786,5235913.183250866,3481977.908196869
2023-10-17,3398570.736854047,1079706.7648253029,5256875.527769837,3495784.793356957
2023-10-18,3376573.349785836,1074083.5026078424,5256802.150024673,3469650.284818594
2023-10-19,3365764.700165859,1072108.2403068282,5250633.02663365,3461253.376171193
2023-10-20,3347614.032599297,1064809.5697130454,5194025.149654615,3445034.6299543967
2023-10-23,3257466.4744184846,1037228.951965967,5114645.158369681,3395580.596744233
2023-10-25,3229287.861337877,1032226.9538909423,5086057.431208708,3370362.7562307646
2023-10-26,3199571.5250765514,1018465.3279435436,5007669.231562186,3325387.372527279
2023-10-27,3223873.594406806,1029170.4203366971,5045881.273333404,3363619.356397212
2023-10-30,3201402.755492867,1024893.9953045528,5047603.073863784,3378593.958699148
2023-10-31,3201152.637297042,1025416.588310045,5078820.917502027,3370501.6452497807
2023-11-01,3209412.225757444,1026848.7742216663,5074846.343856555,3354162.3653827636
2023-11-02,3221686.440880075,1030834.6324149474,5103312.226058568,3384148.1338596405
2023-11-03,3201195.4187754123,1029680.9201860062,5139118.010933501,3404894.0193695202
2023-11-06,3193773.084004792,1030965.6107689709,5163344.715043053,3436502.23463261
2023-11-07,3197759.4822849096,1031807.4290280739,5168299.871756112,3439663.767457327
2023-11-08,3216558.186731248,1035471.6721493102,5185850.835243346,3449071.5522230593
2023-11-09,3219994.9124175003,1039476.9791320717,5191326.291318412,3439124.989746994
2023-11-10,3203997.9890658315,1039182.8493466289,5196086.686778147,3444637.2883692225
2023-11-13,3230322.3506072485,1042906.6725260147,5206356.8882014,3450045.366796835
2023-11-15,3254471.869395769,1047498.848540194,5245764.022291445,3489462.3927877806
2023-11-16,3272688.341004369,1054304.6810141676,5281768.967349553,3505536.730050195
2023-11-17,3268676.6311156317,1056574.8485685943,5296776.30488087,3503431.808533914
2023-11-20,3274129.459359125,1057493.5474249464,5274913.73598331,3495820.330061348
2023-11-21,3287477.1160459053,1059779.1306402704,5315526.333090328,3509200.8062715586
2023-11-22,3264144.5697981087,1058687.7902192425,5326858.013875791,3511379.6132880175
2023-11-23,3229454.070193264,1044778.5441507584,5324737.98269327,3511434.334522424
2023-11-24,3228452.6999111143,1046043.6264261545,5303159.834437695,3510110.812374194
2023-11-28,3296841.297303683,1064113.454715363,5354200.51438549,3532451.732550997
2023-11-29,3321887.7957795653,1069888.8937005934,5400057.76125049,3567459.6606280576
2023-11-30,3326011.8091733316,1071424.9492576362,5405049.377270498,3578897.813225232
2023-12-01,3364210.5453709615,1074201.2619682609,5433257.189115694,3603398.212233541
2023-12-04,3436705.2414384168,1104268.547443648,5473680.74659715,3677496.5593783204
2023-12-05,3545596.0978967133,1144784.6540355282,5520716.058338745,3711355.383826554
2023-12-06,3569306.839143513,1146093.9766271284,5552947.096678037,3733442.6390502034
2023-12-07,3567627.3784165583,1146905.3040806476,5573538.944326102,3733800.812605751
2023-12-08,3544398.8372094803,1143454.9793405733,5576306.1911118645,3739228.769235642
2023-12-11,3591862.7471846472,1153385.6169532854,5578250.311314543,3748839.6803302295
2023-12-12,3574611.129236404,1151576.4686263707,5560469.240662059,3730476.1993929506
2023-12-13,3571328.5402186285,1151156.9017567527,5601201.859657179,3737769.569206999
2023-12-14,3639902.465211509,1178706.3480503883,5629666.04668005,3784624.8238897156
2023-12-15,3688721.7917360896,1199996.8254939108,5680507.224960993,3825537.458223406
2023-12-18,3671388.0532799396,1194654.9156538663,5651580.543643601,3823689.303965431
2023-12-19,3667384.434120807,1195179.1690560721,5669084.9395694565,3830325.3807210773
2023-12-20,3551305.3977369936,1164156.7935434894,5568041.182918505,3767298.0839705477
2023-12-21,3585407.89600275,1174591.0487257282,5621929.469671133,3791139.7716980516
2023-12-22,3603948.236542889,1187648.0146048365,5697329.674022137,3809999.963029005
2023-12-26,3606840.8587653483,1188321.5715720814,5704208.472813715,3829124.5705163544
2023-12-27,3641759.8160186964,1202034.3248749285,5767381.297679305,3864232.2793199373
2023-12-28,3643546.2889408483,1207390.6368944813,5839271.761652616,3884799.7753872215
2023-12-29,3674930.42188795,1205431.9267653436,5846071.15734932,3882463.764237735
2024-01-01,3694717.4565404067,1209066.0826159788,5853980.521734511,3885238.9884880898
2024-01-02,3695484.6567032817,1203020.7836626035,5850008.991438721,3872900.7311321488
2024-01-03,3718863.6527445717,1214055.3817760714,5815061.096699169,3856242.005075274
2024-01-04,3743913.9887355166,1231146.23642997,5905309.162635607,3885074.474047834
2024-01-05,3735487.9449455626,1228262.696409355,5878447.980020392,3892150.4291971265
2024-01-08,3682584.7081963294,1221711.2024369973,5854447.331952461,3856012.4931051033
2024-01-09,3674783.5292231594,1231799.195405367,5882920.110331678,3863839.4214451816
2024-01-10,3675414.6875314666,1240838.9243300532,5911684.190106341,3876313.3646243345
2024-01-11,3699828.827796168,1246583.039404651,5929558.938014574,3886254.0606045956
2024-01-12,3712803.333709289,1257481.069324284,5935881.530315865,3924665.817048149
2024-01-15,3738837.9476597183,1266964.2323685742,5965871.566987919,3956418.4347587717
2024-01-16,3742770.646571972,1250779.8715414514,5941931.9666374335,3945014.5676509617
2024-01-17,3680995.3184797196,1238329.4105046971,5872557.273803916,3867995.292161254
2024-01-18,3638882.6823589345,1239666.5941093601,5844163.603115283,3848507.8823424033
2024-01-19,3671266.1253158213,1245132.7366474178,5905769.847952937,3882755.961713615
2024-01-23,3609332.6628696728,1222332.062257786,5780195.829434899,3810190.498490936
2024-01-24,3695610.255365791,1237594.5127042797,5890576.599168157,3852572.311940517
2024-01-25,3659631.6463103737,1229253.3258036978,5905021.589296522,3838453.127697648
2024-01-29,3701176.6790023516,1242727.5925077111,6020709.395812856,3904868.996353736
2024-01-30,3675356.04445836,1238062.3779149768,6002050.631158758,3870241.7062354367
2024-01-31,3751304.7552080574,1259969.4408514183,6114197.713635978,3906578.648677023
2024-02-01,3775567.2871440668,1264196.770889406,6081766.616827665,3904454.987678736
2024-02-02,3793558.5705599473,1270557.2199880178,6140866.747450084,3932650.3921906142
2024-02-05,3786119.88246338,1268585.858040027,6166906.533371167,3917451.3093710435
2024-02-06,3760562.4436074756,1280202.1369060804,6155818.832779459,3950800.7218345823
2024-02-07,3742904.559073182,1292363.5015263879,6194840.89955098,3962209.956815624
2024-02-08,3749883.859742755,1296825.3340268072,6170615.15001242,3935570.5693167653
2024-02-09,3786129.0978712337,1306719.76606505,6172577.160181774,3943925.7198865684
2024-02-12,3758891.238132493,1295654.9545001516,6143213.338885489,3907531.1698864764
2024-02-13,3787963.601365049,1311686.5286768863,6167817.346186428,3932224.195803625
2024-02-14,3831245.296194061,1318336.2770181189,6213804.661844307,3955547.1430546925
2024-02-15,3885868.954917216,1329766.8611468354,6235976.376779165,3972628.846030309
2024-02-16,3886889.9223948573,1340152.4719436606,6257493.892198027,3997125.589357351
2024-02-19,3900149.9118846166,1330077.76119266,6277354.511020605,4010799.791254776
2024-02-20,3922479.17795757,1328460.896893546,6308145.171919843,4023281.9637519624
2024-02-21,3898585.445906996,1323408.3320503705,6297457.107802572,3998807.925266075
2024-02-22,3919693.0919968584,1340761.7308124774,6333427.710417443,4030306.3504963415
2024-02-23,3913732.3616900737,1341684.1617763995,6364244.570165266,4031900.4906998053
2024-02-26,3920642.3302614433,1339343.6796072223,6356631.844365478,4020063.1711699064
2024-02-27,3918743.315765351,1344512.9675379463,6416818.101974469,4029693.7717153965
2024-02-28,3844043.442705155,1319678.828874986,6313960.700097812,3982718.4215090317
2024-02-29,3872113.8732875213,1328773.3399067114,6337034.142829558,3994857.642773332
2024-03-01,3921401.395762852,1337423.2121592045,6421893.418289432,4054358.9584556273
2024-03-04,3961543.251007329,1350210.496925354,6473860.748548933,4068953.3502108823
2024-03-05,3953274.3706763987,1355878.1825875088,6482533.163098993,4061082.4287010212
2024-03-06,3968855.9400294838,1357762.8276977544,6479547.084503859,4076706.8936203313
2024-03-07,3977875.507535052,1352593.7384826713,6500126.834669716,4085128.7593507078
2024-03-11,3939477.167080386,1347531.19845273,6466363.0232631015,4060155.6080065314
2024-03-12,3911125.906164515,1322035.0140325702,6382610.142685552,4050443.073796785
2024-03-13,3769969.9387059053,1294641.2666351288,6185146.379073548,3972039.801453571
2024-03-14,3774731.887832904,1306748.4556528374,6200856.623233943,4011845.7207632367
2024-03-15,3762712.614159986,1296950.9992009592,6156116.259855666,3988971.669226912
2024-03-18,3755838.395413914,1294798.8333551758,6215237.134668172,3997170.078327867
2024-03-19,3717551.7200893294,1284750.1910995492,6124505.825527921,3949935.625013627
2024-03-20,3748798.745108783,1287850.5628923392,6127476.22646568,3955760.456721412
2024-03-21,3822210.3979127724,1294589.813978633,6238304.1527339015,3996711.292380964
2024-03-22,3847923.8552443357,1299323.552545949,6300348.952378155,4013589.365106073
2024-03-26,3831320.1115283933,1317755.05930813,6297529.292420324,4007797.5127200577
2024-03-27,3823514.9629525812,1314114.2202863502,6313156.662507061,4024984.5242549665
2024-03-28,3874751.986708495,1319572.196554164,6385156.0666278675,4064557.2814565753
2024-04-01,3905991.7031094227,1360855.4006665149,6470879.92465603,4097575.6860848838
2024-04-02,3928708.611594436,1365302.9142150364,6474494.599510306,4103099.799705322
2024-04-03,3936975.4020792847,1378320.535653454,6406813.006451275,4102712.8094309526
2024-04-04,3916736.4285099204,1384145.3518477855,6388885.335607377,4115002.0833320883
2024-04-05,3920050.056538264,1398951.9663709642,6400189.223668144,4121086.6672326745
2024-04-08,3922826.237273256,1414350.6897697903,6452859.535462903,4145827.723869785
2024-04-09,3910148.814335885,1433546.6252397671,6411987.371960122,4140222.0048360806
2024-04-10,3943821.343789885,1441608.3336600459,6441651.138980949,4162480.938138738
2024-04-12,3906603.7295965278,1441781.811927555,6376291.729222995,4123472.7997012613
2024-04-15,3870574.1891264594,1425430.9944376848,6313232.610645546,4072392.8401278746
2024-04-16,3832977.43614968,1432134.6381901547,6298429.174345693,4055194.756390807
2024-04-18,3850569.3947275695,1422959.3714309912,6236290.848178869,4032085.2322034105
2024-04-19,3873272.6469244487,1438605.5623661887,6248963.222535064,4053251.5625175005
2024-04-22,3926344.8541072356,1456901.4911094995,6286940.098387612,4092055.055879736
2024-04-23,3956746.2103430177,1472039.7611915246,6313605.225851512,4098598.655943655
2024-04-24,3973421.8115451043,1491888.7467915437,6361331.635522389,4107735.25569987
2024-04-25,4030978.668789289,1495770.9509088378,6412658.92615552,4136417.361996284
2024-04-26,4028877.6956553487,1505842.4349170881,6425036.147350249,4119056.616096721
2024-04-29,4058463.0654451866,1516066.810305493,6424932.089072614,4156550.4701053887
2024-04-30,4087135.166833548,1502320.7371505143,6467784.191885808,4155213.9857862443
2024-05-02,4155419.015382179,1526625.6224563767,6618791.905746872,4173752.8168054954
2024-05-03,4138681.3781138896,1525339.1357555462,6560664.102257304,4145645.360084532
2024-05-06,4064590.2680072812,1500629.6781890711,6514060.809838116,4130530.8508844776
2024-05-07,3998752.3755233698,1473749.8271292872,6364551.38604814,4096734.426417223
2024-05-08,4006570.0363748292,1496902.9924264252,6380918.490844239,4107731.319817116
2024-05-09,3946957.0337669034,1457333.7477811314,6281149.416453907,4041058.9584645466
2024-05-10,4007109.7330666897,1482701.4763878444,6372534.838975083,4067022.3077719337
2024-05-13,4034637.04166566,1477152.2850004244,6315721.864120149,4075368.435656065
2024-05-14,4035861.441875463,1502407.5625577997,6349796.3659588685,4104184.318512762
2024-05-15,4067567.1791780167,1517244.2704381885,6304520.559924561,4106927.1594941253
2024-05-16,4082055.4288002164,1531272.2197204418,6358967.10653295,4145068.136454277
2024-05-17,4087966.262633154,1544774.7972603398,6411004.371615838,4162916.7176680346
2024-05-21,4140036.652239919,1608160.0094462845,6477691.771114895,4185130.9493646277
2024-05-22,4122908.3042331426,1601064.2951278703,6465439.394047081,4198409.2347439155
2024-05-23,4156280.1749421177,1645111.371683913,6495655.34968641,4260265.227724857
2024-05-24,4153325.237940753,1656895.8720696406,6455954.049324126,4259986.0241540335
2024-05-27,4169457.8528982513,1668479.415300539,6496268.2532353215,4256341.757269099
2024-05-28,4129447.3250102275,1650669.4359601424,6450928.568715498,4241036.406604341
2024-05-29,4128549.3872431847,1672102.4731223325,6424507.827028357,4207911.458702332
2024-05-30,4081294.2102091545,1650069.0545346802,6308356.468783202,4168542.8297854806
2024-05-31,4099726.9515014454,1656332.6178411618,6350667.933913696,4181104.466255393
2024-06-03,4295325.346797278,1718553.1523161388,6627481.190677329,4327935.548199748
2024-06-04,3902673.9890078353,1546773.4880919077,6139240.934116453,4044869.9277013284
2024-06-05,4015349.010075818,1566765.0406780036,6332023.927209263,4189105.745949485
2024-06-06,4085030.465836826,1614531.0594575165,6427167.127820102,4234639.622230679
2024-06-07,4138813.3394090845,1634303.3194835298,6565624.17657803,4316307.3291443605
2024-06-10,4169600.0185453678,1630598.6722310432,6613871.894168699,4317175.052052931
2024-06-11,4171396.259330504,1640292.6769089655,6620679.999994787,4317992.753922516
2024-06-12,4219872.587543668,1649132.3916179612,6671177.710334605,4331779.606698469
2024-06-13,4241910.634706137,1675153.991174369,6717220.0263884235,4349659.801185727
2024-06-14,4257495.43283163,1697987.341224685,6751335.09458477,4372579.303698224
2024-06-18,4282097.321601918,1743460.3214859166,6770578.198583838,4392444.318303181
2024-06-19,4253893.683961742,1709040.9348972582,6710097.492266539,4377659.635805254
2024-06-20,4245412.204854927,1710199.8099394182,6742595.107168687,4387614.915659811
2024-06-21,4237164.629323112,1684923.6898756102,6687483.831322715,4371375.313780766
2024-06-24,4279546.387631571,1695769.5947418483,6718109.332793714,4383100.173084476
2024-06-25,4278856.617586088,1702689.1599974518,6703799.25002395,4407302.157335768
2024-06-26,4289050.3861814635,1697362.27059184,6709568.4370856155,4426724.865121698
2024-06-27,4297993.093332821,1704577.0889809567,6779906.40506804,4455212.597447663
2024-06-28,4262998.201797485,1701122.6423246823,6816292.147945934,4452336.911232269
2024-07-01,4264038.369277404,1720850.4548682105,6829757.605253498,4478722.636063312
2024-07-02,4217014.598753291,1713208.7831569118,6797772.094584954,4472341.760264508
2024-07-03,4272223.670710481,1748128.1965380767,6841967.291981263,4505551.205119463
2024-07-04,4260886.166042867,1787279.439541462,6833640.0104585495,4511966.387086615
2024-07-05,4277183.080581063,1816726.9275397882,6844686.806508563,4521281.147219241
2024-07-08,4240804.239025407,1815144.2707165498,6827497.092221173,4521640.139713602
2024-07-09,4238031.6145076305,1811097.828348407,6848179.992722992,4543475.468222714
2024-07-10,4230698.927906812,1802757.860619956,6841404.653624654,4527504.79527988
2024-07-11,4241726.311433497,1838178.782525397,6833451.936108518,4528901.725341975
2024-07-12,4226357.992215089,1826173.6946774034,6825182.60963852,4554739.672412006
2024-07-15,4278402.825513912,1824190.849506884,6883221.633703087,4575839.7104555145
2024-07-16,4280590.8121442795,1819903.3008102507,6861597.796515023,4573074.986520785
2024-07-18,4296543.460134216,1791116.754929476,6888181.65985493,4591851.158312997
2024-07-19,4230356.437103028,1748645.311545975,6727754.541473231,4532931.253232932
2024-07-22,4249585.264066774,1785040.2970679023,6784667.077510963,4539924.288623929
2024-07-23,4227408.085835875,1779621.5696527206,6738993.989258535,4527867.250174601
2024-07-24,4213298.888316861,1774562.333320518,6773151.735394292,4522452.406727515
2024-07-25,4209489.33147761,1762868.992190459,6820080.59310107,4525698.831710778
2024-07-26,4284056.13282543,1778483.1749218057,6971722.724212809,4603179.973024429
2024-07-29,4292650.460738533,1795617.2925496937,7050664.073967768,4613861.826653041
2024-07-30,4303734.058728519,1809056.7167208174,7100201.501901609,4616249.574127501
2024-07-31,4314430.325590064,1802304.9480788377,7117564.971117275,4636197.001628979
2024-08-01,4333869.343886709,1783128.735663937,7120618.015542358,4642055.874638532
2024-08-02,4303401.352175109,1765774.0842660433,7018824.161305561,4592217.632604584
2024-08-05,4189843.409166103,1709209.7982602513,6748060.695688146,4462629.311257122
2024-08-06,4164948.969495933,1685452.2713313187,6753672.626850679,4444477.439517749
2024-08-07,4249645.659030887,1708764.0230884803,6896018.723816419,4518655.598127019
2024-08-08,4221096.570664063,1698423.9686144816,6843415.563665486,4485136.230552122
2024-08-09,4258016.808668104,1709245.930523433,6927499.340338783,4532520.299459178
2024-08-12,4230041.261336186,1709167.3714167208,6915059.121691794,4527822.957699071
2024-08-13,4173524.8166182144,1703699.7798454924,6820918.544943232,4486595.427330981
2024-08-14,4165334.24357633,1696595.4774320275,6802887.297973474,4487699.121729954
2024-08-16,4253874.592115903,1731491.9877245289,6967746.434541847,4563082.49464232
2024-08-19,4249477.47507117,1737449.6353311846,6967879.766300065,4574828.629366434
2024-08-20,4277952.88111944,1736214.7932128643,7018289.949338742,4600499.231405214
2024-08-21,4288137.088222385,1744054.8670104644,7019119.407623356,4613178.588461492
2024-08-22,4280858.112139944,1750187.0725704145,6979037.401024545,4623417.926723982
2024-08-23,4279339.115113833,1770409.3278285833,6982019.863788299,4622959.021657623
2024-08-26,4304612.30990317,1774589.2582254852,7041497.258531187,4653395.766840996
2024-08-27,4311912.015137691,1761710.2724849863,7033212.745955629,4654481.930783364
2024-08-28,4324038.704557751,1757874.800000167,7024461.49621387,4660438.2054211395
2024-08-29,4324385.015482426,1758516.1791426914,7039473.2764221,4673263.508071534
2024-08-30,4349557.971624049,1764206.410539444,7069613.853757284,4688625.498334446
2024-09-02,4333858.782276589,1749934.6196326597,7033463.377426739,4699398.636704097
2024-09-03,4340332.241092876,1755146.2183646434,7022677.768147763,4700547.413867254
2024-09-04,4328984.948619871,1756062.1434230872,7006376.779686457,4688731.710787153
2024-09-05,4339375.04169663,1752089.4400513142,6986438.641933737,4682147.7389824875
2024-09-06,4302291.084111139,1736471.4790770605,6898162.164655221,4626687.103521153
2024-09-09,4325561.3027403345,1736582.2495390365,6903752.954383202,4641398.988018537
2024-09-10,4341006.124142619,1746428.3722692633,6918962.201488262,4659897.976076252
2024-09-11,4342093.7463044,1746488.8875186727,6825202.752072497,4637117.016857335
2024-09-12,4426590.79957548,1766880.2355023057,6949542.494835685,4721528.215605221
2024-09-13,4409132.064736091,1763364.8256598301,6973663.383550501,4714128.989679847
2024-09-16,4392273.942378575,1772910.2673294484,6970616.969671526,4720061.541520421
2024-09-17,4400070.604307748,1788913.9991571626,6942797.570114364,4723200.909002623
2024-09-18,4398712.839021349,1787509.7349187979,6912008.621838696,4714027.964338596
2024-09-19,4398475.794655587,1791586.2139512696,6908981.991133073,4714896.363661547
2024-09-20,4453760.350814189,1811214.2758235522,7009247.920281105,4785456.504120628
2024-09-23,4510911.013236491,1823829.3596040856,7078973.523062016,4821647.6936051175
2024-09-24,4511215.1801324785,1818195.0562557639,7112132.347020584,4822202.041534952
2024-09-25,4536240.776089641,1802497.5409152466,7150412.378385043,4826563.08432477
2024-09-26,4570700.042544921,1797263.2832877168,7231982.447413045,4863019.712646078
2024-09-27,4551889.243783799,1795351.9207300656,7168752.899386132,4862544.06627289
2024-09-30,4520953.6102979,1781921.7743546818,7101405.119377148,4797600.918005208
2024-10-01,4526428.286988649,1787735.820969703,7093020.907661999,4796681.503113562
2024-10-03,4456045.33320865,1747774.4151019065,6890375.607358384,4693154.441104719
2024-10-04,4399556.07736368,1726667.7353628087,6800356.44700614,4648637.098913887
2024-10-07,4339933.813499018,1711030.1931225827,6696767.339012106,4593937.25869066
2024-10-08,4371233.8856774075,1730356.4621387261,6745638.274414093,4648787.99117964
2024-10-09,4397926.829726712,1745758.5279955277,6781944.0672553945,4652173.460814933
2024-10-10,4390541.924596119,1737557.266961716,6788803.165849766,4652637.3907633545
2024-10-11,4387610.419286555,1747205.2564647233,6768627.640118622,4648067.01532589
2024-10-14,4418037.666481927,1755940.8833484123,6820051.503637006,4673679.8534013005
2024-10-15,4416589.121696298,1757016.0626757958,6806039.941392059,4664924.494654262
2024-10-16,4394036.421044001,1747700.8503550645,6802064.033055833,4648642.4135580305
2024-10-17,4355889.250947377,1736226.4836748205,6740262.469096487,4596375.219799901
2024-10-18,4363937.214721622,1741847.2879986595,6786467.997414353,4612453.234984164
2024-10-21,4329588.720188541,1716121.6760005925,6745426.116089994,4592009.810930901
2024-10-22,4272151.982511601,1681073.2557723708,6623043.056358496,4522559.116095656
2024-10-23,4257634.773984131,1678759.8525411352,6594936.491526352,4517620.968172731
2024-10-24,4224307.807359724,1671534.6491187054,6599413.358934075,4509525.096720178
2024-10-25,4196330.145103706,1644856.981622457,6526861.421782369,4464353.620271942
2024-10-28,4172018.688567971,1654331.1787160975,6538368.429605048,4491649.784775149
2024-10-29,4178782.5859629964,1667169.2929128262,6531914.83569427,4520204.816458685
2024-10-30,4152800.418715442,1650749.7963015912,6503993.621129449,4497623.540160094
2024-10-31,4159896.7923899977,1633563.1754218081,6523123.868090575,4474167.189758969
2024-11-01,4165945.902017872,1636028.1858025908,6531122.634221867,4496457.545697403
2024-11-04,4135301.4210576643,1621325.9918793237,6481127.534380928,4438056.408030748
2024-11-05,4175075.771871529,1633016.7313742233,6555771.532590023,4474258.654836464
2024-11-06,4220330.455096674,1654954.5854537808,6605763.049160816,4536204.246014654
2024-11-07,4182699.609591941,1652782.8409588423,6556489.080403632,4484144.443677775
2024-11-08,4170356.0159866945,1634709.5816151598,6575849.4533173,4465086.690606492
2024-11-11,4192667.136782549,1622762.5794950326,6616379.061194524,4466887.9061071845
2024-11-12,4131244.0658281846,1595279.7016250882,6530585.763718753,4413719.595236065
2024-11-13,4091128.290239391,1552085.6014535774,6450936.580792277,4347857.08782399
2024-11-14,4074720.2737808656,1562575.6842218773,6432644.223709777,4351945.271596668
2024-11-18,4065808.300983379,1563599.5512952069,6436150.0189877935,4340283.581668579
2024-11-19,4076504.830374257,1559330.6211580085,6470810.006283936,4353500.553398751
2024-11-21,4076378.372057748,1541833.0884204353,6470963.9252743665,4310664.784265042
2024-11-22,4141342.73583939,1543746.8976870794,6527046.09807472,4403535.346912764
2024-11-25,4198156.153418381,1549784.5199261284,6558838.638890115,4464086.859053691
2024-11-26,4195539.881977694,1543277.1097214494,6560284.413680758,4462155.0545402765
2024-11-27,4212545.629703316,1555831.0332150909,6579879.709394418,4485693.266399601
2024-11-28,4190835.654920347,1548668.231631429,6538709.468718385,4435843.554326321
2024-11-29,4220696.384250125,1552214.3712031492,6523574.039843144,4474679.277589056
2024-12-02,4234968.317290274,1569630.6218860205,6524652.717635935,4500387.946790531
2024-12-03,4255314.5405889675,1574490.3223677652,6582892.877101067,4535183.339532362
2024-12-04,4248155.211142048,1586651.5523745273,6592650.464015551,4541422.011165617
2024-12-05,4297490.528240501,1599263.5072788876,6621727.326258895,4582352.760070129
2024-12-06,4300085.581541316,1610445.556001309,6650455.874104737,4583391.528346335
2024-12-09,4322929.886278073,1603001.759289131,6667860.770952013,4570898.535409656
2024-12-10,4315681.177756675,1600256.8810396902,6660851.250734141,4571921.624818215
2024-12-11,4304749.414109114,1595166.9618178087,6649596.2805264285,4578099.164163489
2024-12-12,4311591.124992847,1587123.1601610526,6643651.304725656,4562221.13202571
2024-12-13,4353016.899074141,1591642.819613768,6662620.262799067,4593997.008717066
2024-12-16,4343036.309990427,1602163.3955217078,6656876.529092375,4581145.750307243
2024-12-17,4279289.773657319,1591749.751332107,6561804.02647317,4521951.036056898
2024-12-18,4222550.86237572,1576270.296074281,6443086.5975314155,4489039.787015646
2024-12-19,4201932.382972411,1557666.564851153,6373356.54099817,4443874.582761665
2024-12-20,4092845.467382618,1524797.5011633087,6227981.435883721,4365958.927173116
2024-12-23,4114426.5141359763,1528973.7078692992,6282491.236456789,4392860.707813145
2024-12-24,4100483.1908029723,1537838.5611060609,6276510.0174477035,4388433.142556496
2024-12-26,4116900.665188013,1547781.1550950292,6294395.768059463,4395324.136685614
2024-12-27,4099747.699126575,1538900.4052569252,6271980.532228376,4398969.161858133
2024-12-30,4090215.234848282,1539416.607156171,6227693.934662774,4375488.692756089
2024-12-31,4092391.75443701,1538125.6136874934,6230724.572471697,4374520.121655602
2025-01-01,4139991.3442017413,1549555.8707507863,6277079.9446346685,4392357.12087555
2025-01-02,4192454.4750157837,1554853.3886080268,6358985.870845167,4469662.396823408
2025-01-03,4142646.526534443,1547860.0463870345,6322044.258897613,4443016.642508961
2025-01-06,4035280.192758087,1499920.266295446,6240975.141986436,4358103.670495509
2025-01-07,4033264.044067021,1514744.0405432459,6237000.429207645,4371186.032356606
2025-01-08,3948713.9201731263,1490042.6364871254,6203725.967578582,4361839.511367134
2025-01-09,3895024.8606478623,1482384.1943631372,6133106.344625359,4327200.289887554
2025-01-10,3828595.7332813037,1457642.9775204123,6146801.204542701,4297238.180153012
2025-01-13,3714660.710596362,1418902.8073895923,6048531.372876568,4211848.648393026
2025-01-14,3731831.668392956,1413737.6342818087,6055242.736693934,4244627.850371594
2025-01-15,3744200.133523603,1415245.5355678892,6054002.594801772,4256845.989761079
2025-01-16,3751932.7869709157,1412319.060684626,6080186.91340999,4282753.609560325
2025-01-17,3706336.434110362,1408804.816079973,6020924.935272494,4275492.468868062
2025-01-20,3729889.1051035635,1406496.2973784085,6091065.741213574,4297394.641943793
2025-01-21,3626277.569327135,1374027.8196771487,6056736.877459024,4228720.120723858
2025-01-22,3607292.4566761167,1365821.1522471807,6099181.794757788,4241879.8518243
2025-01-23,3639821.88215391,1372325.260845383,6088760.082773308,4256994.335662617
2025-01-24,3607660.3538864315,1356852.881703435,6071300.808994831,4227818.944160152
2025-01-27,3576031.6812312286,1311603.914405866,6033150.485653501,4166975.626837629
2025-01-28,3543826.2663587322,1309299.0918268769,6088764.489096009,4188395.399978014
2025-01-29,3585665.7025913033,1314228.6186381965,6131787.307376756,4234462.980640501
2025-01-30,3562062.465440514,1313344.0116139327,6125755.667953193,4248076.438787615
2025-01-31,3595323.4948905394,1328526.370613739,6123994.294208322,4299266.235428419
2025-02-01,3607820.6293664253,1305522.3751943866,6136339.506459306,4299789.762440246
2025-02-03,3587520.4330282914,1301111.9959444136,6170803.8130327165,4271127.019996562
2025-02-04,3620896.499886255,1313919.256354045,6196955.927900091,4339623.5386084365
2025-02-05,3654777.8329818198,1315936.4038282614,6187748.089064922,4338123.5138582075
2025-02-06,3633010.748021048,1308112.2939392354,6186549.463617731,4318736.038487318
2025-02-07,3628087.8920844104,1314523.8050356293,6186988.913807036,4313681.385286109
2025-02-10,3595619.8809736795,1301351.2592381493,6168492.321363171,4272785.584896576
2025-02-11,3468233.5127393417,1283691.2647222956,6105887.464685231,4207261.88898609
2025-02-12,3489283.765305811,1290082.9378655506,6138895.817387505,4205236.474425593
2025-02-13,3488939.369448248,1294685.0753835002,6184482.104674225,4204720.477902222
2025-02-14,3470739.5132773733,1277201.290352963,6158527.99323581,4172748.2582036755
2025-02-17,3467331.3802781748,1274140.307641092,6200485.462199924,4175925.176813814
2025-02-18,3478176.6538473424,1273310.8811440682,6202615.578998207,4173935.619694002
2025-02-19,3493595.4926815005,1273085.7438443946,6197503.665419499,4180547.508015638
2025-02-20,3480939.260763087,1274960.649808824,6166127.786190268,4188196.9926591003
2025-02-21,3460597.019238732,1269242.740593402,6149229.960896823,4163589.064838898
2025-02-24,3442322.580842384,1258243.7197640461,6132723.5382555565,4118399.551607528
2025-02-25,3434481.8519055005,1252789.3603984618,6152684.823258162,4112182.3750874135
2025-02-27,3446134.396582047,1250795.4115599494,6154571.100147117,4105189.026821658
2025-02-28,3413893.4585686247,1208519.8475832944,6067148.075632668,4021449.78501551
2025-03-03,3414425.89033489,1208320.7677315823,6063902.1319324635,4027624.015855074
2025-03-04,3428682.8752059,1209439.8136031523,6050256.658322751,4025921.1329667848
2025-03-05,3434063.591320996,1209197.1650351514,6041058.470148647,4082030.9066010355
2025-03-06,3452501.6599261286,1214681.0789583747,6076281.788948933,4121344.321073685
2025-03-07,3452860.0671670856,1205261.865888526,6065523.374974071,4119362.105543355
2025-03-10,3412518.3616364184,1194242.4082604507,6030863.084446665,4094819.0330342636
2025-03-11,3421130.7253267807,1203705.642305446,6040625.226237465,4104259.9618987064
2025-03-12,3436106.0940966476,1202869.6131893836,6091513.575767063,4100134.4883971484
2025-03-13,3422994.4861397673,1203393.6284285055,6069633.537871205,4085417.861445098
2025-03-17,3443379.388833591,1213413.4651879538,6131174.079325585,4107371.211965183
2025-03-18,3443379.388833591,1213413.4651879538,6131174.079325585,4175238.26644649
2025-03-19,3578859.1637893035,1271971.2189898854,6251129.429552081,4198251.481162872
2025-03-20,3605451.1527359653,1273076.5066629525,6269097.258548821,4245142.163995882
2025-03-21,3626768.6405155957,1281625.49560863,6288417.428896161,4275805.698405734
2025-03-24,3672187.697802935,1299814.8721521392,6370483.544906653,4331593.727564659
2025-03-25,3662774.0574063705,1287432.352175079,6370782.936118284,4321841.431453437
2025-03-26,3650295.9058219683,1277211.6742615802,6337068.294831138,4291707.0238787895
2025-03-27,3669892.2532792515,1290636.6803001068,6407358.004127209,4319331.259627107
2025-03-28,3653259.3068514597,1281337.1861413303,6373574.888284308,4303651.288561902
2025-04-01,3576657.9087602845,1257335.5738904949,6208042.567799887,4242144.327488483
2025-04-02,3595493.6887488444,1260918.9977396699,6229259.954864834,4275742.162843186
2025-04-03,3607074.9522673506,1274422.8453731416,6234890.343641434,4263477.482499511
2025-04-04,3578559.8680054694,1239479.6241268008,6174809.186243901,4191892.5170215075
2025-04-07,3441923.0095711593,1190538.4035512456,5906917.013975003,4056738.2007739763
2025-04-08,3515437.0309730303,1219860.4435671193,6053044.2923323,4128201.0177652007
2025-04-09,3503559.8745430866,1216537.9370736293,6016103.477517124,4105769.0579968877
2025-04-11,3558014.6557882475,1234156.803078045,6158231.66304624,4180281.7568834103
2025-04-15,3670650.649273754,1267835.4061033798,6363438.168698884,4278295.722092243
2025-04-16,3711237.26830009,1279985.6875513366,6406182.879172947,4299691.489027534
2025-04-17,3760077.452351642,1289994.4647722563,6502833.952845229,4367818.2610424785
2025-04-21,3830650.9383655814,1311779.5595725237,6633165.595125869,4422769.24442872
2025-04-22,3818757.406519149,1310755.9295256864,6617057.11777012,4430710.256938625
2025-04-23,3808606.501575287,1319037.550263872,6616282.398624243,4460457.499400411
2025-04-24,3776740.4814767432,1314834.0013939599,6572635.328440314,4446796.646472448
2025-04-25,3708663.442793497,1285378.7757830496,6435354.637959108,4396742.034678954
2025-04-28,3727645.7371041877,1310750.5881572743,6461497.668536296,4449692.858074656
2025-04-29,3732417.262242549,1323917.0795635951,6500457.52317465,4449002.647520059
2025-04-30,3736832.0458367392,1316540.2187875214,6433079.438468586,4444198.761971891
2025-05-02,3714089.987183155,1308620.8086611398,6431196.967816199,4445178.762296239
2025-05-05,3748145.6335236193,1341093.0632358259,6534241.44199849,4473935.106084069
2025-05-06,3710873.7717433833,1324991.581935187,6444151.785864206,4442992.313045302
2025-05-07,3710640.245734626,1320850.3444415438,6459846.653552221,4451869.789828269
2025-05-08,3673303.004800579,1310865.5109470335,6378613.403464464,4414406.388726121
2025-05-09,3641311.159171873,1318752.639972622,6329604.567807473,4371450.3876892915
2025-05-12,3760593.658936833,1362847.5828584712,6572123.941973396,4540250.771405188
2025-05-13,3747079.145684344,1369960.950659792,6573631.322101791,4487641.824833143
2025-05-14,3751848.284159099,1382771.3068391418,6612724.020860032,4506589.682753115
2025-05-15,3802708.9612042275,1410985.3364048784,6730166.702162921,4574473.769773923
2025-05-16,3860480.410483351,1435002.6496781847,6823030.1066119075,4580059.254338987
2025-05-19,3846200.1839527483,1424909.0046842413,6824814.318415648,4572575.082114062
2025-05-20,3791817.274164529,1408927.991302277,6716315.643333126,4518329.9889742555
2025-05-21,3819691.652464851,1425122.6801528449,6811323.543522958,4546995.526233121
2025-05-22,3817725.6670556283,1420823.4961696,6795917.47848201,4513453.674471609
2025-05-23,3841788.6751243095,1430961.8020274364,6848797.0058311485,4554952.722877779
2025-05-26,3851539.3460820373,1442001.6700749188,6869956.146199106,4580588.417650324
2025-05-27,3847519.430572777,1439725.045163741,6851530.453086805,4551886.152843631
2025-05-28,3846914.7239097287,1448882.1963340517,6864016.455191052,4540826.789089836
2025-05-29,3866502.2615132816,1454705.28586525,6853303.46221553,4554419.928893539
2025-05-30,3817805.693030227,1432874.4520792197,6771792.09460352,4540934.80591213
2025-06-02,3803333.4047443126,1426616.1341375588,6743213.963286021,4538994.115740915
2025-06-03,3791343.0929029365,1417583.1840628684,6722186.414568779,4509537.5611702
2025-06-04,3776819.0758897765,1418387.1455865698,6691431.049839684,4525028.642690954
2025-06-05,3795737.3535068613,1427021.812835056,6720518.8219788885,4548131.722147762
2025-06-06,3842019.678459967,1440057.3722633738,6850062.760060477,4596411.541925994
2025-06-09,3870353.7443471127,1440770.822055719,6941854.64505911,4621576.964723623
2025-06-10,3871816.6735472376,1444336.862733474,6924592.133105019,4622931.660153775
2025-06-11,3846725.775528386,1441238.665151614,6870864.087231426,4626756.71809728
2025-06-12,3804128.566725311,1415506.2630145412,6779058.991427603,4573776.42297627
2025-06-13,3756849.524866328,1407474.285609655,6720896.732796617,4541753.073080734
2025-06-16,3774196.815446479,1417669.0920532153,6789758.338510311,4582117.713590068
2025-06-17,3772383.8347712494,1409317.8485559744,6770257.2960511185,4562343.992848914
2025-06-18,3763512.1063835137,1400829.3158249133,6747936.931012448,4553575.297923406
2025-06-19,3751385.6651731846,1393206.1357962966,6695320.802615757,4539618.217121271
2025-06-20,3788490.273405506,1403415.063386439,6788422.897951203,4598664.102571919
2025-06-23,3812905.462003502,1400685.9124942038,6855186.035795172,4578593.055533314
2025-06-24,3849863.8714519287,1404855.7123552905,6898299.866858998,4596638.086403
2025-06-25,3839275.1520673293,1409755.2553187893,6871548.014230813,4630800.385631888
2025-06-26,3856794.5753402263,1418244.9546033659,6956816.476427989,4684329.216321838
2025-06-27,3886729.9755056608,1420513.3407798228,7002202.41770674,4708659.457596706
2025-06-30,3884463.8404775173,1421483.149678482,7017930.700635825,4693580.953167625
2025-07-01,3884941.2673653224,1431769.3496243816,7025323.629453028,4696517.5493243085
2025-07-02,3861972.2153512267,1429213.5746927005,6936456.559770593,4680659.871682302
2025-07-03,3835020.734676378,1434929.5722262133,6866953.825969698,4668932.732565565
2025-07-04,3842799.524535119,1433529.5979143986,6901993.743749576,4681283.466921956
2025-07-07,3840939.3177744956,1421921.6117708897,6867563.655884165,4682852.539574939
2025-07-08,3864455.8246839605,1425828.1276995756,6925746.745594872,4692302.500776199
2025-07-09,3874546.927543473,1424491.2585635043,6967506.757855125,4684700.520442064
2025-07-10,3851882.458257393,1416855.6721421678,6931975.282579706,4664586.584029874
2025-07-11,3831079.951575909,1403937.419343257,6883232.251518373,4626863.881728042
2025-07-14,3813612.7395376475,1403139.9138004314,6847358.020633118,4620235.221138163
2025-07-15,3831440.7255838728,1409816.1993101197,6896022.741447096,4642643.257947031
2025-07-16,3834624.3030731003,1411571.8720834097,6867802.910159218,4647111.50552604
2025-07-17,3811063.7104472117,1409413.994739875,6818926.841324361,4629871.567725353
2025-07-18,3787837.774047146,1399389.9748551243,6768977.000021913,4604477.409652668
2025-07-21,3811545.594353477,1408411.362951672,6842985.92554807,4626355.86374332
2025-07-22,3790807.142447799,1410519.8995552089,6834034.9876989145,4618861.507136029
2025-07-23,3796179.3123423415,1420824.1187624654,6865187.233654438,4644451.73705673
2025-07-24,3792257.004082704,1423559.4750314453,6811202.387785249,4618806.491848714
2025-07-25,3755906.087251993,1408546.0942388466,6685841.441434706,4574019.03809524
2025-07-28,3700430.438615332,1401456.6612901564,6585074.284322843,4546347.63575552
2025-07-29,3706076.3440479836,1410244.3154276183,6577199.859098065,4574970.055842008
2025-07-30,3704182.865094807,1404117.5228202813,6563164.232210363,4580757.27262526
2025-07-31,3690757.8223511833,1394319.079298658,6561622.516480938,4563852.993250626
2025-08-01,3645509.593201879,1375516.7608458893,6483036.693193495,4523507.339291576
2025-08-04,3678705.2829791796,1379118.8844840014,6549791.417962173,4556331.6488797115
2025-08-05,3676998.834619508,1373442.1628676457,6565011.056039095,4543398.626957278
2025-08-06,3665791.6581888054,1363164.9356038175,6544379.359787302,4525498.177816489
2025-08-07,3675280.230511042,1371819.0137827462,6549300.52852181,4530634.7336859945
2025-08-08,3624007.1965446067,1357130.1947148053,6443264.53758392,4485678.091327407
2025-08-11,3660234.909726477,1365989.4124388148,6508408.035249263,4528534.6216012
2025-08-12,3638003.773766519,1368029.128855389,6444252.341673675,4515643.189927781
2025-08-13,3660437.5958555,1385878.3392421685,6509443.227773387,4540598.215631151
2025-08-14,3659248.627511228,1384302.281308818,6505905.743244273,4542567.096939551
2025-08-18,3708157.2601046357,1411005.9762575359,6623833.352903402,4590624.860964901
2025-08-19,3719485.7430321258,1416983.0950139102,6614170.465265753,4612585.690594141
2025-08-20,3727346.041012588,1420774.4604372878,6583943.74806273,4626221.430729688
2025-08-21,3723704.994067142,1422608.9404748834,6601307.601286069,4629514.490393393
2025-08-22,3697495.786344425,1414814.9417354367,6554758.40283027,4591802.987903365
2025-08-25,3700564.065592104,1418330.4599045569,6566533.233674064,4609016.249652854
2025-08-26,3659058.6364143062,1415699.3754965342,6442294.527887362,4559230.512296434
2025-08-28,3596114.829412657,1412952.1980832838,6325325.2336675385,4516860.830621128
2025-08-29,3579663.509819258,1408371.402219178,6305787.497948457,4503221.809974544
2025-09-01,3611085.3541604443,1433183.111062461,6365534.10838932,4544271.37302369
2025-09-02,3613011.2448021956,1428905.1651177958,6374366.409013897,4541319.06931066
2025-09-03,3664210.418127902,1436094.7123098648,6409730.908504532,4567182.37184165
2025-09-04,3626295.2029050356,1443190.4835091678,6439229.6937770825,4567157.995933923
2025-09-05,3601609.2619758565,1450224.0192223743,6450886.017034657,4567418.29339031
2025-09-08,3629679.1763377017,1457867.0183789113,6485175.082335036,4575503.744438461
2025-09-09,3631573.401617962,1468222.38746819,6492674.137541263,4591170.1150319325
2025-09-10,3638336.5458997963,1466230.6418229977,6551688.712415687,4610532.881505433
2025-09-11,3636464.4191534123,1463813.9367674857,6543564.964486905,4618010.295578253
2025-09-12,3678598.1752984924,1465710.2330339055,6650928.977803863,4637120.545528389
2025-09-15,3691490.022740033,1454851.452901609,6658460.898905076,4634992.689349747
2025-09-16,3712745.5677375933,1468767.4686846212,6697820.694579204,4665568.549371893
2025-09-17,3737473.220701628,1474608.8343632873,6715009.720148666,4681172.748277111
2025-09-18,3745743.1602560715,1484817.9216335418,6710930.089224985,4697589.916393145
2025-09-19,3741861.301317965,1484576.8730405206,6677082.468457357,4687454.752346872
2025-09-22,3749157.755934484,1474213.5583337247,6707680.041459391,4671051.10159542
2025-09-23,3732942.9162799786,1469989.639365531,6687259.3215239905,4662270.07835646
2025-09-24,3704854.349601635,1459205.0622498114,6628798.01977705,4635268.553356643
2025-09-25,3698362.2080679364,1453418.595376621,6585346.104015858,4603823.605182048
2025-09-26,3663154.754409986,1438875.9787981983,6471378.477744153,4554269.147172773
2025-09-29,3649405.9104281412,1439342.825582152,6504956.963666948,4559223.920109804
2025-09-30,3665126.563736966,1442860.9510255929,6498883.773093954,4555624.096598641
2025-10-01,3692669.1498451508,1445395.6781534734,6535565.1403247705,4593011.2866836535
2025-10-03,3697954.1431801836,1451513.3118384418,6547948.607824093,4604914.441433073
2025-10-06,3712454.3401904013,1463471.1042870984,6615842.827950264,4635775.197857049
2025-10-07,3708363.5637217443,1468207.8855442144,6626025.959784046,4641365.031621541
2025-10-08,3685318.6950420863,1461417.203931171,6565054.67986777,4625770.24260935
2025-10-09,3700391.69439531,1463935.5170299993,6616340.753609262,4650900.981219368
2025-10-10,3718591.9021552606,1474583.4520648406,6633563.392148631,4668691.808906904
2025-10-13,3724684.9462372586,1473504.2763260517,6660521.4564872645,4658382.68952521
2025-10-14,3718049.5752582476,1473052.3241993496,6620554.511918326,4641660.44212585
2025-10-15,3743780.8980793906,1484348.3885726212,6733030.565810466,4679607.379353251
2025-10-16,3772382.802950968,1488895.0464332257,6763877.668573195,4723717.5833872445
2025-10-17,3769457.650997728,1489062.1827892857,6765882.176137222,4742212.378613545
2025-10-20,3800329.866303753,1506406.6254520647,6805126.866681967,4764090.392882678
2025-10-21,3802381.225306521,1505963.7702852208,6815750.357759383,4768744.636504728
2025-10-23,3791457.549054516,1499950.7346317237,6800453.632514759,4771307.0376081
2025-10-24,3773783.9560264703,1493238.2732305385,6808547.5075984225,4755674.625261082
2025-10-27,3788334.1824904354,1504333.1701024969,6814111.006141868,4787823.9538287455
2025-10-28,3801715.343218289,1504532.274686774,6766539.9328334555,4779199.822888986
2025-10-29,3814853.0509960367,1504731.3042686877,6757412.887526244,4808320.2794828145
2025-10-30,3791511.8257874153,1492960.8082124419,6707707.145778891,4779364.532279068
2025-10-31,3798474.040257094,1489318.1290079667,6669314.703260138,4752396.075675258
2025-11-03,3833182.4552030372,1483900.354248334,6686854.09666503,4766146.9007295305
2025-11-04,3809456.549680453,1466771.3420355595,6642477.494753132,4737023.271312895
2025-11-06,3773172.3678793423,1463096.65138174,6570552.564639715,4713638.576066117
2025-11-07,3798419.3224617923,1468424.1700168382,6621848.032565022,4712957.080700642
2025-11-10,3808430.4131459584,1471526.6444084516,6675162.453480091,4729208.395455175
2025-11-11,3839228.7345056157,1472632.896919741,6628923.784959787,4748849.059751485
2025-11-12,3852489.1639623735,1471258.2328235921,6652550.22447059,4777643.326110243
2025-11-13,3828995.6466309023,1472787.8794273327,6663004.152590509,4778605.53947359
2025-11-14,3829400.181150572,1473954.6640139883,6706746.995795225,4782599.334840876
2025-11-17,3846828.527349037,1477081.0317996258,6736962.480620973,4802637.301521197
2025-11-18,3826345.439459912,1466925.2741165967,6659033.542703491,4780953.150495528
2025-11-19,3839963.1638085307,1471055.9233870537,6654991.582703362,4802804.134192184
2025-11-20,3870689.98337244,1479534.5490096705,6714512.137882744,4823490.342817816
2025-11-21,3852921.9396679406,1468737.8920373882,6624580.955905729,4794210.956468484
2025-11-24,3854100.813497109,1455687.0889834026,6571299.70552136,4769835.920439415
2025-11-25,3851336.8319103285,1461409.0899114625,6586928.948055514,4760242.020664252
2025-11-26,3897874.5271883174,1484826.0143790033,6702953.125200467,4821269.050539928
2025-11-27,3894795.0556881744,1488110.316760184,6727372.964079537,4821454.541828231
2025-11-28,3891579.8118798095,1492624.6556449807,6708923.944208534,4820220.090195342
2025-12-01,3894587.1195623283,1491374.0523246194,6697009.615268986,4816923.297435579
2025-12-02,3869424.5979127036,1482272.3660883878,6676927.867880833,4793999.551258873
2025-12-03,3827199.6347794174,1473427.3078810999,6590221.338364489,4778314.716418794
2025-12-04,3817626.6233135243,1478857.562127995,6578444.6061545275,4787439.45733765
2025-12-05,3851586.5611073794,1480124.3286906902,6657781.668359084,4812607.347685945
2025-12-08,3775276.8075409285,1459998.7871760048,6488522.705778246,4761847.283750055
2025-12-09,3783936.960606047,1462585.005278944,6478392.03856737,4747701.221847933
2025-12-10,3779398.4056337397,1464748.9704065453,6440346.876940628,4733577.72770482
2025-12-11,3803192.008841391,1464907.8253825363,6475070.653415499,4759345.588720279
2025-12-12,3801047.2951439647,1479757.4410714153,6513310.509937247,4788611.958717597
2025-12-15,3795339.560519484,1482384.6594590792,6504741.163987554,4786807.689751374
2025-12-16,3768709.1923259567,1472813.9546417862,6451250.8152992,4757769.576211608
2025-12-17,3777087.6973242313,1471696.8913428714,6406177.136341182,4748373.955413455
2025-12-18,3771167.114128369,1481072.3645419371,6403448.276292868,4745080.91767372
2025-12-19,3803472.2174898726,1481743.2315230952,6446900.921241478,4774479.687448015
2025-12-22,3834966.9509085463,1498680.7414213968,6487121.8537485,4811420.835995756
2025-12-23,3849190.331378177,1497815.7144318055,6527963.187302915,4814968.828399709
2025-12-24,3858142.863191797,1499859.4759748052,6532022.075635155,4807948.421399287
2025-12-26,3836689.08262364,1510990.6481550152,6483231.885385357,4792558.25673348
2025-12-29,3809268.392947798,1517646.3854146095,6439467.054656311,4773425.904366885
2025-12-30,3824204.487488796,1542099.6876751669,6429891.047008661,4773208.080347779
2025-12-31,3852287.9302220326,1549346.0064867598,6451034.192779958,4810427.554677332
2026-01-01,3876901.4704388017,1564038.0947928943,6494447.433318354,4816497.353825371
2026-01-02,3880661.198847601,1583099.9548979157,6595127.85954582,4852867.567893369
2026-01-05,3872457.143589484,1590764.7184805358,6550793.2940301085,4840722.078080733
2026-01-06,3860731.6719518383,1591914.8014772173,6570091.478918199,4831763.329315123
2026-01-07,3865431.1471769353,1588632.9755682417,6580862.261070878,4826862.885056121
2026-01-08,3838107.949971881,1554084.7270095854,6529524.607781113,4769280.812655343
2026-01-09,3801595.145377714,1556690.3081327681,6482193.470078092,4731455.334353115
2026-01-12,3804233.172234272,1569206.2049419328,6492321.251527458,4750232.976101236
2026-01-13,3822909.727575013,1562563.9533483176,6479096.149143862,4739254.450091832
2026-01-14,3824673.9387136856,1583837.1691249714,6477573.440451322,4731912.021960156
2026-01-15,3824673.9387136856,1583837.1691249714,6477573.440451322,4731912.021960156
2026-01-16,3827625.1064590975,1582480.8571669399,6490197.06802537,4739491.904127827
2026-01-19,3788297.5131820375,1577923.8343595087,6455920.278168525,4720812.293640282
2026-01-20,3709758.827935025,1544976.652376699,6291931.418665335,4648458.889772631
2026-01-21,3674153.3395967744,1539225.2634487473,6268097.482799712,4634068.991844439
2026-01-22,3699530.372214052,1555024.304312655,6363082.69493487,4662662.9433213975
2026-01-23,3654284.13860944,1541025.1298740166,6305351.955774301,4610410.649741933
2026-01-27,3664891.3305581072,1558695.313074243,6336904.267191449,4634885.025344254
2026-01-28,3673350.7776296567,1597021.9051301642,6462343.677297777,4677681.036440846
2026-01-29,3696139.482343045,1644715.7597116188,6528760.114280302,4691685.3255409235
2026-01-30,3709461.9836384766,1598517.9450528712,6482494.067153978,4670163.73520035
2026-02-02,3645148.909077423,1536700.3652733858,6363388.379854661,4625605.537265101
2026-02-03,3711287.4362219167,1574826.2296661644,6457665.840681793,4744159.953201234
2026-02-04,3725069.967377896,1596000.0520125756,6509216.0619933875,4756650.54731902
2026-02-05,3701009.8044373337,1591212.5789278364,6484873.488511917,4732777.023235522
2026-02-06,3728239.2693724213,1584374.9536433674,6471897.183478726,4742377.84836405
2026-02-09,3792495.8545536348,1617845.6860588777,6507130.985179438,4777175.045330158
2026-02-10,3788779.2508168723,1641597.1046439423,6517500.136053823,4788726.520345258
2026-02-11,3818421.097873055,1644220.1011980427,6521355.306613459,4795927.06444299
2026-02-12,3836587.695744025,1645190.65901701,6510679.608320798,4769865.900269749
2026-02-13,3796368.1801929357,1599041.7241428485,6407459.425753768,4705696.752977761
2026-02-16,3847666.0170898964,1580721.9492385928,6440549.446285004,4745894.106371592
2026-02-17,3871806.9717656136,1567241.5253191981,6479282.95621734,4756623.695231048
2026-02-18,3890562.4320259453,1592865.236412818,6485515.004315816,4777072.210960658
2026-02-19,3835772.9718130454,1563469.5936354501,6390889.28567021,4705978.902778367
2026-02-20,3880043.017904304,1576120.1269483066,6464696.958218703,4728991.890840224
2026-02-23,3913894.747096928,1580030.3028900686,6482101.344854761,4753855.942939424
2026-02-24,3913144.9090957153,1586946.8185806784,6513404.8997423295,4709942.639674796
2026-02-25,3937704.54163764,1604507.575041843,6565232.591429813,4725828.060203269
2026-02-26,3962293.3139513033,1613790.724268712,6587972.8354146285,4730532.298666285
2026-02-27,3908986.764116037,1619398.571748223,6555677.666169937,4671088.286565833
2026-03-02,3830970.687276976,1588537.9998118237,6526554.017769336,4610793.771035557
2026-03-04,3715140.867562912,1545607.7213038797,6419666.017630447,4530437.600526826
2026-03-05,3800796.8885714733,1550354.7979847726,6542155.766372213,4584835.082460121
2026-03-06,3758034.466735329,1533592.0741717848,6548544.136568443,4533627.139581516
2026-03-09,3663741.643297266,1480981.5195565408,6415110.277584328,4452553.501759215
2026-03-10,3744637.0434754496,1504617.268744654,6476466.511545434,4501597.895219601
2026-03-11,3687281.5560847865,1494803.4557350567,6404659.281816871,4432420.224443154
2026-03-12,3670966.2316924715,1501271.5405261656,6426798.609657754,4396661.6792425355
2026-03-13,3600503.6298062904,1473281.4078461244,6300943.76286098,4301833.123802811
2026-03-16,3591721.3424400194,1483285.7276085007,6279111.64338277,4338967.657254745
2026-03-17,3614493.534481567,1506237.8173516253,6341264.466433896,4371826.424158218
2026-03-18,3645508.5020195795,1507824.2573932074,6349143.506033173,4409415.452432505
2026-03-19,3561904.077247208,1480374.330770017,6233470.75663081,4266072.613493741
2026-03-20,3583350.256108371,1477895.5908548723,6282086.230692603,4286756.237372695
2026-03-23,3500506.366699172,1443169.2623432307,6127774.06134912,4166407.11050701
2026-03-24,3553899.0437399517,1450410.376038728,6198995.058029224,4238707.457052586
2026-03-25,3621146.6115743136,1459493.2381854756,6245316.922843509,4313677.609109286
2026-03-27,3538301.736324793,1439254.8803927358,6213458.801265469,4221405.110956025
2026-03-30,3472567.667052828,1436583.3507672192,6173884.687285316,4126828.7598589994
2026-04-01,3534992.4617403653,1451335.265320156,6232402.1787188575,4198453.266983723
2026-04-02,3495995.1534169717,1465211.7162663734,6226479.623257026,4204086.5816808175
2026-04-06,3528990.9793053265,1468603.2011103246,6258616.428101121,4253699.426389575
2026-04-07,3538378.5372902686,1473597.2413557319,6283837.163846942,4280864.493520831
2026-04-08,3658118.9304715274,1488142.7288107167,6351844.208817555,4449775.793502374
2026-04-09,3675067.6623526453,1514573.3158785412,6436882.828674861,4417216.81445996
2026-04-10,3771586.2725912803,1517908.8329710683,6462149.314485411,4475500.108210599
2026-04-13,3734964.5261325575,1517146.891930484,6467644.830758486,4437544.548075343
2026-04-15,3789954.3638782185,1543598.3053196922,6475936.055168125,4513993.92156779
2026-04-16,3825786.6312044277,1577355.9013203906,6451439.3246681485,4517303.785358123
2026-04-17,3853241.3633442945,1585493.0539501982,6500092.076889192,4552830.70887718
2026-04-20,3880029.301080882,1565888.0521850134,6520198.633531259,4555310.95830787
2026-04-21,3887622.4029212757,1567125.3379254579,6521414.915484147,4593342.597087753
2026-04-22,3890370.123910911,1544576.7057621153,6523996.78993557,4569115.526428743
2026-04-23,3846421.537523789,1547344.9660220973,6563143.737317766,4526679.353784653
2026-04-24,3841984.3283697832,1518947.028954835,6550713.507691759,4479207.6871928545
2026-04-27,3849620.2556765955,1542338.0699415286,6572499.244757431,4519745.578778694
2026-04-28,3824077.262018036,1561461.7671613253,6681963.752337225,4502151.790381654
2026-04-29,3809888.038242034,1575043.2752901693,6705861.177644112,4529366.657619295
2026-04-30,3779085.499459568,1543601.1454738404,6658653.367254585,4491657.391891364
2026-05-01,3779085.499459568,1543601.1454738404,6658653.367254585,4491657.391891364
2026-05-04,3826982.745763616,1552045.3494477838,6690875.347829227,4517786.018027408
2026-05-05,3835447.592172478,1553732.6838561501,6685363.704057032,4508574.115865422
2026-05-06,3916705.544851853,1551163.3824508553,6683032.757615457,4566675.655858119
2026-05-07,3971740.263557153,1564547.6462762256,6795705.706280831,4567878.473796581
2026-05-08,3950369.709246071,1544684.3234397287,6771651.907182357,4540606.571822361
2026-05-11,3878278.6088202195,1526197.0630154943,6725616.490554193,4471328.871113778
2026-05-12,3802568.565053779,1499135.1874259969,6643720.090090477,4384435.80729498
2026-05-13,3819252.458858783,1509857.1630387232,6650021.216444769,4396301.216291927
2026-05-14,3855781.665629197,1527859.9450569183,6729241.774231082,4447739.417823965
2026-05-15,3813978.862713692,1520589.7813336197,6728631.672776918,4435257.41339155
2026-05-18,3787406.801031723,1529949.5738774457,6705262.634403939,4428370.461230335
2026-05-19,3795869.3192040026,1534518.121194743,6702663.038722387,4427865.4836269105
2026-05-20,3829711.4432763313,1542500.4755889496,6778681.88536667,4438452.990984054
2026-05-21,3850721.8246758212,1545037.9230128655,6839422.479650668,4439452.660003474
2026-05-22,3860222.243130966,1545781.3715432503,6773636.549837433,4454058.982808837
2026-05-25,3901093.9252472743,1549940.4135959789,6794153.481740114,4515460.246529204
2026-05-26,3905772.504948455,1560193.6374960924,6845238.134620484,4498879.4887079885
2026-05-27,3964436.7879750277,1547693.483042219,6902662.754948011,4509802.318121076
2026-05-28,3964436.7879750277,1547693.483042219,6902662.754948011,4509802.318121076
2026-05-29,3904890.534925203,1538719.8040329542,6827117.1656966405,4444892.0160437655
2026-06-01,3807582.3836792335,1515905.3792353922,6744492.611589369,4405945.709739592
2026-06-02,3772007.931570213,1511284.696436594,6692495.011866956,4423647.186243445
2026-06-03,3762873.351526302,1506361.2593885593,6697355.99511719,4408606.826745939
2026-06-04,3781245.3576915236,1519436.1638714867,6770065.0277150795,4412067.229145811
2026-06-05,3771722.4063179116,1503815.458650951,6751268.453685834,4408132.950255712
2026-06-08,3711784.595274352,1482933.3746570991,6665890.442947471,4356381.081611827
2026-06-09,3735053.5599580053,1487611.6656246674,6633564.186500224,4386054.472206979
2026-06-10,3679588.7860973724,1463392.2303043026,6534097.107881129,4372490.966603954
2026-06-11,3643077.2459677034,1449733.6137537542,6506423.157016724,4355097.664311272
2026-06-12,3747453.4192268252,1467545.692007145,6541572.5864588,4446609.743354726
2026-06-15,3799095.5499375667,1477046.685141665,6493619.838050968,4501797.298992437
2026-06-16,3820521.4986477527,1484624.185374974,6519521.651403875,4523817.03185632
2026-06-17,3856411.6120901555,1497331.014918429,6584810.830480137,4543995.349590279
2026-06-18,3866318.8357541487,1504355.0112211863,6604011.469084274,4560547.6505483175
2026-06-19,3887484.82884895,1508779.329091934,6632411.377752189,4540883.1080781985
2026-06-22,3893317.909607197,1515101.2901849558,6634548.233641478,4563082.264022325
2026-06-23,3850487.401512111,1501438.7686975084,6571865.313066349,4509669.050569572
2026-06-24,3838856.083948712,1492421.9399280578,6468954.709986823,4540070.883768805
2026-06-25,3835054.2707234304,1495281.814858288,6415145.026100997,4546927.076492043
2026-06-26,3835054.2707234304,1495281.814858288,6415145.026100997,4546927.076492043
2026-06-29,3827149.2151126894,1475975.5053845898,6446275.74080801,4522004.261468747
2026-06-30,3838936.598836121,1471109.0097964006,6509334.960809986,4511661.9507260835
2026-07-01,3847717.1048486666,1466287.5373972745,6501183.586060311,4538685.985539758
2026-07-02,3837685.9225229253,1466038.7621213312,6497786.5193421915,4568540.064457259
2026-07-03,3774405.0799597776,1465052.5020151138,6392985.19944086,4582800.6313831555
2026-07-06,3788585.7097668014,1463912.251046659,6421243.44104054,4612198.070937609
2026-07-07,3765346.9582040873,1459269.7160383863,6378825.983681908,4602634.35154265
2026-07-08,3691318.367463491,1426971.6382609983,6265358.075902215,4507309.707333159
2026-07-09,3712580.96494549,1435741.9179157126,6283838.927021011,4526711.452428446
2026-07-10,3747657.968079296,1440590.6857983402,6326185.413651803,4575500.9266513735
2026-07-13,3754041.4143359344,1444566.390922682,6330156.778279857,4572862.04990951
2026-07-14,3714523.278411268,1425580.6196935521,6308778.290820403,4545291.999912802
2026-07-15,3761684.363629563,1431159.2454026684,6386484.549888092,4553169.676340056
2026-07-16,3759471.1268333583,1441997.0384436494,6357460.520259927,4549335.879390722
2026-07-17,3762746.582710971,1440261.986985848,6323232.480327916,4589694.723885091
2026-07-20,3758818.8234897624,1438584.2980242996,6339530.396120364,4582189.962120582
2026-07-21,3770206.9091245853,1433844.4114249866,6316849.723900269,4577986.831208823
2026-07-22,3780330.8961648834,1440184.3197373797,6296344.4553002035,4542819.277145491
2026-07-23,3757554.7648201953,1429549.5933687934,6281137.660659512,4518046.25474844
2026-07-24,3722232.506191439,1440709.4219770066,6223724.2622747915,4503971.150177296
2026-07-27,3777416.212463502,1451433.3240538246,6318291.201902909,4549236.866209178
2026-07-28,3726489.289266134,1477158.1313866908,6280490.081189712,4541654.410372102
2026-07-29,3738054.917619938,1485343.0134792353,6319612.78117717,4588824.748722019
2026-07-30,3715298.3467047345,1494485.0573897175,6286891.437958582,4599965.728279436
2026-07-31,3786832.0800727983,1484367.6685386896,6415942.656932934,4622823.067781519
2026-08-03,3829648.0439542294,1514577.561022749,6476756.505058104,4697158.57513685
2026-08-04,3807205.431411609,1506946.9080613835,6447377.612889894,4667922.488902264
2026-08-05,3863162.433783635,1508043.8223993129,6525788.5402931655,4672497.954286271
2026-08-06,3864705.351104596,1498729.7272001086,6512387.865422566,4674866.494224961
2026-08-07,3839759.6733456147,1502019.3384072694,6444288.7337375395,4667653.809265016
2026-08-10,3859352.205090689,1509105.5775113334,6550500.946810791,4670507.947911182
2026-08-11,3828985.2920380826,1506331.8329286866,6476608.292083077,4651779.939862267
2026-08-12,3851939.776028635,1511580.5311606938,6502396.214229208,4647338.564993687
2026-08-13,3845197.838909673,1517746.0369253182,6471656.757797413,4641168.2843938805
2026-08-14,3837133.4705466214,1510077.4413004657,6457441.146027358,4634036.129242989
2026-08-17,3854242.8309801584,1505536.7902189584,6460956.238088334,4621727.708459829
2026-08-18,3827998.43872161,1491100.5560816084,6415939.640352979,4599235.657727558
2026-08-19,3779463.331928866,1496676.312496695,6337238.2127875695,4582598.3157981085
2026-08-20,3804846.270807163,1507998.892388508,6373478.292543059,4609717.9799277345
2026-08-21,3813192.3633314143,1507174.8411303945,6366926.78526073,4610463.999840304
