Date,NIFTY100_TRI
2003-01-01,1000.0
2003-01-02,1008.03
2003-01-03,1004.49
2003-01-06,999.85
2003-01-07,997.81
2003-01-08,1005.31
2003-01-09,1013.33
2003-01-10,998.61
2003-01-13,993.25
2003-01-14,997.95
2003-01-15,1003.67
2003-01-16,1006.77
2003-01-17,1005.35
2003-01-20,996.65
2003-01-21,998.93
2003-01-22,1002.35
2003-01-23,991.71
2003-01-24,977.13
2003-01-27,959.08
2003-01-28,967.54
2003-01-29,960.33
2003-01-30,957.87
2003-01-31,963.76
2003-02-03,976.43
2003-02-04,975.89
2003-02-05,969.31
2003-02-06,983.63
2003-02-07,978.2
2003-02-10,969.03
2003-02-11,968.3
2003-02-12,964.89
2003-02-14,956.34
2003-02-17,977.62
2003-02-18,978.92
2003-02-19,984.52
2003-02-20,985.74
2003-02-21,985.79
2003-02-24,989.51
2003-02-25,975.92
2003-02-26,970.17
2003-02-27,974.27
2003-02-28,982.81
2003-03-03,979.14
2003-03-04,968.18
2003-03-05,962.71
2003-03-06,954.22
2003-03-07,940.68
2003-03-10,930.14
2003-03-11,937.34
2003-03-12,926.08
2003-03-13,924.06
2003-03-17,917.93
2003-03-19,927.46
2003-03-20,946.55
2003-03-21,951.71
2003-03-22,958.3
2003-03-24,936.85
2003-03-25,934.5
2003-03-26,936.51
2003-03-27,927.05
2003-03-28,924.64
2003-03-31,903.2
2003-04-01,909.07
2003-04-02,923.68
2003-04-03,933.21
2003-04-04,943.38
2003-04-07,957.1
2003-04-08,945.89
2003-04-09,933.8
2003-04-10,896.29
2003-04-11,886.37
2003-04-15,887.54
2003-04-16,893.98
2003-04-17,878.74
2003-04-21,885.19
2003-04-22,882.0
2003-04-23,873.0
2003-04-24,869.55
2003-04-25,865.55
2003-04-28,871.82
2003-04-29,872.95
2003-04-30,875.35
2003-05-02,881.02
2003-05-05,889.52
2003-05-06,895.69
2003-05-07,893.6
2003-05-08,885.94
2003-05-09,884.11
2003-05-12,886.02
2003-05-13,893.64
2003-05-14,903.03
2003-05-15,910.98
2003-05-16,921.19
2003-05-19,914.9
2003-05-20,920.78
2003-05-21,921.02
2003-05-22,919.01
2003-05-23,926.24
2003-05-26,940.72
2003-05-27,934.61
2003-05-28,949.97
2003-05-29,962.91
2003-05-30,966.23
2003-06-02,968.47
2003-06-03,967.19
2003-06-04,977.03
2003-06-05,987.5
2003-06-06,996.31
2003-06-09,1004.87
2003-06-10,989.21
2003-06-11,996.85
2003-06-12,1003.84
2003-06-13,1007.25
2003-06-16,1002.19
2003-06-17,1029.97
2003-06-18,1033.79
2003-06-19,1041.79
2003-06-20,1050.6
2003-06-23,1042.19
2003-06-24,1039.72
2003-06-25,1058.79
2003-06-26,1066.71
2003-06-27,1075.42
2003-06-30,1084.37
2003-07-01,1084.39
2003-07-02,1089.52
2003-07-03,1101.44
2003-07-04,1097.88
2003-07-07,1102.49
2003-07-08,1105.85
2003-07-09,1099.5
2003-07-10,1119.96
2003-07-11,1120.65
2003-07-14,1133.66
2003-07-15,1123.0
2003-07-16,1137.07
2003-07-17,1119.82
2003-07-18,1108.45
2003-07-21,1086.93
2003-07-22,1078.5
2003-07-23,1088.29
2003-07-24,1107.57
2003-07-25,1131.14
2003-07-28,1138.35
2003-07-29,1143.94
2003-07-30,1154.71
2003-07-31,1154.78
2003-08-01,1163.66
2003-08-04,1171.9
2003-08-05,1152.93
2003-08-06,1139.87
2003-08-07,1164.66
2003-08-08,1187.66
2003-08-11,1198.36
2003-08-12,1199.21
2003-08-13,1210.37
2003-08-14,1213.97
2003-08-18,1247.32
2003-08-19,1244.45
2003-08-20,1254.0
2003-08-21,1266.98
2003-08-22,1275.49
2003-08-25,1236.48
2003-08-26,1283.72
2003-08-27,1308.42
2003-08-28,1310.59
2003-08-29,1325.21
2003-09-01,1342.27
2003-09-02,1350.48
2003-09-03,1324.32
2003-09-04,1335.26
2003-09-05,1359.78
2003-09-08,1380.46
2003-09-09,1370.99
2003-09-10,1374.58
2003-09-11,1370.23
2003-09-12,1341.58
2003-09-15,1301.23
2003-09-16,1330.1
2003-09-17,1316.48
2003-09-18,1279.12
2003-09-19,1296.03
2003-09-22,1279.33
2003-09-23,1301.54
2003-09-24,1342.51
2003-09-25,1330.2
2003-09-26,1363.01
2003-09-29,1377.13
2003-09-30,1395.14
2003-10-01,1398.01
2003-10-03,1423.13
2003-10-06,1451.53
2003-10-07,1450.83
2003-10-08,1453.74
2003-10-09,1475.67
2003-10-10,1494.62
2003-10-13,1519.13
2003-10-14,1490.48
2003-10-15,1509.13
2003-10-16,1528.4
2003-10-17,1539.87
2003-10-20,1511.88
2003-10-21,1474.99
2003-10-22,1462.36
2003-10-23,1442.98
2003-10-24,1477.23
2003-10-25,1494.55
2003-10-27,1458.85
2003-10-28,1456.97
2003-10-29,1473.27
2003-10-30,1491.7
2003-10-31,1529.76
2003-11-03,1566.83
2003-11-04,1583.67
2003-11-05,1574.74
2003-11-06,1580.2
2003-11-07,1561.63
2003-11-10,1563.0
2003-11-11,1573.76
2003-11-12,1578.39
2003-11-13,1554.47
2003-11-14,1527.12
2003-11-15,1538.96
2003-11-17,1556.27
2003-11-18,1543.62
2003-11-19,1521.2
2003-11-20,1502.74
2003-11-21,1517.85
2003-11-24,1522.36
2003-11-25,1547.02
2003-11-27,1574.2
2003-11-28,1592.67
2003-12-01,1631.52
2003-12-02,1633.85
2003-12-03,1647.63
2003-12-04,1654.98
2003-12-05,1628.73
2003-12-08,1634.42
2003-12-09,1663.79
2003-12-10,1668.66
2003-12-11,1677.0
2003-12-12,1682.51
2003-12-15,1707.77
2003-12-16,1716.68
2003-12-17,1714.92
2003-12-18,1738.13
2003-12-19,1758.36
2003-12-22,1773.88
2003-12-23,1768.62
2003-12-24,1798.44
2003-12-26,1826.93
2003-12-29,1863.74
2003-12-30,1861.09
2003-12-31,1868.77
2004-01-01,1902.89
2004-01-02,1933.38
2004-01-05,1937.52
2004-01-06,1912.23
2004-01-07,1900.19
2004-01-08,1956.68
2004-01-09,1962.6
2004-01-12,1939.8
2004-01-13,1957.39
2004-01-14,1976.29
2004-01-15,1941.63
2004-01-16,1893.94
2004-01-19,1923.62
2004-01-20,1888.42
2004-01-21,1817.11
2004-01-22,1765.91
2004-01-23,1842.85
2004-01-27,1907.78
2004-01-28,1866.69
2004-01-29,1847.79
2004-01-30,1809.71
2004-02-03,1761.79
2004-02-04,1812.12
2004-02-05,1798.67
2004-02-06,1831.99
2004-02-09,1876.3
2004-02-10,1875.46
2004-02-11,1887.7
2004-02-12,1885.99
2004-02-13,1914.56
2004-02-16,1917.55
2004-02-17,1924.19
2004-02-18,1919.12
2004-02-19,1864.27
2004-02-20,1856.31
2004-02-23,1811.65
2004-02-24,1823.34
2004-02-25,1791.42
2004-02-26,1769.27
2004-02-27,1799.42
2004-03-01,1848.39
2004-03-03,1856.35
2004-03-04,1840.92
2004-03-05,1863.41
2004-03-08,1883.43
2004-03-09,1865.44
2004-03-10,1844.73
2004-03-11,1807.69
2004-03-12,1813.4
2004-03-15,1764.17
2004-03-16,1748.74
2004-03-17,1752.23
2004-03-18,1720.42
2004-03-19,1729.67
2004-03-22,1687.89
2004-03-23,1694.51
2004-03-24,1692.03
2004-03-25,1706.67
2004-03-26,1752.15
2004-03-29,1768.78
2004-03-30,1761.2
2004-03-31,1781.36
2004-04-01,1828.61
2004-04-02,1850.65
2004-04-05,1866.87
2004-04-06,1860.8
2004-04-07,1858.62
2004-04-08,1866.45
2004-04-12,1853.64
2004-04-13,1893.22
2004-04-15,1882.34
2004-04-16,1891.11
2004-04-17,1892.24
2004-04-19,1868.34
2004-04-20,1866.95
2004-04-21,1896.48
2004-04-22,1914.75
2004-04-23,1919.99
2004-04-27,1841.0
2004-04-28,1840.52
2004-04-29,1835.75
2004-04-30,1822.09
2004-05-03,1789.87
2004-05-04,1821.15
2004-05-05,1835.04
2004-05-06,1862.67
2004-05-07,1836.11
2004-05-10,1800.2
2004-05-11,1726.01
2004-05-12,1738.35
2004-05-13,1741.73
2004-05-14,1596.85
2004-05-17,1401.5
2004-05-18,1518.32
2004-05-19,1588.52
2004-05-20,1571.49
2004-05-21,1582.53
2004-05-24,1629.44
2004-05-25,1626.05
2004-05-26,1623.1
2004-05-27,1609.73
2004-05-28,1531.41
2004-05-31,1499.0
2004-06-01,1523.54
2004-06-02,1551.73
2004-06-03,1515.46
2004-06-04,1539.72
2004-06-07,1560.8
2004-06-08,1568.55
2004-06-09,1568.49
2004-06-10,1565.55
2004-06-11,1529.76
2004-06-14,1500.3
2004-06-15,1519.59
2004-06-16,1514.84
2004-06-17,1530.64
2004-06-18,1511.39
2004-06-21,1499.89
2004-06-22,1491.69
2004-06-23,1461.59
2004-06-24,1484.26
2004-06-25,1504.08
2004-06-28,1531.96
2004-06-29,1537.73
2004-06-30,1527.33
2004-07-01,1557.86
2004-07-02,1559.5
2004-07-05,1547.53
2004-07-06,1576.16
2004-07-07,1583.85
2004-07-08,1536.37
2004-07-09,1571.67
2004-07-12,1578.5
2004-07-13,1562.96
2004-07-14,1548.88
2004-07-15,1565.6
2004-07-16,1586.67
2004-07-19,1600.77
2004-07-20,1594.63
2004-07-21,1608.75
2004-07-22,1627.54
2004-07-23,1631.81
2004-07-26,1646.85
2004-07-27,1627.18
2004-07-28,1620.45
2004-07-29,1644.42
2004-07-30,1656.5
2004-08-02,1662.69
2004-08-03,1656.44
2004-08-04,1653.12
2004-08-05,1682.28
2004-08-06,1661.94
2004-08-09,1670.28
2004-08-10,1678.59
2004-08-11,1647.41
2004-08-12,1633.81
2004-08-13,1626.86
2004-08-16,1626.62
2004-08-17,1632.79
2004-08-18,1612.72
2004-08-19,1637.54
2004-08-20,1619.21
2004-08-23,1607.18
2004-08-24,1620.32
2004-08-25,1625.14
2004-08-26,1640.9
2004-08-27,1642.18
2004-08-30,1664.66
2004-08-31,1668.45
2004-09-01,1674.43
2004-09-02,1673.25
2004-09-03,1680.51
2004-09-06,1692.52
2004-09-07,1700.28
2004-09-08,1705.8
2004-09-09,1696.65
2004-09-10,1715.48
2004-09-13,1721.71
2004-09-14,1731.35
2004-09-15,1729.96
2004-09-16,1753.44
2004-09-17,1780.16
2004-09-20,1776.36
2004-09-21,1797.78
2004-09-22,1806.17
2004-09-23,1778.57
2004-09-24,1776.04
2004-09-27,1772.12
2004-09-28,1755.58
2004-09-29,1781.7
2004-09-30,1797.94
2004-10-01,1825.4
2004-10-04,1853.81
2004-10-05,1863.86
2004-10-06,1847.79
2004-10-07,1866.34
2004-10-08,1870.61
2004-10-09,1869.41
2004-10-11,1857.75
2004-10-12,1834.3
2004-10-14,1840.06
2004-10-15,1839.92
2004-10-18,1832.38
2004-10-19,1854.34
2004-10-20,1836.65
2004-10-21,1826.4
2004-10-25,1801.89
2004-10-26,1824.53
2004-10-27,1830.71
2004-10-28,1845.06
2004-10-29,1833.3
2004-11-01,1844.84
2004-11-02,1861.42
2004-11-03,1886.75
2004-11-04,1885.63
2004-11-05,1900.85
2004-11-08,1909.26
2004-11-09,1903.51
2004-11-10,1920.43
2004-11-11,1915.81
2004-11-12,1919.46
2004-11-16,1927.96
2004-11-17,1941.91
2004-11-18,1948.81
2004-11-19,1928.16
2004-11-22,1928.29
2004-11-23,1950.14
2004-11-24,1962.14
2004-11-25,1959.72
2004-11-29,1998.51
2004-11-30,2015.99
2004-12-01,2023.53
2004-12-02,2064.39
2004-12-03,2061.92
2004-12-06,2058.09
2004-12-07,2057.32
2004-12-08,2043.66
2004-12-09,2055.59
2004-12-10,2035.38
2004-12-13,2050.83
2004-12-14,2073.57
2004-12-15,2095.11
2004-12-16,2102.69
2004-12-17,2084.89
2004-12-20,2100.59
2004-12-21,2119.56
2004-12-22,2111.37
2004-12-23,2127.04
2004-12-24,2143.25
2004-12-27,2147.12
2004-12-28,2164.74
2004-12-29,2160.22
2004-12-30,2149.53
2004-12-31,2173.89
2005-01-03,2208.52
2005-01-04,2200.41
2005-01-05,2125.24
2005-01-06,2088.18
2005-01-07,2107.03
2005-01-10,2074.65
2005-01-11,2039.06
2005-01-12,1993.77
2005-01-13,2041.26
2005-01-14,2018.72
2005-01-17,2022.04
2005-01-18,2024.93
2005-01-19,2015.41
2005-01-20,2010.14
2005-01-24,1991.46
2005-01-25,2014.67
2005-01-27,2038.99
2005-01-28,2091.13
2005-01-31,2139.49
2005-02-01,2141.81
2005-02-02,2139.37
2005-02-03,2168.2
2005-02-04,2166.91
2005-02-07,2145.59
2005-02-08,2144.17
2005-02-09,2159.76
2005-02-10,2155.18
2005-02-11,2172.29
2005-02-14,2187.23
2005-02-15,2178.1
2005-02-16,2158.35
2005-02-17,2149.98
2005-02-18,2144.39
2005-02-21,2129.79
2005-02-22,2148.13
2005-02-23,2148.54
2005-02-24,2146.27
2005-02-25,2149.11
2005-02-28,2192.94
2005-03-01,2175.73
2005-03-02,2190.11
2005-03-03,2225.12
2005-03-04,2244.8
2005-03-07,2260.44
2005-03-08,2271.9
2005-03-09,2261.49
2005-03-10,2269.12
2005-03-11,2255.28
2005-03-14,2245.48
2005-03-15,2228.1
2005-03-16,2224.81
2005-03-17,2196.34
2005-03-18,2203.52
2005-03-21,2192.33
2005-03-22,2151.95
2005-03-23,2111.84
2005-03-24,2101.56
2005-03-28,2116.37
2005-03-29,2069.42
2005-03-30,2081.53
2005-03-31,2124.93
2005-04-01,2158.39
2005-04-04,2155.85
2005-04-05,2142.15
2005-04-06,2158.16
2005-04-07,2142.69
2005-04-08,2120.58
2005-04-11,2096.1
2005-04-12,2113.36
2005-04-13,2114.14
2005-04-15,2045.05
2005-04-18,2017.08
2005-04-19,1997.43
2005-04-20,2016.49
2005-04-21,2038.91
2005-04-22,2057.78
2005-04-25,2063.22
2005-04-26,2050.4
2005-04-27,2029.33
2005-04-28,2029.03
2005-04-29,1988.57
2005-05-02,2001.95
2005-05-03,2006.62
2005-05-04,2030.53
2005-05-05,2056.66
2005-05-06,2070.31
2005-05-09,2094.69
2005-05-10,2089.03
2005-05-11,2078.98
2005-05-12,2088.49
2005-05-13,2084.5
2005-05-16,2108.68
2005-05-17,2086.1
2005-05-18,2077.7
2005-05-19,2086.51
2005-05-20,2087.22
2005-05-23,2108.7
2005-05-24,2123.1
2005-05-25,2137.82
2005-05-26,2163.99
2005-05-27,2168.16
2005-05-30,2163.36
2005-05-31,2182.16
2005-06-01,2184.49
2005-06-02,2162.57
2005-06-03,2192.11
2005-06-04,2191.83
2005-06-06,2193.91
2005-06-07,2206.07
2005-06-08,2221.26
2005-06-09,2211.73
2005-06-10,2197.47
2005-06-13,2209.51
2005-06-14,2218.11
2005-06-15,2232.05
2005-06-16,2224.47
2005-06-17,2222.3
2005-06-20,2237.75
2005-06-21,2262.71
2005-06-22,2280.3
2005-06-23,2280.96
2005-06-24,2290.16
2005-06-27,2294.99
2005-06-28,2263.24
2005-06-29,2288.77
2005-06-30,2313.27
2005-07-01,2312.87
2005-07-04,2335.0
2005-07-05,2314.33
2005-07-06,2336.23
2005-07-07,2288.1
2005-07-08,2310.13
2005-07-11,2334.09
2005-07-12,2338.78
2005-07-13,2324.36
2005-07-14,2306.85
2005-07-15,2333.2
2005-07-18,2358.93
2005-07-19,2364.07
2005-07-20,2370.43
2005-07-21,2357.71
2005-07-22,2394.64
2005-07-25,2420.29
2005-07-26,2431.57
2005-07-27,2447.45
2005-07-29,2439.04
2005-08-01,2446.43
2005-08-02,2482.46
2005-08-03,2486.01
2005-08-04,2499.78
2005-08-05,2496.22
2005-08-08,2456.36
2005-08-09,2450.7
2005-08-10,2495.42
2005-08-11,2516.88
2005-08-12,2500.63
2005-08-16,2507.67
2005-08-17,2540.83
2005-08-18,2525.46
2005-08-19,2519.59
2005-08-22,2500.72
2005-08-23,2455.37
2005-08-24,2447.65
2005-08-25,2478.8
2005-08-26,2488.84
2005-08-29,2469.17
2005-08-30,2502.27
2005-08-31,2520.11
2005-09-01,2545.31
2005-09-02,2556.3
2005-09-05,2564.41
2005-09-06,2569.91
2005-09-08,2595.32
2005-09-09,2597.91
2005-09-12,2630.13
2005-09-13,2649.14
2005-09-14,2640.17
2005-09-15,2671.89
2005-09-16,2700.23
2005-09-19,2718.9
2005-09-20,2727.17
2005-09-21,2710.29
2005-09-22,2608.71
2005-09-23,2611.85
2005-09-26,2695.43
2005-09-27,2713.86
2005-09-28,2736.67
2005-09-29,2744.94
2005-09-30,2742.09
2005-10-03,2772.99
2005-10-04,2807.79
2005-10-05,2786.06
2005-10-06,2721.02
2005-10-07,2713.72
2005-10-10,2704.08
2005-10-11,2727.04
2005-10-13,2675.09
2005-10-14,2619.1
2005-10-17,2616.31
2005-10-18,2598.86
2005-10-19,2539.11
2005-10-20,2515.05
2005-10-21,2562.91
2005-10-24,2515.85
2005-10-25,2538.64
2005-10-26,2529.87
2005-10-27,2470.49
2005-10-28,2434.17
2005-10-31,2491.78
2005-11-01,2508.79
2005-11-02,2540.09
2005-11-07,2583.17
2005-11-08,2616.83
2005-11-09,2612.82
2005-11-10,2624.07
2005-11-11,2672.61
2005-11-14,2683.79
2005-11-16,2710.62
2005-11-17,2731.66
2005-11-18,2746.57
2005-11-21,2726.96
2005-11-22,2697.58
2005-11-23,2731.06
2005-11-24,2758.8
2005-11-25,2793.56
2005-11-26,2816.16
2005-11-28,2844.26
2005-11-29,2831.0
2005-11-30,2785.23
2005-12-01,2832.95
2005-12-02,2835.67
2005-12-05,2800.8
2005-12-06,2799.9
2005-12-07,2829.54
2005-12-08,2843.81
2005-12-09,2890.9
2005-12-12,2909.11
2005-12-13,2945.82
2005-12-14,2942.51
2005-12-15,2911.33
2005-12-16,2945.2
2005-12-19,2981.4
2005-12-20,2965.2
2005-12-21,2961.78
2005-12-22,2973.84
2005-12-23,2941.87
2005-12-26,2880.28
2005-12-27,2948.17
2005-12-28,2936.18
2005-12-29,2961.0
2005-12-30,2981.26
2006-01-02,2981.62
2006-01-03,3031.02
2006-01-04,3056.67
2006-01-05,3059.53
2006-01-06,3075.18
2006-01-09,3071.92
2006-01-10,3030.96
2006-01-12,3013.48
2006-01-13,3014.15
2006-01-16,2995.5
2006-01-17,2987.33
2006-01-18,2965.78
2006-01-19,3028.71
2006-01-20,3061.37
2006-01-23,3047.31
2006-01-24,3066.55
2006-01-25,3092.83
2006-01-27,3144.12
2006-01-30,3131.16
2006-01-31,3157.37
2006-02-01,3125.53
2006-02-02,3122.84
2006-02-03,3099.61
2006-02-06,3156.63
2006-02-07,3180.91
2006-02-08,3171.74
2006-02-10,3194.54
2006-02-13,3211.07
2006-02-14,3186.93
2006-02-15,3188.7
2006-02-16,3188.43
2006-02-17,3142.88
2006-02-20,3160.69
2006-02-21,3190.42
2006-02-22,3203.13
2006-02-23,3207.7
2006-02-24,3206.14
2006-02-27,3224.81
2006-02-28,3232.49
2006-03-01,3281.8
2006-03-02,3314.62
2006-03-03,3315.18
2006-03-06,3357.31
2006-03-07,3354.57
2006-03-08,3286.31
2006-03-09,3300.0
2006-03-10,3354.04
2006-03-13,3370.14
2006-03-14,3362.25
2006-03-16,3394.82
2006-03-17,3400.74
2006-03-20,3432.35
2006-03-21,3428.21
2006-03-22,3403.66
2006-03-23,3410.85
2006-03-24,3446.19
2006-03-27,3484.09
2006-03-28,3481.13
2006-03-29,3510.14
2006-03-30,3565.75
2006-03-31,3562.96
2006-04-03,3636.99
2006-04-04,3654.28
2006-04-05,3687.62
2006-04-07,3629.26
2006-04-10,3653.91
2006-04-12,3558.4
2006-04-13,3509.76
2006-04-17,3591.42
2006-04-18,3682.41
2006-04-19,3697.28
2006-04-20,3734.11
2006-04-21,3730.62
2006-04-24,3709.47
2006-04-25,3625.65
2006-04-26,3717.51
2006-04-27,3671.55
2006-04-28,3680.12
2006-04-29,3739.19
2006-05-02,3789.94
2006-05-03,3822.59
2006-05-04,3840.47
2006-05-05,3856.12
2006-05-08,3882.7
2006-05-09,3907.89
2006-05-10,3944.52
2006-05-11,3893.97
2006-05-12,3840.21
2006-05-15,3678.54
2006-05-16,3693.61
2006-05-17,3808.05
2006-05-18,3542.62
2006-05-19,3390.99
2006-05-22,3209.32
2006-05-23,3338.06
2006-05-24,3255.92
2006-05-25,3307.91
2006-05-26,3353.86
2006-05-29,3369.73
2006-05-30,3339.17
2006-05-31,3225.67
2006-06-01,3116.55
2006-06-02,3237.91
2006-06-05,3161.46
2006-06-06,3079.57
2006-06-07,2981.59
2006-06-08,2823.47
2006-06-09,2982.43
2006-06-12,2893.09
2006-06-13,2765.91
2006-06-14,2729.56
2006-06-15,2901.43
2006-06-16,3004.11
2006-06-19,3037.89
2006-06-20,2985.28
2006-06-21,3048.57
2006-06-22,3123.81
2006-06-23,3167.69
2006-06-25,3177.29
2006-06-26,3058.2
2006-06-27,3093.2
2006-06-28,3088.78
2006-06-29,3108.2
2006-06-30,3243.63
2006-07-03,3264.99
2006-07-04,3253.28
2006-07-05,3311.77
2006-07-06,3274.67
2006-07-07,3192.09
2006-07-10,3257.91
2006-07-11,3234.55
2006-07-12,3310.61
2006-07-13,3286.3
2006-07-14,3240.81
2006-07-17,3123.83
2006-07-18,3103.33
2006-07-19,3036.83
2006-07-20,3129.41
2006-07-21,3050.07
2006-07-24,3093.24
2006-07-25,3153.89
2006-07-26,3223.09
2006-07-27,3268.48
2006-07-28,3252.63
2006-07-31,3269.35
2006-08-01,3271.09
2006-08-02,3308.26
2006-08-03,3315.82
2006-08-04,3300.5
2006-08-07,3279.37
2006-08-08,3341.99
2006-08-09,3387.81
2006-08-10,3399.93
2006-08-11,3416.51
2006-08-14,3459.23
2006-08-16,3506.39
2006-08-17,3502.33
2006-08-18,3505.75
2006-08-21,3522.25
2006-08-22,3521.93
2006-08-23,3486.95
2006-08-24,3521.62
2006-08-25,3542.05
2006-08-28,3559.07
2006-08-29,3583.62
2006-08-30,3587.79
2006-08-31,3568.17
2006-09-01,3593.57
2006-09-04,3638.56
2006-09-05,3641.0
2006-09-06,3653.66
2006-09-07,3631.56
2006-09-08,3649.51
2006-09-11,3534.63
2006-09-12,3563.24
2006-09-13,3633.28
2006-09-14,3653.04
2006-09-15,3659.66
2006-09-18,3674.28
2006-09-19,3635.78
2006-09-20,3679.71
2006-09-21,3731.28
2006-09-22,3722.57
2006-09-25,3700.15
2006-09-26,3747.33
2006-09-27,3761.29
2006-09-28,3762.81
2006-09-29,3778.82
2006-10-03,3761.5
2006-10-04,3709.32
2006-10-05,3763.19
2006-10-06,3769.21
2006-10-09,3769.16
2006-10-10,3772.2
2006-10-11,3753.36
2006-10-12,3817.59
2006-10-13,3869.99
2006-10-16,3915.04
2006-10-17,3905.21
2006-10-18,3901.63
2006-10-19,3864.5
2006-10-20,3865.17
2006-10-21,3874.62
2006-10-23,3846.21
2006-10-26,3871.08
2006-10-27,3934.83
2006-10-30,3967.03
2006-10-31,3946.72
2006-11-01,3967.2
2006-11-02,3992.88
2006-11-03,4007.66
2006-11-06,4014.75
2006-11-07,4005.29
2006-11-08,3982.2
2006-11-09,4000.03
2006-11-10,4040.13
2006-11-13,4065.66
2006-11-14,4071.91
2006-11-15,4087.1
2006-11-16,4090.46
2006-11-17,4055.69
2006-11-20,4051.67
2006-11-21,4118.39
2006-11-22,4154.95
2006-11-23,4147.29
2006-11-24,4154.85
2006-11-27,4173.7
2006-11-28,4124.15
2006-11-29,4129.91
2006-11-30,4149.3
2006-12-01,4201.46
2006-12-04,4210.17
2006-12-05,4222.51
2006-12-06,4218.87
2006-12-07,4219.25
2006-12-08,4170.45
2006-12-11,4046.55
2006-12-12,3899.13
2006-12-13,3957.32
2006-12-14,4041.88
2006-12-15,4092.2
2006-12-18,4126.02
2006-12-19,4029.25
2006-12-20,4010.72
2006-12-21,4026.75
2006-12-22,4064.2
2006-12-26,4139.08
2006-12-27,4182.52
2006-12-28,4180.23
2006-12-29,4181.05
2007-01-02,4223.42
2007-01-03,4241.99
2007-01-04,4208.17
2007-01-05,4201.04
2007-01-08,4148.0
2007-01-09,4120.07
2007-01-10,4061.59
2007-01-11,4154.94
2007-01-12,4268.59
2007-01-15,4296.97
2007-01-16,4301.82
2007-01-17,4302.91
2007-01-18,4332.32
2007-01-19,4313.98
2007-01-22,4325.13
2007-01-23,4281.12
2007-01-24,4308.87
2007-01-25,4367.48
2007-01-29,4345.04
2007-01-31,4301.38
2007-02-01,4356.72
2007-02-02,4404.45
2007-02-05,4437.96
2007-02-06,4422.64
2007-02-07,4451.24
2007-02-08,4450.33
2007-02-09,4404.18
2007-02-12,4263.97
2007-02-13,4248.01
2007-02-14,4253.53
2007-02-15,4362.53
2007-02-19,4377.92
2007-02-20,4319.21
2007-02-21,4306.62
2007-02-22,4246.77
2007-02-23,4142.11
2007-02-26,4149.96
2007-02-27,4107.55
2007-02-28,3953.29
2007-03-01,4016.08
2007-03-02,3930.72
2007-03-05,3770.9
2007-03-06,3847.81
2007-03-07,3810.13
2007-03-08,3956.0
2007-03-09,3912.68
2007-03-12,3931.98
2007-03-13,3969.32
2007-03-14,3838.48
2007-03-15,3842.28
2007-03-16,3807.18
2007-03-19,3880.78
2007-03-20,3905.0
2007-03-21,3975.15
2007-03-22,4090.08
2007-03-23,4084.29
2007-03-26,4044.77
2007-03-28,3984.77
2007-03-29,4015.81
2007-03-30,4045.54
2007-04-02,3850.12
2007-04-03,3903.35
2007-04-04,3946.61
2007-04-05,3970.5
2007-04-09,4070.18
2007-04-10,4077.12
2007-04-11,4088.27
2007-04-12,4058.15
2007-04-13,4152.54
2007-04-16,4251.35
2007-04-17,4223.48
2007-04-18,4251.95
2007-04-19,4240.8
2007-04-20,4325.45
2007-04-23,4322.35
2007-04-24,4383.86
2007-04-25,4411.3
2007-04-26,4420.49
2007-04-27,4328.86
2007-04-30,4342.09
2007-05-03,4410.43
2007-05-04,4378.34
2007-05-07,4369.83
2007-05-08,4330.84
2007-05-09,4337.24
2007-05-10,4325.54
2007-05-11,4338.01
2007-05-14,4401.18
2007-05-15,4390.19
2007-05-16,4440.43
2007-05-17,4493.77
2007-05-18,4489.56
2007-05-21,4540.74
2007-05-22,4563.0
2007-05-23,4524.99
2007-05-24,4482.4
2007-05-25,4524.94
2007-05-28,4537.04
2007-05-29,4576.63
2007-05-30,4528.28
2007-05-31,4572.86
2007-06-01,4583.58
2007-06-04,4550.98
2007-06-05,4578.11
2007-06-06,4487.1
2007-06-07,4467.41
2007-06-08,4433.42
2007-06-11,4431.21
2007-06-12,4438.09
2007-06-13,4398.56
2007-06-14,4465.88
2007-06-15,4473.55
2007-06-18,4451.11
2007-06-19,4524.48
2007-06-20,4567.5
2007-06-21,4587.37
2007-06-22,4574.8
2007-06-25,4585.82
2007-06-26,4613.57
2007-06-27,4592.14
2007-06-28,4610.98
2007-06-29,4659.14
2007-07-02,4658.97
2007-07-03,4704.81
2007-07-04,4700.88
2007-07-05,4692.3
2007-07-06,4723.12
2007-07-09,4763.92
2007-07-10,4751.65
2007-07-11,4739.92
2007-07-12,4807.74
2007-07-13,4862.75
2007-07-16,4876.28
2007-07-17,4857.51
2007-07-18,4857.18
2007-07-19,4917.04
2007-07-20,4917.81
2007-07-23,4975.77
2007-07-24,4972.31
2007-07-25,4935.72
2007-07-26,4967.27
2007-07-27,4782.52
2007-07-30,4776.76
2007-07-31,4869.62
2007-08-01,4667.7
2007-08-02,4682.14
2007-08-03,4739.07
2007-08-06,4673.9
2007-08-07,4698.08
2007-08-08,4811.54
2007-08-09,4739.47
2007-08-10,4668.01
2007-08-13,4710.53
2007-08-14,4704.2
2007-08-16,4493.84
2007-08-17,4421.39
2007-08-20,4527.81
2007-08-21,4380.69
2007-08-22,4455.97
2007-08-23,4416.43
2007-08-24,4494.73
2007-08-27,4620.13
2007-08-28,4648.27
2007-08-29,4688.22
2007-08-30,4736.28
2007-08-31,4799.32
2007-09-03,4821.69
2007-09-04,4830.73
2007-09-05,4825.4
2007-09-06,4873.28
2007-09-07,4856.71
2007-09-10,4865.07
2007-09-11,4852.86
2007-09-12,4858.8
2007-09-13,4899.24
2007-09-14,4878.92
2007-09-17,4859.6
2007-09-18,4916.28
2007-09-19,5104.49
2007-09-20,5120.83
2007-09-21,5208.94
2007-09-24,5314.88
2007-09-25,5319.5
2007-09-26,5325.5
2007-09-27,5378.06
2007-09-28,5414.05
2007-10-01,5473.32
2007-10-03,5611.45
2007-10-04,5603.31
2007-10-05,5562.8
2007-10-08,5441.73
2007-10-09,5696.92
2007-10-10,5820.96
2007-10-11,5911.76
2007-10-12,5807.37
2007-10-15,6050.06
2007-10-16,6051.05
2007-10-17,5921.89
2007-10-18,5699.13
2007-10-19,5541.34
2007-10-22,5516.51
2007-10-23,5833.99
2007-10-24,5861.79
2007-10-25,5934.1
2007-10-26,6083.17
2007-10-29,6282.01
2007-10-30,6261.98
2007-10-31,6296.05
2007-11-01,6251.06
2007-11-02,6322.3
2007-11-05,6243.36
2007-11-06,6176.63
2007-11-07,6171.3
2007-11-08,6095.75
2007-11-09,6059.46
2007-11-12,6007.92
2007-11-13,6099.88
2007-11-14,6347.78
2007-11-15,6336.27
2007-11-16,6340.13
2007-11-19,6376.41
2007-11-20,6243.71
2007-11-21,5993.39
2007-11-22,5956.71
2007-11-23,6048.78
2007-11-26,6175.21
2007-11-27,6151.37
2007-11-28,6071.41
2007-11-29,6080.06
2007-11-30,6229.0
2007-12-03,6347.01
2007-12-04,6348.94
2007-12-05,6438.2
2007-12-06,6444.59
2007-12-07,6464.74
2007-12-10,6456.43
2007-12-11,6587.87
2007-12-12,6655.49
2007-12-13,6566.5
2007-12-14,6561.27
2007-12-17,6264.36
2007-12-18,6230.88
2007-12-19,6238.69
2007-12-20,6250.97
2007-12-24,6473.84
2007-12-26,6585.02
2007-12-27,6581.88
2007-12-28,6603.59
2007-12-31,6667.81
2008-01-01,6685.56
2008-01-02,6740.24
2008-01-03,6745.15
2008-01-04,6840.4
2008-01-07,6840.79
2008-01-08,6826.34
2008-01-09,6821.11
2008-01-10,6676.74
2008-01-11,6722.49
2008-01-14,6755.48
2008-01-15,6613.09
2008-01-16,6466.85
2008-01-17,6441.38
2008-01-18,6188.26
2008-01-21,5615.52
2008-01-22,5275.58
2008-01-23,5622.6
2008-01-24,5438.47
2008-01-25,5827.24
2008-01-28,5726.3
2008-01-29,5722.06
2008-01-30,5591.14
2008-01-31,5554.76
2008-02-01,5728.68
2008-02-04,5892.63
2008-02-05,5915.7
2008-02-06,5747.13
2008-02-07,5542.21
2008-02-08,5511.58
2008-02-11,5226.34
2008-02-12,5205.87
2008-02-13,5293.88
2008-02-14,5589.04
2008-02-15,5697.06
2008-02-18,5675.7
2008-02-19,5681.11
2008-02-20,5540.96
2008-02-21,5578.27
2008-02-22,5489.85
2008-02-25,5576.84
2008-02-26,5653.95
2008-02-27,5654.15
2008-02-28,5657.52
2008-02-29,5599.45
2008-03-03,5303.15
2008-03-04,5196.01
2008-03-05,5239.67
2008-03-07,5066.57
2008-03-10,5092.73
2008-03-11,5184.8
2008-03-12,5187.95
2008-03-13,4910.58
2008-03-14,5040.28
2008-03-17,4765.16
2008-03-18,4783.43
2008-03-19,4817.22
2008-03-24,4842.07
2008-03-25,5139.55
2008-03-26,5102.06
2008-03-27,5098.58
2008-03-28,5228.11
2008-03-31,5010.91
2008-04-01,5008.53
2008-04-02,5028.41
2008-04-03,5043.93
2008-04-04,4913.84
2008-04-07,5036.09
2008-04-08,4988.55
2008-04-09,5034.48
2008-04-10,5017.64
2008-04-11,5061.71
2008-04-15,5167.56
2008-04-16,5182.52
2008-04-17,5267.49
2008-04-21,5356.7
2008-04-22,5384.19
2008-04-23,5354.48
2008-04-24,5328.53
2008-04-25,5441.62
2008-04-28,5424.34
2008-04-29,5537.29
2008-04-30,5509.51
2008-05-02,5583.01
2008-05-05,5556.66
2008-05-06,5497.78
2008-05-07,5481.05
2008-05-08,5417.91
2008-05-09,5301.1
2008-05-12,5327.95
2008-05-13,5278.77
2008-05-14,5335.47
2008-05-15,5443.89
2008-05-16,5491.69
2008-05-20,5432.5
2008-05-21,5445.11
2008-05-22,5344.75
2008-05-23,5258.48
2008-05-26,5167.63
2008-05-27,5142.21
2008-05-28,5210.13
2008-05-29,5133.51
2008-05-30,5166.31
2008-06-02,5022.52
2008-06-03,4997.24
2008-06-04,4851.96
2008-06-05,4948.83
2008-06-06,4895.06
2008-06-09,4753.87
2008-06-10,4696.37
2008-06-11,4776.94
2008-06-12,4794.93
2008-06-13,4773.91
2008-06-16,4832.34
2008-06-17,4929.81
2008-06-18,4853.21
2008-06-19,4764.96
2008-06-20,4595.16
2008-06-23,4493.24
2008-06-24,4416.0
2008-06-25,4480.17
2008-06-26,4534.87
2008-06-27,4349.23
2008-06-30,4238.62
2008-07-01,4079.1
2008-07-02,4290.52
2008-07-03,4112.35
2008-07-04,4216.26
2008-07-07,4241.91
2008-07-08,4205.29
2008-07-09,4388.44
2008-07-10,4394.58
2008-07-11,4269.47
2008-07-14,4255.33
2008-07-15,4068.89
2008-07-16,4021.38
2008-07-17,4158.76
2008-07-18,4309.84
2008-07-21,4374.62
2008-07-22,4467.96
2008-07-23,4730.6
2008-07-24,4687.16
2008-07-25,4564.36
2008-07-28,4586.34
2008-07-29,4422.66
2008-07-30,4560.4
2008-07-31,4581.07
2008-08-01,4675.44
2008-08-04,4668.36
2008-08-05,4790.03
2008-08-06,4794.7
2008-08-07,4802.48
2008-08-08,4809.97
2008-08-11,4910.17
2008-08-12,4835.44
2008-08-13,4807.55
2008-08-14,4694.23
2008-08-18,4652.11
2008-08-19,4624.77
2008-08-20,4675.29
2008-08-21,4537.14
2008-08-22,4582.61
2008-08-25,4593.06
2008-08-26,4596.9
2008-08-27,4549.36
2008-08-28,4474.07
2008-08-29,4630.7
2008-09-01,4618.84
2008-09-02,4784.58
2008-09-04,4728.78
2008-09-05,4621.57
2008-09-08,4756.99
2008-09-09,4738.85
2008-09-10,4669.84
2008-09-11,4561.51
2008-09-12,4490.2
2008-09-15,4317.76
2008-09-16,4319.26
2008-09-17,4240.61
2008-09-18,4266.66
2008-09-19,4482.57
2008-09-22,4458.17
2008-09-23,4354.77
2008-09-24,4390.31
2008-09-25,4338.89
2008-09-26,4205.63
2008-09-29,4056.5
2008-09-30,4136.11
2008-10-01,4168.92
2008-10-03,4027.86
2008-10-06,3796.22
2008-10-07,3792.6
2008-10-08,3682.63
2008-10-10,3427.64
2008-10-13,3647.75
2008-10-14,3682.96
2008-10-15,3493.6
2008-10-16,3430.1
2008-10-17,3237.24
2008-10-20,3285.05
2008-10-21,3404.58
2008-10-22,3234.1
2008-10-23,3107.3
2008-10-24,2738.23
2008-10-27,2662.61
2008-10-28,2831.6
2008-10-29,2838.52
2008-10-31,3031.13
2008-11-03,3195.71
2008-11-04,3308.54
2008-11-05,3163.09
2008-11-06,3058.67
2008-11-07,3140.29
2008-11-10,3320.69
2008-11-11,3107.34
2008-11-12,3014.07
2008-11-14,2971.15
2008-11-17,2947.18
2008-11-18,2828.88
2008-11-19,2773.02
2008-11-20,2684.37
2008-11-21,2813.99
2008-11-24,2824.81
2008-11-25,2772.46
2008-11-26,2866.51
2008-11-28,2870.8
2008-12-01,2801.22
2008-12-02,2778.93
2008-12-03,2786.45
2008-12-04,2924.26
2008-12-05,2851.29
2008-12-08,2917.46
2008-12-10,3061.74
2008-12-11,3062.41
2008-12-12,3066.81
2008-12-15,3128.6
2008-12-16,3193.6
2008-12-17,3099.77
2008-12-18,3212.67
2008-12-19,3235.38
2008-12-22,3198.08
2008-12-23,3123.13
2008-12-24,3075.88
2008-12-26,3014.11
2008-12-29,3085.32
2008-12-30,3147.65
2008-12-31,3128.88
2009-01-01,3207.47
2009-01-02,3229.03
2009-01-05,3312.19
2009-01-06,3305.88
2009-01-07,3092.3
2009-01-09,3036.39
2009-01-12,2937.65
2009-01-13,2904.36
2009-01-14,3000.8
2009-01-15,2897.86
2009-01-16,2986.72
2009-01-19,3004.48
2009-01-20,2955.39
2009-01-21,2863.23
2009-01-22,2866.02
2009-01-23,2819.78
2009-01-27,2910.43
2009-01-28,2991.73
2009-01-29,2971.15
2009-01-30,3027.27
2009-02-02,2916.8
2009-02-03,2928.39
2009-02-04,2947.11
2009-02-05,2924.0
2009-02-06,2990.1
2009-02-09,3071.7
2009-02-10,3087.21
2009-02-11,3078.14
2009-02-12,3045.0
2009-02-13,3102.77
2009-02-16,2998.09
2009-02-17,2916.57
2009-02-18,2920.43
2009-02-19,2934.49
2009-02-20,2879.22
2009-02-24,2871.33
2009-02-25,2901.4
2009-02-26,2922.79
2009-02-27,2904.48
2009-03-02,2810.67
2009-03-03,2757.13
2009-03-04,2777.8
2009-03-05,2704.99
2009-03-06,2745.71
2009-03-09,2693.85
2009-03-12,2738.91
2009-03-13,2847.46
2009-03-16,2911.54
2009-03-17,2891.6
2009-03-18,2932.66
2009-03-19,2946.55
2009-03-20,2943.58
2009-03-23,3079.97
2009-03-24,3075.42
2009-03-25,3126.9
2009-03-26,3225.05
2009-03-27,3259.78
2009-03-30,3126.9
2009-03-31,3174.52
2009-04-01,3215.47
2009-04-02,3371.42
2009-04-06,3426.59
2009-04-08,3513.03
2009-04-09,3521.43
2009-04-13,3571.56
2009-04-15,3684.94
2009-04-16,3557.67
2009-04-17,3581.48
2009-04-20,3585.35
2009-04-21,3570.5
2009-04-22,3534.43
2009-04-23,3632.23
2009-04-24,3695.46
2009-04-27,3681.29
2009-04-28,3563.15
2009-04-29,3679.16
2009-05-04,3864.76
2009-05-05,3880.67
2009-05-06,3834.9
2009-05-07,3899.71
2009-05-08,3835.79
2009-05-11,3768.86
2009-05-12,3896.08
2009-05-13,3855.07
2009-05-14,3825.57
2009-05-15,3905.24
2009-05-18,4580.17
2009-05-19,4597.2
2009-05-20,4578.21
2009-05-21,4524.67
2009-05-22,4555.54
2009-05-25,4570.78
2009-05-26,4436.41
2009-05-27,4610.01
2009-05-28,4665.54
2009-05-29,4780.63
2009-06-01,4877.9
2009-06-02,4866.92
2009-06-03,4880.98
2009-06-04,4935.98
2009-06-05,4951.79
2009-06-08,4769.83
2009-06-09,4913.61
2009-06-10,5025.78
2009-06-11,5009.16
2009-06-12,4953.52
2009-06-15,4854.8
2009-06-16,4906.76
2009-06-17,4724.87
2009-06-18,4614.92
2009-06-19,4684.09
2009-06-22,4606.51
2009-06-23,4615.72
2009-06-24,4675.24
2009-06-25,4628.13
2009-06-26,4768.63
2009-06-29,4794.14
2009-06-30,4675.47
2009-07-01,4726.41
2009-07-02,4734.04
2009-07-03,4817.79
2009-07-06,4539.77
2009-07-07,4581.05
2009-07-08,4445.68
2009-07-09,4451.67
2009-07-10,4363.69
2009-07-13,4323.92
2009-07-14,4485.7
2009-07-15,4625.43
2009-07-16,4620.01
2009-07-17,4771.03
2009-07-20,4912.62
2009-07-21,4880.7
2009-07-22,4802.41
2009-07-23,4932.45
2009-07-24,4984.98
2009-07-27,4995.41
2009-07-28,4993.89
2009-07-29,4935.2
2009-07-30,5000.29
2009-07-31,5071.19
2009-08-03,5156.75
2009-08-04,5124.19
2009-08-05,5142.56
2009-08-06,5020.64
2009-08-07,4905.48
2009-08-10,4856.18
2009-08-11,4892.92
2009-08-12,4879.28
2009-08-13,5044.42
2009-08-14,5016.73
2009-08-17,4806.5
2009-08-18,4891.21
2009-08-19,4816.28
2009-08-20,4878.03
2009-08-21,4954.6
2009-08-24,5076.56
2009-08-25,5092.61
2009-08-26,5119.94
2009-08-27,5124.58
2009-08-28,5173.02
2009-08-31,5106.57
2009-09-01,5063.51
2009-09-02,5042.63
2009-09-03,5031.09
2009-09-04,5121.12
2009-09-07,5236.3
2009-09-08,5254.34
2009-09-09,5264.05
2009-09-10,5268.98
2009-09-11,5275.29
2009-09-14,5262.08
2009-09-15,5360.4
2009-09-16,5431.41
2009-09-17,5441.49
2009-09-18,5460.01
2009-09-22,5504.92
2009-09-23,5448.67
2009-09-24,5468.12
2009-09-25,5446.43
2009-09-29,5495.27
2009-09-30,5576.5
2009-10-01,5578.68
2009-10-05,5487.15
2009-10-06,5515.42
2009-10-07,5484.47
2009-10-08,5506.14
2009-10-09,5449.4
2009-10-12,5567.53
2009-10-14,5645.21
2009-10-15,5647.35
2009-10-16,5690.48
2009-10-17,5691.23
2009-10-20,5664.54
2009-10-21,5601.72
2009-10-22,5517.7
2009-10-23,5532.65
2009-10-26,5499.54
2009-10-27,5355.67
2009-10-28,5337.36
2009-10-29,5249.67
2009-10-30,5215.43
2009-11-03,5053.59
2009-11-04,5216.84
2009-11-05,5286.07
2009-11-06,5330.08
2009-11-09,5448.1
2009-11-10,5430.23
2009-11-11,5563.15
2009-11-12,5498.81
2009-11-13,5548.95
2009-11-16,5614.29
2009-11-17,5620.19
2009-11-18,5613.0
2009-11-19,5538.05
2009-11-20,5602.75
2009-11-23,5652.74
2009-11-24,5644.63
2009-11-25,5660.99
2009-11-26,5555.41
2009-11-27,5484.83
2009-11-30,5585.19
2009-12-01,5687.16
2009-12-02,5693.2
2009-12-03,5707.64
2009-12-04,5686.37
2009-12-07,5635.82
2009-12-08,5727.99
2009-12-09,5685.24
2009-12-10,5710.33
2009-12-11,5689.97
2009-12-14,5677.1
2009-12-15,5594.43
2009-12-16,5605.66
2009-12-17,5612.0
2009-12-18,5555.26
2009-12-21,5518.82
2009-12-22,5560.33
2009-12-23,5722.71
2009-12-24,5761.3
2009-12-29,5767.66
2009-12-30,5752.65
2009-12-31,5784.69
2010-01-04,5824.84
2010-01-05,5881.59
2010-01-06,5893.14
2010-01-07,5867.92
2010-01-08,5849.88
2010-01-11,5861.55
2010-01-12,5815.32
2010-01-13,5842.45
2010-01-14,5875.22
2010-01-15,5865.63
2010-01-18,5891.34
2010-01-19,5836.5
2010-01-20,5832.19
2010-01-21,5689.21
2010-01-22,5627.35
2010-01-25,5585.01
2010-01-27,5408.14
2010-01-28,5430.48
2010-01-29,5451.41
2010-02-01,5482.77
2010-02-02,5407.9
2010-02-03,5521.97
2010-02-04,5424.38
2010-02-05,5286.05
2010-02-06,5333.93
2010-02-08,5337.82
2010-02-09,5371.94
2010-02-10,5336.85
2010-02-11,5408.54
2010-02-15,5382.06
2010-02-16,5439.34
2010-02-17,5503.26
2010-02-18,5471.9
2010-02-19,5421.65
2010-02-22,5426.65
2010-02-23,5437.68
2010-02-24,5427.67
2010-02-25,5427.13
2010-02-26,5501.7
2010-03-02,5608.53
2010-03-03,5692.35
2010-03-04,5694.2
2010-03-05,5707.28
2010-03-08,5743.73
2010-03-09,5713.54
2010-03-10,5723.63
2010-03-11,5735.58
2010-03-12,5739.31
2010-03-15,5726.21
2010-03-16,5796.57
2010-03-17,5831.28
2010-03-18,5846.78
2010-03-19,5866.66
2010-03-22,5804.31
2010-03-23,5826.83
2010-03-25,5861.83
2010-03-26,5892.46
2010-03-29,5915.69
2010-03-30,5879.84
2010-03-31,5868.77
2010-04-01,5912.5
2010-04-05,6000.41
2010-04-06,6000.05
2010-04-07,6011.52
2010-04-08,5941.76
2010-04-09,5996.53
2010-04-12,5969.14
2010-04-13,5955.51
2010-04-15,5905.08
2010-04-16,5891.35
2010-04-19,5825.61
2010-04-20,5860.99
2010-04-21,5882.39
2010-04-22,5907.53
2010-04-23,5941.2
2010-04-26,5960.91
2010-04-27,5944.25
2010-04-28,5846.22
2010-04-29,5888.52
2010-04-30,5925.14
2010-05-03,5871.57
2010-05-04,5783.99
2010-05-05,5772.16
2010-05-06,5734.92
2010-05-07,5642.21
2010-05-10,5833.17
2010-05-11,5768.78
2010-05-12,5798.26
2010-05-13,5831.78
2010-05-14,5738.95
2010-05-17,5707.86
2010-05-18,5712.15
2010-05-19,5550.45
2010-05-20,5579.65
2010-05-21,5554.05
2010-05-24,5565.29
2010-05-25,5408.59
2010-05-26,5530.3
2010-05-27,5620.18
2010-05-28,5699.08
2010-05-31,5729.86
2010-06-01,5603.98
2010-06-02,5659.25
2010-06-03,5759.44
2010-06-04,5785.19
2010-06-07,5675.52
2010-06-08,5624.66
2010-06-09,5655.26
2010-06-10,5746.56
2010-06-11,5783.7
2010-06-14,5863.24
2010-06-15,5894.24
2010-06-16,5907.77
2010-06-17,5949.41
2010-06-18,5932.37
2010-06-21,6033.88
2010-06-22,5993.7
2010-06-23,6005.37
2010-06-24,6005.83
2010-06-25,5953.58
2010-06-28,6028.03
2010-06-29,5950.65
2010-06-30,6008.6
2010-07-01,5947.84
2010-07-02,5932.4
2010-07-05,5930.64
2010-07-06,5987.53
2010-07-07,5938.5
2010-07-08,6002.71
2010-07-09,6059.58
2010-07-12,6092.31
2010-07-13,6113.58
2010-07-14,6098.52
2010-07-15,6091.88
2010-07-16,6112.57
2010-07-19,6110.17
2010-07-20,6088.54
2010-07-21,6123.4
2010-07-22,6167.18
2010-07-23,6169.27
2010-07-26,6135.87
2010-07-27,6149.21
2010-07-28,6121.11
2010-07-29,6134.55
2010-07-30,6091.76
2010-08-02,6164.15
2010-08-03,6175.93
2010-08-04,6201.9
2010-08-05,6180.84
2010-08-06,6170.83
2010-08-09,6226.97
2010-08-10,6201.27
2010-08-11,6154.92
2010-08-12,6156.96
2010-08-13,6201.63
2010-08-16,6167.83
2010-08-17,6169.73
2010-08-18,6240.64
2010-08-19,6308.08
2010-08-20,6298.45
2010-08-23,6314.04
2010-08-24,6271.22
2010-08-25,6219.03
2010-08-26,6235.36
2010-08-27,6159.28
2010-08-30,6166.78
2010-08-31,6151.68
2010-09-01,6234.32
2010-09-02,6253.8
2010-09-03,6251.73
2010-09-06,6358.47
2010-09-07,6383.58
2010-09-08,6387.89
2010-09-09,6425.89
2010-09-13,6558.94
2010-09-14,6590.24
2010-09-15,6657.24
2010-09-16,6614.22
2010-09-17,6684.07
2010-09-20,6784.52
2010-09-21,6806.96
2010-09-22,6786.76
2010-09-23,6755.35
2010-09-24,6819.87
2010-09-27,6839.34
2010-09-28,6835.23
2010-09-29,6795.79
2010-09-30,6821.43
2010-10-01,6951.92
2010-10-04,6980.32
2010-10-05,6970.95
2010-10-06,7022.59
2010-10-07,6954.51
2010-10-08,6933.3
2010-10-11,6976.69
2010-10-12,6921.87
2010-10-13,7068.7
2010-10-14,7013.58
2010-10-15,6884.7
2010-10-18,6897.49
2010-10-19,6850.25
2010-10-20,6806.11
2010-10-21,6945.9
2010-10-22,6913.91
2010-10-25,6950.38
2010-10-26,6926.13
2010-10-27,6856.7
2010-10-28,6826.83
2010-10-29,6854.84
2010-11-01,6966.38
2010-11-02,6976.56
2010-11-03,7019.86
2010-11-04,7144.01
2010-11-05,7177.26
2010-11-08,7137.72
2010-11-09,7171.56
2010-11-10,7144.36
2010-11-11,7048.84
2010-11-12,6906.0
2010-11-15,6960.37
2010-11-16,6813.43
2010-11-18,6827.29
2010-11-19,6703.62
2010-11-22,6834.68
2010-11-23,6752.13
2010-11-24,6665.69
2010-11-25,6569.92
2010-11-26,6499.62
2010-11-29,6592.25
2010-11-30,6648.06
2010-12-01,6767.56
2010-12-02,6819.82
2010-12-03,6785.71
2010-12-06,6776.84
2010-12-07,6748.17
2010-12-08,6659.76
2010-12-09,6493.63
2010-12-10,6592.38
2010-12-13,6658.14
2010-12-14,6708.11
2010-12-15,6642.92
2010-12-16,6699.27
2010-12-20,6698.58
2010-12-21,6760.67
2010-12-22,6745.07
2010-12-23,6733.96
2010-12-24,6761.36
2010-12-27,6743.62
2010-12-28,6740.59
2010-12-29,6810.68
2010-12-30,6856.51
2010-12-31,6900.01
2011-01-03,6924.52
2011-01-04,6908.94
2011-01-05,6833.27
2011-01-06,6786.67
2011-01-07,6629.86
2011-01-10,6467.95
2011-01-11,6458.81
2011-01-12,6578.26
2011-01-13,6468.98
2011-01-14,6361.87
2011-01-17,6354.64
2011-01-18,6424.85
2011-01-19,6399.75
2011-01-20,6421.57
2011-01-21,6411.89
2011-01-24,6463.48
2011-01-25,6401.58
2011-01-27,6300.09
2011-01-28,6189.3
2011-01-31,6188.73
2011-02-01,6088.78
2011-02-02,6103.27
2011-02-03,6204.67
2011-02-04,6068.79
2011-02-07,6065.51
2011-02-08,5965.64
2011-02-09,5883.97
2011-02-10,5861.09
2011-02-11,5960.28
2011-02-14,6133.58
2011-02-15,6162.72
2011-02-16,6164.44
2011-02-17,6237.56
2011-02-18,6137.06
2011-02-21,6200.18
2011-02-22,6143.2
2011-02-23,6106.1
2011-02-24,5909.54
2011-02-25,5954.28
2011-02-28,5986.17
2011-03-01,6196.95
2011-03-03,6210.16
2011-03-04,6212.99
2011-03-07,6130.45
2011-03-08,6193.44
2011-03-09,6207.82
2011-03-10,6169.3
2011-03-11,6114.56
2011-03-14,6203.86
2011-03-15,6110.62
2011-03-16,6181.61
2011-03-17,6119.4
2011-03-18,6041.68
2011-03-21,6029.77
2011-03-22,6083.66
2011-03-23,6153.55
2011-03-24,6199.95
2011-03-25,6337.07
2011-03-28,6375.96
2011-03-29,6427.93
2011-03-30,6493.67
2011-03-31,6538.02
2011-04-01,6537.94
2011-04-04,6628.11
2011-04-05,6641.08
2011-04-06,6624.85
2011-04-07,6625.88
2011-04-08,6569.34
2011-04-11,6506.4
2011-04-13,6641.89
2011-04-15,6558.25
2011-04-18,6455.98
2011-04-19,6468.15
2011-04-20,6585.53
2011-04-21,6610.18
2011-04-25,6604.28
2011-04-26,6597.38
2011-04-27,6568.55
2011-04-28,6515.85
2011-04-29,6468.6
2011-05-02,6409.78
2011-05-03,6259.16
2011-05-04,6224.68
2011-05-05,6143.8
2011-05-06,6250.4
2011-05-09,6256.3
2011-05-10,6245.85
2011-05-11,6274.36
2011-05-12,6195.32
2011-05-13,6261.87
2011-05-16,6215.05
2011-05-17,6155.36
2011-05-18,6126.58
2011-05-19,6129.38
2011-05-20,6191.85
2011-05-23,6087.32
2011-05-24,6103.82
2011-05-25,6060.24
2011-05-26,6126.37
2011-05-27,6198.66
2011-05-30,6204.41
2011-05-31,6305.34
2011-06-01,6340.19
2011-06-02,6296.3
2011-06-03,6257.76
2011-06-06,6271.45
2011-06-07,6301.92
2011-06-08,6275.24
2011-06-09,6267.31
2011-06-10,6234.75
2011-06-13,6233.32
2011-06-14,6254.21
2011-06-15,6194.72
2011-06-16,6138.8
2011-06-17,6103.13
2011-06-20,5982.22
2011-06-21,5996.41
2011-06-22,5994.73
2011-06-23,6036.62
2011-06-24,6200.82
2011-06-27,6272.07
2011-06-28,6287.9
2011-06-29,6344.49
2011-06-30,6393.05
2011-07-01,6379.36
2011-07-04,6415.95
2011-07-05,6396.69
2011-07-06,6392.59
2011-07-07,6502.89
2011-07-08,6421.7
2011-07-11,6372.6
2011-07-12,6276.33
2011-07-13,6344.0
2011-07-14,6370.12
2011-07-15,6352.87
2011-07-18,6342.08
2011-07-19,6388.13
2011-07-20,6328.87
2011-07-21,6294.12
2011-07-22,6394.69
2011-07-25,6444.22
2011-07-26,6334.11
2011-07-27,6308.22
2011-07-28,6242.8
2011-07-29,6217.76
2011-08-01,6248.12
2011-08-02,6183.47
2011-08-03,6129.55
2011-08-04,6056.79
2011-08-05,5927.86
2011-08-08,5828.39
2011-08-09,5772.62
2011-08-10,5876.56
2011-08-11,5850.13
2011-08-12,5779.68
2011-08-16,5734.03
2011-08-17,5750.0
2011-08-18,5623.05
2011-08-19,5522.53
2011-08-22,5582.35
2011-08-23,5636.21
2011-08-24,5571.12
2011-08-25,5513.77
2011-08-26,5406.22
2011-08-29,5594.91
2011-08-30,5683.65
2011-09-02,5733.06
2011-09-05,5715.37
2011-09-06,5761.21
2011-09-07,5835.54
2011-09-08,5863.96
2011-09-09,5762.06
2011-09-12,5631.76
2011-09-13,5624.77
2011-09-14,5699.13
2011-09-15,5774.02
2011-09-16,5784.0
2011-09-19,5729.4
2011-09-20,5841.85
2011-09-21,5844.28
2011-09-22,5612.9
2011-09-23,5553.19
2011-09-26,5508.56
2011-09-27,5655.09
2011-09-28,5626.27
2011-09-29,5695.18
2011-09-30,5617.82
2011-10-03,5509.16
2011-10-04,5418.92
2011-10-05,5393.15
2011-10-07,5536.71
2011-10-10,5634.29
2011-10-11,5635.96
2011-10-12,5770.41
2011-10-13,5752.17
2011-10-14,5804.1
2011-10-17,5791.54
2011-10-18,5703.28
2011-10-19,5808.29
2011-10-20,5757.14
2011-10-21,5708.32
2011-10-24,5752.35
2011-10-25,5845.24
2011-10-26,5861.45
2011-10-28,6034.04
2011-10-31,6006.55
2011-11-01,5936.25
2011-11-02,5937.78
2011-11-03,5951.54
2011-11-04,5979.65
2011-11-08,5980.74
2011-11-09,5902.47
2011-11-11,5841.58
2011-11-14,5815.19
2011-11-15,5711.43
2011-11-16,5670.82
2011-11-17,5566.28
2011-11-18,5534.49
2011-11-21,5396.38
2011-11-22,5430.55
2011-11-23,5312.71
2011-11-24,5372.73
2011-11-25,5330.92
2011-11-28,5482.23
2011-11-29,5426.84
2011-11-30,5447.75
2011-12-01,5555.34
2011-12-02,5685.43
2011-12-05,5676.57
2011-12-07,5697.48
2011-12-08,5569.23
2011-12-09,5486.2
2011-12-12,5370.95
2011-12-13,5403.69
2011-12-14,5361.26
2011-12-15,5343.92
2011-12-16,5238.0
2011-12-19,5184.31
2011-12-20,5099.88
2011-12-21,5255.76
2011-12-22,5303.46
2011-12-23,5277.56
2011-12-26,5344.55
2011-12-27,5310.57
2011-12-28,5260.33
2011-12-29,5200.65
2011-12-30,5179.64
2012-01-02,5189.54
2012-01-03,5335.42
2012-01-04,5322.82
2012-01-05,5324.84
2012-01-06,5326.69
2012-01-07,5322.92
2012-01-09,5322.12
2012-01-10,5444.4
2012-01-11,5464.54
2012-01-12,5443.99
2012-01-13,5483.68
2012-01-16,5494.76
2012-01-17,5595.3
2012-01-18,5577.85
2012-01-19,5651.48
2012-01-20,5687.07
2012-01-23,5684.2
2012-01-24,5780.65
2012-01-25,5824.15
2012-01-27,5873.98
2012-01-30,5742.07
2012-01-31,5870.61
2012-02-01,5915.51
2012-02-02,5955.27
2012-02-03,6012.36
2012-02-06,6065.19
2012-02-07,6026.64
2012-02-08,6070.5
2012-02-09,6123.0
2012-02-10,6096.16
2012-02-13,6106.84
2012-02-14,6138.18
2012-02-15,6271.6
2012-02-16,6271.04
2012-02-17,6315.35
2012-02-21,6361.52
2012-02-22,6221.86
2012-02-23,6199.46
2012-02-24,6140.57
2012-02-27,5971.71
2012-02-28,6095.01
2012-02-29,6108.4
2012-03-01,6058.37
2012-03-02,6077.89
2012-03-03,6078.3
2012-03-05,5989.33
2012-03-06,5927.79
2012-03-07,5920.5
2012-03-09,6052.95
2012-03-12,6087.97
2012-03-13,6163.26
2012-03-14,6205.84
2012-03-15,6108.37
2012-03-16,6036.28
2012-03-19,5964.8
2012-03-20,5990.14
2012-03-21,6096.66
2012-03-22,5939.69
2012-03-23,5996.72
2012-03-26,5892.83
2012-03-27,5955.41
2012-03-28,5898.71
2012-03-29,5890.06
2012-03-30,6027.9
2012-04-02,6057.04
2012-04-03,6108.53
2012-04-04,6072.71
2012-04-09,5972.31
2012-04-10,5982.28
2012-04-11,5959.68
2012-04-12,6013.35
2012-04-13,5940.88
2012-04-16,5964.18
2012-04-17,6033.14
2012-04-18,6041.46
2012-04-19,6069.65
2012-04-20,6024.4
2012-04-23,5922.89
2012-04-24,5939.58
2012-04-25,5917.02
2012-04-26,5898.62
2012-04-27,5896.0
2012-04-28,5917.43
2012-04-30,5962.37
2012-05-02,5952.76
2012-05-03,5891.94
2012-05-04,5782.31
2012-05-07,5818.69
2012-05-08,5692.94
2012-05-09,5655.54
2012-05-10,5648.46
2012-05-11,5605.08
2012-05-14,5581.15
2012-05-15,5618.11
2012-05-16,5522.1
2012-05-17,5533.71
2012-05-18,5552.46
2012-05-21,5573.43
2012-05-22,5521.43
2012-05-23,5490.79
2012-05-24,5586.5
2012-05-25,5590.61
2012-05-28,5665.1
2012-05-29,5667.85
2012-05-30,5618.89
2012-05-31,5607.09
2012-06-01,5516.36
2012-06-04,5518.17
2012-06-05,5534.39
2012-06-06,5681.23
2012-06-07,5742.13
2012-06-08,5764.07
2012-06-11,5751.04
2012-06-12,5818.6
2012-06-13,5825.7
2012-06-14,5751.95
2012-06-15,5841.26
2012-06-18,5755.91
2012-06-19,5796.7
2012-06-20,5821.19
2012-06-21,5874.49
2012-06-22,5858.8
2012-06-25,5825.81
2012-06-26,5838.67
2012-06-27,5862.9
2012-06-28,5875.81
2012-06-29,6020.75
2012-07-02,6026.05
2012-07-03,6046.14
2012-07-04,6065.86
2012-07-05,6097.66
2012-07-06,6082.58
2012-07-09,6031.7
2012-07-10,6108.84
2012-07-11,6067.66
2012-07-12,5995.72
2012-07-13,5985.15
2012-07-16,5955.91
2012-07-17,5947.0
2012-07-18,5971.45
2012-07-19,5999.05
2012-07-20,5962.74
2012-07-23,5865.62
2012-07-24,5881.19
2012-07-25,5857.65
2012-07-26,5778.93
2012-07-27,5831.49
2012-07-30,5946.37
2012-07-31,5979.28
2012-08-01,5995.66
2012-08-02,5988.38
2012-08-03,5972.92
2012-08-06,6043.15
2012-08-07,6100.69
2012-08-08,6097.42
2012-08-09,6079.66
2012-08-10,6074.85
2012-08-13,6112.87
2012-08-14,6150.35
2012-08-16,6131.92
2012-08-17,6133.89
2012-08-21,6189.52
2012-08-22,6177.06
2012-08-23,6176.85
2012-08-24,6146.5
2012-08-27,6102.04
2012-08-28,6079.44
2012-08-29,6030.47
2012-08-30,6059.29
2012-08-31,6004.39
2012-09-03,5998.23
2012-09-04,6027.28
2012-09-05,5975.38
2012-09-06,5992.94
2012-09-07,6102.62
2012-09-08,6123.27
2012-09-10,6132.02
2012-09-11,6158.61
2012-09-12,6199.17
2012-09-13,6198.9
2012-09-14,6346.74
2012-09-17,6392.0
2012-09-18,6394.98
2012-09-20,6349.15
2012-09-21,6498.96
2012-09-24,6483.9
2012-09-25,6493.19
2012-09-26,6483.38
2012-09-27,6477.43
2012-09-28,6543.75
2012-10-01,6565.38
2012-10-03,6584.02
2012-10-04,6647.18
2012-10-05,6602.24
2012-10-08,6525.36
2012-10-09,6559.22
2012-10-10,6497.21
2012-10-11,6562.98
2012-10-12,6531.69
2012-10-15,6538.52
2012-10-16,6491.37
2012-10-17,6504.47
2012-10-18,6572.48
2012-10-19,6533.45
2012-10-22,6567.08
2012-10-23,6537.87
2012-10-25,6551.28
2012-10-26,6498.89
2012-10-29,6494.46
2012-10-30,6420.48
2012-10-31,6452.78
2012-11-01,6489.54
2012-11-02,6548.39
2012-11-05,6554.02
2012-11-06,6576.53
2012-11-07,6623.12
2012-11-08,6603.03
2012-11-09,6544.52
2012-11-12,6557.71
2012-11-13,6541.7
2012-11-15,6507.99
2012-11-16,6441.38
2012-11-19,6428.91
2012-11-20,6424.59
2012-11-21,6471.62
2012-11-22,6490.98
2012-11-23,6494.04
2012-11-26,6516.85
2012-11-27,6622.55
2012-11-29,6728.39
2012-11-30,6788.9
2012-12-03,6788.36
2012-12-04,6811.31
2012-12-05,6824.29
2012-12-06,6862.28
2012-12-07,6833.87
2012-12-10,6839.4
2012-12-11,6824.47
2012-12-12,6814.76
2012-12-13,6769.39
2012-12-14,6804.75
2012-12-17,6789.07
2012-12-18,6841.57
2012-12-19,6881.33
2012-12-20,6869.56
2012-12-21,6788.0
2012-12-24,6799.66
2012-12-26,6854.26
2012-12-27,6815.67
2012-12-28,6861.24
2012-12-31,6863.37
2013-01-01,6921.34
2013-01-02,6969.85
2013-01-03,6991.35
2013-01-04,6996.91
2013-01-07,6971.08
2013-01-08,6983.54
2013-01-09,6951.79
2013-01-10,6947.08
2013-01-11,6916.43
2013-01-14,7003.5
2013-01-15,7038.65
2013-01-16,6970.21
2013-01-17,7008.38
2013-01-18,7028.74
2013-01-21,7048.98
2013-01-22,7004.83
2013-01-23,7006.54
2013-01-24,6954.08
2013-01-25,7024.9
2013-01-28,7026.53
2013-01-29,6994.04
2013-01-30,6998.42
2013-01-31,6986.06
2013-02-01,6953.77
2013-02-04,6938.13
2013-02-05,6903.83
2013-02-06,6910.59
2013-02-07,6882.52
2013-02-08,6841.25
2013-02-11,6835.37
2013-02-12,6862.45
2013-02-13,6865.35
2013-02-14,6815.49
2013-02-15,6809.36
2013-02-18,6825.33
2013-02-19,6875.74
2013-02-20,6877.45
2013-02-21,6766.57
2013-02-22,6768.27
2013-02-25,6767.1
2013-02-26,6662.56
2013-02-27,6709.08
2013-02-28,6583.52
2013-03-01,6619.97
2013-03-04,6590.46
2013-03-05,6689.13
2013-03-06,6728.08
2013-03-07,6775.74
2013-03-08,6867.7
2013-03-11,6865.93
2013-03-12,6828.84
2013-03-13,6751.15
2013-03-14,6817.51
2013-03-15,6777.03
2013-03-18,6741.44
2013-03-19,6633.42
2013-03-20,6563.37
2013-03-21,6521.85
2013-03-22,6516.1
2013-03-25,6492.97
2013-03-26,6502.19
2013-03-28,6558.21
2013-04-01,6588.79
2013-04-02,6645.66
2013-04-03,6560.22
2013-04-04,6448.49
2013-04-05,6426.92
2013-04-08,6419.98
2013-04-09,6365.14
2013-04-10,6436.91
2013-04-11,6474.25
2013-04-12,6415.96
2013-04-15,6452.68
2013-04-16,6585.16
2013-04-17,6588.14
2013-04-18,6693.73
2013-04-22,6759.71
2013-04-23,6757.62
2013-04-25,6843.12
2013-04-26,6794.83
2013-04-29,6838.23
2013-04-30,6873.31
2013-05-02,6956.93
2013-05-03,6899.88
2013-05-06,6933.57
2013-05-07,7015.57
2013-05-08,7038.61
2013-05-09,7016.53
2013-05-10,7072.79
2013-05-11,7087.8
2013-05-13,6947.8
2013-05-14,6965.95
2013-05-15,7134.71
2013-05-16,7165.06
2013-05-17,7190.34
2013-05-20,7148.41
2013-05-21,7098.57
2013-05-22,7073.64
2013-05-23,6930.48
2013-05-24,6954.97
2013-05-27,7065.92
2013-05-28,7097.79
2013-05-29,7085.08
2013-05-30,7112.95
2013-05-31,6975.46
2013-06-03,6934.46
2013-06-04,6921.63
2013-06-05,6927.62
2013-06-06,6923.34
2013-06-07,6870.93
2013-06-10,6854.22
2013-06-11,6746.43
2013-06-12,6703.4
2013-06-13,6631.79
2013-06-14,6754.65
2013-06-17,6808.23
2013-06-18,6776.7
2013-06-19,6792.45
2013-06-20,6602.14
2013-06-21,6601.8
2013-06-24,6501.88
2013-06-25,6519.0
2013-06-26,6497.29
2013-06-27,6601.66
2013-06-28,6781.79
2013-07-01,6867.76
2013-07-02,6819.64
2013-07-03,6717.0
2013-07-04,6790.5
2013-07-05,6823.5
2013-07-08,6767.83
2013-07-09,6829.0
2013-07-10,6784.87
2013-07-11,6910.19
2013-07-12,6989.95
2013-07-15,7022.24
2013-07-16,6934.11
2013-07-17,6945.05
2013-07-18,7027.85
2013-07-19,7011.96
2013-07-22,7012.11
2013-07-23,7063.42
2013-07-24,6956.97
2013-07-25,6867.78
2013-07-26,6837.91
2013-07-29,6772.17
2013-07-30,6677.34
2013-07-31,6665.9
2013-08-01,6636.06
2013-08-02,6573.81
2013-08-05,6588.43
2013-08-06,6423.74
2013-08-07,6414.04
2013-08-08,6467.07
2013-08-12,6525.42
2013-08-13,6633.81
2013-08-14,6684.67
2013-08-16,6413.08
2013-08-19,6297.55
2013-08-20,6275.06
2013-08-21,6164.2
2013-08-22,6278.95
2013-08-23,6354.77
2013-08-26,6364.4
2013-08-27,6147.36
2013-08-28,6133.72
2013-08-29,6273.46
2013-08-30,6345.22
2013-09-02,6437.19
2013-09-03,6203.47
2013-09-04,6322.55
2013-09-05,6487.87
2013-09-06,6582.52
2013-09-10,6822.78
2013-09-11,6851.0
2013-09-12,6775.09
2013-09-13,6779.01
2013-09-16,6767.75
2013-09-17,6774.48
2013-09-18,6828.8
2013-09-19,7079.41
2013-09-20,6970.75
2013-09-23,6836.3
2013-09-24,6839.68
2013-09-25,6825.61
2013-09-26,6834.39
2013-09-27,6787.77
2013-09-30,6677.52
2013-10-01,6729.11
2013-10-03,6875.06
2013-10-04,6876.96
2013-10-07,6881.71
2013-10-08,6903.16
2013-10-09,6992.99
2013-10-10,7013.97
2013-10-11,7090.0
2013-10-14,7108.82
2013-10-15,7075.73
2013-10-17,7030.09
2013-10-18,7187.98
2013-10-21,7220.3
2013-10-22,7222.53
2013-10-23,7197.52
2013-10-24,7181.08
2013-10-25,7153.91
2013-10-28,7097.62
2013-10-29,7234.33
2013-10-30,7271.18
2013-10-31,7330.19
2013-11-01,7345.62
2013-11-03,7362.43
2013-11-05,7294.21
2013-11-06,7251.91
2013-11-07,7207.47
2013-11-08,7163.37
2013-11-11,7093.68
2013-11-12,7028.41
2013-11-13,6995.21
2013-11-14,7081.64
2013-11-18,7231.04
2013-11-19,7244.78
2013-11-20,7153.84
2013-11-21,7012.41
2013-11-22,7011.86
2013-11-25,7147.0
2013-11-26,7087.58
2013-11-27,7085.77
2013-11-28,7126.92
2013-11-29,7223.99
2013-12-02,7273.44
2013-12-03,7253.63
2013-12-04,7205.35
2013-12-05,7292.55
2013-12-06,7313.86
2013-12-09,7429.1
2013-12-10,7392.92
2013-12-11,7360.97
2013-12-12,7281.83
2013-12-13,7200.3
2013-12-16,7197.76
2013-12-17,7185.25
2013-12-18,7278.91
2013-12-19,7229.12
2013-12-20,7352.25
2013-12-23,7368.66
2013-12-24,7354.52
2013-12-26,7367.65
2013-12-27,7411.58
2013-12-30,7387.05
2013-12-31,7404.55
2014-01-01,7407.06
2014-01-02,7303.2
2014-01-03,7299.14
2014-01-06,7281.51
2014-01-07,7240.98
2014-01-08,7256.4
2014-01-09,7240.73
2014-01-10,7240.78
2014-01-13,7340.05
2014-01-14,7309.65
2014-01-15,7392.64
2014-01-16,7379.82
2014-01-17,7309.38
2014-01-20,7363.99
2014-01-21,7374.91
2014-01-22,7403.15
2014-01-23,7407.5
2014-01-24,7310.78
2014-01-27,7149.37
2014-01-28,7138.25
2014-01-29,7138.37
2014-01-30,7071.51
2014-01-31,7112.88
2014-02-03,7015.04
2014-02-04,7018.48
2014-02-05,7045.68
2014-02-06,7063.67
2014-02-07,7093.24
2014-02-10,7078.26
2014-02-11,7088.14
2014-02-12,7107.98
2014-02-13,7010.76
2014-02-14,7059.45
2014-02-17,7085.77
2014-02-18,7149.35
2014-02-19,7179.17
2014-02-20,7116.01
2014-02-21,7187.47
2014-02-24,7217.36
2014-02-25,7233.11
2014-02-26,7270.47
2014-02-28,7321.26
2014-03-03,7267.89
2014-03-04,7355.04
2014-03-05,7391.87
2014-03-06,7476.91
2014-03-07,7613.04
2014-03-10,7629.61
2014-03-11,7595.85
2014-03-12,7601.58
2014-03-13,7570.55
2014-03-14,7583.47
2014-03-18,7613.23
2014-03-19,7625.8
2014-03-20,7576.26
2014-03-21,7592.64
2014-03-22,7600.0
2014-03-24,7692.83
2014-03-25,7704.68
2014-03-26,7717.95
2014-03-27,7766.2
2014-03-28,7843.65
2014-03-31,7866.04
2014-04-01,7879.43
2014-04-02,7924.99
2014-04-03,7900.12
2014-04-04,7858.24
2014-04-07,7859.62
2014-04-09,7979.79
2014-04-10,7993.61
2014-04-11,7967.84
2014-04-15,7904.51
2014-04-16,7837.8
2014-04-17,7958.04
2014-04-21,8008.67
2014-04-22,8008.66
2014-04-23,8034.12
2014-04-25,7979.75
2014-04-28,7959.83
2014-04-29,7902.45
2014-04-30,7868.79
2014-05-02,7872.9
2014-05-05,7876.87
2014-05-06,7895.83
2014-05-07,7825.21
2014-05-08,7830.59
2014-05-09,8056.69
2014-05-12,8226.88
2014-05-13,8347.03
2014-05-14,8368.16
2014-05-15,8376.4
2014-05-16,8489.32
2014-05-19,8600.09
2014-05-20,8615.29
2014-05-21,8592.58
2014-05-22,8637.07
2014-05-23,8751.17
2014-05-26,8720.01
2014-05-27,8661.59
2014-05-28,8679.97
2014-05-29,8576.69
2014-05-30,8574.8
2014-06-02,8730.08
2014-06-03,8803.58
2014-06-04,8800.78
2014-06-05,8902.61
2014-06-06,9042.19
2014-06-09,9123.63
2014-06-10,9118.94
2014-06-11,9071.47
2014-06-12,9095.75
2014-06-13,8949.6
2014-06-16,8944.34
2014-06-17,9062.67
2014-06-18,8978.42
2014-06-19,8950.98
2014-06-20,8917.47
2014-06-23,8904.26
2014-06-24,9009.19
2014-06-25,8997.53
2014-06-26,8914.23
2014-06-27,8935.58
2014-06-30,9066.53
2014-07-01,9100.43
2014-07-02,9219.87
2014-07-03,9209.2
2014-07-04,9256.48
2014-07-07,9293.07
2014-07-08,9069.39
2014-07-09,9015.89
2014-07-10,9007.14
2014-07-11,8858.66
2014-07-14,8863.41
2014-07-15,8966.28
2014-07-16,9079.36
2014-07-17,9112.86
2014-07-18,9130.55
2014-07-21,9151.85
2014-07-22,9243.3
2014-07-23,9266.58
2014-07-24,9305.32
2014-07-25,9245.98
2014-07-28,9208.99
2014-07-30,9263.92
2014-07-31,9191.26
2014-08-01,9061.63
2014-08-04,9160.65
2014-08-05,9231.47
2014-08-06,9149.11
2014-08-07,9123.68
2014-08-08,9018.82
2014-08-11,9089.89
2014-08-12,9203.74
2014-08-13,9209.38
2014-08-14,9276.94
2014-08-18,9382.57
2014-08-19,9421.62
2014-08-20,9402.4
2014-08-21,9429.62
2014-08-22,9454.36
2014-08-25,9431.38
2014-08-26,9428.97
2014-08-27,9464.52
2014-08-28,9479.08
2014-09-01,9584.51
2014-09-02,9651.06
2014-09-03,9693.77
2014-09-04,9673.42
2014-09-05,9666.02
2014-09-08,9773.03
2014-09-09,9758.61
2014-09-10,9684.19
2014-09-11,9683.06
2014-09-12,9706.17
2014-09-15,9636.84
2014-09-16,9481.51
2014-09-17,9534.13
2014-09-18,9705.72
2014-09-19,9702.45
2014-09-22,9728.65
2014-09-23,9567.15
2014-09-24,9545.75
2014-09-25,9430.11
2014-09-26,9510.0
2014-09-29,9508.26
2014-09-30,9514.4
2014-10-01,9488.63
2014-10-07,9374.34
2014-10-08,9363.77
2014-10-09,9510.53
2014-10-10,9382.58
2014-10-13,9414.17
2014-10-14,9398.0
2014-10-16,9244.52
2014-10-17,9294.35
2014-10-20,9417.67
2014-10-21,9478.7
2014-10-22,9563.4
2014-10-23,9589.67
2014-10-27,9558.85
2014-10-28,9599.73
2014-10-29,9672.18
2014-10-30,9762.94
2014-10-31,9943.24
2014-11-03,9954.58
2014-11-05,9965.0
2014-11-07,9973.74
2014-11-10,9983.59
2014-11-11,10011.35
2014-11-12,10048.78
2014-11-13,10018.12
2014-11-14,10058.82
2014-11-17,10111.66
2014-11-18,10123.29
2014-11-19,10066.44
2014-11-20,10091.8
2014-11-21,10168.55
2014-11-24,10227.34
2014-11-25,10135.71
2014-11-26,10147.96
2014-11-27,10174.75
2014-11-28,10286.12
2014-12-01,10252.88
2014-12-02,10229.82
2014-12-03,10264.61
2014-12-04,10295.62
2014-12-05,10257.87
2014-12-08,10138.28
2014-12-09,10012.92
2014-12-10,10045.11
2014-12-11,9967.96
2014-12-12,9879.1
2014-12-15,9868.6
2014-12-16,9674.75
2014-12-17,9632.36
2014-12-18,9812.99
2014-12-19,9883.04
2014-12-22,9997.42
2014-12-23,9926.88
2014-12-24,9829.69
2014-12-26,9864.37
2014-12-29,9923.6
2014-12-30,9939.84
2014-12-31,9987.24
2015-01-01,9993.35
2015-01-02,10119.06
2015-01-05,10099.17
2015-01-06,9798.63
2015-01-07,9772.67
2015-01-08,9937.05
2015-01-09,9985.4
2015-01-12,10031.3
2015-01-13,10005.12
2015-01-14,9982.57
2015-01-15,10223.17
2015-01-16,10254.25
2015-01-19,10297.97
2015-01-20,10448.36
2015-01-21,10486.74
2015-01-22,10523.22
2015-01-23,10616.06
2015-01-27,10700.26
2015-01-28,10715.11
2015-01-29,10752.46
2015-01-30,10596.61
2015-02-02,10600.52
2015-02-03,10544.01
2015-02-04,10499.89
2015-02-05,10469.2
2015-02-06,10408.11
2015-02-09,10242.65
2015-02-10,10299.64
2015-02-11,10391.47
2015-02-12,10501.06
2015-02-13,10604.0
2015-02-16,10599.53
2015-02-18,10671.35
2015-02-19,10696.1
2015-02-20,10637.67
2015-02-23,10544.64
2015-02-24,10550.87
2015-02-25,10553.02
2015-02-26,10450.54
2015-02-27,10649.85
2015-02-28,10707.87
2015-03-02,10785.99
2015-03-03,10844.32
2015-03-04,10750.46
2015-03-05,10775.35
2015-03-09,10570.29
2015-03-10,10527.2
2015-03-11,10510.7
2015-03-12,10618.49
2015-03-13,10463.02
2015-03-16,10435.51
2015-03-17,10552.52
2015-03-18,10518.32
2015-03-19,10459.86
2015-03-20,10375.73
2015-03-23,10340.9
2015-03-24,10329.19
2015-03-25,10318.23
2015-03-26,10106.49
2015-03-27,10105.51
2015-03-30,10284.48
2015-03-31,10285.91
2015-04-01,10399.2
2015-04-06,10489.81
2015-04-07,10507.1
2015-04-08,10575.16
2015-04-09,10642.81
2015-04-10,10655.95
2015-04-13,10724.01
2015-04-15,10624.48
2015-04-16,10569.01
2015-04-17,10441.07
2015-04-20,10246.76
2015-04-21,10164.3
2015-04-22,10218.52
2015-04-23,10191.38
2015-04-24,10073.33
2015-04-27,9950.64
2015-04-28,10049.82
2015-04-29,10006.32
2015-04-30,9948.54
2015-05-04,10130.07
2015-05-05,10134.56
2015-05-06,9849.2
2015-05-07,9767.81
2015-05-08,9941.77
2015-05-11,10113.3
2015-05-12,9880.3
2015-05-13,10024.46
2015-05-14,10032.52
2015-05-15,10077.28
2015-05-18,10210.53
2015-05-19,10201.69
2015-05-20,10262.91
2015-05-21,10255.87
2015-05-22,10296.65
2015-05-25,10205.38
2015-05-26,10171.57
2015-05-27,10155.74
2015-05-28,10130.95
2015-05-29,10271.62
2015-06-01,10267.37
2015-06-02,10032.09
2015-06-03,9915.99
2015-06-04,9921.38
2015-06-05,9911.85
2015-06-08,9818.38
2015-06-09,9792.51
2015-06-10,9912.98
2015-06-11,9725.55
2015-06-12,9746.84
2015-06-15,9788.25
2015-06-16,9832.94
2015-06-17,9902.82
2015-06-18,9995.93
2015-06-19,10058.17
2015-06-22,10214.78
2015-06-23,10246.27
2015-06-24,10216.65
2015-06-25,10263.88
2015-06-26,10244.12
2015-06-29,10161.44
2015-06-30,10232.11
2015-07-01,10338.65
2015-07-02,10351.69
2015-07-03,10391.36
2015-07-06,10441.69
2015-07-07,10437.35
2015-07-08,10266.69
2015-07-09,10233.06
2015-07-10,10266.12
2015-07-13,10387.78
2015-07-14,10385.86
2015-07-15,10463.08
2015-07-16,10572.43
2015-07-17,10583.92
2015-07-20,10580.45
2015-07-21,10477.31
2015-07-22,10603.03
2015-07-23,10561.7
2015-07-24,10478.74
2015-07-27,10291.98
2015-07-28,10262.96
2015-07-29,10310.04
2015-07-30,10371.64
2015-07-31,10506.89
2015-08-03,10532.23
2015-08-04,10530.23
2015-08-05,10598.66
2015-08-06,10627.9
2015-08-07,10598.55
2015-08-10,10558.6
2015-08-11,10482.92
2015-08-12,10324.33
2015-08-13,10325.91
2015-08-14,10530.39
2015-08-17,10496.98
2015-08-18,10494.06
2015-08-19,10525.21
2015-08-20,10376.34
2015-08-21,10288.01
2015-08-24,9639.95
2015-08-25,9748.81
2015-08-26,9645.03
2015-08-27,9851.35
2015-08-28,9915.18
2015-08-31,9873.79
2015-09-01,9657.33
2015-09-02,9573.8
2015-09-03,9702.4
2015-09-04,9497.1
2015-09-07,9361.3
2015-09-08,9501.08
2015-09-09,9667.39
2015-09-10,9643.98
2015-09-11,9645.46
2015-09-14,9756.29
2015-09-15,9697.83
2015-09-16,9758.77
2015-09-18,9857.34
2015-09-21,9854.83
2015-09-22,9661.95
2015-09-23,9693.62
2015-09-24,9717.18
2015-09-28,9629.44
2015-09-29,9681.04
2015-09-30,9820.76
2015-10-01,9834.4
2015-10-05,10040.82
2015-10-06,10079.76
2015-10-07,10105.42
2015-10-08,10035.67
2015-10-09,10097.2
2015-10-12,10049.06
2015-10-13,10033.57
2015-10-14,10010.44
2015-10-15,10088.03
2015-10-16,10156.71
2015-10-19,10206.85
2015-10-20,10193.56
2015-10-21,10176.13
2015-10-23,10214.44
2015-10-26,10171.5
2015-10-27,10147.51
2015-10-28,10079.36
2015-10-29,10008.49
2015-10-30,9961.0
2015-11-02,9949.01
2015-11-03,9968.4
2015-11-04,9948.32
2015-11-05,9839.58
2015-11-06,9832.83
2015-11-09,9802.26
2015-11-10,9637.48
2015-11-11,9696.87
2015-11-13,9612.19
2015-11-16,9649.41
2015-11-17,9690.63
2015-11-18,9573.59
2015-11-19,9706.09
2015-11-20,9731.62
2015-11-23,9727.56
2015-11-24,9711.79
2015-11-26,9767.43
2015-11-27,9832.82
2015-11-30,9819.76
2015-12-01,9856.71
2015-12-02,9834.23
2015-12-03,9752.87
2015-12-04,9654.79
2015-12-07,9638.74
2015-12-08,9557.52
2015-12-09,9435.96
2015-12-10,9521.7
2015-12-11,9433.48
2015-12-14,9482.23
2015-12-15,9545.41
2015-12-16,9603.36
2015-12-17,9723.5
2015-12-18,9638.68
2015-12-21,9724.46
2015-12-22,9669.81
2015-12-23,9761.62
2015-12-24,9757.82
2015-12-28,9829.46
2015-12-29,9838.54
2015-12-30,9799.55
2015-12-31,9861.85
2016-01-01,9895.05
2016-01-04,9699.76
2016-01-05,9702.1
2016-01-06,9652.01
2016-01-07,9423.98
2016-01-08,9473.84
2016-01-11,9417.08
2016-01-12,9352.11
2016-01-13,9400.58
2016-01-14,9360.43
2016-01-15,9217.32
2016-01-18,9087.74
2016-01-19,9193.88
2016-01-20,9035.56
2016-01-21,8984.52
2016-01-22,9167.4
2016-01-25,9183.76
2016-01-27,9187.17
2016-01-28,9167.42
2016-01-29,9338.99
2016-02-01,9337.25
2016-02-02,9203.94
2016-02-03,9087.7
2016-02-04,9131.27
2016-02-05,9254.27
2016-02-08,9144.67
2016-02-09,9020.2
2016-02-10,8915.07
2016-02-11,8622.12
2016-02-12,8627.19
2016-02-15,8862.85
2016-02-16,8708.16
2016-02-17,8777.2
2016-02-18,8871.43
2016-02-19,8892.0
2016-02-22,8927.27
2016-02-23,8781.93
2016-02-24,8669.52
2016-02-25,8612.82
2016-02-26,8684.12
2016-02-29,8643.47
2016-03-01,8932.41
2016-03-02,9103.3
2016-03-03,9224.74
2016-03-04,9247.17
2016-03-08,9249.35
2016-03-09,9301.23
2016-03-10,9247.75
2016-03-11,9277.1
2016-03-14,9319.38
2016-03-15,9223.95
2016-03-16,9259.95
2016-03-17,9290.93
2016-03-18,9395.42
2016-03-21,9522.09
2016-03-22,9540.15
2016-03-23,9544.07
2016-03-28,9416.45
2016-03-29,9397.07
2016-03-30,9565.77
2016-03-31,9577.13
2016-04-01,9550.87
2016-04-04,9602.7
2016-04-05,9417.6
2016-04-06,9438.19
2016-04-07,9360.7
2016-04-08,9377.01
2016-04-11,9511.76
2016-04-12,9561.63
2016-04-13,9726.98
2016-04-18,9809.79
2016-04-20,9811.84
2016-04-21,9808.5
2016-04-22,9797.36
2016-04-25,9741.41
2016-04-26,9863.54
2016-04-27,9886.35
2016-04-28,9729.17
2016-04-29,9738.27
2016-05-02,9715.78
2016-05-03,9638.75
2016-05-04,9572.58
2016-05-05,9606.07
2016-05-06,9611.82
2016-05-09,9762.71
2016-05-10,9786.22
2016-05-11,9746.58
2016-05-12,9816.13
2016-05-13,9712.26
2016-05-16,9759.31
2016-05-17,9791.75
2016-05-18,9770.44
2016-05-19,9661.74
2016-05-20,9616.73
2016-05-23,9593.76
2016-05-24,9608.91
2016-05-25,9820.33
2016-05-26,9978.34
2016-05-27,10091.9
2016-05-30,10136.16
2016-05-31,10110.1
2016-06-01,10131.87
2016-06-02,10183.08
2016-06-03,10187.84
2016-06-06,10163.79
2016-06-07,10239.46
2016-06-08,10254.24
2016-06-09,10185.04
2016-06-10,10141.53
2016-06-13,10067.98
2016-06-14,10069.51
2016-06-15,10183.29
2016-06-16,10121.84
2016-06-17,10152.84
2016-06-20,10233.14
2016-06-21,10216.99
2016-06-22,10202.12
2016-06-23,10275.14
2016-06-24,10062.04
2016-06-27,10083.41
2016-06-28,10130.34
2016-06-29,10232.06
2016-06-30,10342.01
2016-07-01,10407.94
2016-07-04,10465.94
2016-07-05,10427.69
2016-07-07,10430.22
2016-07-08,10418.99
2016-07-11,10598.81
2016-07-12,10668.23
2016-07-13,10660.04
2016-07-14,10715.77
2016-07-15,10702.07
2016-07-18,10657.01
2016-07-19,10683.79
2016-07-20,10736.43
2016-07-21,10681.5
2016-07-22,10736.2
2016-07-25,10856.14
2016-07-26,10807.21
2016-07-27,10844.45
2016-07-28,10909.24
2016-07-29,10883.15
2016-08-01,10886.12
2016-08-02,10860.34
2016-08-03,10747.14
2016-08-04,10764.24
2016-08-05,10937.73
2016-08-08,10985.83
2016-08-09,10940.83
2016-08-10,10803.55
2016-08-11,10826.69
2016-08-12,10928.16
2016-08-16,10905.43
2016-08-17,10897.77
2016-08-18,10961.5
2016-08-19,10959.17
2016-08-22,10909.24
2016-08-23,10902.54
2016-08-24,10937.08
2016-08-25,10865.77
2016-08-26,10850.02
2016-08-29,10888.55
2016-08-30,11046.22
2016-08-31,11096.02
2016-09-01,11080.31
2016-09-02,11124.2
2016-09-06,11294.95
2016-09-07,11273.97
2016-09-08,11320.86
2016-09-09,11213.41
2016-09-12,11001.77
2016-09-14,11032.22
2016-09-15,11042.41
2016-09-16,11086.4
2016-09-19,11121.89
2016-09-20,11087.67
2016-09-21,11087.88
2016-09-22,11207.1
2016-09-23,11171.11
2016-09-26,11049.75
2016-09-27,11030.14
2016-09-28,11083.6
2016-09-29,10856.73
2016-09-30,10911.35
2016-10-03,11094.4
2016-10-04,11139.56
2016-10-05,11115.89
2016-10-06,11077.94
2016-10-07,11060.75
2016-10-10,11068.98
2016-10-13,10896.65
2016-10-14,10915.15
2016-10-17,10837.61
2016-10-18,11036.44
2016-10-19,11022.04
2016-10-20,11066.9
2016-10-21,11069.84
2016-10-24,11082.63
2016-10-25,11065.8
2016-10-26,10966.67
2016-10-27,10946.67
2016-10-28,10995.88
2016-10-30,10989.09
2016-11-01,10995.63
2016-11-02,10844.18
2016-11-03,10791.36
2016-11-04,10714.53
2016-11-07,10794.34
2016-11-08,10850.0
2016-11-09,10698.36
2016-11-10,10826.09
2016-11-11,10523.3
2016-11-15,10248.55
2016-11-16,10264.8
2016-11-17,10231.41
2016-11-18,10233.04
2016-11-21,10037.02
2016-11-22,10140.43
2016-11-23,10196.42
2016-11-24,10123.65
2016-11-25,10308.32
2016-11-28,10334.28
2016-11-29,10352.13
2016-11-30,10459.46
2016-12-01,10409.42
2016-12-02,10274.08
2016-12-05,10334.15
2016-12-06,10353.81
2016-12-07,10308.59
2016-12-08,10492.82
2016-12-09,10503.08
2016-12-12,10385.29
2016-12-13,10431.42
2016-12-14,10374.07
2016-12-15,10340.8
2016-12-16,10322.89
2016-12-19,10274.43
2016-12-20,10237.21
2016-12-21,10213.89
2016-12-22,10097.8
2016-12-23,10097.4
2016-12-26,9985.95
2016-12-27,10148.33
2016-12-28,10157.6
2016-12-29,10250.06
2016-12-30,10355.89
2017-01-02,10364.24
2017-01-03,10391.38
2017-01-04,10387.31
2017-01-05,10503.13
2017-01-06,10467.36
2017-01-09,10460.05
2017-01-10,10533.42
2017-01-11,10653.21
2017-01-12,10687.61
2017-01-13,10682.3
2017-01-16,10706.7
2017-01-17,10690.21
2017-01-18,10721.33
2017-01-19,10746.74
2017-01-20,10629.3
2017-01-23,10690.48
2017-01-24,10799.04
2017-01-25,10957.84
2017-01-27,11008.44
2017-01-30,11009.77
2017-01-31,10904.9
2017-02-01,11107.84
2017-02-02,11140.9
2017-02-03,11150.07
2017-02-06,11234.76
2017-02-07,11195.87
2017-02-08,11206.05
2017-02-09,11221.9
2017-02-10,11233.66
2017-02-13,11246.58
2017-02-14,11215.14
2017-02-15,11121.53
2017-02-16,11211.39
2017-02-17,11270.91
2017-02-20,11344.12
2017-02-21,11390.97
2017-02-22,11399.43
2017-02-23,11406.04
2017-02-27,11358.49
2017-02-28,11349.2
2017-03-01,11425.17
2017-03-02,11348.3
2017-03-03,11345.09
2017-03-06,11425.82
2017-03-07,11406.49
2017-03-08,11376.16
2017-03-09,11377.69
2017-03-10,11381.95
2017-03-14,11581.1
2017-03-15,11591.14
2017-03-16,11695.12
2017-03-17,11701.04
2017-03-20,11666.09
2017-03-21,11649.5
2017-03-22,11534.53
2017-03-23,11613.33
2017-03-24,11641.16
2017-03-27,11566.7
2017-03-28,11640.83
2017-03-29,11690.21
2017-03-30,11731.33
2017-03-31,11741.07
2017-04-03,11817.33
2017-04-05,11866.14
2017-04-06,11868.89
2017-04-07,11799.79
2017-04-10,11795.15
2017-04-11,11870.98
2017-04-12,11838.04
2017-04-13,11778.18
2017-04-17,11761.38
2017-04-18,11704.16
2017-04-19,11715.04
2017-04-20,11757.38
2017-04-21,11743.44
2017-04-24,11865.7
2017-04-25,11990.84
2017-04-26,12035.55
2017-04-27,12015.72
2017-04-28,11977.89
2017-05-02,11998.37
2017-05-03,11995.18
2017-05-04,12053.12
2017-05-05,11945.08
2017-05-08,11984.47
2017-05-09,12003.03
2017-05-10,12125.89
2017-05-11,12145.33
2017-05-12,12112.95
2017-05-15,12177.5
2017-05-16,12249.35
2017-05-17,12254.37
2017-05-18,12109.82
2017-05-19,12096.85
2017-05-22,12091.77
2017-05-23,12009.94
2017-05-24,11954.68
2017-05-25,12134.57
2017-05-26,12271.09
2017-05-29,12264.38
2017-05-30,12299.49
2017-05-31,12303.84
2017-06-01,12311.69
2017-06-02,12363.77
2017-06-05,12413.49
2017-06-06,12358.33
2017-06-07,12398.86
2017-06-08,12387.42
2017-06-09,12417.42
2017-06-12,12358.34
2017-06-13,12354.23
2017-06-14,12360.77
2017-06-15,12315.94
2017-06-16,12332.22
2017-06-19,12414.82
2017-06-20,12417.24
2017-06-21,12396.35
2017-06-22,12381.72
2017-06-23,12297.35
2017-06-27,12214.53
2017-06-28,12197.9
2017-06-29,12219.28
2017-06-30,12253.18
2017-07-03,12379.65
2017-07-04,12374.91
2017-07-05,12416.99
2017-07-06,12470.22
2017-07-07,12461.07
2017-07-10,12592.96
2017-07-11,12597.09
2017-07-12,12647.88
2017-07-13,12754.1
2017-07-14,12755.93
2017-07-17,12791.64
2017-07-18,12683.13
2017-07-19,12788.7
2017-07-20,12754.86
2017-07-21,12806.2
2017-07-24,12865.97
2017-07-25,12869.77
2017-07-26,12933.06
2017-07-27,12923.83
2017-07-28,12930.43
2017-07-31,13011.18
2017-08-01,13048.48
2017-08-02,13003.27
2017-08-03,12933.8
2017-08-04,13015.53
2017-08-07,13033.44
2017-08-08,12922.27
2017-08-09,12809.62
2017-08-10,12659.52
2017-08-11,12543.69
2017-08-14,12678.16
2017-08-16,12810.3
2017-08-17,12816.63
2017-08-18,12740.13
2017-08-21,12617.65
2017-08-22,12619.4
2017-08-23,12741.39
2017-08-24,12766.52
2017-08-28,12846.99
2017-08-29,12697.65
2017-08-30,12824.58
2017-08-31,12860.71
2017-09-01,12943.04
2017-09-04,12864.59
2017-09-05,12919.3
2017-09-06,12882.83
2017-09-07,12914.78
2017-09-08,12905.09
2017-09-11,13000.61
2017-09-12,13114.76
2017-09-13,13092.6
2017-09-14,13108.85
2017-09-15,13102.77
2017-09-18,13185.78
2017-09-19,13185.5
2017-09-20,13172.76
2017-09-21,13138.47
2017-09-22,12912.12
2017-09-25,12785.41
2017-09-26,12788.93
2017-09-27,12603.2
2017-09-28,12645.57
2017-09-29,12690.62
2017-10-03,12787.99
2017-10-04,12853.41
2017-10-05,12830.29
2017-10-06,12945.47
2017-10-09,12958.37
2017-10-10,13000.98
2017-10-11,12953.3
2017-10-12,13097.7
2017-10-13,13179.37
2017-10-16,13255.12
2017-10-17,13268.46
2017-10-18,13239.11
2017-10-19,13157.75
2017-10-23,13208.61
2017-10-24,13229.59
2017-10-25,13352.43
2017-10-26,13413.05
2017-10-27,13404.98
2017-10-30,13472.33
2017-10-31,13446.32
2017-11-01,13583.27
2017-11-02,13572.89
2017-11-03,13609.22
2017-11-06,13624.11
2017-11-07,13479.42
2017-11-08,13410.8
2017-11-09,13430.98
2017-11-10,13440.1
2017-11-13,13318.74
2017-11-14,13270.08
2017-11-15,13171.23
2017-11-16,13300.95
2017-11-17,13404.8
2017-11-20,13423.68
2017-11-21,13458.4
2017-11-22,13472.67
2017-11-23,13478.88
2017-11-24,13532.51
2017-11-27,13548.82
2017-11-28,13519.29
2017-11-29,13509.03
2017-11-30,13341.62
2017-12-01,13205.46
2017-12-04,13213.59
2017-12-05,13204.47
2017-12-06,13102.28
2017-12-07,13271.28
2017-12-08,13400.93
2017-12-11,13469.15
2017-12-12,13357.61
2017-12-13,13285.09
2017-12-14,13351.16
2017-12-15,13457.96
2017-12-18,13538.56
2017-12-19,13650.91
2017-12-20,13631.28
2017-12-21,13636.88
2017-12-22,13704.89
2017-12-26,13756.75
2017-12-27,13701.36
2017-12-28,13687.88
2017-12-29,13760.62
2018-01-01,13651.17
2018-01-02,13653.08
2018-01-03,13666.56
2018-01-04,13756.85
2018-01-05,13843.41
2018-01-08,13930.27
2018-01-09,13935.79
2018-01-10,13926.37
2018-01-11,13945.07
2018-01-12,13978.52
2018-01-15,14039.49
2018-01-16,13958.13
2018-01-17,14070.82
2018-01-18,14074.44
2018-01-19,14176.24
2018-01-22,14271.76
2018-01-23,14416.41
2018-01-24,14404.89
2018-01-25,14356.95
2018-01-29,14415.42
2018-01-30,14315.19
2018-01-31,14276.59
2018-02-01,14267.38
2018-02-02,13924.08
2018-02-05,13814.56
2018-02-06,13599.14
2018-02-07,13592.84
2018-02-08,13743.48
2018-02-09,13601.92
2018-02-12,13726.16
2018-02-14,13679.74
2018-02-15,13714.08
2018-02-16,13588.21
2018-02-19,13484.07
2018-02-20,13474.4
2018-02-21,13507.08
2018-02-22,13474.91
2018-02-23,13626.13
2018-02-26,13746.52
2018-02-27,13707.58
2018-02-28,13633.64
2018-03-01,13581.71
2018-03-05,13449.38
2018-03-06,13309.91
2018-03-07,13182.26
2018-03-08,13278.42
2018-03-09,13261.51
2018-03-12,13491.32
2018-03-13,13523.82
2018-03-14,13508.65
2018-03-15,13453.49
2018-03-16,13258.97
2018-03-19,13118.06
2018-03-20,13172.34
2018-03-21,13214.58
2018-03-22,13164.28
2018-03-23,13022.89
2018-03-26,13198.85
2018-03-27,13274.35
2018-03-28,13175.99
2018-04-02,13323.87
2018-04-03,13384.19
2018-04-04,13232.92
2018-04-05,13488.12
2018-04-06,13518.43
2018-04-09,13571.61
2018-04-10,13594.03
2018-04-11,13613.75
2018-04-12,13656.8
2018-04-13,13680.64
2018-04-16,13743.02
2018-04-17,13769.56
2018-04-18,13742.41
2018-04-19,13800.65
2018-04-20,13790.71
2018-04-23,13823.95
2018-04-24,13860.52
2018-04-25,13807.9
2018-04-26,13855.99
2018-04-27,13951.94
2018-04-30,14015.92
2018-05-02,13966.52
2018-05-03,13897.62
2018-05-04,13816.41
2018-05-07,13940.34
2018-05-08,13936.76
2018-05-09,13953.12
2018-05-10,13899.72
2018-05-11,13999.61
2018-05-14,13989.73
2018-05-15,13977.15
2018-05-16,13907.96
2018-05-17,13843.22
2018-05-18,13718.85
2018-05-21,13601.35
2018-05-22,13649.42
2018-05-23,13520.79
2018-05-24,13617.28
2018-05-25,13763.93
2018-05-28,13889.23
2018-05-29,13826.4
2018-05-30,13799.11
2018-05-31,13939.84
2018-06-01,13876.45
2018-06-04,13784.89
2018-06-05,13725.42
2018-06-06,13856.9
2018-06-07,13976.52
2018-06-08,13984.45
2018-06-11,14007.06
2018-06-12,14083.3
2018-06-13,14094.93
2018-06-14,14054.16
2018-06-15,14049.56
2018-06-18,14020.32
2018-06-19,13905.6
2018-06-20,13973.8
2018-06-21,13930.83
2018-06-22,14031.43
2018-06-25,13937.76
2018-06-26,13948.66
2018-06-27,13819.0
2018-06-28,13703.78
2018-06-29,13878.61
2018-07-02,13798.27
2018-07-03,13854.27
2018-07-04,13929.77
2018-07-05,13903.71
2018-07-06,13940.78
2018-07-09,14046.24
2018-07-10,14171.76
2018-07-11,14158.59
2018-07-12,14240.44
2018-07-13,14226.49
2018-07-16,14091.26
2018-07-17,14193.06
2018-07-18,14141.77
2018-07-19,14117.17
2018-07-20,14187.22
2018-07-23,14302.93
2018-07-24,14407.02
2018-07-25,14402.31
2018-07-26,14462.92
2018-07-27,14604.07
2018-07-30,14670.68
2018-07-31,14720.41
2018-08-01,14715.12
2018-08-02,14598.35
2018-08-03,14741.69
2018-08-06,14774.77
2018-08-07,14776.34
2018-08-08,14848.08
2018-08-09,14880.39
2018-08-10,14818.57
2018-08-13,14715.28
2018-08-14,14823.56
2018-08-16,14753.08
2018-08-17,14879.07
2018-08-20,14995.87
2018-08-21,15026.48
2018-08-23,15050.89
2018-08-24,15021.73
2018-08-27,15190.39
2018-08-28,15239.76
2018-08-29,15202.15
2018-08-30,15193.06
2018-08-31,15210.43
2018-09-03,15085.32
2018-09-04,14951.73
2018-09-05,14891.04
2018-09-06,14975.7
2018-09-07,15057.42
2018-09-10,14853.93
2018-09-11,14648.24
2018-09-12,14750.56
2018-09-14,14948.96
2018-09-17,14778.55
2018-09-18,14638.64
2018-09-19,14581.06
2018-09-21,14438.65
2018-09-24,14182.55
2018-09-25,14311.9
2018-09-26,14301.66
2018-09-27,14183.98
2018-09-28,14107.56
2018-10-01,14197.13
2018-10-03,14005.34
2018-10-04,13686.44
2018-10-05,13326.05
2018-10-08,13343.51
2018-10-09,13279.79
2018-10-10,13513.36
2018-10-11,13227.15
2018-10-12,13530.53
2018-10-15,13582.88
2018-10-16,13688.75
2018-10-17,13501.83
2018-10-19,13318.43
2018-10-22,13244.66
2018-10-23,13113.6
2018-10-24,13207.24
2018-10-25,13080.94
2018-10-26,12976.36
2018-10-29,13265.52
2018-10-30,13216.1
2018-10-31,13458.49
2018-11-01,13464.25
2018-11-02,13685.99
2018-11-05,13660.37
2018-11-06,13657.13
2018-11-07,13746.48
2018-11-09,13739.66
2018-11-12,13602.53
2018-11-13,13720.05
2018-11-14,13714.87
2018-11-15,13768.63
2018-11-16,13849.38
2018-11-19,13950.93
2018-11-20,13807.45
2018-11-21,13758.31
2018-11-22,13663.2
2018-11-26,13784.44
2018-11-27,13846.65
2018-11-28,13890.29
2018-11-29,14049.85
2018-11-30,14083.29
2018-12-03,14097.22
2018-12-04,14075.84
2018-12-05,13952.4
2018-12-06,13719.68
2018-12-07,13831.69
2018-12-10,13567.81
2018-12-11,13663.7
2018-12-12,13915.94
2018-12-13,13995.41
2018-12-14,14017.36
2018-12-17,14125.85
2018-12-18,14157.78
2018-12-19,14249.81
2018-12-20,14221.84
2018-12-21,13977.65
2018-12-24,13849.2
2018-12-26,13930.66
2018-12-27,13990.3
2018-12-28,14102.78
2018-12-31,14113.58
2019-01-01,14162.64
2019-01-02,14014.3
2019-01-03,13865.37
2019-01-04,13930.65
2019-01-07,13980.12
2019-01-08,14013.4
2019-01-09,14072.72
2019-01-10,14042.82
2019-01-11,14006.48
2019-01-14,13929.2
2019-01-15,14110.48
2019-01-16,14115.44
2019-01-17,14132.17
2019-01-18,14113.89
2019-01-21,14169.6
2019-01-22,14132.8
2019-01-23,14019.0
2019-01-24,14041.41
2019-01-25,13938.79
2019-01-28,13771.62
2019-01-29,13763.52
2019-01-30,13762.92
2019-01-31,13975.59
2019-02-01,14064.4
2019-02-04,14069.16
2019-02-05,14081.4
2019-02-06,14245.38
2019-02-07,14274.68
2019-02-08,14103.19
2019-02-11,14024.64
2019-02-12,13952.46
2019-02-13,13892.03
2019-02-14,13848.28
2019-02-15,13794.38
2019-02-18,13687.22
2019-02-19,13648.9
2019-02-20,13819.36
2019-02-21,13898.1
2019-02-22,13913.72
2019-02-25,14021.12
2019-02-26,13969.96
2019-02-27,13945.12
2019-02-28,13947.27
2019-03-01,14049.93
2019-03-05,14224.16
2019-03-06,14311.93
2019-03-07,14309.24
2019-03-08,14285.0
2019-03-11,14476.74
2019-03-12,14634.88
2019-03-13,14670.52
2019-03-14,14668.96
2019-03-15,14762.46
2019-03-18,14806.6
2019-03-19,14891.78
2019-03-20,14872.53
2019-03-22,14790.38
2019-03-25,14651.81
2019-03-26,14814.73
2019-03-27,14768.81
2019-03-28,14926.37
2019-03-29,15015.3
2019-04-01,15070.64
2019-04-02,15107.25
2019-04-03,15022.29
2019-04-04,14969.92
2019-04-05,15055.04
2019-04-08,14978.62
2019-04-09,15062.11
2019-04-10,14957.97
2019-04-11,14978.47
2019-04-12,15039.4
2019-04-15,15101.34
2019-04-16,15220.52
2019-04-18,15173.79
2019-04-22,14960.53
2019-04-23,14937.3
2019-04-24,15118.04
2019-04-25,15013.35
2019-04-26,15139.95
2019-04-30,15124.04
2019-05-02,15087.56
2019-05-03,15065.25
2019-05-06,14913.43
2019-05-07,14790.31
2019-05-08,14612.89
2019-05-09,14542.94
2019-05-10,14512.48
2019-05-13,14331.59
2019-05-14,14418.41
2019-05-15,14336.71
2019-05-16,14448.78
2019-05-17,14632.59
2019-05-20,15165.23
2019-05-21,15015.32
2019-05-22,15060.91
2019-05-23,14977.02
2019-05-24,15230.96
2019-05-27,15331.81
2019-05-28,15344.55
2019-05-29,15254.34
2019-05-30,15351.1
2019-05-31,15338.44
2019-06-03,15546.82
2019-06-04,15465.33
2019-06-06,15225.3
2019-06-07,15256.07
2019-06-10,15319.59
2019-06-11,15379.28
2019-06-12,15297.08
2019-06-13,15316.81
2019-06-14,15194.45
2019-06-17,14994.81
2019-06-18,15018.6
2019-06-19,15008.05
2019-06-20,15208.86
2019-06-21,15082.73
2019-06-24,15057.78
2019-06-25,15171.45
2019-06-26,15244.27
2019-06-27,15247.48
2019-06-28,15184.51
2019-07-01,15280.9
2019-07-02,15337.23
2019-07-03,15354.59
2019-07-04,15395.8
2019-07-05,15215.93
2019-07-08,14892.8
2019-07-09,14899.99
2019-07-10,14820.95
2019-07-11,14932.4
2019-07-12,14902.35
2019-07-15,14951.94
2019-07-16,15057.48
2019-07-17,15089.82
2019-07-18,14969.17
2019-07-19,14745.06
2019-07-22,14666.56
2019-07-23,14642.56
2019-07-24,14551.36
2019-07-25,14544.04
2019-07-26,14598.32
2019-07-29,14466.53
2019-07-30,14323.88
2019-07-31,14377.76
2019-08-01,14201.5
2019-08-02,14232.69
2019-08-05,14065.52
2019-08-06,14179.43
2019-08-07,14066.42
2019-08-08,14292.03
2019-08-09,14392.15
2019-08-13,14145.4
2019-08-14,14286.35
2019-08-16,14313.04
2019-08-19,14322.84
2019-08-20,14268.07
2019-08-21,14137.54
2019-08-22,13915.31
2019-08-23,14029.63
2019-08-26,14320.78
2019-08-27,14399.21
2019-08-28,14323.22
2019-08-29,14213.79
2019-08-30,14323.94
2019-09-03,14028.73
2019-09-04,14078.94
2019-09-05,14092.65
2019-09-06,14212.28
2019-09-09,14282.67
2019-09-11,14332.77
2019-09-12,14271.4
2019-09-13,14389.02
2019-09-16,14305.22
2019-09-17,14063.47
2019-09-18,14101.0
2019-09-19,13931.55
2019-09-20,14680.42
2019-09-23,15083.93
2019-09-24,15072.63
2019-09-25,14872.52
2019-09-26,15043.62
2019-09-27,14977.7
2019-09-30,14913.21
2019-10-01,14764.5
2019-10-03,14696.82
2019-10-04,14515.28
2019-10-07,14432.62
2019-10-09,14669.66
2019-10-10,14568.68
2019-10-11,14655.93
2019-10-14,14710.86
2019-10-15,14824.81
2019-10-16,14881.57
2019-10-17,15061.06
2019-10-18,15173.94
2019-10-22,15101.58
2019-10-23,15127.91
2019-10-24,15096.78
2019-10-25,15091.73
2019-10-27,15153.7
2019-10-29,15358.89
2019-10-30,15437.61
2019-10-31,15482.23
2019-11-01,15495.85
2019-11-04,15549.38
2019-11-05,15507.39
2019-11-06,15569.18
2019-11-07,15633.23
2019-11-08,15494.22
2019-11-11,15505.07
2019-11-13,15411.82
2019-11-14,15438.34
2019-11-15,15466.28
2019-11-18,15451.57
2019-11-19,15508.06
2019-11-20,15587.16
2019-11-21,15544.24
2019-11-22,15477.99
2019-11-25,15685.72
2019-11-26,15631.72
2019-11-27,15717.66
2019-11-28,15796.11
2019-11-29,15672.75
2019-12-02,15663.21
2019-12-03,15586.84
2019-12-04,15644.77
2019-12-05,15600.62
2019-12-06,15469.99
2019-12-09,15480.73
2019-12-10,15368.68
2019-12-11,15438.35
2019-12-12,15523.09
2019-12-13,15673.46
2019-12-16,15624.76
2019-12-17,15758.66
2019-12-18,15829.82
2019-12-19,15881.39
2019-12-20,15906.57
2019-12-23,15895.71
2019-12-24,15840.58
2019-12-26,15733.87
2019-12-27,15882.39
2019-12-30,15894.81
2019-12-31,15783.49
2020-01-01,15798.06
2020-01-02,15928.56
2020-01-03,15861.81
2020-01-06,15555.57
2020-01-07,15638.38
2020-01-08,15608.16
2020-01-09,15850.33
2020-01-10,15901.83
2020-01-13,16000.53
2020-01-14,16041.85
2020-01-15,16029.38
2020-01-16,16044.49
2020-01-17,16045.21
2020-01-20,15880.58
2020-01-21,15808.61
2020-01-22,15736.0
2020-01-23,15843.0
2020-01-24,15939.33
2020-01-27,15779.34
2020-01-28,15702.85
2020-01-29,15797.77
2020-01-30,15654.2
2020-01-31,15553.18
2020-02-01,15143.99
2020-02-03,15210.34
2020-02-04,15558.68
2020-02-05,15714.53
2020-02-06,15794.42
2020-02-07,15762.93
2020-02-10,15680.72
2020-02-11,15759.0
2020-02-12,15864.1
2020-02-13,15831.22
2020-02-14,15739.47
2020-02-17,15642.61
2020-02-18,15575.61
2020-02-19,15767.82
2020-02-20,15720.3
2020-02-24,15393.3
2020-02-25,15342.75
2020-02-26,15179.01
2020-02-27,15123.35
2020-02-28,14569.0
2020-03-02,14487.44
2020-03-03,14724.78
2020-03-04,14650.05
2020-03-05,14684.25
2020-03-06,14325.8
2020-03-09,13634.45
2020-03-11,13627.97
2020-03-12,12489.5
2020-03-13,12948.87
2020-03-16,12008.91
2020-03-17,11736.26
2020-03-18,11095.08
2020-03-19,10817.09
2020-03-20,11414.55
2020-03-23,9960.42
2020-03-24,10193.86
2020-03-25,10827.34
2020-03-26,11272.09
2020-03-27,11291.67
2020-03-30,10850.5
2020-03-31,11271.15
2020-04-01,10849.01
2020-04-03,10637.66
2020-04-07,11534.11
2020-04-08,11516.96
2020-04-09,11983.71
2020-04-13,11847.98
2020-04-15,11784.13
2020-04-16,11873.01
2020-04-17,12204.02
2020-04-20,12189.9
2020-04-21,11845.29
2020-04-22,12099.16
2020-04-23,12246.85
2020-04-24,12036.44
2020-04-27,12215.15
2020-04-28,12322.21
2020-04-29,12537.17
2020-04-30,12919.55
2020-05-04,12205.8
2020-05-05,12083.9
2020-05-06,12173.85
2020-05-07,12074.3
2020-05-08,12148.11
2020-05-11,12152.08
2020-05-12,12101.16
2020-05-13,12333.47
2020-05-14,12049.99
2020-05-15,12033.87
2020-05-18,11625.58
2020-05-19,11698.22
2020-05-20,11942.2
2020-05-21,12007.65
2020-05-22,11913.35
2020-05-26,11904.07
2020-05-27,12229.42
2020-05-28,12457.48
2020-05-29,12610.56
2020-06-01,12917.31
2020-06-02,13102.53
2020-06-03,13208.3
2020-06-04,13179.54
2020-06-05,13342.57
2020-06-08,13371.72
2020-06-09,13222.54
2020-06-10,13300.65
2020-06-11,13030.33
2020-06-12,13128.86
2020-06-15,12931.74
2020-06-16,13050.07
2020-06-17,13014.39
2020-06-18,13257.88
2020-06-19,13453.96
2020-06-22,13565.92
2020-06-23,13781.04
2020-06-24,13573.08
2020-06-25,13555.81
2020-06-26,13664.91
2020-06-29,13569.1
2020-06-30,13556.26
2020-07-01,13701.06
2020-07-02,13859.96
2020-07-03,13937.83
2020-07-06,14123.26
2020-07-07,14173.42
2020-07-08,14060.8
2020-07-09,14189.52
2020-07-10,14133.85
2020-07-13,14178.76
2020-07-14,13939.07
2020-07-15,13941.77
2020-07-16,14086.99
2020-07-17,14301.86
2020-07-20,14448.93
2020-07-21,14610.07
2020-07-22,14565.51
2020-07-23,14676.93
2020-07-24,14629.64
2020-07-27,14543.59
2020-07-28,14746.97
2020-07-29,14646.98
2020-07-30,14547.08
2020-07-31,14536.29
2020-08-03,14321.15
2020-08-04,14564.76
2020-08-05,14573.48
2020-08-06,14702.54
2020-08-07,14723.16
2020-08-10,14815.97
2020-08-11,14865.51
2020-08-12,14848.69
2020-08-13,14855.39
2020-08-14,14698.07
2020-08-17,14782.73
2020-08-18,14963.08
2020-08-19,14993.49
2020-08-20,14882.69
2020-08-21,14956.43
2020-08-24,15064.45
2020-08-25,15072.84
2020-08-26,15165.03
2020-08-27,15184.59
2020-08-28,15291.38
2020-08-31,14908.21
2020-09-01,15025.62
2020-09-02,15124.34
2020-09-03,15128.35
2020-09-04,14871.01
2020-09-07,14888.43
2020-09-08,14832.03
2020-09-09,14784.07
2020-09-10,14997.79
2020-09-11,15032.82
2020-09-14,15003.32
2020-09-15,15115.5
2020-09-16,15219.06
2020-09-17,15107.33
2020-09-18,15099.61
2020-09-21,14745.75
2020-09-22,14612.52
2020-09-23,14582.74
2020-09-24,14168.44
2020-09-25,14498.05
2020-09-28,14743.1
2020-09-29,14728.09
2020-09-30,14768.99
2020-10-01,14977.47
2020-10-05,15080.87
2020-10-06,15269.15
2020-10-07,15351.05
2020-10-08,15469.76
2020-10-09,15554.48
2020-10-12,15565.27
2020-10-13,15560.98
2020-10-14,15620.49
2020-10-15,15256.09
2020-10-16,15366.58
2020-10-19,15508.75
2020-10-20,15539.81
2020-10-21,15581.55
2020-10-22,15534.42
2020-10-23,15590.54
2020-10-26,15378.35
2020-10-27,15546.28
2020-10-28,15351.51
2020-10-29,15297.83
2020-10-30,15264.8
2020-11-02,15302.34
2020-11-03,15478.4
2020-11-04,15605.96
2020-11-05,15880.38
2020-11-06,16050.95
2020-11-09,16306.14
2020-11-10,16485.34
2020-11-11,16644.49
2020-11-12,16590.51
2020-11-13,16643.03
2020-11-14,16721.49
2020-11-17,16846.61
2020-11-18,16927.24
2020-11-19,16721.99
2020-11-20,16848.85
2020-11-23,16946.99
2020-11-24,17105.13
2020-11-25,16847.1
2020-11-26,17013.44
2020-11-27,17003.75
2020-12-01,17192.77
2020-12-02,17217.02
2020-12-03,17264.0
2020-12-04,17414.79
2020-12-07,17546.53
2020-12-08,17588.11
2020-12-09,17743.78
2020-12-10,17695.4
2020-12-11,17741.61
2020-12-14,17800.5
2020-12-15,17806.34
2020-12-16,17949.77
2020-12-17,18011.01
2020-12-18,18037.35
2020-12-21,17463.3
2020-12-22,17653.2
2020-12-23,17845.91
2020-12-24,18023.45
2020-12-28,18185.44
2020-12-29,18251.7
2020-12-30,18317.71
2020-12-31,18320.69
2021-01-01,18381.58
2021-01-04,18549.91
2021-01-05,18665.46
2021-01-06,18600.13
2021-01-07,18599.91
2021-01-08,18871.5
2021-01-11,19037.49
2021-01-12,19120.01
2021-01-13,19106.32
2021-01-14,19155.01
2021-01-15,18930.94
2021-01-18,18711.5
2021-01-19,19026.38
2021-01-20,19181.25
2021-01-21,19098.15
2021-01-22,18829.43
2021-01-25,18658.88
2021-01-27,18318.83
2021-01-28,18138.74
2021-01-29,17873.49
2021-02-01,18677.69
2021-02-02,19144.45
2021-02-03,19318.03
2021-02-04,19478.15
2021-02-05,19493.51
2021-02-08,19739.28
2021-02-09,19732.18
2021-02-10,19739.1
2021-02-11,19838.46
2021-02-12,19833.39
2021-02-15,20035.65
2021-02-16,20044.51
2021-02-17,19935.76
2021-02-18,19845.95
2021-02-19,19654.83
2021-02-22,19275.85
2021-02-23,19330.25
2021-02-24,19656.62
2021-02-25,19805.23
2021-02-26,19100.25
2021-03-01,19389.35
2021-03-02,19613.32
2021-03-03,20027.24
2021-03-04,19843.95
2021-03-05,19642.92
2021-03-08,19661.91
2021-03-09,19804.05
2021-03-10,19907.35
2021-03-12,19718.94
2021-03-15,19592.34
2021-03-16,19582.53
2021-03-17,19316.18
2021-03-18,19099.73
2021-03-19,19340.57
2021-03-22,19358.04
2021-03-23,19480.42
2021-03-24,19139.0
2021-03-25,18828.02
2021-03-26,19066.39
2021-03-30,19461.61
2021-03-31,19294.06
2021-04-01,19535.92
2021-04-05,19252.94
2021-04-06,19331.85
2021-04-07,19511.28
2021-04-08,19594.26
2021-04-09,19552.55
2021-04-12,18830.49
2021-04-13,19077.2
2021-04-15,19181.27
2021-04-16,19251.55
2021-04-19,18912.3
2021-04-20,18852.31
2021-04-22,18979.82
2021-04-23,18910.36
2021-04-26,19086.23
2021-04-27,19297.15
2021-04-28,19553.78
2021-04-29,19592.13
2021-04-30,19280.11
2021-05-03,19306.98
2021-05-04,19140.79
2021-05-05,19322.62
2021-05-06,19459.97
2021-05-07,19581.29
2021-05-10,19744.24
2021-05-11,19646.5
2021-05-12,19475.21
2021-05-14,19414.21
2021-05-17,19728.31
2021-05-18,19977.08
2021-05-19,19908.73
2021-05-20,19767.84
2021-05-21,20086.01
2021-05-24,20133.8
2021-05-25,20139.68
2021-05-26,20239.74
2021-05-27,20294.49
2021-05-28,20406.65
2021-05-31,20625.45
2021-06-01,20613.31
2021-06-02,20669.16
2021-06-03,20830.44
2021-06-04,20821.55
2021-06-07,20916.57
2021-06-08,20914.76
2021-06-09,20767.88
2021-06-10,20935.83
2021-06-11,21017.72
2021-06-14,21021.81
2021-06-15,21096.29
2021-06-16,20951.23
2021-06-17,20839.91
2021-06-18,20812.91
2021-06-21,20912.12
2021-06-22,20958.8
2021-06-23,20836.14
2021-06-24,20939.58
2021-06-25,21038.53
2021-06-28,20996.7
2021-06-29,20922.08
2021-06-30,20879.7
2021-07-01,20839.81
2021-07-02,20877.76
2021-07-05,21023.09
2021-07-06,21008.37
2021-07-07,21090.18
2021-07-08,20919.0
2021-07-09,20881.1
2021-07-12,20886.02
2021-07-13,21016.41
2021-07-14,21064.88
2021-07-15,21158.89
2021-07-16,21174.39
2021-07-19,20958.59
2021-07-20,20800.61
2021-07-22,21074.75
2021-07-23,21112.21
2021-07-26,21079.61
2021-07-27,20973.15
2021-07-28,20943.51
2021-07-29,21028.09
2021-07-30,21021.58
2021-08-02,21189.1
2021-08-03,21494.48
2021-08-04,21618.6
2021-08-05,21655.16
2021-08-06,21597.68
2021-08-09,21608.05
2021-08-10,21621.67
2021-08-11,21617.19
2021-08-12,21723.03
2021-08-13,21915.54
2021-08-16,21957.28
2021-08-17,22033.7
2021-08-18,21999.41
2021-08-20,21820.2
2021-08-23,21862.0
2021-08-24,22038.54
2021-08-25,22067.54
2021-08-26,22082.65
2021-08-27,22199.73
2021-08-30,22505.74
2021-08-31,22779.64
2021-09-01,22740.59
2021-09-02,22953.97
2021-09-03,23075.75
2021-09-06,23132.83
2021-09-07,23103.62
2021-09-08,23121.85
2021-09-09,23156.86
2021-09-13,23151.19
2021-09-14,23190.39
2021-09-15,23362.27
2021-09-16,23514.22
2021-09-17,23434.83
2021-09-20,23158.76
2021-09-21,23373.71
2021-09-22,23373.36
2021-09-23,23725.04
2021-09-24,23730.84
2021-09-27,23724.73
2021-09-28,23578.48
2021-09-29,23516.66
2021-09-30,23410.48
2021-10-01,23323.22
2021-10-04,23556.98
2021-10-05,23722.31
2021-10-06,23490.16
2021-10-07,23689.8
2021-10-08,23799.61
2021-10-11,23874.63
2021-10-12,23953.27
2021-10-13,24181.99
2021-10-14,24416.33
2021-10-18,24579.74
2021-10-19,24463.27
2021-10-20,24229.19
2021-10-21,24109.18
2021-10-22,23992.46
2021-10-25,23975.9
2021-10-26,24195.48
2021-10-27,24149.56
2021-10-28,23674.71
2021-10-29,23481.53
2021-11-01,23815.45
2021-11-02,23773.79
2021-11-03,23729.1
2021-11-04,23846.21
2021-11-08,24062.66
2021-11-09,24049.16
2021-11-10,24026.45
2021-11-11,23854.13
2021-11-12,24159.88
2021-11-15,24175.8
2021-11-16,24044.17
2021-11-17,23925.9
2021-11-18,23726.4
2021-11-22,23270.62
2021-11-23,23421.68
2021-11-24,23302.75
2021-11-25,23471.8
2021-11-26,22786.95
2021-11-29,22785.19
2021-11-30,22694.67
2021-12-01,22923.55
2021-12-02,23226.5
2021-12-03,22988.3
2021-12-06,22599.03
2021-12-07,22950.48
2021-12-08,23327.55
2021-12-09,23387.92
2021-12-10,23394.17
2021-12-13,23213.16
2021-12-14,23177.48
2021-12-15,23031.18
2021-12-16,23048.19
2021-12-17,22671.34
2021-12-20,22155.02
2021-12-21,22393.68
2021-12-22,22656.29
2021-12-23,22824.43
2021-12-24,22710.03
2021-12-27,22812.74
2021-12-28,23009.91
2021-12-29,22979.71
2021-12-30,22942.85
2021-12-31,23165.73
2022-01-03,23501.25
2022-01-04,23707.63
2022-01-05,23860.89
2022-01-06,23648.03
2022-01-07,23737.9
2022-01-10,23968.19
2022-01-11,24028.69
2022-01-12,24232.66
2022-01-13,24301.28
2022-01-14,24305.53
2022-01-17,24381.34
2022-01-18,24103.23
2022-01-19,23905.26
2022-01-20,23699.74
2022-01-21,23483.21
2022-01-24,22822.06
2022-01-25,23000.56
2022-01-27,22754.84
2022-01-28,22771.12
2022-01-31,23077.13
2022-02-01,23404.44
2022-02-02,23671.02
2022-02-03,23407.64
2022-02-04,23356.68
2022-02-07,22991.42
2022-02-08,23033.97
2022-02-09,23299.11
2022-02-10,23478.34
2022-02-11,23167.38
2022-02-14,22461.15
2022-02-15,23119.21
2022-02-16,23084.76
2022-02-17,23078.27
2022-02-18,23010.48
2022-02-21,22893.43
2022-02-22,22758.26
2022-02-23,22754.24
2022-02-24,21640.57
2022-02-25,22225.85
2022-02-28,22415.83
2022-03-02,22203.94
2022-03-03,22079.97
2022-03-04,21712.79
2022-03-07,21191.27
2022-03-08,21408.2
2022-03-09,21834.06
2022-03-10,22181.81
2022-03-11,22237.42
2022-03-14,22499.46
2022-03-15,22231.79
2022-03-16,22659.54
2022-03-17,23064.59
2022-03-21,22827.46
2022-03-22,23058.81
2022-03-23,22988.75
2022-03-24,22967.53
2022-03-25,22889.21
2022-03-28,22958.2
2022-03-29,23092.1
2022-03-30,23305.27
2022-03-31,23273.69
2022-04-01,23562.55
2022-04-04,24060.13
2022-04-05,23981.65
2022-04-06,23823.47
2022-04-07,23620.1
2022-04-08,23842.17
2022-04-11,23767.23
2022-04-12,23563.12
2022-04-13,23507.26
2022-04-18,23152.4
2022-04-19,22841.95
2022-04-20,23061.06
2022-04-21,23396.12
2022-04-22,23120.47
2022-04-25,22803.74
2022-04-26,23169.41
2022-04-27,22933.16
2022-04-28,23224.0
2022-04-29,23015.43
2022-05-02,22965.67
2022-05-04,22417.97
2022-05-05,22435.24
2022-05-06,22056.83
2022-05-09,21861.98
2022-05-10,21709.67
2022-05-11,21621.92
2022-05-12,21144.23
2022-05-13,21094.84
2022-05-16,21216.91
2022-05-17,21770.46
2022-05-18,21753.74
2022-05-19,21175.16
2022-05-20,21741.71
2022-05-23,21653.36
2022-05-24,21524.8
2022-05-25,21372.71
2022-05-26,21591.39
2022-05-27,21822.5
2022-05-30,22247.07
2022-05-31,22183.75
2022-06-01,22079.79
2022-06-02,22219.78
2022-06-03,22123.14
2022-06-06,22096.28
2022-06-07,21897.2
2022-06-08,21819.79
2022-06-09,21987.64
2022-06-10,21639.72
2022-06-13,21087.37
2022-06-14,21047.35
2022-06-15,21021.99
2022-06-16,20583.02
2022-06-17,20455.21
2022-06-20,20504.88
2022-06-21,20916.99
2022-06-22,20602.49
2022-06-23,20800.51
2022-06-24,21003.8
2022-06-27,21178.63
2022-06-28,21203.23
2022-06-29,21128.88
2022-06-30,21104.97
2022-07-01,21100.37
2022-07-04,21226.94
2022-07-05,21205.49
2022-07-06,21463.41
2022-07-07,21653.41
2022-07-08,21766.89
2022-07-11,21822.3
2022-07-12,21634.63
2022-07-13,21520.48
2022-07-14,21496.4
2022-07-15,21634.45
2022-07-18,21940.72
2022-07-19,22030.82
2022-07-20,22242.56
2022-07-21,22398.18
2022-07-22,22516.29
2022-07-25,22411.98
2022-07-26,22201.69
2022-07-27,22411.66
2022-07-28,22784.89
2022-07-29,23091.49
2022-08-01,23356.72
2022-08-02,23384.18
2022-08-03,23423.09
2022-08-04,23432.34
2022-08-05,23435.71
2022-08-08,23617.17
2022-08-10,23621.02
2022-08-11,23801.9
2022-08-12,23859.62
2022-08-16,24059.51
2022-08-17,24230.02
2022-08-18,24279.55
2022-08-19,24026.94
2022-08-22,23656.44
2022-08-23,23770.72
2022-08-24,23822.47
2022-08-25,23730.01
2022-08-26,23791.33
2022-08-29,23489.09
2022-08-30,24082.01
2022-09-01,23831.89
2022-09-02,23820.88
2022-09-05,23961.36
2022-09-06,23974.16
2022-09-07,23943.29
2022-09-08,24157.05
2022-09-09,24195.91
2022-09-12,24357.72
2022-09-13,24535.77
2022-09-14,24471.83
2022-09-15,24353.91
2022-09-16,23850.25
2022-09-19,23966.13
2022-09-20,24227.88
2022-09-21,24054.71
2022-09-22,23974.36
2022-09-23,23559.58
2022-09-26,23102.63
2022-09-27,23091.46
2022-09-28,22896.25
2022-09-29,22827.36
2022-09-30,23187.52
2022-10-03,22858.16
2022-10-04,23387.87
2022-10-06,23485.61
2022-10-07,23457.21
2022-10-10,23339.77
2022-10-11,22984.41
2022-10-12,23167.28
2022-10-13,23006.04
2022-10-14,23179.44
2022-10-17,23351.67
2022-10-18,23591.96
2022-10-19,23614.77
2022-10-20,23712.11
2022-10-21,23684.62
2022-10-24,23874.12
2022-10-25,23789.14
2022-10-27,23940.21
2022-10-28,23977.79
2022-10-31,24281.07
2022-11-01,24471.06
2022-11-02,24390.13
2022-11-03,24357.21
2022-11-04,24442.65
2022-11-07,24560.7
2022-11-09,24505.22
2022-11-10,24319.98
2022-11-11,24727.68
2022-11-14,24721.09
2022-11-15,24810.29
2022-11-16,24783.81
2022-11-17,24673.25
2022-11-18,24608.29
2022-11-21,24410.52
2022-11-22,24507.49
2022-11-23,24542.56
2022-11-24,24800.12
2022-11-25,24833.14
2022-11-28,24892.62
2022-11-29,24974.62
2022-11-30,25189.24
2022-12-01,25260.51
2022-12-02,25123.59
2022-12-05,25120.13
2022-12-06,25058.78
2022-12-07,24968.87
2022-12-08,25032.78
2022-12-09,24880.5
2022-12-12,24884.73
2022-12-13,25005.69
2022-12-14,25079.67
2022-12-15,24769.72
2022-12-16,24559.17
2022-12-19,24769.83
2022-12-20,24724.38
2022-12-21,24445.78
2022-12-22,24334.89
2022-12-23,23815.96
2022-12-26,24144.16
2022-12-27,24315.89
2022-12-28,24325.72
2022-12-29,24422.47
2022-12-30,24309.45
2023-01-02,24410.06
2023-01-03,24466.25
2023-01-04,24195.92
2023-01-05,24164.69
2023-01-06,23983.54
2023-01-09,24295.88
2023-01-10,24072.8
2023-01-11,24037.29
2023-01-12,24002.64
2023-01-13,24133.08
2023-01-16,24063.78
2023-01-17,24253.09
2023-01-18,24374.24
2023-01-19,24293.56
2023-01-20,24193.31
2023-01-23,24299.69
2023-01-24,24294.79
2023-01-25,23934.12
2023-01-27,23428.31
2023-01-30,23398.16
2023-01-31,23437.67
2023-02-01,23324.71
2023-02-02,23290.26
2023-02-03,23553.0
2023-02-06,23451.89
2023-02-07,23396.47
2023-02-08,23598.72
2023-02-09,23604.05
2023-02-10,23553.54
2023-02-13,23406.64
2023-02-14,23576.05
2023-02-15,23702.4
2023-02-16,23739.88
2023-02-17,23614.79
2023-02-20,23489.34
2023-02-21,23459.36
2023-02-22,23101.1
2023-02-23,23036.17
2023-02-24,22977.59
2023-02-27,22862.99
2023-02-28,22766.58
2023-03-01,22972.68
2023-03-02,22827.67
2023-03-03,23169.22
2023-03-06,23329.62
2023-03-08,23392.36
2023-03-09,23186.29
2023-03-10,22981.03
2023-03-13,22651.9
2023-03-14,22504.92
2023-03-15,22422.31
2023-03-16,22458.85
2023-03-17,22608.84
2023-03-20,22460.16
2023-03-21,22616.89
2023-03-22,22691.14
2023-03-23,22600.45
2023-03-24,22432.6
2023-03-27,22455.95
2023-03-28,22384.05
2023-03-29,22547.71
2023-03-31,22905.08
2023-04-03,22956.49
2023-04-05,23155.37
2023-04-06,23209.62
2023-04-10,23251.76
2023-04-11,23377.71
2023-04-12,23492.5
2023-04-13,23505.73
2023-04-17,23383.52
2023-04-18,23340.03
2023-04-19,23266.2
2023-04-20,23272.1
2023-04-21,23266.89
2023-04-24,23412.37
2023-04-25,23459.9
2023-04-26,23520.56
2023-04-27,23646.43
2023-04-28,23869.98
2023-05-02,23983.81
2023-05-03,23919.51
2023-05-04,24131.06
2023-05-05,23917.06
2023-05-08,24156.04
2023-05-09,24150.13
2023-05-10,24225.86
2023-05-11,24230.35
2023-05-12,24240.63
2023-05-15,24342.18
2023-05-16,24256.84
2023-05-17,24115.84
2023-05-18,24021.14
2023-05-19,24122.81
2023-05-22,24283.8
2023-05-23,24335.78
2023-05-24,24269.26
2023-05-25,24327.49
2023-05-26,24567.13
2023-05-29,24697.01
2023-05-30,24732.64
2023-05-31,24638.9
2023-06-01,24595.51
2023-06-02,24683.14
2023-06-05,24759.16
2023-06-06,24777.88
2023-06-07,24954.88
2023-06-08,24825.58
2023-06-09,24746.67
2023-06-12,24805.5
2023-06-13,24968.94
2023-06-14,25018.79
2023-06-15,24956.13
2023-06-16,25150.53
2023-06-19,25067.65
2023-06-20,25150.4
2023-06-21,25194.82
2023-06-22,25054.16
2023-06-23,24884.49
2023-06-26,24933.97
2023-06-27,25092.6
2023-06-28,25293.21
2023-06-30,25560.97
2023-07-03,25727.32
2023-07-04,25789.85
2023-07-05,25826.5
2023-07-06,25959.2
2023-07-07,25741.91
2023-07-10,25751.12
2023-07-11,25878.72
2023-07-12,25825.37
2023-07-13,25841.38
2023-07-14,26045.45
2023-07-17,26220.55
2023-07-18,26248.78
2023-07-19,26362.34
2023-07-20,26529.73
2023-07-21,26251.2
2023-07-24,26167.96
2023-07-25,26203.49
2023-07-26,26330.79
2023-07-27,26205.93
2023-07-28,26228.59
2023-07-31,26360.82
2023-08-01,26334.78
2023-08-02,26059.26
2023-08-03,25881.12
2023-08-04,26066.64
2023-08-07,26164.64
2023-08-08,26131.91
2023-08-09,26223.24
2023-08-10,26100.37
2023-08-11,25970.5
2023-08-14,25935.31
2023-08-16,25971.83
2023-08-17,25847.06
2023-08-18,25776.48
2023-08-21,25910.63
2023-08-22,25940.21
2023-08-23,25989.98
2023-08-24,25937.74
2023-08-25,25764.06
2023-08-28,25830.81
2023-08-29,25894.74
2023-08-30,25916.53
2023-08-31,25778.72
2023-09-01,26017.85
2023-09-04,26155.49
2023-09-05,26216.79
2023-09-06,26279.96
2023-09-07,26430.66
2023-09-08,26563.25
2023-09-11,26806.92
2023-09-12,26718.83
2023-09-13,26816.32
2023-09-14,26879.41
2023-09-15,26991.58
2023-09-18,26921.43
2023-09-20,26621.4
2023-09-21,26409.6
2023-09-22,26328.2
2023-09-25,26318.39
2023-09-26,26317.32
2023-09-27,26382.93
2023-09-28,26111.26
2023-09-29,26279.65
2023-10-03,26166.42
2023-10-04,26010.05
2023-10-05,26144.04
2023-10-06,26289.53
2023-10-09,26080.76
2023-10-10,26332.67
2023-10-11,26494.05
2023-10-12,26482.4
2023-10-13,26433.5
2023-10-16,26418.7
2023-10-17,26523.72
2023-10-18,26325.69
2023-10-19,26262.24
2023-10-20,26139.44
2023-10-23,25764.46
2023-10-25,25573.37
2023-10-26,25232.36
2023-10-27,25522.71
2023-10-30,25636.59
2023-10-31,25575.44
2023-11-01,25451.71
2023-11-02,25679.5
2023-11-03,25837.18
2023-11-06,26077.29
2023-11-07,26101.54
2023-11-08,26173.19
2023-11-09,26097.97
2023-11-10,26140.06
2023-11-12,26274.0
2023-11-13,26181.62
2023-11-15,26481.01
2023-11-16,26603.26
2023-11-17,26587.55
2023-11-20,26530.05
2023-11-21,26631.86
2023-11-22,26648.66
2023-11-23,26649.34
2023-11-24,26639.56
2023-11-28,26809.38
2023-11-29,27075.34
2023-11-30,27162.42
2023-12-01,27348.64
2023-12-04,27911.3
2023-12-05,28168.56
2023-12-06,28336.48
2023-12-07,28339.48
2023-12-08,28380.96
2023-12-11,28454.19
2023-12-12,28315.09
2023-12-13,28370.73
2023-12-14,28726.66
2023-12-15,29037.49
2023-12-18,29023.75
2023-12-19,29074.41
2023-12-20,28596.28
2023-12-21,28777.54
2023-12-22,28920.99
2023-12-26,29066.45
2023-12-27,29333.24
2023-12-28,29489.66
2023-12-29,29472.22
2024-01-01,29493.58
2024-01-02,29400.21
2024-01-03,29274.04
2024-01-04,29493.21
2024-01-05,29547.22
2024-01-08,29273.17
2024-01-09,29332.88
2024-01-10,29427.87
2024-01-11,29503.63
2024-01-12,29795.54
2024-01-15,30036.9
2024-01-16,29950.62
2024-01-17,29366.18
2024-01-18,29218.52
2024-01-19,29478.83
2024-01-20,29431.1
2024-01-23,28928.47
2024-01-24,29250.54
2024-01-25,29143.63
2024-01-29,29648.19
2024-01-30,29385.57
2024-01-31,29661.76
2024-02-01,29645.93
2024-02-02,29860.31
2024-02-05,29745.2
2024-02-06,29998.72
2024-02-07,30085.65
2024-02-08,29883.67
2024-02-09,29947.41
2024-02-12,29671.35
2024-02-13,29859.15
2024-02-14,30036.55
2024-02-15,30166.56
2024-02-16,30352.88
2024-02-19,30457.02
2024-02-20,30552.11
2024-02-21,30366.56
2024-02-22,30606.06
2024-02-23,30618.47
2024-02-26,30528.88
2024-02-27,30602.32
2024-02-28,30245.88
2024-02-29,30338.37
2024-03-01,30790.55
2024-03-02,30862.81
2024-03-04,30902.0
2024-03-05,30842.53
2024-03-06,30961.5
2024-03-07,31025.77
2024-03-11,30836.41
2024-03-12,30762.95
2024-03-13,30167.78
2024-03-14,30470.41
2024-03-15,30296.98
2024-03-18,30359.55
2024-03-19,30001.09
2024-03-20,30045.63
2024-03-21,30356.97
2024-03-22,30485.47
2024-03-26,30441.78
2024-03-27,30572.63
2024-03-28,30873.52
2024-04-01,31124.63
2024-04-02,31166.9
2024-04-03,31164.27
2024-04-04,31257.93
2024-04-05,31304.46
2024-04-08,31492.71
2024-04-09,31450.44
2024-04-10,31619.84
2024-04-12,31323.83
2024-04-15,30936.11
2024-04-16,30805.77
2024-04-18,30630.52
2024-04-19,30791.62
2024-04-22,31086.71
2024-04-23,31136.73
2024-04-24,31206.45
2024-04-25,31424.66
2024-04-26,31293.08
2024-04-29,31578.24
2024-04-30,31568.4
2024-05-02,31709.56
2024-05-03,31496.33
2024-05-06,31381.81
2024-05-07,31125.35
2024-05-08,31209.21
2024-05-09,30702.96
2024-05-10,30900.53
2024-05-13,30964.25
2024-05-14,31183.5
2024-05-15,31204.65
2024-05-16,31494.76
2024-05-17,31630.69
2024-05-18,31717.42
2024-05-21,31800.11
2024-05-22,31901.32
2024-05-23,32371.65
2024-05-24,32369.85
2024-05-27,32342.48
2024-05-28,32226.5
2024-05-29,31975.11
2024-05-30,31676.27
2024-05-31,31772.04
2024-06-03,32888.13
2024-06-04,30737.41
2024-06-05,31833.79
2024-06-06,32180.13
2024-06-07,32801.07
2024-06-10,32807.99
2024-06-11,32814.53
2024-06-12,32919.63
2024-06-13,33055.84
2024-06-14,33230.35
2024-06-18,33381.65
2024-06-19,33269.62
2024-06-20,33345.61
2024-06-21,33222.52
2024-06-24,33311.96
2024-06-25,33496.23
2024-06-26,33644.18
2024-06-27,33861.03
2024-06-28,33839.51
2024-07-01,34040.39
2024-07-02,33992.23
2024-07-03,34244.98
2024-07-04,34294.08
2024-07-05,34365.22
2024-07-08,34368.29
2024-07-09,34534.6
2024-07-10,34413.55
2024-07-11,34424.51
2024-07-12,34621.25
2024-07-15,34781.98
2024-07-16,34761.31
2024-07-18,34904.38
2024-07-19,34456.85
2024-07-22,34510.35
2024-07-23,34419.04
2024-07-24,34378.22
2024-07-25,34403.24
2024-07-26,34992.58
2024-07-29,35074.13
2024-07-30,35092.63
2024-07-31,35244.62
2024-08-01,35289.51
2024-08-02,34910.98
2024-08-05,33926.16
2024-08-06,33788.5
2024-08-07,34352.77
2024-08-08,34098.28
2024-08-09,34458.86
2024-08-12,34423.49
2024-08-13,34110.39
2024-08-14,34119.12
2024-08-16,34692.59
2024-08-19,34782.24
2024-08-20,34977.76
2024-08-21,35074.51
2024-08-22,35152.71
2024-08-23,35149.57
2024-08-26,35381.34
2024-08-27,35389.95
2024-08-28,35435.59
2024-08-29,35533.46
2024-08-30,35650.62
2024-09-02,35732.89
2024-09-03,35741.98
2024-09-04,35652.49
2024-09-05,35602.78
2024-09-06,35181.41
2024-09-09,35293.63
2024-09-10,35434.65
2024-09-11,35261.77
2024-09-12,35904.01
2024-09-13,35848.1
2024-09-16,35893.57
2024-09-17,35917.8
2024-09-18,35848.4
2024-09-19,35855.36
2024-09-20,36392.31
2024-09-23,36667.9
2024-09-24,36672.48
2024-09-25,36706.01
2024-09-26,36983.63
2024-09-27,36980.38
2024-09-30,36486.84
2024-10-01,36480.21
2024-10-03,35693.21
2024-10-04,35354.99
2024-10-07,34939.32
2024-10-08,35356.84
2024-10-09,35382.94
2024-10-10,35386.82
2024-10-11,35352.41
2024-10-14,35547.57
2024-10-15,35481.33
2024-10-16,35357.84
2024-10-17,34960.64
2024-10-18,35083.28
2024-10-21,34928.13
2024-10-22,34400.21
2024-10-23,34362.99
2024-10-24,34301.75
2024-10-25,33958.49
2024-10-28,34166.46
2024-10-29,34384.01
2024-10-30,34212.58
2024-10-31,34034.49
2024-11-01,34204.39
2024-11-04,33760.47
2024-11-05,34036.2
2024-11-06,34507.77
2024-11-07,34112.08
2024-11-08,33967.44
2024-11-11,33981.48
2024-11-12,33577.34
2024-11-13,33076.62
2024-11-14,33108.05
2024-11-18,33019.66
2024-11-19,33120.54
2024-11-21,32794.98
2024-11-22,33501.86
2024-11-25,33962.87
2024-11-26,33948.51
2024-11-27,34127.93
2024-11-28,33749.0
2024-11-29,34044.81
2024-12-02,34240.75
2024-12-03,34505.83
2024-12-04,34553.64
2024-12-05,34865.41
2024-12-06,34873.66
2024-12-09,34778.95
2024-12-10,34787.08
2024-12-11,34834.43
2024-12-12,34713.96
2024-12-13,34956.09
2024-12-16,34858.65
2024-12-17,34408.57
2024-12-18,34158.48
2024-12-19,33815.14
2024-12-20,33222.58
2024-12-23,33427.62
2024-12-24,33394.26
2024-12-26,33447.03
2024-12-27,33475.1
2024-12-30,33296.75
2024-12-31,33289.71
2025-01-01,33425.78
2025-01-02,34014.41
2025-01-03,33811.97
2025-01-06,33166.1
2025-01-07,33265.99
2025-01-08,33195.19
2025-01-09,32931.9
2025-01-10,32704.2
2025-01-13,32054.66
2025-01-14,32304.45
2025-01-15,32397.76
2025-01-16,32595.26
2025-01-17,32540.32
2025-01-20,32707.34
2025-01-21,32184.98
2025-01-22,32285.46
2025-01-23,32400.82
2025-01-24,32179.08
2025-01-27,31716.3
2025-01-28,31879.65
2025-01-29,32230.61
2025-01-30,32334.55
2025-01-31,32724.51
2025-02-01,32728.82
2025-02-03,32510.97
2025-02-04,33032.68
2025-02-05,33021.59
2025-02-06,32874.34
2025-02-07,32836.19
2025-02-10,32525.21
2025-02-11,32026.75
2025-02-12,32011.65
2025-02-13,32008.04
2025-02-14,31764.97
2025-02-17,31789.47
2025-02-18,31774.64
2025-02-19,31825.29
2025-02-20,31883.84
2025-02-21,31696.82
2025-02-24,31353.11
2025-02-25,31306.09
2025-02-27,31253.16
2025-02-28,30615.95
2025-03-03,30663.26
2025-03-04,30650.6
2025-03-05,31078.09
2025-03-06,31377.71
2025-03-07,31362.93
2025-03-10,31176.38
2025-03-11,31248.57
2025-03-12,31217.47
2025-03-13,31105.73
2025-03-17,31273.19
2025-03-18,31790.24
2025-03-19,31965.78
2025-03-20,32323.13
2025-03-21,32556.93
2025-03-24,32982.04
2025-03-25,32908.11
2025-03-26,32678.98
2025-03-27,32889.65
2025-03-28,32770.58
2025-04-01,32302.55
2025-04-02,32558.71
2025-04-03,32465.64
2025-04-04,31920.85
2025-04-07,30891.97
2025-04-08,31436.47
2025-04-09,31265.96
2025-04-11,31833.7
2025-04-15,32580.42
2025-04-16,32743.68
2025-04-17,33262.82
2025-04-21,33681.63
2025-04-22,33742.44
2025-04-23,33969.32
2025-04-24,33865.62
2025-04-25,33484.75
2025-04-28,33888.35
2025-04-29,33883.43
2025-04-30,33847.18
2025-05-02,33854.98
2025-05-05,34074.33
2025-05-06,33839.0
2025-05-07,33906.95
2025-05-08,33621.95
2025-05-09,33295.11
2025-05-12,34581.12
2025-05-13,34180.76
2025-05-14,34325.42
2025-05-15,34842.82
2025-05-16,34885.71
2025-05-19,34829.05
2025-05-20,34416.21
2025-05-21,34634.9
2025-05-22,34379.75
2025-05-23,34696.2
2025-05-26,34891.82
2025-05-27,34673.53
2025-05-28,34589.63
2025-05-29,34693.52
2025-05-30,34591.14
2025-06-02,34576.7
2025-06-03,34352.65
2025-06-04,34471.0
2025-06-05,34647.34
2025-06-06,35015.48
2025-06-09,35207.54
2025-06-10,35218.21
2025-06-11,35247.7
2025-06-12,34844.43
2025-06-13,34600.81
2025-06-16,34908.67
2025-06-17,34758.37
2025-06-18,34691.91
2025-06-19,34585.92
2025-06-20,35036.12
2025-06-23,34883.55
2025-06-24,35021.38
2025-06-25,35282.01
2025-06-26,35690.2
2025-06-27,35875.93
2025-06-30,35761.4
2025-07-01,35784.13
2025-07-02,35663.66
2025-07-03,35574.66
2025-07-04,35669.12
2025-07-07,35681.43
2025-07-08,35753.79
2025-07-09,35696.22
2025-07-10,35543.31
2025-07-11,35256.22
2025-07-14,35206.06
2025-07-15,35377.16
2025-07-16,35411.56
2025-07-17,35280.54
2025-07-18,35087.38
2025-07-21,35254.45
2025-07-22,35197.69
2025-07-23,35393.05
2025-07-24,35197.97
2025-07-25,34857.01
2025-07-28,34646.48
2025-07-29,34864.95
2025-07-30,34909.4
2025-07-31,34780.92
2025-08-01,34473.79
2025-08-04,34724.29
2025-08-05,34626.07
2025-08-06,34489.99
2025-08-07,34529.48
2025-08-08,34187.19
2025-08-11,34514.16
2025-08-12,34416.25
2025-08-13,34606.79
2025-08-14,34622.14
2025-08-18,34988.77
2025-08-19,35156.5
2025-08-20,35260.78
2025-08-21,35286.23
2025-08-22,34999.14
2025-08-25,35130.69
2025-08-26,34751.56
2025-08-28,34428.95
2025-08-29,34325.33
2025-09-01,34638.57
2025-09-02,34616.41
2025-09-03,34813.9
2025-09-04,34814.06
2025-09-05,34816.39
2025-09-08,34878.37
2025-09-09,34998.14
2025-09-10,35146.09
2025-09-11,35203.44
2025-09-12,35349.47
2025-09-15,35333.6
2025-09-16,35567.04
2025-09-17,35686.35
2025-09-18,35811.86
2025-09-19,35734.95
2025-09-22,35610.25
2025-09-23,35543.66
2025-09-24,35338.16
2025-09-25,35098.78
2025-09-26,34721.33
2025-09-29,34759.45
2025-09-30,34732.35
2025-10-01,35017.74
2025-10-03,35108.84
2025-10-06,35344.48
2025-10-07,35387.45
2025-10-08,35268.9
2025-10-09,35460.86
2025-10-10,35596.86
2025-10-13,35518.61
2025-10-14,35391.46
2025-10-15,35681.15
2025-10-16,36017.84
2025-10-17,36159.22
2025-10-20,36326.4
2025-10-21,36362.25
2025-10-23,36382.15
2025-10-24,36263.31
2025-10-27,36508.82
2025-10-28,36443.42
2025-10-29,36665.84
2025-10-30,36445.4
2025-10-31,36240.11
2025-11-03,36345.33
2025-11-04,36123.6
2025-11-06,35945.63
2025-11-07,35940.79
2025-11-10,36065.08
2025-11-11,36215.22
2025-11-12,36435.17
2025-11-13,36442.87
2025-11-14,36473.69
2025-11-17,36626.87
2025-11-18,36461.86
2025-11-19,36628.87
2025-11-20,36787.0
2025-11-21,36564.06
2025-11-24,36378.52
2025-11-25,36305.71
2025-11-26,36771.52
2025-11-27,36773.3
2025-11-28,36764.25
2025-12-01,36739.47
2025-12-02,36564.99
2025-12-03,36445.72
2025-12-04,36515.68
2025-12-05,36708.01
2025-12-08,36321.2
2025-12-09,36213.66
2025-12-10,36106.29
2025-12-11,36303.2
2025-12-12,36526.8
2025-12-15,36513.4
2025-12-16,36292.26
2025-12-17,36220.95
2025-12-18,36196.19
2025-12-19,36420.81
2025-12-22,36702.97
2025-12-23,36730.4
2025-12-24,36677.21
2025-12-26,36560.17
2025-12-29,36414.58
2025-12-30,36413.28
2025-12-31,36697.58
2026-01-01,36744.25
2026-01-02,37022.08
2026-01-05,36929.79
2026-01-06,36861.81
2026-01-07,36824.79
2026-01-08,36385.85
2026-01-09,36097.63
2026-01-12,36241.25
2026-01-13,36157.85
2026-01-14,36102.19
2026-01-16,36160.38
2026-01-19,36018.22
2026-01-20,35466.54
2026-01-21,35357.1
2026-01-22,35575.62
2026-01-23,35177.29
2026-01-27,35364.38
2026-01-28,35691.27
2026-01-29,35798.48
2026-01-30,35634.62
2026-02-01,34924.57
2026-02-02,35295.33
2026-02-03,36200.31
2026-02-04,36295.98
2026-02-05,36114.17
2026-02-06,36187.79
2026-02-09,36453.68
2026-02-10,36542.19
2026-02-11,36597.5
2026-02-12,36398.99
2026-02-13,35909.67
2026-02-16,36216.78
2026-02-17,36299.02
2026-02-18,36455.43
2026-02-19,35913.25
2026-02-20,36089.23
2026-02-23,36279.34
2026-02-24,35944.57
2026-02-25,36066.16
2026-02-26,36102.42
2026-02-27,35649.11
2026-03-02,35189.3
2026-03-04,34576.37
2026-03-05,34991.88
2026-03-06,34601.4
2026-03-09,33982.97
2026-03-10,34357.63
2026-03-11,33829.98
2026-03-12,33557.39
2026-03-13,32833.94
2026-03-16,33117.7
2026-03-17,33368.83
2026-03-18,33656.07
2026-03-19,32562.29
2026-03-20,32720.49
2026-03-23,31802.19
2026-03-24,32354.38
2026-03-25,32926.96
2026-03-27,32222.95
2026-03-30,31501.34
2026-04-01,32048.39
2026-04-02,32091.71
2026-04-06,32470.75
2026-04-07,32678.44
2026-04-08,33968.18
2026-04-09,33719.97
2026-04-10,34165.23
2026-04-13,33875.82
2026-04-15,34459.77
2026-04-16,34485.38
2026-04-17,34756.94
2026-04-20,34776.22
2026-04-21,35066.91
2026-04-22,34882.3
2026-04-23,34558.67
2026-04-24,34196.59
2026-04-27,34506.42
2026-04-28,34372.44
2026-04-29,34580.56
2026-04-30,34293.0
2026-05-04,34492.83
2026-05-05,34422.84
2026-05-06,34866.79
2026-05-07,34876.32
2026-05-08,34668.44
2026-05-11,34139.83
2026-05-12,33476.71
2026-05-13,33567.64
2026-05-14,33960.73
2026-05-15,33865.76
2026-05-18,33813.51
2026-05-19,33809.99
2026-05-20,33891.17
2026-05-21,33899.14
2026-05-22,34011.01
2026-05-25,34480.21
2026-05-26,34353.94
2026-05-27,34437.69
2026-05-29,33942.36
2026-06-01,33645.29
2026-06-02,33780.8
2026-06-03,33666.28
2026-06-04,33693.04
2026-06-05,33663.33
2026-06-08,33268.45
2026-06-09,33495.39
2026-06-10,33392.14
2026-06-11,33259.64
2026-06-12,33958.85
2026-06-15,34380.66
2026-06-16,34549.17
2026-06-17,34703.62
2026-06-18,34830.38
2026-06-19,34680.54
2026-06-22,34850.43
2026-06-23,34442.83
2026-06-24,34675.37
2026-06-25,34728.08
2026-06-29,34538.07
2026-06-30,34459.42
2026-07-01,34666.17
2026-07-02,34894.54
2026-07-03,35003.81
2026-07-06,35228.7
2026-07-07,35156.0
2026-07-08,34428.23
2026-07-09,34576.77
2026-07-10,34949.79
2026-07-13,34929.98
2026-07-14,34719.73
2026-07-15,34780.25
2026-07-16,34751.31
2026-07-17,35059.95
2026-07-20,35002.97
2026-07-21,34971.21
2026-07-22,34702.91
2026-07-23,34514.01
2026-07-24,34406.83
2026-07-27,34752.97
2026-07-28,34695.39
2026-07-29,35056.09
2026-07-30,35141.55
2026-07-31,35316.52
2026-08-03,35884.77
2026-08-04,35661.77
2026-08-05,35697.08
2026-08-06,35715.53
2026-08-07,35660.78
2026-08-10,35682.94
2026-08-11,35540.21
2026-08-12,35506.63
2026-08-13,35459.84
2026-08-14,35405.7
2026-08-17,35312.01
2026-08-18,35140.51
2026-08-19,35013.74
2026-08-20,35221.3
2026-08-21,35227.35
